event_time	duration_ms	read_rows	read_bytes	result_rows	query
2026-08-01 16:01:53	322	33464	737339	33464	SELECT `content_id`, `title`, `video_type`, `category` FROM `sony`.`content_dim`;
2026-08-01 16:07:03	40	33464	737339	33464	SELECT `content_id`, `title`, `video_type`, `category` FROM `sony`.`content_dim`;
2026-08-01 16:15:33	70	33464	737339	33464	SELECT `content_id`, `title`, `video_type`, `category` FROM `sony`.`content_dim`;
2026-08-01 16:20:28	64	1	1	1	SELECT version() FORMAT TabSeparated 
2026-08-01 16:20:28	15	1	1	1	SELECT version() FORMAT TabSeparated 
2026-08-01 16:20:29	8	0	0	0	CREATE DATABASE IF NOT EXISTS sony 
2026-08-01 16:20:29	0	0	0	0	CREATE DATABASE IF NOT EXISTS sony 
2026-08-01 16:20:29	74	0	0	0	CREATE TABLE IF NOT EXISTS sony.raw_events (                              content_id           Int64,     video_session_id     String              CODEC(ZSTD(3)),     user_id              String              CODEC(ZSTD(3)),     event_type           LowCardinality(String),     event                Lo
2026-08-01 16:20:29	0	0	0	0	CREATE TABLE IF NOT EXISTS sony.content_dim (     content_id Int64,     title      String,     video_type LowCardinality(String),     category   LowCardinality(String) ) ENGINE = ReplacingMergeTree ORDER BY content_id 
2026-08-01 16:20:29	4	0	0	0	CREATE DICTIONARY IF NOT EXISTS sony.content_dict (`content_id` Int64, `title` String, `video_type` String, `category` String) PRIMARY KEY content_id SOURCE(CLICKHOUSE(TABLE \'content_dim\' DB \'sony\' USER \'default\' PASSWORD \'[HIDDEN]\')) LIFETIME(MIN 300 MAX 600) LAYOUT(COMPLEX_KEY_HASHED())
2026-08-01 16:20:29	79	0	0	0	TRUNCATE TABLE IF EXISTS sony.raw_events 
2026-08-01 16:20:29	49	0	0	0	TRUNCATE TABLE IF EXISTS sony.session_active_intervals 
2026-08-01 16:20:29	47	0	0	0	TRUNCATE TABLE IF EXISTS sony.concurrency_minute_delta 
2026-08-01 16:20:29	9	0	0	0	TRUNCATE TABLE IF EXISTS sony.concurrency_hourly_checkpoint 
2026-08-01 16:20:29	4	0	0	0	TRUNCATE TABLE IF EXISTS sony.content_dim 
2026-08-01 16:20:29	79	33464	904659	33464	INSERT INTO sony.content_dim (content_id, title, video_type, category) FORMAT CSV
2026-08-01 16:20:29	100	33464	1181455	33464	INSERT INTO sony.content_dim (content_id, title, video_type, category) FORMAT CSV 
2026-08-01 16:20:29	111	33464	737339	33464	SELECT `content_id`, `title`, `video_type`, `category` FROM `sony`.`content_dim`;
2026-08-01 16:20:29	131	0	0	0	SYSTEM RELOAD DICTIONARY sony.content_dict 
2026-08-01 16:20:29	21	1	16	1	SELECT count() FROM sony.content_dim FORMAT TabSeparated 
2026-08-01 16:20:35	3	1	16	1	SELECT count() FROM sony.raw_events FORMAT TabSeparated 
2026-08-01 16:20:35	5551	532907	93821019	532907	INSERT INTO sony.raw_events (content_id, video_session_id, user_id, event_type, event, event_timestamp_ms, platform, app_version, country, audio_language, subtitle_language, player_version, session_start_ms) FORMAT CSV 
2026-08-01 16:20:35	71	532907	4263256	1	SELECT round(dateDiff(\'second\', max(event_time), now64(3, \'UTC\')), 1) FROM sony.raw_events FORMAT TabSeparated 
2026-08-01 16:20:35	109	532907	35704552	1	SELECT uniqExact(video_session_id) FROM sony.raw_events FORMAT TabSeparated 
2026-08-01 16:20:35	87	532907	35704552	1	SELECT uniqExact(user_id) FROM sony.raw_events FORMAT TabSeparated 
2026-08-01 16:20:35	19	532907	4263256	1	SELECT concat(toString(min(event_time)),\' .. \',toString(max(event_time))) FROM sony.raw_events FORMAT TabSeparated 
2026-08-01 16:20:36	156	532907	36238323	1	SELECT count() FROM (SELECT video_session_id FROM sony.raw_events GROUP BY video_session_id HAVING countIf(event_type=\'VideoSessionEnd\') = 0) FORMAT TabSeparated 
2026-08-01 16:20:36	29	532907	4263256	1	SELECT uniqExactIf(content_id, NOT dictHas(\'sony.content_dict\', tuple(content_id))) FROM sony.raw_events FORMAT TabSeparated 
2026-08-01 16:20:36	33	532907	533771	1	SELECT arrayStringConcat(groupUniqArray(event_type), \',\') FROM sony.raw_events WHERE event_type NOT IN (\'VideoSessionStart\',\'VideoPlay\',\'VideoHeartbeat\',\'AppBackgrounded\',\'AppForegrounded\',\'VideoSessionEnd\',\'VideoError\') FORMAT TabSeparated 
2026-08-01 16:20:36	31	532907	4263256	1	SELECT max(event_timestamp_ms) FROM sony.raw_events FORMAT TabSeparated 
2026-08-01 16:20:36	8	0	0	0	DROP TABLE IF EXISTS sony.session_active_intervals 
2026-08-01 16:20:36	41	0	0	0	CREATE TABLE IF NOT EXISTS sony.session_active_intervals (     video_session_id  String              CODEC(ZSTD(3)),     interval_seq      UInt16,     active_start      DateTime64(3, \'UTC\'),     active_end        DateTime64(3, \'UTC\'),     active_start_ms   Int64               CODEC(DoubleDelta, ZST
2026-08-01 16:20:36	649	532907	83653840	20298	INSERT INTO sony.session_active_intervals WITH                    toInt64(120000) AS gap_timeout,     toInt64(0)   AS gap_grace,     toInt64(1785063604837)   AS watermark SELECT     video_session_id,     (iv.1) AS interval_seq,     fromUnixTimestamp64Milli(iv.2, \'UTC\')  AS active_start,     fromUni
2026-08-01 16:20:36	2	1	16	1	SELECT count() FROM sony.session_active_intervals FORMAT TabSeparated 
2026-08-01 16:20:36	25	20298	1562641	1	SELECT countIf(is_open) FROM sony.session_active_intervals FINAL FORMAT TabSeparated 
2026-08-01 16:20:36	23	20298	1725021	1	SELECT round(sum(duration_ms)/3600000,2) FROM sony.session_active_intervals FINAL FORMAT TabSeparated 
2026-08-01 16:20:36	1	0	0	0	DROP TABLE IF EXISTS sony.concurrency_minute_delta 
2026-08-01 16:20:36	0	0	0	0	DROP TABLE IF EXISTS sony.concurrency_hourly_checkpoint 
2026-08-01 16:20:36	21	0	0	0	CREATE TABLE IF NOT EXISTS sony.concurrency_minute_delta (     platform        LowCardinality(String),     country         LowCardinality(String),     video_type      LowCardinality(String),     content_id      Int64,     minute          DateTime(\'UTC\'),     delta           Int32,     PROJECTION by
2026-08-01 16:20:36	11	0	0	0	CREATE TABLE IF NOT EXISTS sony.concurrency_hourly_checkpoint (     platform        LowCardinality(String),     country         LowCardinality(String),     video_type      LowCardinality(String),     content_id      Int64,     hour_boundary   DateTime(\'UTC\'),     concurrency     UInt32 ) ENGINE = Re
2026-08-01 16:20:37	178	40596	3898176	21780	INSERT INTO sony.concurrency_minute_delta SELECT platform, country, video_type, content_id, minute, sum(d) AS delta FROM (     SELECT platform, country, video_type, content_id,            toDateTime(intDiv(active_start_ms, 60000) * 60, \'UTC\') AS minute,            1 AS d     FROM sony.session_active
2026-08-01 16:20:37	13	0	0	0	CREATE OR REPLACE VIEW sony.open_minute_delta AS SELECT platform, country, video_type, content_id, minute, toInt32(sum(d)) AS delta FROM (     SELECT platform, country, video_type, content_id,            toDateTime(intDiv(active_start_ms, 60000) * 60, \'UTC\') AS minute, 1 AS d     FROM sony.session_a
2026-08-01 16:20:37	5	0	0	0	CREATE OR REPLACE VIEW sony.concurrency_delta_all AS SELECT platform, country, video_type, content_id, minute, delta FROM sony.concurrency_minute_delta UNION ALL SELECT platform, country, video_type, content_id, minute, delta FROM sony.open_minute_delta 
2026-08-01 16:20:37	40	20298	2111724	624	INSERT INTO sony.concurrency_hourly_checkpoint SELECT     platform, country, video_type, content_id,     toDateTime(hb, \'UTC\') AS hour_boundary,     toUInt32(count())     AS concurrency FROM (     SELECT         platform, country, video_type, content_id,                                              
2026-08-01 16:20:37	2	1	16	1	SELECT count() FROM sony.concurrency_minute_delta FORMAT TabSeparated 
2026-08-01 16:20:37	3	1	16	1	SELECT count() FROM sony.concurrency_hourly_checkpoint FORMAT TabSeparated 
2026-08-01 16:20:37	19	20298	1887405	1	SELECT sum(intDiv(active_end_ms,60000)-intDiv(active_start_ms,60000)+1) FROM sony.session_active_intervals FINAL FORMAT TabSeparated 
2026-08-01 16:20:37	1	1	1	1	SELECT version() FORMAT TabSeparated 
2026-08-01 16:20:37	14	20298	1725021	1	SELECT toString(toDateTime(intDiv(min(active_start_ms),60000)*60,\'UTC\')) FROM sony.session_active_intervals FINAL FORMAT TabSeparated 
2026-08-01 16:20:37	11	20298	1725021	1	SELECT toString(toDateTime(intDiv(max(active_end_ms),60000)*60,\'UTC\')) FROM sony.session_active_intervals FINAL FORMAT TabSeparated 
2026-08-01 16:20:37	4	7	168	1	SELECT toString(min(minute)) FROM sony.concurrency_minute_delta FORMAT TabSeparated 
2026-08-01 16:20:37	12	19464	155712	1	SELECT toString(toDate(argMax(minute, delta))) FROM sony.concurrency_minute_delta FORMAT TabSeparated 
2026-08-01 16:20:37	14	33464	301207	33464	SELECT toString(content_id), video_type FROM sony.content_dim FINAL FORMAT TabSeparated 
2026-08-01 16:20:37	25	532907	4263256	1	SELECT max(event_timestamp_ms) FROM sony.raw_events FORMAT TabSeparated 
2026-08-01 16:20:42	133	60060	4053888	1	 WITH toDateTime(\'2026-07-14 15:43:00\', \'UTC\') AS t0, toDateTime(\'2026-07-26 11:00:00\', \'UTC\') AS t1 SELECT max(c) AS peak, toString(argMax(minute, c)) AS peak_minute, round(avg(c), 4) AS avg_c FROM (     SELECT minute, sum(d) OVER (ORDER BY minute) AS c     FROM (         SELECT minute, sum(delta) 
2026-08-01 16:20:42	71	60060	4053888	1	 WITH toDateTime(\'2026-07-14 15:43:00\', \'UTC\') AS t0, toDateTime(\'2026-07-26 11:00:00\', \'UTC\') AS t1 SELECT max(c) AS peak, toString(argMax(minute, c)) AS peak_minute, round(avg(c), 4) AS avg_c FROM (     SELECT minute, sum(d) OVER (ORDER BY minute) AS c     FROM (         SELECT minute, sum(delta) 
2026-08-01 16:20:42	82	60060	4053888	1	 WITH toDateTime(\'2026-07-14 15:43:00\', \'UTC\') AS t0, toDateTime(\'2026-07-26 11:00:00\', \'UTC\') AS t1 SELECT max(c) AS peak, toString(argMax(minute, c)) AS peak_minute, round(avg(c), 4) AS avg_c FROM (     SELECT minute, sum(d) OVER (ORDER BY minute) AS c     FROM (         SELECT minute, sum(delta) 
2026-08-01 16:20:42	49	20299	1887410	1	 WITH toDateTime(\'2026-07-14 15:43:00\', \'UTC\') AS t0,      (SELECT max(hour_boundary) FROM sony.concurrency_hourly_checkpoint        WHERE hour_boundary <= t0 ) AS anchor SELECT     toString(ifNull(anchor, toDateTime(0, \'UTC\'))) AS anchor_ts,     ifNull((SELECT sum(concurrency) FROM sony.concurrency
2026-08-01 16:20:42	43	40596	3898176	1	SELECT ifNull(sum(delta), 0) FROM sony.concurrency_delta_all WHERE minute < toDateTime(\'2026-07-14 15:43:00\', \'UTC\')  FORMAT TabSeparated 
2026-08-01 16:20:42	3	1	1	1	SELECT toString(toDateTime(\'2026-07-14 15:43:00\', \'UTC\') - INTERVAL 1 MINUTE) FORMAT TabSeparated 
2026-08-01 16:20:42	74	60060	4053888	1	 WITH toDateTime(\'2026-07-14 15:43:00\', \'UTC\') AS t0 SELECT max(c) AS peak, toString(argMax(minute, c)) AS peak_minute, round(avg(c), 4) AS avg_c FROM (     SELECT minute, 0 + sum(d) OVER (ORDER BY minute) AS c     FROM (         SELECT minute, sum(delta) AS d         FROM sony.concurrency_delta_all
2026-08-01 16:20:42	44	20299	1887410	1	 WITH toDateTime(\'2026-07-14 15:43:00\', \'UTC\') AS t0,      (SELECT max(hour_boundary) FROM sony.concurrency_hourly_checkpoint        WHERE hour_boundary <= t0 ) AS anchor SELECT     toString(ifNull(anchor, toDateTime(0, \'UTC\'))) AS anchor_ts,     ifNull((SELECT sum(concurrency) FROM sony.concurrency
2026-08-01 16:20:42	47	40596	3898176	1	SELECT ifNull(sum(delta), 0) FROM sony.concurrency_delta_all WHERE minute < toDateTime(\'2026-07-14 15:43:00\', \'UTC\')  FORMAT TabSeparated 
2026-08-01 16:20:42	1	1	1	1	SELECT toString(toDateTime(\'2026-07-14 15:43:00\', \'UTC\') - INTERVAL 1 MINUTE) FORMAT TabSeparated 
2026-08-01 16:20:42	69	60060	4053888	1	 WITH toDateTime(\'2026-07-14 15:43:00\', \'UTC\') AS t0 SELECT max(c) AS peak, toString(argMax(minute, c)) AS peak_minute, round(avg(c), 4) AS avg_c FROM (     SELECT minute, 0 + sum(d) OVER (ORDER BY minute) AS c     FROM (         SELECT minute, sum(delta) AS d         FROM sony.concurrency_delta_all
2026-08-01 16:20:42	19	20299	1887410	1	 WITH toDateTime(\'2026-07-14 15:43:00\', \'UTC\') AS t0,      (SELECT max(hour_boundary) FROM sony.concurrency_hourly_checkpoint        WHERE hour_boundary <= t0 ) AS anchor SELECT     toString(ifNull(anchor, toDateTime(0, \'UTC\'))) AS anchor_ts,     ifNull((SELECT sum(concurrency) FROM sony.concurrency
2026-08-01 16:20:43	49	40596	3898176	1	SELECT ifNull(sum(delta), 0) FROM sony.concurrency_delta_all WHERE minute < toDateTime(\'2026-07-14 15:43:00\', \'UTC\')  FORMAT TabSeparated 
2026-08-01 16:20:43	2	1	1	1	SELECT toString(toDateTime(\'2026-07-14 15:43:00\', \'UTC\') - INTERVAL 1 MINUTE) FORMAT TabSeparated 
2026-08-01 16:20:43	66	60060	4053888	1	 WITH toDateTime(\'2026-07-14 15:43:00\', \'UTC\') AS t0 SELECT max(c) AS peak, toString(argMax(minute, c)) AS peak_minute, round(avg(c), 4) AS avg_c FROM (     SELECT minute, 0 + sum(d) OVER (ORDER BY minute) AS c     FROM (         SELECT minute, sum(delta) AS d         FROM sony.concurrency_delta_all
2026-08-01 16:20:43	47	60048	4073715	1	 WITH toDateTime(\'2026-07-14 15:43:00\', \'UTC\') AS t0, toDateTime(\'2026-07-26 11:00:00\', \'UTC\') AS t1 SELECT max(c) AS peak, toString(argMax(minute, c)) AS peak_minute, round(avg(c), 4) AS avg_c FROM (     SELECT minute, sum(d) OVER (ORDER BY minute) AS c     FROM (         SELECT minute, sum(delta) 
2026-08-01 16:20:43	77	60048	4073715	1	 WITH toDateTime(\'2026-07-14 15:43:00\', \'UTC\') AS t0, toDateTime(\'2026-07-26 11:00:00\', \'UTC\') AS t1 SELECT max(c) AS peak, toString(argMax(minute, c)) AS peak_minute, round(avg(c), 4) AS avg_c FROM (     SELECT minute, sum(d) OVER (ORDER BY minute) AS c     FROM (         SELECT minute, sum(delta) 
2026-08-01 16:20:43	52	60048	4073715	1	 WITH toDateTime(\'2026-07-14 15:43:00\', \'UTC\') AS t0, toDateTime(\'2026-07-26 11:00:00\', \'UTC\') AS t1 SELECT max(c) AS peak, toString(argMax(minute, c)) AS peak_minute, round(avg(c), 4) AS avg_c FROM (     SELECT minute, sum(d) OVER (ORDER BY minute) AS c     FROM (         SELECT minute, sum(delta) 
2026-08-01 16:20:43	34	20299	1908201	1	 WITH toDateTime(\'2026-07-14 15:43:00\', \'UTC\') AS t0,      (SELECT max(hour_boundary) FROM sony.concurrency_hourly_checkpoint        WHERE hour_boundary <= t0  AND platform = \'ANDROID_PHONE\') AS anchor SELECT     toString(ifNull(anchor, toDateTime(0, \'UTC\'))) AS anchor_ts,     ifNull((SELECT sum(con
2026-08-01 16:20:43	31	40596	3898176	1	SELECT ifNull(sum(delta), 0) FROM sony.concurrency_delta_all WHERE minute < toDateTime(\'2026-07-14 15:43:00\', \'UTC\')  AND platform = \'ANDROID_PHONE\' FORMAT TabSeparated 
2026-08-01 16:20:43	2	1	1	1	SELECT toString(toDateTime(\'2026-07-14 15:43:00\', \'UTC\') - INTERVAL 1 MINUTE) FORMAT TabSeparated 
2026-08-01 16:20:43	72	60048	4073715	1	 WITH toDateTime(\'2026-07-14 15:43:00\', \'UTC\') AS t0 SELECT max(c) AS peak, toString(argMax(minute, c)) AS peak_minute, round(avg(c), 4) AS avg_c FROM (     SELECT minute, 0 + sum(d) OVER (ORDER BY minute) AS c     FROM (         SELECT minute, sum(delta) AS d         FROM sony.concurrency_delta_all
2026-08-01 16:20:43	29	20299	1908201	1	 WITH toDateTime(\'2026-07-14 15:43:00\', \'UTC\') AS t0,      (SELECT max(hour_boundary) FROM sony.concurrency_hourly_checkpoint        WHERE hour_boundary <= t0  AND platform = \'ANDROID_PHONE\') AS anchor SELECT     toString(ifNull(anchor, toDateTime(0, \'UTC\'))) AS anchor_ts,     ifNull((SELECT sum(con
2026-08-01 16:20:43	49	40596	3898176	1	SELECT ifNull(sum(delta), 0) FROM sony.concurrency_delta_all WHERE minute < toDateTime(\'2026-07-14 15:43:00\', \'UTC\')  AND platform = \'ANDROID_PHONE\' FORMAT TabSeparated 
2026-08-01 16:20:43	7	1	1	1	SELECT toString(toDateTime(\'2026-07-14 15:43:00\', \'UTC\') - INTERVAL 1 MINUTE) FORMAT TabSeparated 
2026-08-01 16:20:43	57	60048	4073715	1	 WITH toDateTime(\'2026-07-14 15:43:00\', \'UTC\') AS t0 SELECT max(c) AS peak, toString(argMax(minute, c)) AS peak_minute, round(avg(c), 4) AS avg_c FROM (     SELECT minute, 0 + sum(d) OVER (ORDER BY minute) AS c     FROM (         SELECT minute, sum(delta) AS d         FROM sony.concurrency_delta_all
2026-08-01 16:20:43	17	20299	1908201	1	 WITH toDateTime(\'2026-07-14 15:43:00\', \'UTC\') AS t0,      (SELECT max(hour_boundary) FROM sony.concurrency_hourly_checkpoint        WHERE hour_boundary <= t0  AND platform = \'ANDROID_PHONE\') AS anchor SELECT     toString(ifNull(anchor, toDateTime(0, \'UTC\'))) AS anchor_ts,     ifNull((SELECT sum(con
2026-08-01 16:20:43	34	40596	3898176	1	SELECT ifNull(sum(delta), 0) FROM sony.concurrency_delta_all WHERE minute < toDateTime(\'2026-07-14 15:43:00\', \'UTC\')  AND platform = \'ANDROID_PHONE\' FORMAT TabSeparated 
2026-08-01 16:20:43	2	1	1	1	SELECT toString(toDateTime(\'2026-07-14 15:43:00\', \'UTC\') - INTERVAL 1 MINUTE) FORMAT TabSeparated 
2026-08-01 16:20:43	55	60048	4073715	1	 WITH toDateTime(\'2026-07-14 15:43:00\', \'UTC\') AS t0 SELECT max(c) AS peak, toString(argMax(minute, c)) AS peak_minute, round(avg(c), 4) AS avg_c FROM (     SELECT minute, 0 + sum(d) OVER (ORDER BY minute) AS c     FROM (         SELECT minute, sum(delta) AS d         FROM sony.concurrency_delta_all
2026-08-01 16:20:43	52	51868	4000117	1	 WITH toDateTime(\'2026-07-14 15:43:00\', \'UTC\') AS t0, toDateTime(\'2026-07-26 11:00:00\', \'UTC\') AS t1 SELECT max(c) AS peak, toString(argMax(minute, c)) AS peak_minute, round(avg(c), 4) AS avg_c FROM (     SELECT minute, sum(d) OVER (ORDER BY minute) AS c     FROM (         SELECT minute, sum(delta) 
2026-08-01 16:20:43	49	51868	4000117	1	 WITH toDateTime(\'2026-07-14 15:43:00\', \'UTC\') AS t0, toDateTime(\'2026-07-26 11:00:00\', \'UTC\') AS t1 SELECT max(c) AS peak, toString(argMax(minute, c)) AS peak_minute, round(avg(c), 4) AS avg_c FROM (     SELECT minute, sum(d) OVER (ORDER BY minute) AS c     FROM (         SELECT minute, sum(delta) 
2026-08-01 16:20:43	39	51868	4000117	1	 WITH toDateTime(\'2026-07-14 15:43:00\', \'UTC\') AS t0, toDateTime(\'2026-07-26 11:00:00\', \'UTC\') AS t1 SELECT max(c) AS peak, toString(argMax(minute, c)) AS peak_minute, round(avg(c), 4) AS avg_c FROM (     SELECT minute, sum(d) OVER (ORDER BY minute) AS c     FROM (         SELECT minute, sum(delta) 
2026-08-01 16:20:43	27	20299	1908201	1	 WITH toDateTime(\'2026-07-14 15:43:00\', \'UTC\') AS t0,      (SELECT max(hour_boundary) FROM sony.concurrency_hourly_checkpoint        WHERE hour_boundary <= t0  AND platform = \'IPHONE\') AS anchor SELECT     toString(ifNull(anchor, toDateTime(0, \'UTC\'))) AS anchor_ts,     ifNull((SELECT sum(concurrenc
2026-08-01 16:20:44	46	40596	3898176	1	SELECT ifNull(sum(delta), 0) FROM sony.concurrency_delta_all WHERE minute < toDateTime(\'2026-07-14 15:43:00\', \'UTC\')  AND platform = \'IPHONE\' FORMAT TabSeparated 
2026-08-01 16:20:44	19	1	1	1	SELECT toString(toDateTime(\'2026-07-14 15:43:00\', \'UTC\') - INTERVAL 1 MINUTE) FORMAT TabSeparated 
2026-08-01 16:20:44	62	51868	4000117	1	 WITH toDateTime(\'2026-07-14 15:43:00\', \'UTC\') AS t0 SELECT max(c) AS peak, toString(argMax(minute, c)) AS peak_minute, round(avg(c), 4) AS avg_c FROM (     SELECT minute, 0 + sum(d) OVER (ORDER BY minute) AS c     FROM (         SELECT minute, sum(delta) AS d         FROM sony.concurrency_delta_all
2026-08-01 16:20:44	30	20299	1908201	1	 WITH toDateTime(\'2026-07-14 15:43:00\', \'UTC\') AS t0,      (SELECT max(hour_boundary) FROM sony.concurrency_hourly_checkpoint        WHERE hour_boundary <= t0  AND platform = \'IPHONE\') AS anchor SELECT     toString(ifNull(anchor, toDateTime(0, \'UTC\'))) AS anchor_ts,     ifNull((SELECT sum(concurrenc
2026-08-01 16:20:44	29	40596	3898176	1	SELECT ifNull(sum(delta), 0) FROM sony.concurrency_delta_all WHERE minute < toDateTime(\'2026-07-14 15:43:00\', \'UTC\')  AND platform = \'IPHONE\' FORMAT TabSeparated 
2026-08-01 16:20:44	1	1	1	1	SELECT toString(toDateTime(\'2026-07-14 15:43:00\', \'UTC\') - INTERVAL 1 MINUTE) FORMAT TabSeparated 
2026-08-01 16:20:44	41	51868	4000117	1	 WITH toDateTime(\'2026-07-14 15:43:00\', \'UTC\') AS t0 SELECT max(c) AS peak, toString(argMax(minute, c)) AS peak_minute, round(avg(c), 4) AS avg_c FROM (     SELECT minute, 0 + sum(d) OVER (ORDER BY minute) AS c     FROM (         SELECT minute, sum(delta) AS d         FROM sony.concurrency_delta_all
2026-08-01 16:20:44	22	20299	1908201	1	 WITH toDateTime(\'2026-07-14 15:43:00\', \'UTC\') AS t0,      (SELECT max(hour_boundary) FROM sony.concurrency_hourly_checkpoint        WHERE hour_boundary <= t0  AND platform = \'IPHONE\') AS anchor SELECT     toString(ifNull(anchor, toDateTime(0, \'UTC\'))) AS anchor_ts,     ifNull((SELECT sum(concurrenc
2026-08-01 16:20:44	28	40596	3898176	1	SELECT ifNull(sum(delta), 0) FROM sony.concurrency_delta_all WHERE minute < toDateTime(\'2026-07-14 15:43:00\', \'UTC\')  AND platform = \'IPHONE\' FORMAT TabSeparated 
2026-08-01 16:20:44	1	1	1	1	SELECT toString(toDateTime(\'2026-07-14 15:43:00\', \'UTC\') - INTERVAL 1 MINUTE) FORMAT TabSeparated 
2026-08-01 16:20:44	44	51868	4000117	1	 WITH toDateTime(\'2026-07-14 15:43:00\', \'UTC\') AS t0 SELECT max(c) AS peak, toString(argMax(minute, c)) AS peak_minute, round(avg(c), 4) AS avg_c FROM (     SELECT minute, 0 + sum(d) OVER (ORDER BY minute) AS c     FROM (         SELECT minute, sum(delta) AS d         FROM sony.concurrency_delta_all
2026-08-01 16:20:44	51	49997	3982985	1	 WITH toDateTime(\'2026-07-14 15:43:00\', \'UTC\') AS t0, toDateTime(\'2026-07-26 11:00:00\', \'UTC\') AS t1 SELECT max(c) AS peak, toString(argMax(minute, c)) AS peak_minute, round(avg(c), 4) AS avg_c FROM (     SELECT minute, sum(d) OVER (ORDER BY minute) AS c     FROM (         SELECT minute, sum(delta) 
2026-08-01 16:20:44	64	49997	3982985	1	 WITH toDateTime(\'2026-07-14 15:43:00\', \'UTC\') AS t0, toDateTime(\'2026-07-26 11:00:00\', \'UTC\') AS t1 SELECT max(c) AS peak, toString(argMax(minute, c)) AS peak_minute, round(avg(c), 4) AS avg_c FROM (     SELECT minute, sum(d) OVER (ORDER BY minute) AS c     FROM (         SELECT minute, sum(delta) 
2026-08-01 16:20:44	59	49997	3982985	1	 WITH toDateTime(\'2026-07-14 15:43:00\', \'UTC\') AS t0, toDateTime(\'2026-07-26 11:00:00\', \'UTC\') AS t1 SELECT max(c) AS peak, toString(argMax(minute, c)) AS peak_minute, round(avg(c), 4) AS avg_c FROM (     SELECT minute, sum(d) OVER (ORDER BY minute) AS c     FROM (         SELECT minute, sum(delta) 
2026-08-01 16:20:44	29	20299	1908201	1	 WITH toDateTime(\'2026-07-14 15:43:00\', \'UTC\') AS t0,      (SELECT max(hour_boundary) FROM sony.concurrency_hourly_checkpoint        WHERE hour_boundary <= t0  AND platform = \'SONY_ANDROID_TV\') AS anchor SELECT     toString(ifNull(anchor, toDateTime(0, \'UTC\'))) AS anchor_ts,     ifNull((SELECT sum(c
2026-08-01 16:20:44	40	40596	3898176	1	SELECT ifNull(sum(delta), 0) FROM sony.concurrency_delta_all WHERE minute < toDateTime(\'2026-07-14 15:43:00\', \'UTC\')  AND platform = \'SONY_ANDROID_TV\' FORMAT TabSeparated 
2026-08-01 16:20:44	2	1	1	1	SELECT toString(toDateTime(\'2026-07-14 15:43:00\', \'UTC\') - INTERVAL 1 MINUTE) FORMAT TabSeparated 
2026-08-01 16:20:44	62	49997	3982985	1	 WITH toDateTime(\'2026-07-14 15:43:00\', \'UTC\') AS t0 SELECT max(c) AS peak, toString(argMax(minute, c)) AS peak_minute, round(avg(c), 4) AS avg_c FROM (     SELECT minute, 0 + sum(d) OVER (ORDER BY minute) AS c     FROM (         SELECT minute, sum(delta) AS d         FROM sony.concurrency_delta_all
2026-08-01 16:20:44	26	20299	1908201	1	 WITH toDateTime(\'2026-07-14 15:43:00\', \'UTC\') AS t0,      (SELECT max(hour_boundary) FROM sony.concurrency_hourly_checkpoint        WHERE hour_boundary <= t0  AND platform = \'SONY_ANDROID_TV\') AS anchor SELECT     toString(ifNull(anchor, toDateTime(0, \'UTC\'))) AS anchor_ts,     ifNull((SELECT sum(c
2026-08-01 16:20:44	41	40596	3898176	1	SELECT ifNull(sum(delta), 0) FROM sony.concurrency_delta_all WHERE minute < toDateTime(\'2026-07-14 15:43:00\', \'UTC\')  AND platform = \'SONY_ANDROID_TV\' FORMAT TabSeparated 
2026-08-01 16:20:44	1	1	1	1	SELECT toString(toDateTime(\'2026-07-14 15:43:00\', \'UTC\') - INTERVAL 1 MINUTE) FORMAT TabSeparated 
2026-08-01 16:20:44	63	49997	3982985	1	 WITH toDateTime(\'2026-07-14 15:43:00\', \'UTC\') AS t0 SELECT max(c) AS peak, toString(argMax(minute, c)) AS peak_minute, round(avg(c), 4) AS avg_c FROM (     SELECT minute, 0 + sum(d) OVER (ORDER BY minute) AS c     FROM (         SELECT minute, sum(delta) AS d         FROM sony.concurrency_delta_all
2026-08-01 16:20:44	27	20299	1908201	1	 WITH toDateTime(\'2026-07-14 15:43:00\', \'UTC\') AS t0,      (SELECT max(hour_boundary) FROM sony.concurrency_hourly_checkpoint        WHERE hour_boundary <= t0  AND platform = \'SONY_ANDROID_TV\') AS anchor SELECT     toString(ifNull(anchor, toDateTime(0, \'UTC\'))) AS anchor_ts,     ifNull((SELECT sum(c
2026-08-01 16:20:44	31	40596	3898176	1	SELECT ifNull(sum(delta), 0) FROM sony.concurrency_delta_all WHERE minute < toDateTime(\'2026-07-14 15:43:00\', \'UTC\')  AND platform = \'SONY_ANDROID_TV\' FORMAT TabSeparated 
2026-08-01 16:20:44	1	1	1	1	SELECT toString(toDateTime(\'2026-07-14 15:43:00\', \'UTC\') - INTERVAL 1 MINUTE) FORMAT TabSeparated 
2026-08-01 16:20:44	37	49997	3982985	1	 WITH toDateTime(\'2026-07-14 15:43:00\', \'UTC\') AS t0 SELECT max(c) AS peak, toString(argMax(minute, c)) AS peak_minute, round(avg(c), 4) AS avg_c FROM (     SELECT minute, 0 + sum(d) OVER (ORDER BY minute) AS c     FROM (         SELECT minute, sum(delta) AS d         FROM sony.concurrency_delta_all
2026-08-01 16:20:45	82	60048	4058498	1	 WITH toDateTime(\'2026-07-14 15:43:00\', \'UTC\') AS t0, toDateTime(\'2026-07-26 11:00:00\', \'UTC\') AS t1 SELECT max(c) AS peak, toString(argMax(minute, c)) AS peak_minute, round(avg(c), 4) AS avg_c FROM (     SELECT minute, sum(d) OVER (ORDER BY minute) AS c     FROM (         SELECT minute, sum(delta) 
2026-08-01 16:20:45	43	58189	4056544	1	 WITH toDateTime(\'2026-07-14 15:43:00\', \'UTC\') AS t0, toDateTime(\'2026-07-26 11:00:00\', \'UTC\') AS t1 SELECT max(c) AS peak, toString(argMax(minute, c)) AS peak_minute, round(avg(c), 4) AS avg_c FROM (     SELECT minute, sum(d) OVER (ORDER BY minute) AS c     FROM (         SELECT minute, sum(delta) 
2026-08-01 16:20:45	39	58189	4056544	1	 WITH toDateTime(\'2026-07-14 15:43:00\', \'UTC\') AS t0, toDateTime(\'2026-07-26 11:00:00\', \'UTC\') AS t1 SELECT max(c) AS peak, toString(argMax(minute, c)) AS peak_minute, round(avg(c), 4) AS avg_c FROM (     SELECT minute, sum(d) OVER (ORDER BY minute) AS c     FROM (         SELECT minute, sum(delta) 
2026-08-01 16:20:45	20	20299	1907853	1	 WITH toDateTime(\'2026-07-14 15:43:00\', \'UTC\') AS t0,      (SELECT max(hour_boundary) FROM sony.concurrency_hourly_checkpoint        WHERE hour_boundary <= t0  AND video_type = \'live\') AS anchor SELECT     toString(ifNull(anchor, toDateTime(0, \'UTC\'))) AS anchor_ts,     ifNull((SELECT sum(concurrenc
2026-08-01 16:20:45	35	40596	3898176	1	SELECT ifNull(sum(delta), 0) FROM sony.concurrency_delta_all WHERE minute < toDateTime(\'2026-07-14 15:43:00\', \'UTC\')  AND video_type = \'live\' FORMAT TabSeparated 
2026-08-01 16:20:45	2	1	1	1	SELECT toString(toDateTime(\'2026-07-14 15:43:00\', \'UTC\') - INTERVAL 1 MINUTE) FORMAT TabSeparated 
2026-08-01 16:20:45	58	60048	4058498	1	 WITH toDateTime(\'2026-07-14 15:43:00\', \'UTC\') AS t0 SELECT max(c) AS peak, toString(argMax(minute, c)) AS peak_minute, round(avg(c), 4) AS avg_c FROM (     SELECT minute, 0 + sum(d) OVER (ORDER BY minute) AS c     FROM (         SELECT minute, sum(delta) AS d         FROM sony.concurrency_delta_all
2026-08-01 16:20:45	59	20299	1907853	1	 WITH toDateTime(\'2026-07-14 15:43:00\', \'UTC\') AS t0,      (SELECT max(hour_boundary) FROM sony.concurrency_hourly_checkpoint        WHERE hour_boundary <= t0  AND video_type = \'live\') AS anchor SELECT     toString(ifNull(anchor, toDateTime(0, \'UTC\'))) AS anchor_ts,     ifNull((SELECT sum(concurrenc
2026-08-01 16:20:45	41	40596	3898176	1	SELECT ifNull(sum(delta), 0) FROM sony.concurrency_delta_all WHERE minute < toDateTime(\'2026-07-14 15:43:00\', \'UTC\')  AND video_type = \'live\' FORMAT TabSeparated 
2026-08-01 16:20:45	20	1	1	1	SELECT toString(toDateTime(\'2026-07-14 15:43:00\', \'UTC\') - INTERVAL 1 MINUTE) FORMAT TabSeparated 
2026-08-01 16:20:45	68	58189	4056544	1	 WITH toDateTime(\'2026-07-14 15:43:00\', \'UTC\') AS t0 SELECT max(c) AS peak, toString(argMax(minute, c)) AS peak_minute, round(avg(c), 4) AS avg_c FROM (     SELECT minute, 0 + sum(d) OVER (ORDER BY minute) AS c     FROM (         SELECT minute, sum(delta) AS d         FROM sony.concurrency_delta_all
2026-08-01 16:20:45	33	20299	1907853	1	 WITH toDateTime(\'2026-07-14 15:43:00\', \'UTC\') AS t0,      (SELECT max(hour_boundary) FROM sony.concurrency_hourly_checkpoint        WHERE hour_boundary <= t0  AND video_type = \'live\') AS anchor SELECT     toString(ifNull(anchor, toDateTime(0, \'UTC\'))) AS anchor_ts,     ifNull((SELECT sum(concurrenc
2026-08-01 16:20:45	29	40596	3898176	1	SELECT ifNull(sum(delta), 0) FROM sony.concurrency_delta_all WHERE minute < toDateTime(\'2026-07-14 15:43:00\', \'UTC\')  AND video_type = \'live\' FORMAT TabSeparated 
2026-08-01 16:20:45	1	1	1	1	SELECT toString(toDateTime(\'2026-07-14 15:43:00\', \'UTC\') - INTERVAL 1 MINUTE) FORMAT TabSeparated 
2026-08-01 16:20:45	37	58189	4056544	1	 WITH toDateTime(\'2026-07-14 15:43:00\', \'UTC\') AS t0 SELECT max(c) AS peak, toString(argMax(minute, c)) AS peak_minute, round(avg(c), 4) AS avg_c FROM (     SELECT minute, 0 + sum(d) OVER (ORDER BY minute) AS c     FROM (         SELECT minute, sum(delta) AS d         FROM sony.concurrency_delta_all
2026-08-01 16:20:45	40	60060	4073499	1	 WITH toDateTime(\'2026-07-14 15:43:00\', \'UTC\') AS t0, toDateTime(\'2026-07-26 11:00:00\', \'UTC\') AS t1 SELECT max(c) AS peak, toString(argMax(minute, c)) AS peak_minute, round(avg(c), 4) AS avg_c FROM (     SELECT minute, sum(d) OVER (ORDER BY minute) AS c     FROM (         SELECT minute, sum(delta) 
2026-08-01 16:20:45	40	60060	4073499	1	 WITH toDateTime(\'2026-07-14 15:43:00\', \'UTC\') AS t0, toDateTime(\'2026-07-26 11:00:00\', \'UTC\') AS t1 SELECT max(c) AS peak, toString(argMax(minute, c)) AS peak_minute, round(avg(c), 4) AS avg_c FROM (     SELECT minute, sum(d) OVER (ORDER BY minute) AS c     FROM (         SELECT minute, sum(delta) 
2026-08-01 16:20:45	38	60060	4073499	1	 WITH toDateTime(\'2026-07-14 15:43:00\', \'UTC\') AS t0, toDateTime(\'2026-07-26 11:00:00\', \'UTC\') AS t1 SELECT max(c) AS peak, toString(argMax(minute, c)) AS peak_minute, round(avg(c), 4) AS avg_c FROM (     SELECT minute, sum(d) OVER (ORDER BY minute) AS c     FROM (         SELECT minute, sum(delta) 
2026-08-01 16:20:45	20	20299	1907855	1	 WITH toDateTime(\'2026-07-14 15:43:00\', \'UTC\') AS t0,      (SELECT max(hour_boundary) FROM sony.concurrency_hourly_checkpoint        WHERE hour_boundary <= t0  AND country = \'india\') AS anchor SELECT     toString(ifNull(anchor, toDateTime(0, \'UTC\'))) AS anchor_ts,     ifNull((SELECT sum(concurrency)
2026-08-01 16:20:45	28	40596	3898176	1	SELECT ifNull(sum(delta), 0) FROM sony.concurrency_delta_all WHERE minute < toDateTime(\'2026-07-14 15:43:00\', \'UTC\')  AND country = \'india\' FORMAT TabSeparated 
2026-08-01 16:20:45	1	1	1	1	SELECT toString(toDateTime(\'2026-07-14 15:43:00\', \'UTC\') - INTERVAL 1 MINUTE) FORMAT TabSeparated 
2026-08-01 16:20:45	45	60060	4073499	1	 WITH toDateTime(\'2026-07-14 15:43:00\', \'UTC\') AS t0 SELECT max(c) AS peak, toString(argMax(minute, c)) AS peak_minute, round(avg(c), 4) AS avg_c FROM (     SELECT minute, 0 + sum(d) OVER (ORDER BY minute) AS c     FROM (         SELECT minute, sum(delta) AS d         FROM sony.concurrency_delta_all
2026-08-01 16:20:45	32	20299	1907855	1	 WITH toDateTime(\'2026-07-14 15:43:00\', \'UTC\') AS t0,      (SELECT max(hour_boundary) FROM sony.concurrency_hourly_checkpoint        WHERE hour_boundary <= t0  AND country = \'india\') AS anchor SELECT     toString(ifNull(anchor, toDateTime(0, \'UTC\'))) AS anchor_ts,     ifNull((SELECT sum(concurrency)
2026-08-01 16:20:45	34	40596	3898176	1	SELECT ifNull(sum(delta), 0) FROM sony.concurrency_delta_all WHERE minute < toDateTime(\'2026-07-14 15:43:00\', \'UTC\')  AND country = \'india\' FORMAT TabSeparated 
2026-08-01 16:20:45	2	1	1	1	SELECT toString(toDateTime(\'2026-07-14 15:43:00\', \'UTC\') - INTERVAL 1 MINUTE) FORMAT TabSeparated 
2026-08-01 16:20:45	45	60060	4073499	1	 WITH toDateTime(\'2026-07-14 15:43:00\', \'UTC\') AS t0 SELECT max(c) AS peak, toString(argMax(minute, c)) AS peak_minute, round(avg(c), 4) AS avg_c FROM (     SELECT minute, 0 + sum(d) OVER (ORDER BY minute) AS c     FROM (         SELECT minute, sum(delta) AS d         FROM sony.concurrency_delta_all
2026-08-01 16:20:45	30	20299	1907855	1	 WITH toDateTime(\'2026-07-14 15:43:00\', \'UTC\') AS t0,      (SELECT max(hour_boundary) FROM sony.concurrency_hourly_checkpoint        WHERE hour_boundary <= t0  AND country = \'india\') AS anchor SELECT     toString(ifNull(anchor, toDateTime(0, \'UTC\'))) AS anchor_ts,     ifNull((SELECT sum(concurrency)
2026-08-01 16:20:46	52	40596	3898176	1	SELECT ifNull(sum(delta), 0) FROM sony.concurrency_delta_all WHERE minute < toDateTime(\'2026-07-14 15:43:00\', \'UTC\')  AND country = \'india\' FORMAT TabSeparated 
2026-08-01 16:20:46	1	1	1	1	SELECT toString(toDateTime(\'2026-07-14 15:43:00\', \'UTC\') - INTERVAL 1 MINUTE) FORMAT TabSeparated 
2026-08-01 16:20:46	56	60060	4073499	1	 WITH toDateTime(\'2026-07-14 15:43:00\', \'UTC\') AS t0 SELECT max(c) AS peak, toString(argMax(minute, c)) AS peak_minute, round(avg(c), 4) AS avg_c FROM (     SELECT minute, 0 + sum(d) OVER (ORDER BY minute) AS c     FROM (         SELECT minute, sum(delta) AS d         FROM sony.concurrency_delta_all
2026-08-01 16:20:46	53	60048	4093293	1	 WITH toDateTime(\'2026-07-14 15:43:00\', \'UTC\') AS t0, toDateTime(\'2026-07-26 11:00:00\', \'UTC\') AS t1 SELECT max(c) AS peak, toString(argMax(minute, c)) AS peak_minute, round(avg(c), 4) AS avg_c FROM (     SELECT minute, sum(d) OVER (ORDER BY minute) AS c     FROM (         SELECT minute, sum(delta) 
2026-08-01 16:20:46	54	60048	4093293	1	 WITH toDateTime(\'2026-07-14 15:43:00\', \'UTC\') AS t0, toDateTime(\'2026-07-26 11:00:00\', \'UTC\') AS t1 SELECT max(c) AS peak, toString(argMax(minute, c)) AS peak_minute, round(avg(c), 4) AS avg_c FROM (     SELECT minute, sum(d) OVER (ORDER BY minute) AS c     FROM (         SELECT minute, sum(delta) 
2026-08-01 16:20:46	45	60048	4093293	1	 WITH toDateTime(\'2026-07-14 15:43:00\', \'UTC\') AS t0, toDateTime(\'2026-07-26 11:00:00\', \'UTC\') AS t1 SELECT max(c) AS peak, toString(argMax(minute, c)) AS peak_minute, round(avg(c), 4) AS avg_c FROM (     SELECT minute, sum(d) OVER (ORDER BY minute) AS c     FROM (         SELECT minute, sum(delta) 
2026-08-01 16:20:46	19	20299	1928646	1	 WITH toDateTime(\'2026-07-14 15:43:00\', \'UTC\') AS t0,      (SELECT max(hour_boundary) FROM sony.concurrency_hourly_checkpoint        WHERE hour_boundary <= t0  AND platform = \'ANDROID_PHONE\' AND country = \'india\') AS anchor SELECT     toString(ifNull(anchor, toDateTime(0, \'UTC\'))) AS anchor_ts,     
2026-08-01 16:20:46	31	40596	3898176	1	SELECT ifNull(sum(delta), 0) FROM sony.concurrency_delta_all WHERE minute < toDateTime(\'2026-07-14 15:43:00\', \'UTC\')  AND platform = \'ANDROID_PHONE\' AND country = \'india\' FORMAT TabSeparated 
2026-08-01 16:20:46	2	1	1	1	SELECT toString(toDateTime(\'2026-07-14 15:43:00\', \'UTC\') - INTERVAL 1 MINUTE) FORMAT TabSeparated 
2026-08-01 16:20:46	47	60048	4093293	1	 WITH toDateTime(\'2026-07-14 15:43:00\', \'UTC\') AS t0 SELECT max(c) AS peak, toString(argMax(minute, c)) AS peak_minute, round(avg(c), 4) AS avg_c FROM (     SELECT minute, 0 + sum(d) OVER (ORDER BY minute) AS c     FROM (         SELECT minute, sum(delta) AS d         FROM sony.concurrency_delta_all
2026-08-01 16:20:46	21	20299	1928646	1	 WITH toDateTime(\'2026-07-14 15:43:00\', \'UTC\') AS t0,      (SELECT max(hour_boundary) FROM sony.concurrency_hourly_checkpoint        WHERE hour_boundary <= t0  AND platform = \'ANDROID_PHONE\' AND country = \'india\') AS anchor SELECT     toString(ifNull(anchor, toDateTime(0, \'UTC\'))) AS anchor_ts,     
2026-08-01 16:20:46	31	40596	3898176	1	SELECT ifNull(sum(delta), 0) FROM sony.concurrency_delta_all WHERE minute < toDateTime(\'2026-07-14 15:43:00\', \'UTC\')  AND platform = \'ANDROID_PHONE\' AND country = \'india\' FORMAT TabSeparated 
2026-08-01 16:20:46	2	1	1	1	SELECT toString(toDateTime(\'2026-07-14 15:43:00\', \'UTC\') - INTERVAL 1 MINUTE) FORMAT TabSeparated 
2026-08-01 16:20:46	41	60048	4093293	1	 WITH toDateTime(\'2026-07-14 15:43:00\', \'UTC\') AS t0 SELECT max(c) AS peak, toString(argMax(minute, c)) AS peak_minute, round(avg(c), 4) AS avg_c FROM (     SELECT minute, 0 + sum(d) OVER (ORDER BY minute) AS c     FROM (         SELECT minute, sum(delta) AS d         FROM sony.concurrency_delta_all
2026-08-01 16:20:46	18	20299	1928646	1	 WITH toDateTime(\'2026-07-14 15:43:00\', \'UTC\') AS t0,      (SELECT max(hour_boundary) FROM sony.concurrency_hourly_checkpoint        WHERE hour_boundary <= t0  AND platform = \'ANDROID_PHONE\' AND country = \'india\') AS anchor SELECT     toString(ifNull(anchor, toDateTime(0, \'UTC\'))) AS anchor_ts,     
2026-08-01 16:20:46	32	40596	3898176	1	SELECT ifNull(sum(delta), 0) FROM sony.concurrency_delta_all WHERE minute < toDateTime(\'2026-07-14 15:43:00\', \'UTC\')  AND platform = \'ANDROID_PHONE\' AND country = \'india\' FORMAT TabSeparated 
2026-08-01 16:20:46	2	1	1	1	SELECT toString(toDateTime(\'2026-07-14 15:43:00\', \'UTC\') - INTERVAL 1 MINUTE) FORMAT TabSeparated 
2026-08-01 16:20:46	51	60048	4093293	1	 WITH toDateTime(\'2026-07-14 15:43:00\', \'UTC\') AS t0 SELECT max(c) AS peak, toString(argMax(minute, c)) AS peak_minute, round(avg(c), 4) AS avg_c FROM (     SELECT minute, 0 + sum(d) OVER (ORDER BY minute) AS c     FROM (         SELECT minute, sum(delta) AS d         FROM sony.concurrency_delta_all
2026-08-01 16:20:46	79	60060	4053888	1	 WITH toDateTime(\'2026-07-26 00:00:00\', \'UTC\') AS t0, toDateTime(\'2026-07-26 23:59:00\', \'UTC\') AS t1 SELECT max(c) AS peak, toString(argMax(minute, c)) AS peak_minute, round(avg(c), 4) AS avg_c FROM (     SELECT minute, sum(d) OVER (ORDER BY minute) AS c     FROM (         SELECT minute, sum(delta) 
2026-08-01 16:20:46	42	60060	4053888	1	 WITH toDateTime(\'2026-07-26 00:00:00\', \'UTC\') AS t0, toDateTime(\'2026-07-26 23:59:00\', \'UTC\') AS t1 SELECT max(c) AS peak, toString(argMax(minute, c)) AS peak_minute, round(avg(c), 4) AS avg_c FROM (     SELECT minute, sum(d) OVER (ORDER BY minute) AS c     FROM (         SELECT minute, sum(delta) 
2026-08-01 16:20:46	49	60060	4053888	1	 WITH toDateTime(\'2026-07-26 00:00:00\', \'UTC\') AS t0, toDateTime(\'2026-07-26 23:59:00\', \'UTC\') AS t1 SELECT max(c) AS peak, toString(argMax(minute, c)) AS peak_minute, round(avg(c), 4) AS avg_c FROM (     SELECT minute, sum(d) OVER (ORDER BY minute) AS c     FROM (         SELECT minute, sum(delta) 
2026-08-01 16:20:46	29	21547	1894898	1	 WITH toDateTime(\'2026-07-26 00:00:00\', \'UTC\') AS t0,      (SELECT max(hour_boundary) FROM sony.concurrency_hourly_checkpoint        WHERE hour_boundary <= t0 ) AS anchor SELECT     toString(ifNull(anchor, toDateTime(0, \'UTC\'))) AS anchor_ts,     ifNull((SELECT sum(concurrency) FROM sony.concurrency
2026-08-01 16:20:46	53	59240	4047328	1	 WITH toDateTime(\'2026-07-26 00:00:00\', \'UTC\') AS t0 SELECT max(c) AS peak, toString(argMax(minute, c)) AS peak_minute, round(avg(c), 4) AS avg_c FROM (     SELECT minute, 1 + sum(d) OVER (ORDER BY minute) AS c     FROM (         SELECT minute, sum(delta) AS d         FROM sony.concurrency_delta_all
2026-08-01 16:20:47	37	21547	1894898	1	 WITH toDateTime(\'2026-07-26 00:00:00\', \'UTC\') AS t0,      (SELECT max(hour_boundary) FROM sony.concurrency_hourly_checkpoint        WHERE hour_boundary <= t0 ) AS anchor SELECT     toString(ifNull(anchor, toDateTime(0, \'UTC\'))) AS anchor_ts,     ifNull((SELECT sum(concurrency) FROM sony.concurrency
2026-08-01 16:20:47	71	59240	4047328	1	 WITH toDateTime(\'2026-07-26 00:00:00\', \'UTC\') AS t0 SELECT max(c) AS peak, toString(argMax(minute, c)) AS peak_minute, round(avg(c), 4) AS avg_c FROM (     SELECT minute, 1 + sum(d) OVER (ORDER BY minute) AS c     FROM (         SELECT minute, sum(delta) AS d         FROM sony.concurrency_delta_all
2026-08-01 16:20:47	22	21547	1894898	1	 WITH toDateTime(\'2026-07-26 00:00:00\', \'UTC\') AS t0,      (SELECT max(hour_boundary) FROM sony.concurrency_hourly_checkpoint        WHERE hour_boundary <= t0 ) AS anchor SELECT     toString(ifNull(anchor, toDateTime(0, \'UTC\'))) AS anchor_ts,     ifNull((SELECT sum(concurrency) FROM sony.concurrency
2026-08-01 16:20:47	55	59240	4047328	1	 WITH toDateTime(\'2026-07-26 00:00:00\', \'UTC\') AS t0 SELECT max(c) AS peak, toString(argMax(minute, c)) AS peak_minute, round(avg(c), 4) AS avg_c FROM (     SELECT minute, 1 + sum(d) OVER (ORDER BY minute) AS c     FROM (         SELECT minute, sum(delta) AS d         FROM sony.concurrency_delta_all
2026-08-01 16:20:47	57	60048	4073715	1	 WITH toDateTime(\'2026-07-26 00:00:00\', \'UTC\') AS t0, toDateTime(\'2026-07-26 23:59:00\', \'UTC\') AS t1 SELECT max(c) AS peak, toString(argMax(minute, c)) AS peak_minute, round(avg(c), 4) AS avg_c FROM (     SELECT minute, sum(d) OVER (ORDER BY minute) AS c     FROM (         SELECT minute, sum(delta) 
2026-08-01 16:20:47	58	60048	4073715	1	 WITH toDateTime(\'2026-07-26 00:00:00\', \'UTC\') AS t0, toDateTime(\'2026-07-26 23:59:00\', \'UTC\') AS t1 SELECT max(c) AS peak, toString(argMax(minute, c)) AS peak_minute, round(avg(c), 4) AS avg_c FROM (     SELECT minute, sum(d) OVER (ORDER BY minute) AS c     FROM (         SELECT minute, sum(delta) 
2026-08-01 16:20:47	44	60048	4073715	1	 WITH toDateTime(\'2026-07-26 00:00:00\', \'UTC\') AS t0, toDateTime(\'2026-07-26 23:59:00\', \'UTC\') AS t1 SELECT max(c) AS peak, toString(argMax(minute, c)) AS peak_minute, round(avg(c), 4) AS avg_c FROM (     SELECT minute, sum(d) OVER (ORDER BY minute) AS c     FROM (         SELECT minute, sum(delta) 
2026-08-01 16:20:47	19	21547	1917337	1	 WITH toDateTime(\'2026-07-26 00:00:00\', \'UTC\') AS t0,      (SELECT max(hour_boundary) FROM sony.concurrency_hourly_checkpoint        WHERE hour_boundary <= t0  AND platform = \'ANDROID_PHONE\') AS anchor SELECT     toString(ifNull(anchor, toDateTime(0, \'UTC\'))) AS anchor_ts,     ifNull((SELECT sum(con
2026-08-01 16:20:47	34	59240	4066252	1	 WITH toDateTime(\'2026-07-26 00:00:00\', \'UTC\') AS t0 SELECT max(c) AS peak, toString(argMax(minute, c)) AS peak_minute, round(avg(c), 4) AS avg_c FROM (     SELECT minute, 1 + sum(d) OVER (ORDER BY minute) AS c     FROM (         SELECT minute, sum(delta) AS d         FROM sony.concurrency_delta_all
2026-08-01 16:20:47	25	21547	1917337	1	 WITH toDateTime(\'2026-07-26 00:00:00\', \'UTC\') AS t0,      (SELECT max(hour_boundary) FROM sony.concurrency_hourly_checkpoint        WHERE hour_boundary <= t0  AND platform = \'ANDROID_PHONE\') AS anchor SELECT     toString(ifNull(anchor, toDateTime(0, \'UTC\'))) AS anchor_ts,     ifNull((SELECT sum(con
2026-08-01 16:20:47	41	59240	4066252	1	 WITH toDateTime(\'2026-07-26 00:00:00\', \'UTC\') AS t0 SELECT max(c) AS peak, toString(argMax(minute, c)) AS peak_minute, round(avg(c), 4) AS avg_c FROM (     SELECT minute, 1 + sum(d) OVER (ORDER BY minute) AS c     FROM (         SELECT minute, sum(delta) AS d         FROM sony.concurrency_delta_all
2026-08-01 16:20:47	19	21547	1917337	1	 WITH toDateTime(\'2026-07-26 00:00:00\', \'UTC\') AS t0,      (SELECT max(hour_boundary) FROM sony.concurrency_hourly_checkpoint        WHERE hour_boundary <= t0  AND platform = \'ANDROID_PHONE\') AS anchor SELECT     toString(ifNull(anchor, toDateTime(0, \'UTC\'))) AS anchor_ts,     ifNull((SELECT sum(con
2026-08-01 16:20:47	36	59240	4066252	1	 WITH toDateTime(\'2026-07-26 00:00:00\', \'UTC\') AS t0 SELECT max(c) AS peak, toString(argMax(minute, c)) AS peak_minute, round(avg(c), 4) AS avg_c FROM (     SELECT minute, 1 + sum(d) OVER (ORDER BY minute) AS c     FROM (         SELECT minute, sum(delta) AS d         FROM sony.concurrency_delta_all
2026-08-01 16:20:47	44	60060	4053888	1	 WITH toDateTime(\'2026-07-26 10:00:00\', \'UTC\') AS t0, toDateTime(\'2026-07-26 11:00:00\', \'UTC\') AS t1 SELECT max(c) AS peak, toString(argMax(minute, c)) AS peak_minute, round(avg(c), 4) AS avg_c FROM (     SELECT minute, sum(d) OVER (ORDER BY minute) AS c     FROM (         SELECT minute, sum(delta) 
2026-08-01 16:20:47	39	60060	4053888	1	 WITH toDateTime(\'2026-07-26 10:00:00\', \'UTC\') AS t0, toDateTime(\'2026-07-26 11:00:00\', \'UTC\') AS t1 SELECT max(c) AS peak, toString(argMax(minute, c)) AS peak_minute, round(avg(c), 4) AS avg_c FROM (     SELECT minute, sum(d) OVER (ORDER BY minute) AS c     FROM (         SELECT minute, sum(delta) 
2026-08-01 16:20:47	37	60060	4053888	1	 WITH toDateTime(\'2026-07-26 10:00:00\', \'UTC\') AS t0, toDateTime(\'2026-07-26 11:00:00\', \'UTC\') AS t1 SELECT max(c) AS peak, toString(argMax(minute, c)) AS peak_minute, round(avg(c), 4) AS avg_c FROM (     SELECT minute, sum(d) OVER (ORDER BY minute) AS c     FROM (         SELECT minute, sum(delta) 
2026-08-01 16:20:47	18	21547	1894898	1	 WITH toDateTime(\'2026-07-26 10:00:00\', \'UTC\') AS t0,      (SELECT max(hour_boundary) FROM sony.concurrency_hourly_checkpoint        WHERE hour_boundary <= t0 ) AS anchor SELECT     toString(ifNull(anchor, toDateTime(0, \'UTC\'))) AS anchor_ts,     ifNull((SELECT sum(concurrency) FROM sony.concurrency
2026-08-01 16:20:47	33	58189	4038920	1	 WITH toDateTime(\'2026-07-26 10:00:00\', \'UTC\') AS t0 SELECT max(c) AS peak, toString(argMax(minute, c)) AS peak_minute, round(avg(c), 4) AS avg_c FROM (     SELECT minute, 58 + sum(d) OVER (ORDER BY minute) AS c     FROM (         SELECT minute, sum(delta) AS d         FROM sony.concurrency_delta_al
2026-08-01 16:20:47	17	21547	1894898	1	 WITH toDateTime(\'2026-07-26 10:00:00\', \'UTC\') AS t0,      (SELECT max(hour_boundary) FROM sony.concurrency_hourly_checkpoint        WHERE hour_boundary <= t0 ) AS anchor SELECT     toString(ifNull(anchor, toDateTime(0, \'UTC\'))) AS anchor_ts,     ifNull((SELECT sum(concurrency) FROM sony.concurrency
2026-08-01 16:20:47	35	58189	4038920	1	 WITH toDateTime(\'2026-07-26 10:00:00\', \'UTC\') AS t0 SELECT max(c) AS peak, toString(argMax(minute, c)) AS peak_minute, round(avg(c), 4) AS avg_c FROM (     SELECT minute, 58 + sum(d) OVER (ORDER BY minute) AS c     FROM (         SELECT minute, sum(delta) AS d         FROM sony.concurrency_delta_al
2026-08-01 16:20:47	20	21547	1894898	1	 WITH toDateTime(\'2026-07-26 10:00:00\', \'UTC\') AS t0,      (SELECT max(hour_boundary) FROM sony.concurrency_hourly_checkpoint        WHERE hour_boundary <= t0 ) AS anchor SELECT     toString(ifNull(anchor, toDateTime(0, \'UTC\'))) AS anchor_ts,     ifNull((SELECT sum(concurrency) FROM sony.concurrency
2026-08-01 16:20:47	33	58189	4038920	1	 WITH toDateTime(\'2026-07-26 10:00:00\', \'UTC\') AS t0 SELECT max(c) AS peak, toString(argMax(minute, c)) AS peak_minute, round(avg(c), 4) AS avg_c FROM (     SELECT minute, 58 + sum(d) OVER (ORDER BY minute) AS c     FROM (         SELECT minute, sum(delta) AS d         FROM sony.concurrency_delta_al
2026-08-01 16:20:52	21	20298	1887405	20298	SELECT video_session_id, active_start_ms, active_end_ms FROM sony.session_active_intervals FINAL FORMAT TabSeparated 
2026-08-01 16:20:52	12	0	0	0	SYSTEM FLUSH LOGS 
2026-08-01 16:20:52	1	1	1	1	SELECT version() FORMAT TabSeparated 
2026-08-01 16:21:38	1	1	1	1	SELECT version() FORMAT TabSeparated 
2026-08-01 16:21:38	1	1	1	1	SELECT version() FORMAT TabSeparated 
2026-08-01 16:21:38	0	0	0	0	CREATE DATABASE IF NOT EXISTS sony 
2026-08-01 16:21:38	0	0	0	0	CREATE DATABASE IF NOT EXISTS sony 
2026-08-01 16:21:38	3	0	0	0	CREATE TABLE IF NOT EXISTS sony.raw_events (                              content_id           Int64,     video_session_id     String              CODEC(ZSTD(3)),     user_id              String              CODEC(ZSTD(3)),     event_type           LowCardinality(String),     event                Lo
2026-08-01 16:21:38	0	0	0	0	CREATE TABLE IF NOT EXISTS sony.content_dim (     content_id Int64,     title      String,     video_type LowCardinality(String),     category   LowCardinality(String) ) ENGINE = ReplacingMergeTree ORDER BY content_id 
2026-08-01 16:21:38	0	0	0	0	CREATE DICTIONARY IF NOT EXISTS sony.content_dict (`content_id` Int64, `title` String, `video_type` String, `category` String) PRIMARY KEY content_id SOURCE(CLICKHOUSE(TABLE \'content_dim\' DB \'sony\' USER \'default\' PASSWORD \'[HIDDEN]\')) LIFETIME(MIN 300 MAX 600) LAYOUT(COMPLEX_KEY_HASHED())
2026-08-01 16:21:38	15	0	0	0	TRUNCATE TABLE IF EXISTS sony.raw_events 
2026-08-01 16:21:38	14	0	0	0	TRUNCATE TABLE IF EXISTS sony.session_active_intervals 
2026-08-01 16:21:38	12	0	0	0	TRUNCATE TABLE IF EXISTS sony.concurrency_minute_delta 
2026-08-01 16:21:38	2	0	0	0	TRUNCATE TABLE IF EXISTS sony.concurrency_hourly_checkpoint 
2026-08-01 16:21:38	2	0	0	0	TRUNCATE TABLE IF EXISTS sony.content_dim 
2026-08-01 16:21:38	34	33464	904659	33464	INSERT INTO sony.content_dim (content_id, title, video_type, category) FORMAT CSV
2026-08-01 16:21:38	43	33464	1181455	33464	INSERT INTO sony.content_dim (content_id, title, video_type, category) FORMAT CSV 
2026-08-01 16:21:38	20	33464	737339	33464	SELECT `content_id`, `title`, `video_type`, `category` FROM `sony`.`content_dim`;
2026-08-01 16:21:38	22	0	0	0	SYSTEM RELOAD DICTIONARY sony.content_dict 
2026-08-01 16:21:38	2	1	16	1	SELECT count() FROM sony.content_dim FORMAT TabSeparated 
2026-08-01 16:21:42	4070	532907	93821019	532907	INSERT INTO sony.raw_events (content_id, video_session_id, user_id, event_type, event, event_timestamp_ms, platform, app_version, country, audio_language, subtitle_language, player_version, session_start_ms) FORMAT CSV 
2026-08-01 16:21:42	17	1	16	1	SELECT count() FROM sony.raw_events FORMAT TabSeparated 
2026-08-01 16:21:42	30	532907	4263256	1	SELECT round(dateDiff(\'second\', max(event_time), now64(3, \'UTC\')), 1) FROM sony.raw_events FORMAT TabSeparated 
2026-08-01 16:21:42	77	532907	35704552	1	SELECT uniqExact(video_session_id) FROM sony.raw_events FORMAT TabSeparated 
2026-08-01 16:21:42	58	532907	35704552	1	SELECT uniqExact(user_id) FROM sony.raw_events FORMAT TabSeparated 
2026-08-01 16:21:43	25	532907	4263256	1	SELECT concat(toString(min(event_time)),\' .. \',toString(max(event_time))) FROM sony.raw_events FORMAT TabSeparated 
2026-08-01 16:21:43	76	532907	36238323	1	SELECT count() FROM (SELECT video_session_id FROM sony.raw_events GROUP BY video_session_id HAVING countIf(event_type=\'VideoSessionEnd\') = 0) FORMAT TabSeparated 
2026-08-01 16:21:43	21	532907	4263256	1	SELECT uniqExactIf(content_id, NOT dictHas(\'sony.content_dict\', tuple(content_id))) FROM sony.raw_events FORMAT TabSeparated 
2026-08-01 16:21:43	10	532907	533771	1	SELECT arrayStringConcat(groupUniqArray(event_type), \',\') FROM sony.raw_events WHERE event_type NOT IN (\'VideoSessionStart\',\'VideoPlay\',\'VideoHeartbeat\',\'AppBackgrounded\',\'AppForegrounded\',\'VideoSessionEnd\',\'VideoError\') FORMAT TabSeparated 
2026-08-01 16:21:43	26	532907	4263256	1	SELECT max(event_timestamp_ms) FROM sony.raw_events FORMAT TabSeparated 
2026-08-01 16:21:43	1	0	0	0	DROP TABLE IF EXISTS sony.session_active_intervals 
2026-08-01 16:21:43	14	0	0	0	CREATE TABLE IF NOT EXISTS sony.session_active_intervals (     video_session_id  String              CODEC(ZSTD(3)),     interval_seq      UInt16,     active_start      DateTime64(3, \'UTC\'),     active_end        DateTime64(3, \'UTC\'),     active_start_ms   Int64               CODEC(DoubleDelta, ZST
2026-08-01 16:21:43	570	532907	83653840	20298	INSERT INTO sony.session_active_intervals WITH                    toInt64(120000) AS gap_timeout,     toInt64(0)   AS gap_grace,     toInt64(1785063604837)   AS watermark SELECT     video_session_id,     (iv.1) AS interval_seq,     fromUnixTimestamp64Milli(iv.2, \'UTC\')  AS active_start,     fromUni
2026-08-01 16:21:43	2	1	16	1	SELECT count() FROM sony.session_active_intervals FORMAT TabSeparated 
2026-08-01 16:21:43	15	20298	1562641	1	SELECT countIf(is_open) FROM sony.session_active_intervals FINAL FORMAT TabSeparated 
2026-08-01 16:21:43	20	20298	1725021	1	SELECT round(sum(duration_ms)/3600000,2) FROM sony.session_active_intervals FINAL FORMAT TabSeparated 
2026-08-01 16:21:43	0	0	0	0	DROP TABLE IF EXISTS sony.concurrency_minute_delta 
2026-08-01 16:21:43	0	0	0	0	DROP TABLE IF EXISTS sony.concurrency_hourly_checkpoint 
2026-08-01 16:21:43	15	0	0	0	CREATE TABLE IF NOT EXISTS sony.concurrency_minute_delta (     platform        LowCardinality(String),     country         LowCardinality(String),     video_type      LowCardinality(String),     content_id      Int64,     minute          DateTime(\'UTC\'),     delta           Int32,     PROJECTION by
2026-08-01 16:21:43	7	0	0	0	CREATE TABLE IF NOT EXISTS sony.concurrency_hourly_checkpoint (     platform        LowCardinality(String),     country         LowCardinality(String),     video_type      LowCardinality(String),     content_id      Int64,     hour_boundary   DateTime(\'UTC\'),     concurrency     UInt32 ) ENGINE = Re
2026-08-01 16:21:43	93	40596	3898176	21780	INSERT INTO sony.concurrency_minute_delta SELECT platform, country, video_type, content_id, minute, sum(d) AS delta FROM (     SELECT platform, country, video_type, content_id,            toDateTime(intDiv(active_start_ms, 60000) * 60, \'UTC\') AS minute,            1 AS d     FROM sony.session_active
2026-08-01 16:21:43	6	0	0	0	CREATE OR REPLACE VIEW sony.open_minute_delta AS SELECT platform, country, video_type, content_id, minute, toInt32(sum(d)) AS delta FROM (     SELECT platform, country, video_type, content_id,            toDateTime(intDiv(active_start_ms, 60000) * 60, \'UTC\') AS minute, 1 AS d     FROM sony.session_a
2026-08-01 16:21:43	4	0	0	0	CREATE OR REPLACE VIEW sony.concurrency_delta_all AS SELECT platform, country, video_type, content_id, minute, delta FROM sony.concurrency_minute_delta UNION ALL SELECT platform, country, video_type, content_id, minute, delta FROM sony.open_minute_delta 
2026-08-01 16:21:44	23	20298	2111724	624	INSERT INTO sony.concurrency_hourly_checkpoint SELECT     platform, country, video_type, content_id,     toDateTime(hb, \'UTC\') AS hour_boundary,     toUInt32(count())     AS concurrency FROM (     SELECT         platform, country, video_type, content_id,                                              
2026-08-01 16:21:44	1	1	16	1	SELECT count() FROM sony.concurrency_minute_delta FORMAT TabSeparated 
2026-08-01 16:21:44	1	1	16	1	SELECT count() FROM sony.concurrency_hourly_checkpoint FORMAT TabSeparated 
2026-08-01 16:21:44	10	20298	1887405	1	SELECT sum(intDiv(active_end_ms,60000)-intDiv(active_start_ms,60000)+1) FROM sony.session_active_intervals FINAL FORMAT TabSeparated 
2026-08-01 16:21:44	1	1	1	1	SELECT version() FORMAT TabSeparated 
2026-08-01 16:21:44	10	20298	1725021	1	SELECT toString(toDateTime(intDiv(min(active_start_ms),60000)*60,\'UTC\')) FROM sony.session_active_intervals FINAL FORMAT TabSeparated 
2026-08-01 16:21:44	10	20298	1725021	1	SELECT toString(toDateTime(intDiv(max(active_end_ms),60000)*60,\'UTC\')) FROM sony.session_active_intervals FINAL FORMAT TabSeparated 
2026-08-01 16:21:44	2	7	168	1	SELECT toString(min(minute)) FROM sony.concurrency_minute_delta FORMAT TabSeparated 
2026-08-01 16:21:44	3	19464	155712	1	SELECT toString(toDate(argMax(minute, delta))) FROM sony.concurrency_minute_delta FORMAT TabSeparated 
2026-08-01 16:21:44	6	33464	301207	33464	SELECT toString(content_id), video_type FROM sony.content_dim FINAL FORMAT TabSeparated 
2026-08-01 16:21:44	22	532907	4263256	1	SELECT max(event_timestamp_ms) FROM sony.raw_events FORMAT TabSeparated 
2026-08-01 16:21:48	39	60060	4053888	1	 WITH toDateTime(\'2026-07-14 15:43:00\', \'UTC\') AS t0, toDateTime(\'2026-07-26 11:00:00\', \'UTC\') AS t1 SELECT max(c) AS peak, toString(argMax(minute, c)) AS peak_minute, round(avg(c), 4) AS avg_c FROM (     SELECT minute, sum(d) OVER (ORDER BY minute) AS c     FROM (         SELECT minute, sum(delta) 
2026-08-01 16:21:48	37	60060	4053888	1	 WITH toDateTime(\'2026-07-14 15:43:00\', \'UTC\') AS t0, toDateTime(\'2026-07-26 11:00:00\', \'UTC\') AS t1 SELECT max(c) AS peak, toString(argMax(minute, c)) AS peak_minute, round(avg(c), 4) AS avg_c FROM (     SELECT minute, sum(d) OVER (ORDER BY minute) AS c     FROM (         SELECT minute, sum(delta) 
2026-08-01 16:21:48	37	60060	4053888	1	 WITH toDateTime(\'2026-07-14 15:43:00\', \'UTC\') AS t0, toDateTime(\'2026-07-26 11:00:00\', \'UTC\') AS t1 SELECT max(c) AS peak, toString(argMax(minute, c)) AS peak_minute, round(avg(c), 4) AS avg_c FROM (     SELECT minute, sum(d) OVER (ORDER BY minute) AS c     FROM (         SELECT minute, sum(delta) 
2026-08-01 16:21:48	28	20299	1887410	1	 WITH toDateTime(\'2026-07-14 15:43:00\', \'UTC\') AS t0,      (SELECT max(hour_boundary) FROM sony.concurrency_hourly_checkpoint        WHERE hour_boundary <= t0 ) AS anchor SELECT     toString(ifNull(anchor, toDateTime(0, \'UTC\'))) AS anchor_ts,     ifNull((SELECT sum(concurrency) FROM sony.concurrency
2026-08-01 16:21:48	33	40596	3898176	1	SELECT ifNull(sum(delta), 0) FROM sony.concurrency_delta_all WHERE minute < toDateTime(\'2026-07-14 15:43:00\', \'UTC\')  FORMAT TabSeparated 
2026-08-01 16:21:48	1	1	1	1	SELECT toString(toDateTime(\'2026-07-14 15:43:00\', \'UTC\') - INTERVAL 1 MINUTE) FORMAT TabSeparated 
2026-08-01 16:21:48	54	60060	4053888	1	 WITH toDateTime(\'2026-07-14 15:43:00\', \'UTC\') AS t0 SELECT max(c) AS peak, toString(argMax(minute, c)) AS peak_minute, round(avg(c), 4) AS avg_c FROM (     SELECT minute, 0 + sum(d) OVER (ORDER BY minute) AS c     FROM (         SELECT minute, sum(delta) AS d         FROM sony.concurrency_delta_all
2026-08-01 16:21:48	23	20299	1887410	1	 WITH toDateTime(\'2026-07-14 15:43:00\', \'UTC\') AS t0,      (SELECT max(hour_boundary) FROM sony.concurrency_hourly_checkpoint        WHERE hour_boundary <= t0 ) AS anchor SELECT     toString(ifNull(anchor, toDateTime(0, \'UTC\'))) AS anchor_ts,     ifNull((SELECT sum(concurrency) FROM sony.concurrency
2026-08-01 16:21:48	48	40596	3898176	1	SELECT ifNull(sum(delta), 0) FROM sony.concurrency_delta_all WHERE minute < toDateTime(\'2026-07-14 15:43:00\', \'UTC\')  FORMAT TabSeparated 
2026-08-01 16:21:48	1	1	1	1	SELECT toString(toDateTime(\'2026-07-14 15:43:00\', \'UTC\') - INTERVAL 1 MINUTE) FORMAT TabSeparated 
2026-08-01 16:21:48	46	60060	4053888	1	 WITH toDateTime(\'2026-07-14 15:43:00\', \'UTC\') AS t0 SELECT max(c) AS peak, toString(argMax(minute, c)) AS peak_minute, round(avg(c), 4) AS avg_c FROM (     SELECT minute, 0 + sum(d) OVER (ORDER BY minute) AS c     FROM (         SELECT minute, sum(delta) AS d         FROM sony.concurrency_delta_all
2026-08-01 16:21:48	18	20299	1887410	1	 WITH toDateTime(\'2026-07-14 15:43:00\', \'UTC\') AS t0,      (SELECT max(hour_boundary) FROM sony.concurrency_hourly_checkpoint        WHERE hour_boundary <= t0 ) AS anchor SELECT     toString(ifNull(anchor, toDateTime(0, \'UTC\'))) AS anchor_ts,     ifNull((SELECT sum(concurrency) FROM sony.concurrency
2026-08-01 16:21:48	29	40596	3898176	1	SELECT ifNull(sum(delta), 0) FROM sony.concurrency_delta_all WHERE minute < toDateTime(\'2026-07-14 15:43:00\', \'UTC\')  FORMAT TabSeparated 
2026-08-01 16:21:48	1	1	1	1	SELECT toString(toDateTime(\'2026-07-14 15:43:00\', \'UTC\') - INTERVAL 1 MINUTE) FORMAT TabSeparated 
2026-08-01 16:21:48	42	60060	4053888	1	 WITH toDateTime(\'2026-07-14 15:43:00\', \'UTC\') AS t0 SELECT max(c) AS peak, toString(argMax(minute, c)) AS peak_minute, round(avg(c), 4) AS avg_c FROM (     SELECT minute, 0 + sum(d) OVER (ORDER BY minute) AS c     FROM (         SELECT minute, sum(delta) AS d         FROM sony.concurrency_delta_all
2026-08-01 16:21:48	40	60048	4073715	1	 WITH toDateTime(\'2026-07-14 15:43:00\', \'UTC\') AS t0, toDateTime(\'2026-07-26 11:00:00\', \'UTC\') AS t1 SELECT max(c) AS peak, toString(argMax(minute, c)) AS peak_minute, round(avg(c), 4) AS avg_c FROM (     SELECT minute, sum(d) OVER (ORDER BY minute) AS c     FROM (         SELECT minute, sum(delta) 
2026-08-01 16:21:48	45	60048	4073715	1	 WITH toDateTime(\'2026-07-14 15:43:00\', \'UTC\') AS t0, toDateTime(\'2026-07-26 11:00:00\', \'UTC\') AS t1 SELECT max(c) AS peak, toString(argMax(minute, c)) AS peak_minute, round(avg(c), 4) AS avg_c FROM (     SELECT minute, sum(d) OVER (ORDER BY minute) AS c     FROM (         SELECT minute, sum(delta) 
2026-08-01 16:21:48	40	60048	4073715	1	 WITH toDateTime(\'2026-07-14 15:43:00\', \'UTC\') AS t0, toDateTime(\'2026-07-26 11:00:00\', \'UTC\') AS t1 SELECT max(c) AS peak, toString(argMax(minute, c)) AS peak_minute, round(avg(c), 4) AS avg_c FROM (     SELECT minute, sum(d) OVER (ORDER BY minute) AS c     FROM (         SELECT minute, sum(delta) 
2026-08-01 16:21:48	21	20299	1908201	1	 WITH toDateTime(\'2026-07-14 15:43:00\', \'UTC\') AS t0,      (SELECT max(hour_boundary) FROM sony.concurrency_hourly_checkpoint        WHERE hour_boundary <= t0  AND platform = \'ANDROID_PHONE\') AS anchor SELECT     toString(ifNull(anchor, toDateTime(0, \'UTC\'))) AS anchor_ts,     ifNull((SELECT sum(con
2026-08-01 16:21:48	28	40596	3898176	1	SELECT ifNull(sum(delta), 0) FROM sony.concurrency_delta_all WHERE minute < toDateTime(\'2026-07-14 15:43:00\', \'UTC\')  AND platform = \'ANDROID_PHONE\' FORMAT TabSeparated 
2026-08-01 16:21:48	1	1	1	1	SELECT toString(toDateTime(\'2026-07-14 15:43:00\', \'UTC\') - INTERVAL 1 MINUTE) FORMAT TabSeparated 
2026-08-01 16:21:48	42	60048	4073715	1	 WITH toDateTime(\'2026-07-14 15:43:00\', \'UTC\') AS t0 SELECT max(c) AS peak, toString(argMax(minute, c)) AS peak_minute, round(avg(c), 4) AS avg_c FROM (     SELECT minute, 0 + sum(d) OVER (ORDER BY minute) AS c     FROM (         SELECT minute, sum(delta) AS d         FROM sony.concurrency_delta_all
2026-08-01 16:21:49	20	20299	1908201	1	 WITH toDateTime(\'2026-07-14 15:43:00\', \'UTC\') AS t0,      (SELECT max(hour_boundary) FROM sony.concurrency_hourly_checkpoint        WHERE hour_boundary <= t0  AND platform = \'ANDROID_PHONE\') AS anchor SELECT     toString(ifNull(anchor, toDateTime(0, \'UTC\'))) AS anchor_ts,     ifNull((SELECT sum(con
2026-08-01 16:21:49	34	40596	3898176	1	SELECT ifNull(sum(delta), 0) FROM sony.concurrency_delta_all WHERE minute < toDateTime(\'2026-07-14 15:43:00\', \'UTC\')  AND platform = \'ANDROID_PHONE\' FORMAT TabSeparated 
2026-08-01 16:21:49	1	1	1	1	SELECT toString(toDateTime(\'2026-07-14 15:43:00\', \'UTC\') - INTERVAL 1 MINUTE) FORMAT TabSeparated 
2026-08-01 16:21:49	80	60048	4073715	1	 WITH toDateTime(\'2026-07-14 15:43:00\', \'UTC\') AS t0 SELECT max(c) AS peak, toString(argMax(minute, c)) AS peak_minute, round(avg(c), 4) AS avg_c FROM (     SELECT minute, 0 + sum(d) OVER (ORDER BY minute) AS c     FROM (         SELECT minute, sum(delta) AS d         FROM sony.concurrency_delta_all
2026-08-01 16:21:49	21	20299	1908201	1	 WITH toDateTime(\'2026-07-14 15:43:00\', \'UTC\') AS t0,      (SELECT max(hour_boundary) FROM sony.concurrency_hourly_checkpoint        WHERE hour_boundary <= t0  AND platform = \'ANDROID_PHONE\') AS anchor SELECT     toString(ifNull(anchor, toDateTime(0, \'UTC\'))) AS anchor_ts,     ifNull((SELECT sum(con
2026-08-01 16:21:49	27	40596	3898176	1	SELECT ifNull(sum(delta), 0) FROM sony.concurrency_delta_all WHERE minute < toDateTime(\'2026-07-14 15:43:00\', \'UTC\')  AND platform = \'ANDROID_PHONE\' FORMAT TabSeparated 
2026-08-01 16:21:49	1	1	1	1	SELECT toString(toDateTime(\'2026-07-14 15:43:00\', \'UTC\') - INTERVAL 1 MINUTE) FORMAT TabSeparated 
2026-08-01 16:21:49	40	60048	4073715	1	 WITH toDateTime(\'2026-07-14 15:43:00\', \'UTC\') AS t0 SELECT max(c) AS peak, toString(argMax(minute, c)) AS peak_minute, round(avg(c), 4) AS avg_c FROM (     SELECT minute, 0 + sum(d) OVER (ORDER BY minute) AS c     FROM (         SELECT minute, sum(delta) AS d         FROM sony.concurrency_delta_all
2026-08-01 16:21:49	42	51868	4000117	1	 WITH toDateTime(\'2026-07-14 15:43:00\', \'UTC\') AS t0, toDateTime(\'2026-07-26 11:00:00\', \'UTC\') AS t1 SELECT max(c) AS peak, toString(argMax(minute, c)) AS peak_minute, round(avg(c), 4) AS avg_c FROM (     SELECT minute, sum(d) OVER (ORDER BY minute) AS c     FROM (         SELECT minute, sum(delta) 
2026-08-01 16:21:49	38	51868	4000117	1	 WITH toDateTime(\'2026-07-14 15:43:00\', \'UTC\') AS t0, toDateTime(\'2026-07-26 11:00:00\', \'UTC\') AS t1 SELECT max(c) AS peak, toString(argMax(minute, c)) AS peak_minute, round(avg(c), 4) AS avg_c FROM (     SELECT minute, sum(d) OVER (ORDER BY minute) AS c     FROM (         SELECT minute, sum(delta) 
2026-08-01 16:21:49	40	51868	4000117	1	 WITH toDateTime(\'2026-07-14 15:43:00\', \'UTC\') AS t0, toDateTime(\'2026-07-26 11:00:00\', \'UTC\') AS t1 SELECT max(c) AS peak, toString(argMax(minute, c)) AS peak_minute, round(avg(c), 4) AS avg_c FROM (     SELECT minute, sum(d) OVER (ORDER BY minute) AS c     FROM (         SELECT minute, sum(delta) 
2026-08-01 16:21:49	21	20299	1908201	1	 WITH toDateTime(\'2026-07-14 15:43:00\', \'UTC\') AS t0,      (SELECT max(hour_boundary) FROM sony.concurrency_hourly_checkpoint        WHERE hour_boundary <= t0  AND platform = \'IPHONE\') AS anchor SELECT     toString(ifNull(anchor, toDateTime(0, \'UTC\'))) AS anchor_ts,     ifNull((SELECT sum(concurrenc
2026-08-01 16:21:49	36	40596	3898176	1	SELECT ifNull(sum(delta), 0) FROM sony.concurrency_delta_all WHERE minute < toDateTime(\'2026-07-14 15:43:00\', \'UTC\')  AND platform = \'IPHONE\' FORMAT TabSeparated 
2026-08-01 16:21:49	1	1	1	1	SELECT toString(toDateTime(\'2026-07-14 15:43:00\', \'UTC\') - INTERVAL 1 MINUTE) FORMAT TabSeparated 
2026-08-01 16:21:49	45	51868	4000117	1	 WITH toDateTime(\'2026-07-14 15:43:00\', \'UTC\') AS t0 SELECT max(c) AS peak, toString(argMax(minute, c)) AS peak_minute, round(avg(c), 4) AS avg_c FROM (     SELECT minute, 0 + sum(d) OVER (ORDER BY minute) AS c     FROM (         SELECT minute, sum(delta) AS d         FROM sony.concurrency_delta_all
2026-08-01 16:21:49	22	20299	1908201	1	 WITH toDateTime(\'2026-07-14 15:43:00\', \'UTC\') AS t0,      (SELECT max(hour_boundary) FROM sony.concurrency_hourly_checkpoint        WHERE hour_boundary <= t0  AND platform = \'IPHONE\') AS anchor SELECT     toString(ifNull(anchor, toDateTime(0, \'UTC\'))) AS anchor_ts,     ifNull((SELECT sum(concurrenc
2026-08-01 16:21:49	29	40596	3898176	1	SELECT ifNull(sum(delta), 0) FROM sony.concurrency_delta_all WHERE minute < toDateTime(\'2026-07-14 15:43:00\', \'UTC\')  AND platform = \'IPHONE\' FORMAT TabSeparated 
2026-08-01 16:21:49	2	1	1	1	SELECT toString(toDateTime(\'2026-07-14 15:43:00\', \'UTC\') - INTERVAL 1 MINUTE) FORMAT TabSeparated 
2026-08-01 16:21:49	57	51868	4000117	1	 WITH toDateTime(\'2026-07-14 15:43:00\', \'UTC\') AS t0 SELECT max(c) AS peak, toString(argMax(minute, c)) AS peak_minute, round(avg(c), 4) AS avg_c FROM (     SELECT minute, 0 + sum(d) OVER (ORDER BY minute) AS c     FROM (         SELECT minute, sum(delta) AS d         FROM sony.concurrency_delta_all
2026-08-01 16:21:49	23	20299	1908201	1	 WITH toDateTime(\'2026-07-14 15:43:00\', \'UTC\') AS t0,      (SELECT max(hour_boundary) FROM sony.concurrency_hourly_checkpoint        WHERE hour_boundary <= t0  AND platform = \'IPHONE\') AS anchor SELECT     toString(ifNull(anchor, toDateTime(0, \'UTC\'))) AS anchor_ts,     ifNull((SELECT sum(concurrenc
2026-08-01 16:21:49	37	40596	3898176	1	SELECT ifNull(sum(delta), 0) FROM sony.concurrency_delta_all WHERE minute < toDateTime(\'2026-07-14 15:43:00\', \'UTC\')  AND platform = \'IPHONE\' FORMAT TabSeparated 
2026-08-01 16:21:49	1	1	1	1	SELECT toString(toDateTime(\'2026-07-14 15:43:00\', \'UTC\') - INTERVAL 1 MINUTE) FORMAT TabSeparated 
2026-08-01 16:21:49	70	51868	4000117	1	 WITH toDateTime(\'2026-07-14 15:43:00\', \'UTC\') AS t0 SELECT max(c) AS peak, toString(argMax(minute, c)) AS peak_minute, round(avg(c), 4) AS avg_c FROM (     SELECT minute, 0 + sum(d) OVER (ORDER BY minute) AS c     FROM (         SELECT minute, sum(delta) AS d         FROM sony.concurrency_delta_all
2026-08-01 16:21:49	39	49997	3982985	1	 WITH toDateTime(\'2026-07-14 15:43:00\', \'UTC\') AS t0, toDateTime(\'2026-07-26 11:00:00\', \'UTC\') AS t1 SELECT max(c) AS peak, toString(argMax(minute, c)) AS peak_minute, round(avg(c), 4) AS avg_c FROM (     SELECT minute, sum(d) OVER (ORDER BY minute) AS c     FROM (         SELECT minute, sum(delta) 
2026-08-01 16:21:49	35	49997	3982985	1	 WITH toDateTime(\'2026-07-14 15:43:00\', \'UTC\') AS t0, toDateTime(\'2026-07-26 11:00:00\', \'UTC\') AS t1 SELECT max(c) AS peak, toString(argMax(minute, c)) AS peak_minute, round(avg(c), 4) AS avg_c FROM (     SELECT minute, sum(d) OVER (ORDER BY minute) AS c     FROM (         SELECT minute, sum(delta) 
2026-08-01 16:21:49	37	49997	3982985	1	 WITH toDateTime(\'2026-07-14 15:43:00\', \'UTC\') AS t0, toDateTime(\'2026-07-26 11:00:00\', \'UTC\') AS t1 SELECT max(c) AS peak, toString(argMax(minute, c)) AS peak_minute, round(avg(c), 4) AS avg_c FROM (     SELECT minute, sum(d) OVER (ORDER BY minute) AS c     FROM (         SELECT minute, sum(delta) 
2026-08-01 16:21:49	20	20299	1908201	1	 WITH toDateTime(\'2026-07-14 15:43:00\', \'UTC\') AS t0,      (SELECT max(hour_boundary) FROM sony.concurrency_hourly_checkpoint        WHERE hour_boundary <= t0  AND platform = \'SONY_ANDROID_TV\') AS anchor SELECT     toString(ifNull(anchor, toDateTime(0, \'UTC\'))) AS anchor_ts,     ifNull((SELECT sum(c
2026-08-01 16:21:49	34	40596	3898176	1	SELECT ifNull(sum(delta), 0) FROM sony.concurrency_delta_all WHERE minute < toDateTime(\'2026-07-14 15:43:00\', \'UTC\')  AND platform = \'SONY_ANDROID_TV\' FORMAT TabSeparated 
2026-08-01 16:21:49	2	1	1	1	SELECT toString(toDateTime(\'2026-07-14 15:43:00\', \'UTC\') - INTERVAL 1 MINUTE) FORMAT TabSeparated 
2026-08-01 16:21:50	61	49997	3982985	1	 WITH toDateTime(\'2026-07-14 15:43:00\', \'UTC\') AS t0 SELECT max(c) AS peak, toString(argMax(minute, c)) AS peak_minute, round(avg(c), 4) AS avg_c FROM (     SELECT minute, 0 + sum(d) OVER (ORDER BY minute) AS c     FROM (         SELECT minute, sum(delta) AS d         FROM sony.concurrency_delta_all
2026-08-01 16:21:50	25	20299	1908201	1	 WITH toDateTime(\'2026-07-14 15:43:00\', \'UTC\') AS t0,      (SELECT max(hour_boundary) FROM sony.concurrency_hourly_checkpoint        WHERE hour_boundary <= t0  AND platform = \'SONY_ANDROID_TV\') AS anchor SELECT     toString(ifNull(anchor, toDateTime(0, \'UTC\'))) AS anchor_ts,     ifNull((SELECT sum(c
2026-08-01 16:21:50	39	40596	3898176	1	SELECT ifNull(sum(delta), 0) FROM sony.concurrency_delta_all WHERE minute < toDateTime(\'2026-07-14 15:43:00\', \'UTC\')  AND platform = \'SONY_ANDROID_TV\' FORMAT TabSeparated 
2026-08-01 16:21:50	1	1	1	1	SELECT toString(toDateTime(\'2026-07-14 15:43:00\', \'UTC\') - INTERVAL 1 MINUTE) FORMAT TabSeparated 
2026-08-01 16:21:50	48	49997	3982985	1	 WITH toDateTime(\'2026-07-14 15:43:00\', \'UTC\') AS t0 SELECT max(c) AS peak, toString(argMax(minute, c)) AS peak_minute, round(avg(c), 4) AS avg_c FROM (     SELECT minute, 0 + sum(d) OVER (ORDER BY minute) AS c     FROM (         SELECT minute, sum(delta) AS d         FROM sony.concurrency_delta_all
2026-08-01 16:21:50	24	20299	1908201	1	 WITH toDateTime(\'2026-07-14 15:43:00\', \'UTC\') AS t0,      (SELECT max(hour_boundary) FROM sony.concurrency_hourly_checkpoint        WHERE hour_boundary <= t0  AND platform = \'SONY_ANDROID_TV\') AS anchor SELECT     toString(ifNull(anchor, toDateTime(0, \'UTC\'))) AS anchor_ts,     ifNull((SELECT sum(c
2026-08-01 16:21:50	39	40596	3898176	1	SELECT ifNull(sum(delta), 0) FROM sony.concurrency_delta_all WHERE minute < toDateTime(\'2026-07-14 15:43:00\', \'UTC\')  AND platform = \'SONY_ANDROID_TV\' FORMAT TabSeparated 
2026-08-01 16:21:50	1	1	1	1	SELECT toString(toDateTime(\'2026-07-14 15:43:00\', \'UTC\') - INTERVAL 1 MINUTE) FORMAT TabSeparated 
2026-08-01 16:21:50	64	49997	3982985	1	 WITH toDateTime(\'2026-07-14 15:43:00\', \'UTC\') AS t0 SELECT max(c) AS peak, toString(argMax(minute, c)) AS peak_minute, round(avg(c), 4) AS avg_c FROM (     SELECT minute, 0 + sum(d) OVER (ORDER BY minute) AS c     FROM (         SELECT minute, sum(delta) AS d         FROM sony.concurrency_delta_all
2026-08-01 16:21:50	51	60048	4058498	1	 WITH toDateTime(\'2026-07-14 15:43:00\', \'UTC\') AS t0, toDateTime(\'2026-07-26 11:00:00\', \'UTC\') AS t1 SELECT max(c) AS peak, toString(argMax(minute, c)) AS peak_minute, round(avg(c), 4) AS avg_c FROM (     SELECT minute, sum(d) OVER (ORDER BY minute) AS c     FROM (         SELECT minute, sum(delta) 
2026-08-01 16:21:50	46	58189	4056544	1	 WITH toDateTime(\'2026-07-14 15:43:00\', \'UTC\') AS t0, toDateTime(\'2026-07-26 11:00:00\', \'UTC\') AS t1 SELECT max(c) AS peak, toString(argMax(minute, c)) AS peak_minute, round(avg(c), 4) AS avg_c FROM (     SELECT minute, sum(d) OVER (ORDER BY minute) AS c     FROM (         SELECT minute, sum(delta) 
2026-08-01 16:21:50	35	58189	4056544	1	 WITH toDateTime(\'2026-07-14 15:43:00\', \'UTC\') AS t0, toDateTime(\'2026-07-26 11:00:00\', \'UTC\') AS t1 SELECT max(c) AS peak, toString(argMax(minute, c)) AS peak_minute, round(avg(c), 4) AS avg_c FROM (     SELECT minute, sum(d) OVER (ORDER BY minute) AS c     FROM (         SELECT minute, sum(delta) 
2026-08-01 16:21:50	23	20299	1907853	1	 WITH toDateTime(\'2026-07-14 15:43:00\', \'UTC\') AS t0,      (SELECT max(hour_boundary) FROM sony.concurrency_hourly_checkpoint        WHERE hour_boundary <= t0  AND video_type = \'live\') AS anchor SELECT     toString(ifNull(anchor, toDateTime(0, \'UTC\'))) AS anchor_ts,     ifNull((SELECT sum(concurrenc
2026-08-01 16:21:50	111	40596	3898176	1	SELECT ifNull(sum(delta), 0) FROM sony.concurrency_delta_all WHERE minute < toDateTime(\'2026-07-14 15:43:00\', \'UTC\')  AND video_type = \'live\' FORMAT TabSeparated 
2026-08-01 16:21:50	3	1	1	1	SELECT toString(toDateTime(\'2026-07-14 15:43:00\', \'UTC\') - INTERVAL 1 MINUTE) FORMAT TabSeparated 
2026-08-01 16:21:50	185	60048	4058498	1	 WITH toDateTime(\'2026-07-14 15:43:00\', \'UTC\') AS t0 SELECT max(c) AS peak, toString(argMax(minute, c)) AS peak_minute, round(avg(c), 4) AS avg_c FROM (     SELECT minute, 0 + sum(d) OVER (ORDER BY minute) AS c     FROM (         SELECT minute, sum(delta) AS d         FROM sony.concurrency_delta_all
2026-08-01 16:21:50	58	20299	1907853	1	 WITH toDateTime(\'2026-07-14 15:43:00\', \'UTC\') AS t0,      (SELECT max(hour_boundary) FROM sony.concurrency_hourly_checkpoint        WHERE hour_boundary <= t0  AND video_type = \'live\') AS anchor SELECT     toString(ifNull(anchor, toDateTime(0, \'UTC\'))) AS anchor_ts,     ifNull((SELECT sum(concurrenc
2026-08-01 16:21:50	72	40596	3898176	1	SELECT ifNull(sum(delta), 0) FROM sony.concurrency_delta_all WHERE minute < toDateTime(\'2026-07-14 15:43:00\', \'UTC\')  AND video_type = \'live\' FORMAT TabSeparated 
2026-08-01 16:21:50	11	1	1	1	SELECT toString(toDateTime(\'2026-07-14 15:43:00\', \'UTC\') - INTERVAL 1 MINUTE) FORMAT TabSeparated 
2026-08-01 16:21:51	88	58189	4056544	1	 WITH toDateTime(\'2026-07-14 15:43:00\', \'UTC\') AS t0 SELECT max(c) AS peak, toString(argMax(minute, c)) AS peak_minute, round(avg(c), 4) AS avg_c FROM (     SELECT minute, 0 + sum(d) OVER (ORDER BY minute) AS c     FROM (         SELECT minute, sum(delta) AS d         FROM sony.concurrency_delta_all
2026-08-01 16:21:51	26	20299	1907853	1	 WITH toDateTime(\'2026-07-14 15:43:00\', \'UTC\') AS t0,      (SELECT max(hour_boundary) FROM sony.concurrency_hourly_checkpoint        WHERE hour_boundary <= t0  AND video_type = \'live\') AS anchor SELECT     toString(ifNull(anchor, toDateTime(0, \'UTC\'))) AS anchor_ts,     ifNull((SELECT sum(concurrenc
2026-08-01 16:21:51	40	40596	3898176	1	SELECT ifNull(sum(delta), 0) FROM sony.concurrency_delta_all WHERE minute < toDateTime(\'2026-07-14 15:43:00\', \'UTC\')  AND video_type = \'live\' FORMAT TabSeparated 
2026-08-01 16:21:51	1	1	1	1	SELECT toString(toDateTime(\'2026-07-14 15:43:00\', \'UTC\') - INTERVAL 1 MINUTE) FORMAT TabSeparated 
2026-08-01 16:21:51	37	58189	4056544	1	 WITH toDateTime(\'2026-07-14 15:43:00\', \'UTC\') AS t0 SELECT max(c) AS peak, toString(argMax(minute, c)) AS peak_minute, round(avg(c), 4) AS avg_c FROM (     SELECT minute, 0 + sum(d) OVER (ORDER BY minute) AS c     FROM (         SELECT minute, sum(delta) AS d         FROM sony.concurrency_delta_all
2026-08-01 16:21:51	41	60060	4073499	1	 WITH toDateTime(\'2026-07-14 15:43:00\', \'UTC\') AS t0, toDateTime(\'2026-07-26 11:00:00\', \'UTC\') AS t1 SELECT max(c) AS peak, toString(argMax(minute, c)) AS peak_minute, round(avg(c), 4) AS avg_c FROM (     SELECT minute, sum(d) OVER (ORDER BY minute) AS c     FROM (         SELECT minute, sum(delta) 
2026-08-01 16:21:51	37	60060	4073499	1	 WITH toDateTime(\'2026-07-14 15:43:00\', \'UTC\') AS t0, toDateTime(\'2026-07-26 11:00:00\', \'UTC\') AS t1 SELECT max(c) AS peak, toString(argMax(minute, c)) AS peak_minute, round(avg(c), 4) AS avg_c FROM (     SELECT minute, sum(d) OVER (ORDER BY minute) AS c     FROM (         SELECT minute, sum(delta) 
2026-08-01 16:21:51	47	60060	4073499	1	 WITH toDateTime(\'2026-07-14 15:43:00\', \'UTC\') AS t0, toDateTime(\'2026-07-26 11:00:00\', \'UTC\') AS t1 SELECT max(c) AS peak, toString(argMax(minute, c)) AS peak_minute, round(avg(c), 4) AS avg_c FROM (     SELECT minute, sum(d) OVER (ORDER BY minute) AS c     FROM (         SELECT minute, sum(delta) 
2026-08-01 16:21:51	19	20299	1907855	1	 WITH toDateTime(\'2026-07-14 15:43:00\', \'UTC\') AS t0,      (SELECT max(hour_boundary) FROM sony.concurrency_hourly_checkpoint        WHERE hour_boundary <= t0  AND country = \'india\') AS anchor SELECT     toString(ifNull(anchor, toDateTime(0, \'UTC\'))) AS anchor_ts,     ifNull((SELECT sum(concurrency)
2026-08-01 16:21:51	32	40596	3898176	1	SELECT ifNull(sum(delta), 0) FROM sony.concurrency_delta_all WHERE minute < toDateTime(\'2026-07-14 15:43:00\', \'UTC\')  AND country = \'india\' FORMAT TabSeparated 
2026-08-01 16:21:51	1	1	1	1	SELECT toString(toDateTime(\'2026-07-14 15:43:00\', \'UTC\') - INTERVAL 1 MINUTE) FORMAT TabSeparated 
2026-08-01 16:21:51	45	60060	4073499	1	 WITH toDateTime(\'2026-07-14 15:43:00\', \'UTC\') AS t0 SELECT max(c) AS peak, toString(argMax(minute, c)) AS peak_minute, round(avg(c), 4) AS avg_c FROM (     SELECT minute, 0 + sum(d) OVER (ORDER BY minute) AS c     FROM (         SELECT minute, sum(delta) AS d         FROM sony.concurrency_delta_all
2026-08-01 16:21:51	35	20299	1907855	1	 WITH toDateTime(\'2026-07-14 15:43:00\', \'UTC\') AS t0,      (SELECT max(hour_boundary) FROM sony.concurrency_hourly_checkpoint        WHERE hour_boundary <= t0  AND country = \'india\') AS anchor SELECT     toString(ifNull(anchor, toDateTime(0, \'UTC\'))) AS anchor_ts,     ifNull((SELECT sum(concurrency)
2026-08-01 16:21:51	103	40596	3898176	1	SELECT ifNull(sum(delta), 0) FROM sony.concurrency_delta_all WHERE minute < toDateTime(\'2026-07-14 15:43:00\', \'UTC\')  AND country = \'india\' FORMAT TabSeparated 
2026-08-01 16:21:51	2	1	1	1	SELECT toString(toDateTime(\'2026-07-14 15:43:00\', \'UTC\') - INTERVAL 1 MINUTE) FORMAT TabSeparated 
2026-08-01 16:21:51	88	60060	4073499	1	 WITH toDateTime(\'2026-07-14 15:43:00\', \'UTC\') AS t0 SELECT max(c) AS peak, toString(argMax(minute, c)) AS peak_minute, round(avg(c), 4) AS avg_c FROM (     SELECT minute, 0 + sum(d) OVER (ORDER BY minute) AS c     FROM (         SELECT minute, sum(delta) AS d         FROM sony.concurrency_delta_all
2026-08-01 16:21:51	21	20299	1907855	1	 WITH toDateTime(\'2026-07-14 15:43:00\', \'UTC\') AS t0,      (SELECT max(hour_boundary) FROM sony.concurrency_hourly_checkpoint        WHERE hour_boundary <= t0  AND country = \'india\') AS anchor SELECT     toString(ifNull(anchor, toDateTime(0, \'UTC\'))) AS anchor_ts,     ifNull((SELECT sum(concurrency)
2026-08-01 16:21:51	31	40596	3898176	1	SELECT ifNull(sum(delta), 0) FROM sony.concurrency_delta_all WHERE minute < toDateTime(\'2026-07-14 15:43:00\', \'UTC\')  AND country = \'india\' FORMAT TabSeparated 
2026-08-01 16:21:51	1	1	1	1	SELECT toString(toDateTime(\'2026-07-14 15:43:00\', \'UTC\') - INTERVAL 1 MINUTE) FORMAT TabSeparated 
2026-08-01 16:21:51	46	60060	4073499	1	 WITH toDateTime(\'2026-07-14 15:43:00\', \'UTC\') AS t0 SELECT max(c) AS peak, toString(argMax(minute, c)) AS peak_minute, round(avg(c), 4) AS avg_c FROM (     SELECT minute, 0 + sum(d) OVER (ORDER BY minute) AS c     FROM (         SELECT minute, sum(delta) AS d         FROM sony.concurrency_delta_all
2026-08-01 16:21:51	41	60048	4093293	1	 WITH toDateTime(\'2026-07-14 15:43:00\', \'UTC\') AS t0, toDateTime(\'2026-07-26 11:00:00\', \'UTC\') AS t1 SELECT max(c) AS peak, toString(argMax(minute, c)) AS peak_minute, round(avg(c), 4) AS avg_c FROM (     SELECT minute, sum(d) OVER (ORDER BY minute) AS c     FROM (         SELECT minute, sum(delta) 
2026-08-01 16:21:51	40	60048	4093293	1	 WITH toDateTime(\'2026-07-14 15:43:00\', \'UTC\') AS t0, toDateTime(\'2026-07-26 11:00:00\', \'UTC\') AS t1 SELECT max(c) AS peak, toString(argMax(minute, c)) AS peak_minute, round(avg(c), 4) AS avg_c FROM (     SELECT minute, sum(d) OVER (ORDER BY minute) AS c     FROM (         SELECT minute, sum(delta) 
2026-08-01 16:21:51	49	60048	4093293	1	 WITH toDateTime(\'2026-07-14 15:43:00\', \'UTC\') AS t0, toDateTime(\'2026-07-26 11:00:00\', \'UTC\') AS t1 SELECT max(c) AS peak, toString(argMax(minute, c)) AS peak_minute, round(avg(c), 4) AS avg_c FROM (     SELECT minute, sum(d) OVER (ORDER BY minute) AS c     FROM (         SELECT minute, sum(delta) 
2026-08-01 16:21:52	22	20299	1928646	1	 WITH toDateTime(\'2026-07-14 15:43:00\', \'UTC\') AS t0,      (SELECT max(hour_boundary) FROM sony.concurrency_hourly_checkpoint        WHERE hour_boundary <= t0  AND platform = \'ANDROID_PHONE\' AND country = \'india\') AS anchor SELECT     toString(ifNull(anchor, toDateTime(0, \'UTC\'))) AS anchor_ts,     
2026-08-01 16:21:52	31	40596	3898176	1	SELECT ifNull(sum(delta), 0) FROM sony.concurrency_delta_all WHERE minute < toDateTime(\'2026-07-14 15:43:00\', \'UTC\')  AND platform = \'ANDROID_PHONE\' AND country = \'india\' FORMAT TabSeparated 
2026-08-01 16:21:52	1	1	1	1	SELECT toString(toDateTime(\'2026-07-14 15:43:00\', \'UTC\') - INTERVAL 1 MINUTE) FORMAT TabSeparated 
2026-08-01 16:21:52	44	60048	4093293	1	 WITH toDateTime(\'2026-07-14 15:43:00\', \'UTC\') AS t0 SELECT max(c) AS peak, toString(argMax(minute, c)) AS peak_minute, round(avg(c), 4) AS avg_c FROM (     SELECT minute, 0 + sum(d) OVER (ORDER BY minute) AS c     FROM (         SELECT minute, sum(delta) AS d         FROM sony.concurrency_delta_all
2026-08-01 16:21:52	21	20299	1928646	1	 WITH toDateTime(\'2026-07-14 15:43:00\', \'UTC\') AS t0,      (SELECT max(hour_boundary) FROM sony.concurrency_hourly_checkpoint        WHERE hour_boundary <= t0  AND platform = \'ANDROID_PHONE\' AND country = \'india\') AS anchor SELECT     toString(ifNull(anchor, toDateTime(0, \'UTC\'))) AS anchor_ts,     
2026-08-01 16:21:52	34	40596	3898176	1	SELECT ifNull(sum(delta), 0) FROM sony.concurrency_delta_all WHERE minute < toDateTime(\'2026-07-14 15:43:00\', \'UTC\')  AND platform = \'ANDROID_PHONE\' AND country = \'india\' FORMAT TabSeparated 
2026-08-01 16:21:52	1	1	1	1	SELECT toString(toDateTime(\'2026-07-14 15:43:00\', \'UTC\') - INTERVAL 1 MINUTE) FORMAT TabSeparated 
2026-08-01 16:21:52	44	60048	4093293	1	 WITH toDateTime(\'2026-07-14 15:43:00\', \'UTC\') AS t0 SELECT max(c) AS peak, toString(argMax(minute, c)) AS peak_minute, round(avg(c), 4) AS avg_c FROM (     SELECT minute, 0 + sum(d) OVER (ORDER BY minute) AS c     FROM (         SELECT minute, sum(delta) AS d         FROM sony.concurrency_delta_all
2026-08-01 16:21:52	20	20299	1928646	1	 WITH toDateTime(\'2026-07-14 15:43:00\', \'UTC\') AS t0,      (SELECT max(hour_boundary) FROM sony.concurrency_hourly_checkpoint        WHERE hour_boundary <= t0  AND platform = \'ANDROID_PHONE\' AND country = \'india\') AS anchor SELECT     toString(ifNull(anchor, toDateTime(0, \'UTC\'))) AS anchor_ts,     
2026-08-01 16:21:52	35	40596	3898176	1	SELECT ifNull(sum(delta), 0) FROM sony.concurrency_delta_all WHERE minute < toDateTime(\'2026-07-14 15:43:00\', \'UTC\')  AND platform = \'ANDROID_PHONE\' AND country = \'india\' FORMAT TabSeparated 
2026-08-01 16:21:52	1	1	1	1	SELECT toString(toDateTime(\'2026-07-14 15:43:00\', \'UTC\') - INTERVAL 1 MINUTE) FORMAT TabSeparated 
2026-08-01 16:21:52	46	60048	4093293	1	 WITH toDateTime(\'2026-07-14 15:43:00\', \'UTC\') AS t0 SELECT max(c) AS peak, toString(argMax(minute, c)) AS peak_minute, round(avg(c), 4) AS avg_c FROM (     SELECT minute, 0 + sum(d) OVER (ORDER BY minute) AS c     FROM (         SELECT minute, sum(delta) AS d         FROM sony.concurrency_delta_all
2026-08-01 16:21:52	39	60060	4053888	1	 WITH toDateTime(\'2026-07-26 00:00:00\', \'UTC\') AS t0, toDateTime(\'2026-07-26 23:59:00\', \'UTC\') AS t1 SELECT max(c) AS peak, toString(argMax(minute, c)) AS peak_minute, round(avg(c), 4) AS avg_c FROM (     SELECT minute, sum(d) OVER (ORDER BY minute) AS c     FROM (         SELECT minute, sum(delta) 
2026-08-01 16:21:52	45	60060	4053888	1	 WITH toDateTime(\'2026-07-26 00:00:00\', \'UTC\') AS t0, toDateTime(\'2026-07-26 23:59:00\', \'UTC\') AS t1 SELECT max(c) AS peak, toString(argMax(minute, c)) AS peak_minute, round(avg(c), 4) AS avg_c FROM (     SELECT minute, sum(d) OVER (ORDER BY minute) AS c     FROM (         SELECT minute, sum(delta) 
2026-08-01 16:21:52	62	60060	4053888	1	 WITH toDateTime(\'2026-07-26 00:00:00\', \'UTC\') AS t0, toDateTime(\'2026-07-26 23:59:00\', \'UTC\') AS t1 SELECT max(c) AS peak, toString(argMax(minute, c)) AS peak_minute, round(avg(c), 4) AS avg_c FROM (     SELECT minute, sum(d) OVER (ORDER BY minute) AS c     FROM (         SELECT minute, sum(delta) 
2026-08-01 16:21:52	22	21547	1894898	1	 WITH toDateTime(\'2026-07-26 00:00:00\', \'UTC\') AS t0,      (SELECT max(hour_boundary) FROM sony.concurrency_hourly_checkpoint        WHERE hour_boundary <= t0 ) AS anchor SELECT     toString(ifNull(anchor, toDateTime(0, \'UTC\'))) AS anchor_ts,     ifNull((SELECT sum(concurrency) FROM sony.concurrency
2026-08-01 16:21:52	62	59240	4047328	1	 WITH toDateTime(\'2026-07-26 00:00:00\', \'UTC\') AS t0 SELECT max(c) AS peak, toString(argMax(minute, c)) AS peak_minute, round(avg(c), 4) AS avg_c FROM (     SELECT minute, 1 + sum(d) OVER (ORDER BY minute) AS c     FROM (         SELECT minute, sum(delta) AS d         FROM sony.concurrency_delta_all
2026-08-01 16:21:52	33	21547	1894898	1	 WITH toDateTime(\'2026-07-26 00:00:00\', \'UTC\') AS t0,      (SELECT max(hour_boundary) FROM sony.concurrency_hourly_checkpoint        WHERE hour_boundary <= t0 ) AS anchor SELECT     toString(ifNull(anchor, toDateTime(0, \'UTC\'))) AS anchor_ts,     ifNull((SELECT sum(concurrency) FROM sony.concurrency
2026-08-01 16:21:52	56	59240	4047328	1	 WITH toDateTime(\'2026-07-26 00:00:00\', \'UTC\') AS t0 SELECT max(c) AS peak, toString(argMax(minute, c)) AS peak_minute, round(avg(c), 4) AS avg_c FROM (     SELECT minute, 1 + sum(d) OVER (ORDER BY minute) AS c     FROM (         SELECT minute, sum(delta) AS d         FROM sony.concurrency_delta_all
2026-08-01 16:21:52	29	21547	1894898	1	 WITH toDateTime(\'2026-07-26 00:00:00\', \'UTC\') AS t0,      (SELECT max(hour_boundary) FROM sony.concurrency_hourly_checkpoint        WHERE hour_boundary <= t0 ) AS anchor SELECT     toString(ifNull(anchor, toDateTime(0, \'UTC\'))) AS anchor_ts,     ifNull((SELECT sum(concurrency) FROM sony.concurrency
2026-08-01 16:21:52	48	59240	4047328	1	 WITH toDateTime(\'2026-07-26 00:00:00\', \'UTC\') AS t0 SELECT max(c) AS peak, toString(argMax(minute, c)) AS peak_minute, round(avg(c), 4) AS avg_c FROM (     SELECT minute, 1 + sum(d) OVER (ORDER BY minute) AS c     FROM (         SELECT minute, sum(delta) AS d         FROM sony.concurrency_delta_all
2026-08-01 16:21:52	54	60048	4073715	1	 WITH toDateTime(\'2026-07-26 00:00:00\', \'UTC\') AS t0, toDateTime(\'2026-07-26 23:59:00\', \'UTC\') AS t1 SELECT max(c) AS peak, toString(argMax(minute, c)) AS peak_minute, round(avg(c), 4) AS avg_c FROM (     SELECT minute, sum(d) OVER (ORDER BY minute) AS c     FROM (         SELECT minute, sum(delta) 
2026-08-01 16:21:52	49	60048	4073715	1	 WITH toDateTime(\'2026-07-26 00:00:00\', \'UTC\') AS t0, toDateTime(\'2026-07-26 23:59:00\', \'UTC\') AS t1 SELECT max(c) AS peak, toString(argMax(minute, c)) AS peak_minute, round(avg(c), 4) AS avg_c FROM (     SELECT minute, sum(d) OVER (ORDER BY minute) AS c     FROM (         SELECT minute, sum(delta) 
2026-08-01 16:21:52	44	60048	4073715	1	 WITH toDateTime(\'2026-07-26 00:00:00\', \'UTC\') AS t0, toDateTime(\'2026-07-26 23:59:00\', \'UTC\') AS t1 SELECT max(c) AS peak, toString(argMax(minute, c)) AS peak_minute, round(avg(c), 4) AS avg_c FROM (     SELECT minute, sum(d) OVER (ORDER BY minute) AS c     FROM (         SELECT minute, sum(delta) 
2026-08-01 16:21:52	20	21547	1917337	1	 WITH toDateTime(\'2026-07-26 00:00:00\', \'UTC\') AS t0,      (SELECT max(hour_boundary) FROM sony.concurrency_hourly_checkpoint        WHERE hour_boundary <= t0  AND platform = \'ANDROID_PHONE\') AS anchor SELECT     toString(ifNull(anchor, toDateTime(0, \'UTC\'))) AS anchor_ts,     ifNull((SELECT sum(con
2026-08-01 16:21:53	67	59240	4066252	1	 WITH toDateTime(\'2026-07-26 00:00:00\', \'UTC\') AS t0 SELECT max(c) AS peak, toString(argMax(minute, c)) AS peak_minute, round(avg(c), 4) AS avg_c FROM (     SELECT minute, 1 + sum(d) OVER (ORDER BY minute) AS c     FROM (         SELECT minute, sum(delta) AS d         FROM sony.concurrency_delta_all
2026-08-01 16:21:53	21	21547	1917337	1	 WITH toDateTime(\'2026-07-26 00:00:00\', \'UTC\') AS t0,      (SELECT max(hour_boundary) FROM sony.concurrency_hourly_checkpoint        WHERE hour_boundary <= t0  AND platform = \'ANDROID_PHONE\') AS anchor SELECT     toString(ifNull(anchor, toDateTime(0, \'UTC\'))) AS anchor_ts,     ifNull((SELECT sum(con
2026-08-01 16:21:53	35	59240	4066252	1	 WITH toDateTime(\'2026-07-26 00:00:00\', \'UTC\') AS t0 SELECT max(c) AS peak, toString(argMax(minute, c)) AS peak_minute, round(avg(c), 4) AS avg_c FROM (     SELECT minute, 1 + sum(d) OVER (ORDER BY minute) AS c     FROM (         SELECT minute, sum(delta) AS d         FROM sony.concurrency_delta_all
2026-08-01 16:21:53	23	21547	1917337	1	 WITH toDateTime(\'2026-07-26 00:00:00\', \'UTC\') AS t0,      (SELECT max(hour_boundary) FROM sony.concurrency_hourly_checkpoint        WHERE hour_boundary <= t0  AND platform = \'ANDROID_PHONE\') AS anchor SELECT     toString(ifNull(anchor, toDateTime(0, \'UTC\'))) AS anchor_ts,     ifNull((SELECT sum(con
2026-08-01 16:21:53	38	59240	4066252	1	 WITH toDateTime(\'2026-07-26 00:00:00\', \'UTC\') AS t0 SELECT max(c) AS peak, toString(argMax(minute, c)) AS peak_minute, round(avg(c), 4) AS avg_c FROM (     SELECT minute, 1 + sum(d) OVER (ORDER BY minute) AS c     FROM (         SELECT minute, sum(delta) AS d         FROM sony.concurrency_delta_all
2026-08-01 16:21:53	43	60060	4053888	1	 WITH toDateTime(\'2026-07-26 10:00:00\', \'UTC\') AS t0, toDateTime(\'2026-07-26 11:00:00\', \'UTC\') AS t1 SELECT max(c) AS peak, toString(argMax(minute, c)) AS peak_minute, round(avg(c), 4) AS avg_c FROM (     SELECT minute, sum(d) OVER (ORDER BY minute) AS c     FROM (         SELECT minute, sum(delta) 
2026-08-01 16:21:53	38	60060	4053888	1	 WITH toDateTime(\'2026-07-26 10:00:00\', \'UTC\') AS t0, toDateTime(\'2026-07-26 11:00:00\', \'UTC\') AS t1 SELECT max(c) AS peak, toString(argMax(minute, c)) AS peak_minute, round(avg(c), 4) AS avg_c FROM (     SELECT minute, sum(d) OVER (ORDER BY minute) AS c     FROM (         SELECT minute, sum(delta) 
2026-08-01 16:21:53	37	60060	4053888	1	 WITH toDateTime(\'2026-07-26 10:00:00\', \'UTC\') AS t0, toDateTime(\'2026-07-26 11:00:00\', \'UTC\') AS t1 SELECT max(c) AS peak, toString(argMax(minute, c)) AS peak_minute, round(avg(c), 4) AS avg_c FROM (     SELECT minute, sum(d) OVER (ORDER BY minute) AS c     FROM (         SELECT minute, sum(delta) 
2026-08-01 16:21:53	19	21547	1894898	1	 WITH toDateTime(\'2026-07-26 10:00:00\', \'UTC\') AS t0,      (SELECT max(hour_boundary) FROM sony.concurrency_hourly_checkpoint        WHERE hour_boundary <= t0 ) AS anchor SELECT     toString(ifNull(anchor, toDateTime(0, \'UTC\'))) AS anchor_ts,     ifNull((SELECT sum(concurrency) FROM sony.concurrency
2026-08-01 16:21:53	34	58189	4038920	1	 WITH toDateTime(\'2026-07-26 10:00:00\', \'UTC\') AS t0 SELECT max(c) AS peak, toString(argMax(minute, c)) AS peak_minute, round(avg(c), 4) AS avg_c FROM (     SELECT minute, 58 + sum(d) OVER (ORDER BY minute) AS c     FROM (         SELECT minute, sum(delta) AS d         FROM sony.concurrency_delta_al
2026-08-01 16:21:53	20	21547	1894898	1	 WITH toDateTime(\'2026-07-26 10:00:00\', \'UTC\') AS t0,      (SELECT max(hour_boundary) FROM sony.concurrency_hourly_checkpoint        WHERE hour_boundary <= t0 ) AS anchor SELECT     toString(ifNull(anchor, toDateTime(0, \'UTC\'))) AS anchor_ts,     ifNull((SELECT sum(concurrency) FROM sony.concurrency
2026-08-01 16:21:53	32	58189	4038920	1	 WITH toDateTime(\'2026-07-26 10:00:00\', \'UTC\') AS t0 SELECT max(c) AS peak, toString(argMax(minute, c)) AS peak_minute, round(avg(c), 4) AS avg_c FROM (     SELECT minute, 58 + sum(d) OVER (ORDER BY minute) AS c     FROM (         SELECT minute, sum(delta) AS d         FROM sony.concurrency_delta_al
2026-08-01 16:21:53	18	21547	1894898	1	 WITH toDateTime(\'2026-07-26 10:00:00\', \'UTC\') AS t0,      (SELECT max(hour_boundary) FROM sony.concurrency_hourly_checkpoint        WHERE hour_boundary <= t0 ) AS anchor SELECT     toString(ifNull(anchor, toDateTime(0, \'UTC\'))) AS anchor_ts,     ifNull((SELECT sum(concurrency) FROM sony.concurrency
2026-08-01 16:21:53	38	58189	4038920	1	 WITH toDateTime(\'2026-07-26 10:00:00\', \'UTC\') AS t0 SELECT max(c) AS peak, toString(argMax(minute, c)) AS peak_minute, round(avg(c), 4) AS avg_c FROM (     SELECT minute, 58 + sum(d) OVER (ORDER BY minute) AS c     FROM (         SELECT minute, sum(delta) AS d         FROM sony.concurrency_delta_al
2026-08-01 16:21:57	14	20298	1887405	20298	SELECT video_session_id, active_start_ms, active_end_ms FROM sony.session_active_intervals FINAL FORMAT TabSeparated 
2026-08-01 16:21:57	8	0	0	0	SYSTEM FLUSH LOGS 
2026-08-01 16:21:57	1	1	1	1	SELECT version() FORMAT TabSeparated 
2026-08-01 16:22:59	2	1	1	1	SELECT version() FORMAT TabSeparated 
2026-08-01 16:22:59	1	1	1	1	SELECT version() FORMAT TabSeparated 
2026-08-01 16:22:59	0	0	0	0	CREATE DATABASE IF NOT EXISTS sony 
2026-08-01 16:22:59	0	0	0	0	CREATE DATABASE IF NOT EXISTS sony 
2026-08-01 16:22:59	3	0	0	0	CREATE TABLE IF NOT EXISTS sony.raw_events (                              content_id           Int64,     video_session_id     String              CODEC(ZSTD(3)),     user_id              String              CODEC(ZSTD(3)),     event_type           LowCardinality(String),     event                Lo
2026-08-01 16:22:59	0	0	0	0	CREATE TABLE IF NOT EXISTS sony.content_dim (     content_id Int64,     title      String,     video_type LowCardinality(String),     category   LowCardinality(String) ) ENGINE = ReplacingMergeTree ORDER BY content_id 
2026-08-01 16:22:59	0	0	0	0	CREATE DICTIONARY IF NOT EXISTS sony.content_dict (`content_id` Int64, `title` String, `video_type` String, `category` String) PRIMARY KEY content_id SOURCE(CLICKHOUSE(TABLE \'content_dim\' DB \'sony\' USER \'default\' PASSWORD \'[HIDDEN]\')) LIFETIME(MIN 300 MAX 600) LAYOUT(COMPLEX_KEY_HASHED())
2026-08-01 16:22:59	12	0	0	0	TRUNCATE TABLE IF EXISTS sony.raw_events 
2026-08-01 16:22:59	13	0	0	0	TRUNCATE TABLE IF EXISTS sony.session_active_intervals 
2026-08-01 16:22:59	11	0	0	0	TRUNCATE TABLE IF EXISTS sony.concurrency_minute_delta 
2026-08-01 16:22:59	1	0	0	0	TRUNCATE TABLE IF EXISTS sony.concurrency_hourly_checkpoint 
2026-08-01 16:22:59	2	0	0	0	TRUNCATE TABLE IF EXISTS sony.content_dim 
2026-08-01 16:22:59	35	33464	904659	33464	INSERT INTO sony.content_dim (content_id, title, video_type, category) FORMAT CSV
2026-08-01 16:22:59	43	33464	1181455	33464	INSERT INTO sony.content_dim (content_id, title, video_type, category) FORMAT CSV 
2026-08-01 16:22:59	25	33464	737339	33464	SELECT `content_id`, `title`, `video_type`, `category` FROM `sony`.`content_dim`;
2026-08-01 16:22:59	34	0	0	0	SYSTEM RELOAD DICTIONARY sony.content_dict 
2026-08-01 16:22:59	2	1	16	1	SELECT count() FROM sony.content_dim FORMAT TabSeparated 
2026-08-01 16:23:04	9	1	16	1	SELECT count() FROM sony.raw_events FORMAT TabSeparated 
2026-08-01 16:23:04	4375	532907	93821019	532907	INSERT INTO sony.raw_events (content_id, video_session_id, user_id, event_type, event, event_timestamp_ms, platform, app_version, country, audio_language, subtitle_language, player_version, session_start_ms) FORMAT CSV 
2026-08-01 16:23:04	51	532907	4263256	1	SELECT round(dateDiff(\'second\', max(event_time), now64(3, \'UTC\')), 1) FROM sony.raw_events FORMAT TabSeparated 
2026-08-01 16:23:04	143	532907	35704552	1	SELECT uniqExact(video_session_id) FROM sony.raw_events FORMAT TabSeparated 
2026-08-01 16:23:04	140	532907	35704552	1	SELECT uniqExact(user_id) FROM sony.raw_events FORMAT TabSeparated 
2026-08-01 16:23:04	438	532907	4263256	1	SELECT concat(toString(min(event_time)),\' .. \',toString(max(event_time))) FROM sony.raw_events FORMAT TabSeparated 
2026-08-01 16:23:04	140	532907	36238323	1	SELECT count() FROM (SELECT video_session_id FROM sony.raw_events GROUP BY video_session_id HAVING countIf(event_type=\'VideoSessionEnd\') = 0) FORMAT TabSeparated 
2026-08-01 16:23:05	44	532907	4263256	1	SELECT uniqExactIf(content_id, NOT dictHas(\'sony.content_dict\', tuple(content_id))) FROM sony.raw_events FORMAT TabSeparated 
2026-08-01 16:23:05	34	532907	533771	1	SELECT arrayStringConcat(groupUniqArray(event_type), \',\') FROM sony.raw_events WHERE event_type NOT IN (\'VideoSessionStart\',\'VideoPlay\',\'VideoHeartbeat\',\'AppBackgrounded\',\'AppForegrounded\',\'VideoSessionEnd\',\'VideoError\') FORMAT TabSeparated 
2026-08-01 16:23:05	88	532907	4263256	1	SELECT max(event_timestamp_ms) FROM sony.raw_events FORMAT TabSeparated 
2026-08-01 16:23:05	0	0	0	0	DROP TABLE IF EXISTS sony.session_active_intervals 
2026-08-01 16:23:05	14	0	0	0	CREATE TABLE IF NOT EXISTS sony.session_active_intervals (     video_session_id  String              CODEC(ZSTD(3)),     interval_seq      UInt16,     active_start      DateTime64(3, \'UTC\'),     active_end        DateTime64(3, \'UTC\'),     active_start_ms   Int64               CODEC(DoubleDelta, ZST
2026-08-01 16:23:06	1013	532907	83653840	20298	INSERT INTO sony.session_active_intervals WITH                    toInt64(120000) AS gap_timeout,     toInt64(0)   AS gap_grace,     toInt64(1785063604837)   AS watermark SELECT     video_session_id,     (iv.1) AS interval_seq,     fromUnixTimestamp64Milli(iv.2, \'UTC\')  AS active_start,     fromUni
2026-08-01 16:23:06	1	1	16	1	SELECT count() FROM sony.session_active_intervals FORMAT TabSeparated 
2026-08-01 16:23:06	10	20298	1562641	1	SELECT countIf(is_open) FROM sony.session_active_intervals FINAL FORMAT TabSeparated 
2026-08-01 16:23:06	11	20298	1725021	1	SELECT round(sum(duration_ms)/3600000,2) FROM sony.session_active_intervals FINAL FORMAT TabSeparated 
2026-08-01 16:23:06	0	0	0	0	DROP TABLE IF EXISTS sony.concurrency_minute_delta 
2026-08-01 16:23:06	0	0	0	0	DROP TABLE IF EXISTS sony.concurrency_hourly_checkpoint 
2026-08-01 16:23:06	15	0	0	0	CREATE TABLE IF NOT EXISTS sony.concurrency_minute_delta (     platform        LowCardinality(String),     country         LowCardinality(String),     video_type      LowCardinality(String),     content_id      Int64,     minute          DateTime(\'UTC\'),     delta           Int32,     PROJECTION by
2026-08-01 16:23:06	11	0	0	0	CREATE TABLE IF NOT EXISTS sony.concurrency_hourly_checkpoint (     platform        LowCardinality(String),     country         LowCardinality(String),     video_type      LowCardinality(String),     content_id      Int64,     hour_boundary   DateTime(\'UTC\'),     concurrency     UInt32 ) ENGINE = Re
2026-08-01 16:23:06	103	40596	3898176	21780	INSERT INTO sony.concurrency_minute_delta SELECT platform, country, video_type, content_id, minute, sum(d) AS delta FROM (     SELECT platform, country, video_type, content_id,            toDateTime(intDiv(active_start_ms, 60000) * 60, \'UTC\') AS minute,            1 AS d     FROM sony.session_active
2026-08-01 16:23:06	5	0	0	0	CREATE OR REPLACE VIEW sony.open_minute_delta AS SELECT platform, country, video_type, content_id, minute, toInt32(sum(d)) AS delta FROM (     SELECT platform, country, video_type, content_id,            toDateTime(intDiv(active_start_ms, 60000) * 60, \'UTC\') AS minute, 1 AS d     FROM sony.session_a
2026-08-01 16:23:06	4	0	0	0	CREATE OR REPLACE VIEW sony.concurrency_delta_all AS SELECT platform, country, video_type, content_id, minute, delta FROM sony.concurrency_minute_delta UNION ALL SELECT platform, country, video_type, content_id, minute, delta FROM sony.open_minute_delta 
2026-08-01 16:23:06	23	20298	2111724	624	INSERT INTO sony.concurrency_hourly_checkpoint SELECT     platform, country, video_type, content_id,     toDateTime(hb, \'UTC\') AS hour_boundary,     toUInt32(count())     AS concurrency FROM (     SELECT         platform, country, video_type, content_id,                                              
2026-08-01 16:23:06	1	1	16	1	SELECT count() FROM sony.concurrency_minute_delta FORMAT TabSeparated 
2026-08-01 16:23:06	2	1	16	1	SELECT count() FROM sony.concurrency_hourly_checkpoint FORMAT TabSeparated 
2026-08-01 16:23:06	67	20298	1887405	1	SELECT sum(intDiv(active_end_ms,60000)-intDiv(active_start_ms,60000)+1) FROM sony.session_active_intervals FINAL FORMAT TabSeparated 
2026-08-01 16:23:06	1	1	1	1	SELECT version() FORMAT TabSeparated 
2026-08-01 16:23:06	40	20298	1725021	1	SELECT toString(toDateTime(intDiv(min(active_start_ms),60000)*60,\'UTC\')) FROM sony.session_active_intervals FINAL FORMAT TabSeparated 
2026-08-01 16:23:06	12	20298	1725021	1	SELECT toString(toDateTime(intDiv(max(active_end_ms),60000)*60,\'UTC\')) FROM sony.session_active_intervals FINAL FORMAT TabSeparated 
2026-08-01 16:23:06	35	7	168	1	SELECT toString(min(minute)) FROM sony.concurrency_minute_delta FORMAT TabSeparated 
2026-08-01 16:23:06	4	19464	155712	1	SELECT toString(toDate(argMax(minute, delta))) FROM sony.concurrency_minute_delta FORMAT TabSeparated 
2026-08-01 16:23:06	7	33464	301207	33464	SELECT toString(content_id), video_type FROM sony.content_dim FINAL FORMAT TabSeparated 
2026-08-01 16:23:06	27	532907	4263256	1	SELECT max(event_timestamp_ms) FROM sony.raw_events FORMAT TabSeparated 
2026-08-01 16:23:10	41	60060	4053888	1	 WITH toDateTime(\'2026-07-14 15:43:00\', \'UTC\') AS t0, toDateTime(\'2026-07-26 11:00:00\', \'UTC\') AS t1 SELECT max(c) AS peak, toString(argMax(minute, c)) AS peak_minute, round(avg(c), 4) AS avg_c FROM (     SELECT minute, sum(d) OVER (ORDER BY minute) AS c     FROM (         SELECT minute, sum(delta) 
2026-08-01 16:23:10	36	60060	4053888	1	 WITH toDateTime(\'2026-07-14 15:43:00\', \'UTC\') AS t0, toDateTime(\'2026-07-26 11:00:00\', \'UTC\') AS t1 SELECT max(c) AS peak, toString(argMax(minute, c)) AS peak_minute, round(avg(c), 4) AS avg_c FROM (     SELECT minute, sum(d) OVER (ORDER BY minute) AS c     FROM (         SELECT minute, sum(delta) 
2026-08-01 16:23:10	45	60060	4053888	1	 WITH toDateTime(\'2026-07-14 15:43:00\', \'UTC\') AS t0, toDateTime(\'2026-07-26 11:00:00\', \'UTC\') AS t1 SELECT max(c) AS peak, toString(argMax(minute, c)) AS peak_minute, round(avg(c), 4) AS avg_c FROM (     SELECT minute, sum(d) OVER (ORDER BY minute) AS c     FROM (         SELECT minute, sum(delta) 
2026-08-01 16:23:10	17	20299	1887410	1	 WITH toDateTime(\'2026-07-14 15:43:00\', \'UTC\') AS t0,      (SELECT max(hour_boundary) FROM sony.concurrency_hourly_checkpoint        WHERE hour_boundary <= t0 ) AS anchor SELECT     toString(ifNull(anchor, toDateTime(0, \'UTC\'))) AS anchor_ts,     ifNull((SELECT sum(concurrency) FROM sony.concurrency
2026-08-01 16:23:10	29	40596	3898176	1	SELECT ifNull(sum(delta), 0) FROM sony.concurrency_delta_all WHERE minute < toDateTime(\'2026-07-14 15:43:00\', \'UTC\')  FORMAT TabSeparated 
2026-08-01 16:23:10	2	1	1	1	SELECT toString(toDateTime(\'2026-07-14 15:43:00\', \'UTC\') - INTERVAL 1 MINUTE) FORMAT TabSeparated 
2026-08-01 16:23:10	37	60060	4053888	1	 WITH toDateTime(\'2026-07-14 15:43:00\', \'UTC\') AS t0 SELECT max(c) AS peak, toString(argMax(minute, c)) AS peak_minute, round(avg(c), 4) AS avg_c FROM (     SELECT minute, 0 + sum(d) OVER (ORDER BY minute) AS c     FROM (         SELECT minute, sum(delta) AS d         FROM sony.concurrency_delta_all
2026-08-01 16:23:11	19	20299	1887410	1	 WITH toDateTime(\'2026-07-14 15:43:00\', \'UTC\') AS t0,      (SELECT max(hour_boundary) FROM sony.concurrency_hourly_checkpoint        WHERE hour_boundary <= t0 ) AS anchor SELECT     toString(ifNull(anchor, toDateTime(0, \'UTC\'))) AS anchor_ts,     ifNull((SELECT sum(concurrency) FROM sony.concurrency
2026-08-01 16:23:11	26	40596	3898176	1	SELECT ifNull(sum(delta), 0) FROM sony.concurrency_delta_all WHERE minute < toDateTime(\'2026-07-14 15:43:00\', \'UTC\')  FORMAT TabSeparated 
2026-08-01 16:23:11	1	1	1	1	SELECT toString(toDateTime(\'2026-07-14 15:43:00\', \'UTC\') - INTERVAL 1 MINUTE) FORMAT TabSeparated 
2026-08-01 16:23:11	67	60060	4053888	1	 WITH toDateTime(\'2026-07-14 15:43:00\', \'UTC\') AS t0 SELECT max(c) AS peak, toString(argMax(minute, c)) AS peak_minute, round(avg(c), 4) AS avg_c FROM (     SELECT minute, 0 + sum(d) OVER (ORDER BY minute) AS c     FROM (         SELECT minute, sum(delta) AS d         FROM sony.concurrency_delta_all
2026-08-01 16:23:11	19	20299	1887410	1	 WITH toDateTime(\'2026-07-14 15:43:00\', \'UTC\') AS t0,      (SELECT max(hour_boundary) FROM sony.concurrency_hourly_checkpoint        WHERE hour_boundary <= t0 ) AS anchor SELECT     toString(ifNull(anchor, toDateTime(0, \'UTC\'))) AS anchor_ts,     ifNull((SELECT sum(concurrency) FROM sony.concurrency
2026-08-01 16:23:11	29	40596	3898176	1	SELECT ifNull(sum(delta), 0) FROM sony.concurrency_delta_all WHERE minute < toDateTime(\'2026-07-14 15:43:00\', \'UTC\')  FORMAT TabSeparated 
2026-08-01 16:23:11	1	1	1	1	SELECT toString(toDateTime(\'2026-07-14 15:43:00\', \'UTC\') - INTERVAL 1 MINUTE) FORMAT TabSeparated 
2026-08-01 16:23:11	62	60060	4053888	1	 WITH toDateTime(\'2026-07-14 15:43:00\', \'UTC\') AS t0 SELECT max(c) AS peak, toString(argMax(minute, c)) AS peak_minute, round(avg(c), 4) AS avg_c FROM (     SELECT minute, 0 + sum(d) OVER (ORDER BY minute) AS c     FROM (         SELECT minute, sum(delta) AS d         FROM sony.concurrency_delta_all
2026-08-01 16:23:11	46	60048	4073715	1	 WITH toDateTime(\'2026-07-14 15:43:00\', \'UTC\') AS t0, toDateTime(\'2026-07-26 11:00:00\', \'UTC\') AS t1 SELECT max(c) AS peak, toString(argMax(minute, c)) AS peak_minute, round(avg(c), 4) AS avg_c FROM (     SELECT minute, sum(d) OVER (ORDER BY minute) AS c     FROM (         SELECT minute, sum(delta) 
2026-08-01 16:23:11	42	60048	4073715	1	 WITH toDateTime(\'2026-07-14 15:43:00\', \'UTC\') AS t0, toDateTime(\'2026-07-26 11:00:00\', \'UTC\') AS t1 SELECT max(c) AS peak, toString(argMax(minute, c)) AS peak_minute, round(avg(c), 4) AS avg_c FROM (     SELECT minute, sum(d) OVER (ORDER BY minute) AS c     FROM (         SELECT minute, sum(delta) 
2026-08-01 16:23:11	48	60048	4073715	1	 WITH toDateTime(\'2026-07-14 15:43:00\', \'UTC\') AS t0, toDateTime(\'2026-07-26 11:00:00\', \'UTC\') AS t1 SELECT max(c) AS peak, toString(argMax(minute, c)) AS peak_minute, round(avg(c), 4) AS avg_c FROM (     SELECT minute, sum(d) OVER (ORDER BY minute) AS c     FROM (         SELECT minute, sum(delta) 
2026-08-01 16:23:11	20	20299	1908201	1	 WITH toDateTime(\'2026-07-14 15:43:00\', \'UTC\') AS t0,      (SELECT max(hour_boundary) FROM sony.concurrency_hourly_checkpoint        WHERE hour_boundary <= t0  AND platform = \'ANDROID_PHONE\') AS anchor SELECT     toString(ifNull(anchor, toDateTime(0, \'UTC\'))) AS anchor_ts,     ifNull((SELECT sum(con
2026-08-01 16:23:11	28	40596	3898176	1	SELECT ifNull(sum(delta), 0) FROM sony.concurrency_delta_all WHERE minute < toDateTime(\'2026-07-14 15:43:00\', \'UTC\')  AND platform = \'ANDROID_PHONE\' FORMAT TabSeparated 
2026-08-01 16:23:11	1	1	1	1	SELECT toString(toDateTime(\'2026-07-14 15:43:00\', \'UTC\') - INTERVAL 1 MINUTE) FORMAT TabSeparated 
2026-08-01 16:23:11	44	60048	4073715	1	 WITH toDateTime(\'2026-07-14 15:43:00\', \'UTC\') AS t0 SELECT max(c) AS peak, toString(argMax(minute, c)) AS peak_minute, round(avg(c), 4) AS avg_c FROM (     SELECT minute, 0 + sum(d) OVER (ORDER BY minute) AS c     FROM (         SELECT minute, sum(delta) AS d         FROM sony.concurrency_delta_all
2026-08-01 16:23:11	21	20299	1908201	1	 WITH toDateTime(\'2026-07-14 15:43:00\', \'UTC\') AS t0,      (SELECT max(hour_boundary) FROM sony.concurrency_hourly_checkpoint        WHERE hour_boundary <= t0  AND platform = \'ANDROID_PHONE\') AS anchor SELECT     toString(ifNull(anchor, toDateTime(0, \'UTC\'))) AS anchor_ts,     ifNull((SELECT sum(con
2026-08-01 16:23:11	29	40596	3898176	1	SELECT ifNull(sum(delta), 0) FROM sony.concurrency_delta_all WHERE minute < toDateTime(\'2026-07-14 15:43:00\', \'UTC\')  AND platform = \'ANDROID_PHONE\' FORMAT TabSeparated 
2026-08-01 16:23:11	1	1	1	1	SELECT toString(toDateTime(\'2026-07-14 15:43:00\', \'UTC\') - INTERVAL 1 MINUTE) FORMAT TabSeparated 
2026-08-01 16:23:11	45	60048	4073715	1	 WITH toDateTime(\'2026-07-14 15:43:00\', \'UTC\') AS t0 SELECT max(c) AS peak, toString(argMax(minute, c)) AS peak_minute, round(avg(c), 4) AS avg_c FROM (     SELECT minute, 0 + sum(d) OVER (ORDER BY minute) AS c     FROM (         SELECT minute, sum(delta) AS d         FROM sony.concurrency_delta_all
2026-08-01 16:23:11	22	20299	1908201	1	 WITH toDateTime(\'2026-07-14 15:43:00\', \'UTC\') AS t0,      (SELECT max(hour_boundary) FROM sony.concurrency_hourly_checkpoint        WHERE hour_boundary <= t0  AND platform = \'ANDROID_PHONE\') AS anchor SELECT     toString(ifNull(anchor, toDateTime(0, \'UTC\'))) AS anchor_ts,     ifNull((SELECT sum(con
2026-08-01 16:23:11	30	40596	3898176	1	SELECT ifNull(sum(delta), 0) FROM sony.concurrency_delta_all WHERE minute < toDateTime(\'2026-07-14 15:43:00\', \'UTC\')  AND platform = \'ANDROID_PHONE\' FORMAT TabSeparated 
2026-08-01 16:23:11	5	1	1	1	SELECT toString(toDateTime(\'2026-07-14 15:43:00\', \'UTC\') - INTERVAL 1 MINUTE) FORMAT TabSeparated 
2026-08-01 16:23:11	50	60048	4073715	1	 WITH toDateTime(\'2026-07-14 15:43:00\', \'UTC\') AS t0 SELECT max(c) AS peak, toString(argMax(minute, c)) AS peak_minute, round(avg(c), 4) AS avg_c FROM (     SELECT minute, 0 + sum(d) OVER (ORDER BY minute) AS c     FROM (         SELECT minute, sum(delta) AS d         FROM sony.concurrency_delta_all
2026-08-01 16:23:11	41	51868	4000117	1	 WITH toDateTime(\'2026-07-14 15:43:00\', \'UTC\') AS t0, toDateTime(\'2026-07-26 11:00:00\', \'UTC\') AS t1 SELECT max(c) AS peak, toString(argMax(minute, c)) AS peak_minute, round(avg(c), 4) AS avg_c FROM (     SELECT minute, sum(d) OVER (ORDER BY minute) AS c     FROM (         SELECT minute, sum(delta) 
2026-08-01 16:23:11	41	51868	4000117	1	 WITH toDateTime(\'2026-07-14 15:43:00\', \'UTC\') AS t0, toDateTime(\'2026-07-26 11:00:00\', \'UTC\') AS t1 SELECT max(c) AS peak, toString(argMax(minute, c)) AS peak_minute, round(avg(c), 4) AS avg_c FROM (     SELECT minute, sum(d) OVER (ORDER BY minute) AS c     FROM (         SELECT minute, sum(delta) 
2026-08-01 16:23:11	38	51868	4000117	1	 WITH toDateTime(\'2026-07-14 15:43:00\', \'UTC\') AS t0, toDateTime(\'2026-07-26 11:00:00\', \'UTC\') AS t1 SELECT max(c) AS peak, toString(argMax(minute, c)) AS peak_minute, round(avg(c), 4) AS avg_c FROM (     SELECT minute, sum(d) OVER (ORDER BY minute) AS c     FROM (         SELECT minute, sum(delta) 
2026-08-01 16:23:11	20	20299	1908201	1	 WITH toDateTime(\'2026-07-14 15:43:00\', \'UTC\') AS t0,      (SELECT max(hour_boundary) FROM sony.concurrency_hourly_checkpoint        WHERE hour_boundary <= t0  AND platform = \'IPHONE\') AS anchor SELECT     toString(ifNull(anchor, toDateTime(0, \'UTC\'))) AS anchor_ts,     ifNull((SELECT sum(concurrenc
2026-08-01 16:23:11	31	40596	3898176	1	SELECT ifNull(sum(delta), 0) FROM sony.concurrency_delta_all WHERE minute < toDateTime(\'2026-07-14 15:43:00\', \'UTC\')  AND platform = \'IPHONE\' FORMAT TabSeparated 
2026-08-01 16:23:11	1	1	1	1	SELECT toString(toDateTime(\'2026-07-14 15:43:00\', \'UTC\') - INTERVAL 1 MINUTE) FORMAT TabSeparated 
2026-08-01 16:23:12	41	51868	4000117	1	 WITH toDateTime(\'2026-07-14 15:43:00\', \'UTC\') AS t0 SELECT max(c) AS peak, toString(argMax(minute, c)) AS peak_minute, round(avg(c), 4) AS avg_c FROM (     SELECT minute, 0 + sum(d) OVER (ORDER BY minute) AS c     FROM (         SELECT minute, sum(delta) AS d         FROM sony.concurrency_delta_all
2026-08-01 16:23:12	20	20299	1908201	1	 WITH toDateTime(\'2026-07-14 15:43:00\', \'UTC\') AS t0,      (SELECT max(hour_boundary) FROM sony.concurrency_hourly_checkpoint        WHERE hour_boundary <= t0  AND platform = \'IPHONE\') AS anchor SELECT     toString(ifNull(anchor, toDateTime(0, \'UTC\'))) AS anchor_ts,     ifNull((SELECT sum(concurrenc
2026-08-01 16:23:12	34	40596	3898176	1	SELECT ifNull(sum(delta), 0) FROM sony.concurrency_delta_all WHERE minute < toDateTime(\'2026-07-14 15:43:00\', \'UTC\')  AND platform = \'IPHONE\' FORMAT TabSeparated 
2026-08-01 16:23:12	1	1	1	1	SELECT toString(toDateTime(\'2026-07-14 15:43:00\', \'UTC\') - INTERVAL 1 MINUTE) FORMAT TabSeparated 
2026-08-01 16:23:12	40	51868	4000117	1	 WITH toDateTime(\'2026-07-14 15:43:00\', \'UTC\') AS t0 SELECT max(c) AS peak, toString(argMax(minute, c)) AS peak_minute, round(avg(c), 4) AS avg_c FROM (     SELECT minute, 0 + sum(d) OVER (ORDER BY minute) AS c     FROM (         SELECT minute, sum(delta) AS d         FROM sony.concurrency_delta_all
2026-08-01 16:23:12	18	20299	1908201	1	 WITH toDateTime(\'2026-07-14 15:43:00\', \'UTC\') AS t0,      (SELECT max(hour_boundary) FROM sony.concurrency_hourly_checkpoint        WHERE hour_boundary <= t0  AND platform = \'IPHONE\') AS anchor SELECT     toString(ifNull(anchor, toDateTime(0, \'UTC\'))) AS anchor_ts,     ifNull((SELECT sum(concurrenc
2026-08-01 16:23:12	30	40596	3898176	1	SELECT ifNull(sum(delta), 0) FROM sony.concurrency_delta_all WHERE minute < toDateTime(\'2026-07-14 15:43:00\', \'UTC\')  AND platform = \'IPHONE\' FORMAT TabSeparated 
2026-08-01 16:23:12	1	1	1	1	SELECT toString(toDateTime(\'2026-07-14 15:43:00\', \'UTC\') - INTERVAL 1 MINUTE) FORMAT TabSeparated 
2026-08-01 16:23:12	43	51868	4000117	1	 WITH toDateTime(\'2026-07-14 15:43:00\', \'UTC\') AS t0 SELECT max(c) AS peak, toString(argMax(minute, c)) AS peak_minute, round(avg(c), 4) AS avg_c FROM (     SELECT minute, 0 + sum(d) OVER (ORDER BY minute) AS c     FROM (         SELECT minute, sum(delta) AS d         FROM sony.concurrency_delta_all
2026-08-01 16:23:12	38	49997	3982985	1	 WITH toDateTime(\'2026-07-14 15:43:00\', \'UTC\') AS t0, toDateTime(\'2026-07-26 11:00:00\', \'UTC\') AS t1 SELECT max(c) AS peak, toString(argMax(minute, c)) AS peak_minute, round(avg(c), 4) AS avg_c FROM (     SELECT minute, sum(d) OVER (ORDER BY minute) AS c     FROM (         SELECT minute, sum(delta) 
2026-08-01 16:23:12	38	49997	3982985	1	 WITH toDateTime(\'2026-07-14 15:43:00\', \'UTC\') AS t0, toDateTime(\'2026-07-26 11:00:00\', \'UTC\') AS t1 SELECT max(c) AS peak, toString(argMax(minute, c)) AS peak_minute, round(avg(c), 4) AS avg_c FROM (     SELECT minute, sum(d) OVER (ORDER BY minute) AS c     FROM (         SELECT minute, sum(delta) 
2026-08-01 16:23:12	38	49997	3982985	1	 WITH toDateTime(\'2026-07-14 15:43:00\', \'UTC\') AS t0, toDateTime(\'2026-07-26 11:00:00\', \'UTC\') AS t1 SELECT max(c) AS peak, toString(argMax(minute, c)) AS peak_minute, round(avg(c), 4) AS avg_c FROM (     SELECT minute, sum(d) OVER (ORDER BY minute) AS c     FROM (         SELECT minute, sum(delta) 
2026-08-01 16:23:12	23	20299	1908201	1	 WITH toDateTime(\'2026-07-14 15:43:00\', \'UTC\') AS t0,      (SELECT max(hour_boundary) FROM sony.concurrency_hourly_checkpoint        WHERE hour_boundary <= t0  AND platform = \'SONY_ANDROID_TV\') AS anchor SELECT     toString(ifNull(anchor, toDateTime(0, \'UTC\'))) AS anchor_ts,     ifNull((SELECT sum(c
2026-08-01 16:23:12	34	40596	3898176	1	SELECT ifNull(sum(delta), 0) FROM sony.concurrency_delta_all WHERE minute < toDateTime(\'2026-07-14 15:43:00\', \'UTC\')  AND platform = \'SONY_ANDROID_TV\' FORMAT TabSeparated 
2026-08-01 16:23:12	2	1	1	1	SELECT toString(toDateTime(\'2026-07-14 15:43:00\', \'UTC\') - INTERVAL 1 MINUTE) FORMAT TabSeparated 
2026-08-01 16:23:12	51	49997	3982985	1	 WITH toDateTime(\'2026-07-14 15:43:00\', \'UTC\') AS t0 SELECT max(c) AS peak, toString(argMax(minute, c)) AS peak_minute, round(avg(c), 4) AS avg_c FROM (     SELECT minute, 0 + sum(d) OVER (ORDER BY minute) AS c     FROM (         SELECT minute, sum(delta) AS d         FROM sony.concurrency_delta_all
2026-08-01 16:23:12	22	20299	1908201	1	 WITH toDateTime(\'2026-07-14 15:43:00\', \'UTC\') AS t0,      (SELECT max(hour_boundary) FROM sony.concurrency_hourly_checkpoint        WHERE hour_boundary <= t0  AND platform = \'SONY_ANDROID_TV\') AS anchor SELECT     toString(ifNull(anchor, toDateTime(0, \'UTC\'))) AS anchor_ts,     ifNull((SELECT sum(c
2026-08-01 16:23:12	31	40596	3898176	1	SELECT ifNull(sum(delta), 0) FROM sony.concurrency_delta_all WHERE minute < toDateTime(\'2026-07-14 15:43:00\', \'UTC\')  AND platform = \'SONY_ANDROID_TV\' FORMAT TabSeparated 
2026-08-01 16:23:12	1	1	1	1	SELECT toString(toDateTime(\'2026-07-14 15:43:00\', \'UTC\') - INTERVAL 1 MINUTE) FORMAT TabSeparated 
2026-08-01 16:23:12	41	49997	3982985	1	 WITH toDateTime(\'2026-07-14 15:43:00\', \'UTC\') AS t0 SELECT max(c) AS peak, toString(argMax(minute, c)) AS peak_minute, round(avg(c), 4) AS avg_c FROM (     SELECT minute, 0 + sum(d) OVER (ORDER BY minute) AS c     FROM (         SELECT minute, sum(delta) AS d         FROM sony.concurrency_delta_all
2026-08-01 16:23:12	26	20299	1908201	1	 WITH toDateTime(\'2026-07-14 15:43:00\', \'UTC\') AS t0,      (SELECT max(hour_boundary) FROM sony.concurrency_hourly_checkpoint        WHERE hour_boundary <= t0  AND platform = \'SONY_ANDROID_TV\') AS anchor SELECT     toString(ifNull(anchor, toDateTime(0, \'UTC\'))) AS anchor_ts,     ifNull((SELECT sum(c
2026-08-01 16:23:12	43	40596	3898176	1	SELECT ifNull(sum(delta), 0) FROM sony.concurrency_delta_all WHERE minute < toDateTime(\'2026-07-14 15:43:00\', \'UTC\')  AND platform = \'SONY_ANDROID_TV\' FORMAT TabSeparated 
2026-08-01 16:23:12	2	1	1	1	SELECT toString(toDateTime(\'2026-07-14 15:43:00\', \'UTC\') - INTERVAL 1 MINUTE) FORMAT TabSeparated 
2026-08-01 16:23:12	59	49997	3982985	1	 WITH toDateTime(\'2026-07-14 15:43:00\', \'UTC\') AS t0 SELECT max(c) AS peak, toString(argMax(minute, c)) AS peak_minute, round(avg(c), 4) AS avg_c FROM (     SELECT minute, 0 + sum(d) OVER (ORDER BY minute) AS c     FROM (         SELECT minute, sum(delta) AS d         FROM sony.concurrency_delta_all
2026-08-01 16:23:12	54	60048	4058498	1	 WITH toDateTime(\'2026-07-14 15:43:00\', \'UTC\') AS t0, toDateTime(\'2026-07-26 11:00:00\', \'UTC\') AS t1 SELECT max(c) AS peak, toString(argMax(minute, c)) AS peak_minute, round(avg(c), 4) AS avg_c FROM (     SELECT minute, sum(d) OVER (ORDER BY minute) AS c     FROM (         SELECT minute, sum(delta) 
2026-08-01 16:23:12	56	58189	4056544	1	 WITH toDateTime(\'2026-07-14 15:43:00\', \'UTC\') AS t0, toDateTime(\'2026-07-26 11:00:00\', \'UTC\') AS t1 SELECT max(c) AS peak, toString(argMax(minute, c)) AS peak_minute, round(avg(c), 4) AS avg_c FROM (     SELECT minute, sum(d) OVER (ORDER BY minute) AS c     FROM (         SELECT minute, sum(delta) 
2026-08-01 16:23:12	56	58189	4056544	1	 WITH toDateTime(\'2026-07-14 15:43:00\', \'UTC\') AS t0, toDateTime(\'2026-07-26 11:00:00\', \'UTC\') AS t1 SELECT max(c) AS peak, toString(argMax(minute, c)) AS peak_minute, round(avg(c), 4) AS avg_c FROM (     SELECT minute, sum(d) OVER (ORDER BY minute) AS c     FROM (         SELECT minute, sum(delta) 
2026-08-01 16:23:13	37	20299	1907853	1	 WITH toDateTime(\'2026-07-14 15:43:00\', \'UTC\') AS t0,      (SELECT max(hour_boundary) FROM sony.concurrency_hourly_checkpoint        WHERE hour_boundary <= t0  AND video_type = \'live\') AS anchor SELECT     toString(ifNull(anchor, toDateTime(0, \'UTC\'))) AS anchor_ts,     ifNull((SELECT sum(concurrenc
2026-08-01 16:23:13	52	40596	3898176	1	SELECT ifNull(sum(delta), 0) FROM sony.concurrency_delta_all WHERE minute < toDateTime(\'2026-07-14 15:43:00\', \'UTC\')  AND video_type = \'live\' FORMAT TabSeparated 
2026-08-01 16:23:13	2	1	1	1	SELECT toString(toDateTime(\'2026-07-14 15:43:00\', \'UTC\') - INTERVAL 1 MINUTE) FORMAT TabSeparated 
2026-08-01 16:23:13	58	60048	4058498	1	 WITH toDateTime(\'2026-07-14 15:43:00\', \'UTC\') AS t0 SELECT max(c) AS peak, toString(argMax(minute, c)) AS peak_minute, round(avg(c), 4) AS avg_c FROM (     SELECT minute, 0 + sum(d) OVER (ORDER BY minute) AS c     FROM (         SELECT minute, sum(delta) AS d         FROM sony.concurrency_delta_all
2026-08-01 16:23:13	19	20299	1907853	1	 WITH toDateTime(\'2026-07-14 15:43:00\', \'UTC\') AS t0,      (SELECT max(hour_boundary) FROM sony.concurrency_hourly_checkpoint        WHERE hour_boundary <= t0  AND video_type = \'live\') AS anchor SELECT     toString(ifNull(anchor, toDateTime(0, \'UTC\'))) AS anchor_ts,     ifNull((SELECT sum(concurrenc
2026-08-01 16:23:13	31	40596	3898176	1	SELECT ifNull(sum(delta), 0) FROM sony.concurrency_delta_all WHERE minute < toDateTime(\'2026-07-14 15:43:00\', \'UTC\')  AND video_type = \'live\' FORMAT TabSeparated 
2026-08-01 16:23:13	1	1	1	1	SELECT toString(toDateTime(\'2026-07-14 15:43:00\', \'UTC\') - INTERVAL 1 MINUTE) FORMAT TabSeparated 
2026-08-01 16:23:13	36	58189	4056544	1	 WITH toDateTime(\'2026-07-14 15:43:00\', \'UTC\') AS t0 SELECT max(c) AS peak, toString(argMax(minute, c)) AS peak_minute, round(avg(c), 4) AS avg_c FROM (     SELECT minute, 0 + sum(d) OVER (ORDER BY minute) AS c     FROM (         SELECT minute, sum(delta) AS d         FROM sony.concurrency_delta_all
2026-08-01 16:23:13	20	20299	1907853	1	 WITH toDateTime(\'2026-07-14 15:43:00\', \'UTC\') AS t0,      (SELECT max(hour_boundary) FROM sony.concurrency_hourly_checkpoint        WHERE hour_boundary <= t0  AND video_type = \'live\') AS anchor SELECT     toString(ifNull(anchor, toDateTime(0, \'UTC\'))) AS anchor_ts,     ifNull((SELECT sum(concurrenc
2026-08-01 16:23:13	30	40596	3898176	1	SELECT ifNull(sum(delta), 0) FROM sony.concurrency_delta_all WHERE minute < toDateTime(\'2026-07-14 15:43:00\', \'UTC\')  AND video_type = \'live\' FORMAT TabSeparated 
2026-08-01 16:23:13	1	1	1	1	SELECT toString(toDateTime(\'2026-07-14 15:43:00\', \'UTC\') - INTERVAL 1 MINUTE) FORMAT TabSeparated 
2026-08-01 16:23:13	38	58189	4056544	1	 WITH toDateTime(\'2026-07-14 15:43:00\', \'UTC\') AS t0 SELECT max(c) AS peak, toString(argMax(minute, c)) AS peak_minute, round(avg(c), 4) AS avg_c FROM (     SELECT minute, 0 + sum(d) OVER (ORDER BY minute) AS c     FROM (         SELECT minute, sum(delta) AS d         FROM sony.concurrency_delta_all
2026-08-01 16:23:13	41	60060	4073499	1	 WITH toDateTime(\'2026-07-14 15:43:00\', \'UTC\') AS t0, toDateTime(\'2026-07-26 11:00:00\', \'UTC\') AS t1 SELECT max(c) AS peak, toString(argMax(minute, c)) AS peak_minute, round(avg(c), 4) AS avg_c FROM (     SELECT minute, sum(d) OVER (ORDER BY minute) AS c     FROM (         SELECT minute, sum(delta) 
2026-08-01 16:23:13	123	60060	4073499	1	 WITH toDateTime(\'2026-07-14 15:43:00\', \'UTC\') AS t0, toDateTime(\'2026-07-26 11:00:00\', \'UTC\') AS t1 SELECT max(c) AS peak, toString(argMax(minute, c)) AS peak_minute, round(avg(c), 4) AS avg_c FROM (     SELECT minute, sum(d) OVER (ORDER BY minute) AS c     FROM (         SELECT minute, sum(delta) 
2026-08-01 16:23:13	126	60060	4073499	1	 WITH toDateTime(\'2026-07-14 15:43:00\', \'UTC\') AS t0, toDateTime(\'2026-07-26 11:00:00\', \'UTC\') AS t1 SELECT max(c) AS peak, toString(argMax(minute, c)) AS peak_minute, round(avg(c), 4) AS avg_c FROM (     SELECT minute, sum(d) OVER (ORDER BY minute) AS c     FROM (         SELECT minute, sum(delta) 
2026-08-01 16:23:13	60	20299	1907855	1	 WITH toDateTime(\'2026-07-14 15:43:00\', \'UTC\') AS t0,      (SELECT max(hour_boundary) FROM sony.concurrency_hourly_checkpoint        WHERE hour_boundary <= t0  AND country = \'india\') AS anchor SELECT     toString(ifNull(anchor, toDateTime(0, \'UTC\'))) AS anchor_ts,     ifNull((SELECT sum(concurrency)
2026-08-01 16:23:13	89	40596	3898176	1	SELECT ifNull(sum(delta), 0) FROM sony.concurrency_delta_all WHERE minute < toDateTime(\'2026-07-14 15:43:00\', \'UTC\')  AND country = \'india\' FORMAT TabSeparated 
2026-08-01 16:23:13	2	1	1	1	SELECT toString(toDateTime(\'2026-07-14 15:43:00\', \'UTC\') - INTERVAL 1 MINUTE) FORMAT TabSeparated 
2026-08-01 16:23:13	74	60060	4073499	1	 WITH toDateTime(\'2026-07-14 15:43:00\', \'UTC\') AS t0 SELECT max(c) AS peak, toString(argMax(minute, c)) AS peak_minute, round(avg(c), 4) AS avg_c FROM (     SELECT minute, 0 + sum(d) OVER (ORDER BY minute) AS c     FROM (         SELECT minute, sum(delta) AS d         FROM sony.concurrency_delta_all
2026-08-01 16:23:13	29	20299	1907855	1	 WITH toDateTime(\'2026-07-14 15:43:00\', \'UTC\') AS t0,      (SELECT max(hour_boundary) FROM sony.concurrency_hourly_checkpoint        WHERE hour_boundary <= t0  AND country = \'india\') AS anchor SELECT     toString(ifNull(anchor, toDateTime(0, \'UTC\'))) AS anchor_ts,     ifNull((SELECT sum(concurrency)
2026-08-01 16:23:14	78	40596	3898176	1	SELECT ifNull(sum(delta), 0) FROM sony.concurrency_delta_all WHERE minute < toDateTime(\'2026-07-14 15:43:00\', \'UTC\')  AND country = \'india\' FORMAT TabSeparated 
2026-08-01 16:23:14	1	1	1	1	SELECT toString(toDateTime(\'2026-07-14 15:43:00\', \'UTC\') - INTERVAL 1 MINUTE) FORMAT TabSeparated 
2026-08-01 16:23:14	47	60060	4073499	1	 WITH toDateTime(\'2026-07-14 15:43:00\', \'UTC\') AS t0 SELECT max(c) AS peak, toString(argMax(minute, c)) AS peak_minute, round(avg(c), 4) AS avg_c FROM (     SELECT minute, 0 + sum(d) OVER (ORDER BY minute) AS c     FROM (         SELECT minute, sum(delta) AS d         FROM sony.concurrency_delta_all
2026-08-01 16:23:14	19	20299	1907855	1	 WITH toDateTime(\'2026-07-14 15:43:00\', \'UTC\') AS t0,      (SELECT max(hour_boundary) FROM sony.concurrency_hourly_checkpoint        WHERE hour_boundary <= t0  AND country = \'india\') AS anchor SELECT     toString(ifNull(anchor, toDateTime(0, \'UTC\'))) AS anchor_ts,     ifNull((SELECT sum(concurrency)
2026-08-01 16:23:14	35	40596	3898176	1	SELECT ifNull(sum(delta), 0) FROM sony.concurrency_delta_all WHERE minute < toDateTime(\'2026-07-14 15:43:00\', \'UTC\')  AND country = \'india\' FORMAT TabSeparated 
2026-08-01 16:23:14	1	1	1	1	SELECT toString(toDateTime(\'2026-07-14 15:43:00\', \'UTC\') - INTERVAL 1 MINUTE) FORMAT TabSeparated 
2026-08-01 16:23:14	45	60060	4073499	1	 WITH toDateTime(\'2026-07-14 15:43:00\', \'UTC\') AS t0 SELECT max(c) AS peak, toString(argMax(minute, c)) AS peak_minute, round(avg(c), 4) AS avg_c FROM (     SELECT minute, 0 + sum(d) OVER (ORDER BY minute) AS c     FROM (         SELECT minute, sum(delta) AS d         FROM sony.concurrency_delta_all
2026-08-01 16:23:14	43	60048	4093293	1	 WITH toDateTime(\'2026-07-14 15:43:00\', \'UTC\') AS t0, toDateTime(\'2026-07-26 11:00:00\', \'UTC\') AS t1 SELECT max(c) AS peak, toString(argMax(minute, c)) AS peak_minute, round(avg(c), 4) AS avg_c FROM (     SELECT minute, sum(d) OVER (ORDER BY minute) AS c     FROM (         SELECT minute, sum(delta) 
2026-08-01 16:23:14	41	60048	4093293	1	 WITH toDateTime(\'2026-07-14 15:43:00\', \'UTC\') AS t0, toDateTime(\'2026-07-26 11:00:00\', \'UTC\') AS t1 SELECT max(c) AS peak, toString(argMax(minute, c)) AS peak_minute, round(avg(c), 4) AS avg_c FROM (     SELECT minute, sum(d) OVER (ORDER BY minute) AS c     FROM (         SELECT minute, sum(delta) 
2026-08-01 16:23:14	44	60048	4093293	1	 WITH toDateTime(\'2026-07-14 15:43:00\', \'UTC\') AS t0, toDateTime(\'2026-07-26 11:00:00\', \'UTC\') AS t1 SELECT max(c) AS peak, toString(argMax(minute, c)) AS peak_minute, round(avg(c), 4) AS avg_c FROM (     SELECT minute, sum(d) OVER (ORDER BY minute) AS c     FROM (         SELECT minute, sum(delta) 
2026-08-01 16:23:14	20	20299	1928646	1	 WITH toDateTime(\'2026-07-14 15:43:00\', \'UTC\') AS t0,      (SELECT max(hour_boundary) FROM sony.concurrency_hourly_checkpoint        WHERE hour_boundary <= t0  AND platform = \'ANDROID_PHONE\' AND country = \'india\') AS anchor SELECT     toString(ifNull(anchor, toDateTime(0, \'UTC\'))) AS anchor_ts,     
2026-08-01 16:23:14	32	40596	3898176	1	SELECT ifNull(sum(delta), 0) FROM sony.concurrency_delta_all WHERE minute < toDateTime(\'2026-07-14 15:43:00\', \'UTC\')  AND platform = \'ANDROID_PHONE\' AND country = \'india\' FORMAT TabSeparated 
2026-08-01 16:23:14	1	1	1	1	SELECT toString(toDateTime(\'2026-07-14 15:43:00\', \'UTC\') - INTERVAL 1 MINUTE) FORMAT TabSeparated 
2026-08-01 16:23:14	106	60048	4093293	1	 WITH toDateTime(\'2026-07-14 15:43:00\', \'UTC\') AS t0 SELECT max(c) AS peak, toString(argMax(minute, c)) AS peak_minute, round(avg(c), 4) AS avg_c FROM (     SELECT minute, 0 + sum(d) OVER (ORDER BY minute) AS c     FROM (         SELECT minute, sum(delta) AS d         FROM sony.concurrency_delta_all
2026-08-01 16:23:14	63	20299	1928646	1	 WITH toDateTime(\'2026-07-14 15:43:00\', \'UTC\') AS t0,      (SELECT max(hour_boundary) FROM sony.concurrency_hourly_checkpoint        WHERE hour_boundary <= t0  AND platform = \'ANDROID_PHONE\' AND country = \'india\') AS anchor SELECT     toString(ifNull(anchor, toDateTime(0, \'UTC\'))) AS anchor_ts,     
2026-08-01 16:23:14	47	40596	3898176	1	SELECT ifNull(sum(delta), 0) FROM sony.concurrency_delta_all WHERE minute < toDateTime(\'2026-07-14 15:43:00\', \'UTC\')  AND platform = \'ANDROID_PHONE\' AND country = \'india\' FORMAT TabSeparated 
2026-08-01 16:23:14	2	1	1	1	SELECT toString(toDateTime(\'2026-07-14 15:43:00\', \'UTC\') - INTERVAL 1 MINUTE) FORMAT TabSeparated 
2026-08-01 16:23:14	45	60048	4093293	1	 WITH toDateTime(\'2026-07-14 15:43:00\', \'UTC\') AS t0 SELECT max(c) AS peak, toString(argMax(minute, c)) AS peak_minute, round(avg(c), 4) AS avg_c FROM (     SELECT minute, 0 + sum(d) OVER (ORDER BY minute) AS c     FROM (         SELECT minute, sum(delta) AS d         FROM sony.concurrency_delta_all
2026-08-01 16:23:14	21	20299	1928646	1	 WITH toDateTime(\'2026-07-14 15:43:00\', \'UTC\') AS t0,      (SELECT max(hour_boundary) FROM sony.concurrency_hourly_checkpoint        WHERE hour_boundary <= t0  AND platform = \'ANDROID_PHONE\' AND country = \'india\') AS anchor SELECT     toString(ifNull(anchor, toDateTime(0, \'UTC\'))) AS anchor_ts,     
2026-08-01 16:23:14	36	40596	3898176	1	SELECT ifNull(sum(delta), 0) FROM sony.concurrency_delta_all WHERE minute < toDateTime(\'2026-07-14 15:43:00\', \'UTC\')  AND platform = \'ANDROID_PHONE\' AND country = \'india\' FORMAT TabSeparated 
2026-08-01 16:23:14	1	1	1	1	SELECT toString(toDateTime(\'2026-07-14 15:43:00\', \'UTC\') - INTERVAL 1 MINUTE) FORMAT TabSeparated 
2026-08-01 16:23:14	44	60048	4093293	1	 WITH toDateTime(\'2026-07-14 15:43:00\', \'UTC\') AS t0 SELECT max(c) AS peak, toString(argMax(minute, c)) AS peak_minute, round(avg(c), 4) AS avg_c FROM (     SELECT minute, 0 + sum(d) OVER (ORDER BY minute) AS c     FROM (         SELECT minute, sum(delta) AS d         FROM sony.concurrency_delta_all
2026-08-01 16:23:14	37	60060	4053888	1	 WITH toDateTime(\'2026-07-26 00:00:00\', \'UTC\') AS t0, toDateTime(\'2026-07-26 23:59:00\', \'UTC\') AS t1 SELECT max(c) AS peak, toString(argMax(minute, c)) AS peak_minute, round(avg(c), 4) AS avg_c FROM (     SELECT minute, sum(d) OVER (ORDER BY minute) AS c     FROM (         SELECT minute, sum(delta) 
2026-08-01 16:23:14	42	60060	4053888	1	 WITH toDateTime(\'2026-07-26 00:00:00\', \'UTC\') AS t0, toDateTime(\'2026-07-26 23:59:00\', \'UTC\') AS t1 SELECT max(c) AS peak, toString(argMax(minute, c)) AS peak_minute, round(avg(c), 4) AS avg_c FROM (     SELECT minute, sum(d) OVER (ORDER BY minute) AS c     FROM (         SELECT minute, sum(delta) 
2026-08-01 16:23:15	53	60060	4053888	1	 WITH toDateTime(\'2026-07-26 00:00:00\', \'UTC\') AS t0, toDateTime(\'2026-07-26 23:59:00\', \'UTC\') AS t1 SELECT max(c) AS peak, toString(argMax(minute, c)) AS peak_minute, round(avg(c), 4) AS avg_c FROM (     SELECT minute, sum(d) OVER (ORDER BY minute) AS c     FROM (         SELECT minute, sum(delta) 
2026-08-01 16:23:15	26	21547	1894898	1	 WITH toDateTime(\'2026-07-26 00:00:00\', \'UTC\') AS t0,      (SELECT max(hour_boundary) FROM sony.concurrency_hourly_checkpoint        WHERE hour_boundary <= t0 ) AS anchor SELECT     toString(ifNull(anchor, toDateTime(0, \'UTC\'))) AS anchor_ts,     ifNull((SELECT sum(concurrency) FROM sony.concurrency
2026-08-01 16:23:15	35	59240	4047328	1	 WITH toDateTime(\'2026-07-26 00:00:00\', \'UTC\') AS t0 SELECT max(c) AS peak, toString(argMax(minute, c)) AS peak_minute, round(avg(c), 4) AS avg_c FROM (     SELECT minute, 1 + sum(d) OVER (ORDER BY minute) AS c     FROM (         SELECT minute, sum(delta) AS d         FROM sony.concurrency_delta_all
2026-08-01 16:23:15	19	21547	1894898	1	 WITH toDateTime(\'2026-07-26 00:00:00\', \'UTC\') AS t0,      (SELECT max(hour_boundary) FROM sony.concurrency_hourly_checkpoint        WHERE hour_boundary <= t0 ) AS anchor SELECT     toString(ifNull(anchor, toDateTime(0, \'UTC\'))) AS anchor_ts,     ifNull((SELECT sum(concurrency) FROM sony.concurrency
2026-08-01 16:23:15	46	59240	4047328	1	 WITH toDateTime(\'2026-07-26 00:00:00\', \'UTC\') AS t0 SELECT max(c) AS peak, toString(argMax(minute, c)) AS peak_minute, round(avg(c), 4) AS avg_c FROM (     SELECT minute, 1 + sum(d) OVER (ORDER BY minute) AS c     FROM (         SELECT minute, sum(delta) AS d         FROM sony.concurrency_delta_all
2026-08-01 16:23:15	27	21547	1894898	1	 WITH toDateTime(\'2026-07-26 00:00:00\', \'UTC\') AS t0,      (SELECT max(hour_boundary) FROM sony.concurrency_hourly_checkpoint        WHERE hour_boundary <= t0 ) AS anchor SELECT     toString(ifNull(anchor, toDateTime(0, \'UTC\'))) AS anchor_ts,     ifNull((SELECT sum(concurrency) FROM sony.concurrency
2026-08-01 16:23:15	42	59240	4047328	1	 WITH toDateTime(\'2026-07-26 00:00:00\', \'UTC\') AS t0 SELECT max(c) AS peak, toString(argMax(minute, c)) AS peak_minute, round(avg(c), 4) AS avg_c FROM (     SELECT minute, 1 + sum(d) OVER (ORDER BY minute) AS c     FROM (         SELECT minute, sum(delta) AS d         FROM sony.concurrency_delta_all
2026-08-01 16:23:15	54	60048	4073715	1	 WITH toDateTime(\'2026-07-26 00:00:00\', \'UTC\') AS t0, toDateTime(\'2026-07-26 23:59:00\', \'UTC\') AS t1 SELECT max(c) AS peak, toString(argMax(minute, c)) AS peak_minute, round(avg(c), 4) AS avg_c FROM (     SELECT minute, sum(d) OVER (ORDER BY minute) AS c     FROM (         SELECT minute, sum(delta) 
2026-08-01 16:23:15	61	60048	4073715	1	 WITH toDateTime(\'2026-07-26 00:00:00\', \'UTC\') AS t0, toDateTime(\'2026-07-26 23:59:00\', \'UTC\') AS t1 SELECT max(c) AS peak, toString(argMax(minute, c)) AS peak_minute, round(avg(c), 4) AS avg_c FROM (     SELECT minute, sum(d) OVER (ORDER BY minute) AS c     FROM (         SELECT minute, sum(delta) 
2026-08-01 16:23:15	62	60048	4073715	1	 WITH toDateTime(\'2026-07-26 00:00:00\', \'UTC\') AS t0, toDateTime(\'2026-07-26 23:59:00\', \'UTC\') AS t1 SELECT max(c) AS peak, toString(argMax(minute, c)) AS peak_minute, round(avg(c), 4) AS avg_c FROM (     SELECT minute, sum(d) OVER (ORDER BY minute) AS c     FROM (         SELECT minute, sum(delta) 
2026-08-01 16:23:15	30	21547	1917337	1	 WITH toDateTime(\'2026-07-26 00:00:00\', \'UTC\') AS t0,      (SELECT max(hour_boundary) FROM sony.concurrency_hourly_checkpoint        WHERE hour_boundary <= t0  AND platform = \'ANDROID_PHONE\') AS anchor SELECT     toString(ifNull(anchor, toDateTime(0, \'UTC\'))) AS anchor_ts,     ifNull((SELECT sum(con
2026-08-01 16:23:15	47	59240	4066252	1	 WITH toDateTime(\'2026-07-26 00:00:00\', \'UTC\') AS t0 SELECT max(c) AS peak, toString(argMax(minute, c)) AS peak_minute, round(avg(c), 4) AS avg_c FROM (     SELECT minute, 1 + sum(d) OVER (ORDER BY minute) AS c     FROM (         SELECT minute, sum(delta) AS d         FROM sony.concurrency_delta_all
2026-08-01 16:23:15	28	21547	1917337	1	 WITH toDateTime(\'2026-07-26 00:00:00\', \'UTC\') AS t0,      (SELECT max(hour_boundary) FROM sony.concurrency_hourly_checkpoint        WHERE hour_boundary <= t0  AND platform = \'ANDROID_PHONE\') AS anchor SELECT     toString(ifNull(anchor, toDateTime(0, \'UTC\'))) AS anchor_ts,     ifNull((SELECT sum(con
2026-08-01 16:23:15	38	59240	4066252	1	 WITH toDateTime(\'2026-07-26 00:00:00\', \'UTC\') AS t0 SELECT max(c) AS peak, toString(argMax(minute, c)) AS peak_minute, round(avg(c), 4) AS avg_c FROM (     SELECT minute, 1 + sum(d) OVER (ORDER BY minute) AS c     FROM (         SELECT minute, sum(delta) AS d         FROM sony.concurrency_delta_all
2026-08-01 16:23:15	19	21547	1917337	1	 WITH toDateTime(\'2026-07-26 00:00:00\', \'UTC\') AS t0,      (SELECT max(hour_boundary) FROM sony.concurrency_hourly_checkpoint        WHERE hour_boundary <= t0  AND platform = \'ANDROID_PHONE\') AS anchor SELECT     toString(ifNull(anchor, toDateTime(0, \'UTC\'))) AS anchor_ts,     ifNull((SELECT sum(con
2026-08-01 16:23:15	36	59240	4066252	1	 WITH toDateTime(\'2026-07-26 00:00:00\', \'UTC\') AS t0 SELECT max(c) AS peak, toString(argMax(minute, c)) AS peak_minute, round(avg(c), 4) AS avg_c FROM (     SELECT minute, 1 + sum(d) OVER (ORDER BY minute) AS c     FROM (         SELECT minute, sum(delta) AS d         FROM sony.concurrency_delta_all
2026-08-01 16:23:15	41	60060	4053888	1	 WITH toDateTime(\'2026-07-26 10:00:00\', \'UTC\') AS t0, toDateTime(\'2026-07-26 11:00:00\', \'UTC\') AS t1 SELECT max(c) AS peak, toString(argMax(minute, c)) AS peak_minute, round(avg(c), 4) AS avg_c FROM (     SELECT minute, sum(d) OVER (ORDER BY minute) AS c     FROM (         SELECT minute, sum(delta) 
2026-08-01 16:23:15	40	60060	4053888	1	 WITH toDateTime(\'2026-07-26 10:00:00\', \'UTC\') AS t0, toDateTime(\'2026-07-26 11:00:00\', \'UTC\') AS t1 SELECT max(c) AS peak, toString(argMax(minute, c)) AS peak_minute, round(avg(c), 4) AS avg_c FROM (     SELECT minute, sum(d) OVER (ORDER BY minute) AS c     FROM (         SELECT minute, sum(delta) 
2026-08-01 16:23:15	37	60060	4053888	1	 WITH toDateTime(\'2026-07-26 10:00:00\', \'UTC\') AS t0, toDateTime(\'2026-07-26 11:00:00\', \'UTC\') AS t1 SELECT max(c) AS peak, toString(argMax(minute, c)) AS peak_minute, round(avg(c), 4) AS avg_c FROM (     SELECT minute, sum(d) OVER (ORDER BY minute) AS c     FROM (         SELECT minute, sum(delta) 
2026-08-01 16:23:15	16	21547	1894898	1	 WITH toDateTime(\'2026-07-26 10:00:00\', \'UTC\') AS t0,      (SELECT max(hour_boundary) FROM sony.concurrency_hourly_checkpoint        WHERE hour_boundary <= t0 ) AS anchor SELECT     toString(ifNull(anchor, toDateTime(0, \'UTC\'))) AS anchor_ts,     ifNull((SELECT sum(concurrency) FROM sony.concurrency
2026-08-01 16:23:15	69	58189	4038920	1	 WITH toDateTime(\'2026-07-26 10:00:00\', \'UTC\') AS t0 SELECT max(c) AS peak, toString(argMax(minute, c)) AS peak_minute, round(avg(c), 4) AS avg_c FROM (     SELECT minute, 58 + sum(d) OVER (ORDER BY minute) AS c     FROM (         SELECT minute, sum(delta) AS d         FROM sony.concurrency_delta_al
2026-08-01 16:23:15	21	21547	1894898	1	 WITH toDateTime(\'2026-07-26 10:00:00\', \'UTC\') AS t0,      (SELECT max(hour_boundary) FROM sony.concurrency_hourly_checkpoint        WHERE hour_boundary <= t0 ) AS anchor SELECT     toString(ifNull(anchor, toDateTime(0, \'UTC\'))) AS anchor_ts,     ifNull((SELECT sum(concurrency) FROM sony.concurrency
2026-08-01 16:23:16	25	21547	1894898	1	 WITH toDateTime(\'2026-07-26 10:00:00\', \'UTC\') AS t0,      (SELECT max(hour_boundary) FROM sony.concurrency_hourly_checkpoint        WHERE hour_boundary <= t0 ) AS anchor SELECT     toString(ifNull(anchor, toDateTime(0, \'UTC\'))) AS anchor_ts,     ifNull((SELECT sum(concurrency) FROM sony.concurrency
2026-08-01 16:23:16	34	58189	4038920	1	 WITH toDateTime(\'2026-07-26 10:00:00\', \'UTC\') AS t0 SELECT max(c) AS peak, toString(argMax(minute, c)) AS peak_minute, round(avg(c), 4) AS avg_c FROM (     SELECT minute, 58 + sum(d) OVER (ORDER BY minute) AS c     FROM (         SELECT minute, sum(delta) AS d         FROM sony.concurrency_delta_al
2026-08-01 16:23:16	42	58189	4038920	1	 WITH toDateTime(\'2026-07-26 10:00:00\', \'UTC\') AS t0 SELECT max(c) AS peak, toString(argMax(minute, c)) AS peak_minute, round(avg(c), 4) AS avg_c FROM (     SELECT minute, 58 + sum(d) OVER (ORDER BY minute) AS c     FROM (         SELECT minute, sum(delta) AS d         FROM sony.concurrency_delta_al
2026-08-01 16:23:20	21	20298	1887405	20298	SELECT video_session_id, active_start_ms, active_end_ms FROM sony.session_active_intervals FINAL FORMAT TabSeparated 
