"content_id","video_session_id","user_id","event_type","event","event_timestamp","platform","app_version","country","audio_language","subtitle_language","player_version","session_start_epoch"
90000004,"open-02","user-011","VideoSessionStart","VideoSessionStart",1785693600000,"IPHONE","4.1.0","singapore","eng","unk","2.0.1",1785693600000
90000004,"open-02","user-011","VideoHeartbeat","Seek",1785693640000,"IPHONE","4.1.0","singapore","eng","unk","2.0.1",1785693600000
90000004,"open-02","user-011","VideoHeartbeat","BufferStart",1785693680000,"IPHONE","4.1.0","singapore","eng","unk","2.0.1",1785693600000
90000004,"open-02","user-011","VideoHeartbeat","BufferEnd",1785693720000,"IPHONE","4.1.0","singapore","eng","unk","2.0.1",1785693600000
90000004,"open-02","user-011","VideoHeartbeat","Seek",1785693760000,"IPHONE","4.1.0","singapore","eng","unk","2.0.1",1785693600000
90000005,"dupstart-02","user-021","VideoSessionStart","VideoSessionStart",1785693780000,"IPHONE","4.1.0","unknown","eng","unk","2.0.1",1785693780000
90000005,"dupstart-02","user-021","VideoSessionStart","VideoSessionStart",1785693780000,"IPHONE","4.1.0","unknown","eng","unk","2.0.1",1785693780000
90000001,"gap-01","user-018","VideoSessionStart","VideoSessionStart",1785693780000,"SONY_ANDROID_TV","4.1.0","india","tam","eng","2.0.1",1785693780000
90000005,"dupstart-02","user-021","VideoPlay","Play",1785693781500,"IPHONE","4.1.0","unknown","eng","unk","2.0.1",1785693780000
90000001,"gap-01","user-018","VideoPlay","Play",1785693781500,"SONY_ANDROID_TV","4.1.0","india","tam","eng","2.0.1",1785693780000
90000004,"open-02","user-011","VideoHeartbeat","BufferEnd",1785693800000,"IPHONE","4.1.0","singapore","eng","unk","2.0.1",1785693600000
90000005,"dupstart-02","user-021","VideoHeartbeat","Seek",1785693820000,"IPHONE","4.1.0","unknown","eng","unk","2.0.1",1785693780000
90000001,"gap-01","user-018","VideoHeartbeat","Seek",1785693820000,"SONY_ANDROID_TV","4.1.0","india","tam","eng","2.0.1",1785693780000
90000002,"plain-02","user-017","VideoSessionStart","VideoSessionStart",1785693840000,"IPHONE","4.1.0","india","eng","unk","2.0.1",1785693840000
90000003,"plain-03","user-008","VideoSessionStart","VideoSessionStart",1785693840000,"SONY_ANDROID_TV","4.1.0","india","tam","eng","2.0.1",1785693840000
90000002,"plain-07","user-006","VideoSessionStart","VideoSessionStart",1785693840000,"ANDROID_PHONE","4.1.0","india","hin","OFF","2.0.1",1785693840000
90000004,"open-02","user-011","VideoHeartbeat","BufferStart",1785693840000,"IPHONE","4.1.0","singapore","eng","unk","2.0.1",1785693600000
90000002,"error-01","user-033","VideoSessionStart","VideoSessionStart",1785693840000,"SONY_ANDROID_TV","4.1.0","india","tam","eng","2.0.1",1785693840000
90000002,"plain-02","user-017","VideoPlay","Play",1785693841500,"IPHONE","4.1.0","india","eng","unk","2.0.1",1785693840000
90000003,"plain-03","user-008","VideoPlay","Play",1785693841500,"SONY_ANDROID_TV","4.1.0","india","tam","eng","2.0.1",1785693840000
90000002,"plain-07","user-006","VideoPlay","Play",1785693841500,"ANDROID_PHONE","4.1.0","india","hin","OFF","2.0.1",1785693840000
90000005,"dupstart-02","user-021","VideoHeartbeat","upshift",1785693860000,"IPHONE","4.1.0","unknown","eng","unk","2.0.1",1785693780000
90000005,"dupstart-02","user-021","VideoHeartbeat","network-activity",1785693860000,"IPHONE","4.1.0","unknown","eng","unk","2.0.1",1785693780000
90000001,"gap-01","user-018","VideoHeartbeat","video-resize",1785693860000,"SONY_ANDROID_TV","4.1.0","india","tam","eng","2.0.1",1785693780000
90000002,"plain-02","user-017","VideoHeartbeat","upshift",1785693880000,"IPHONE","4.1.0","india","eng","unk","2.0.1",1785693840000
90000003,"plain-03","user-008","VideoHeartbeat","video-resize",1785693880000,"SONY_ANDROID_TV","4.1.0","india","tam","eng","2.0.1",1785693840000
90000003,"plain-03","user-008","VideoHeartbeat","network-activity",1785693880000,"SONY_ANDROID_TV","4.1.0","india","tam","eng","2.0.1",1785693840000
90000002,"plain-07","user-006","VideoHeartbeat","Seek",1785693880000,"ANDROID_PHONE","4.1.0","india","hin","OFF","2.0.1",1785693840000
90000004,"open-02","user-011","VideoHeartbeat","Seek",1785693880000,"IPHONE","4.1.0","singapore","eng","unk","2.0.1",1785693600000
90000004,"open-02","user-011","VideoHeartbeat","Seek",1785693880000,"IPHONE","4.1.0","singapore","eng","unk","2.0.1",1785693600000
90000002,"error-01","user-033","VideoHeartbeat","upshift",1785693880000,"SONY_ANDROID_TV","4.1.0","india","tam","eng","2.0.1",1785693840000
90000002,"error-01","user-033","VideoHeartbeat","buffer-health",1785693880000,"SONY_ANDROID_TV","4.1.0","india","tam","eng","2.0.1",1785693840000
90000005,"dupstart-02","user-021","VideoHeartbeat","Seek",1785693900000,"IPHONE","4.1.0","unknown","eng","unk","2.0.1",1785693780000
90000003,"pause-01","user-006","VideoSessionStart","VideoSessionStart",1785693900000,"FIRE_TV","4.1.0","india","eng","unk","2.0.1",1785693900000
90000002,"bgonly-01","user-030","VideoPlay","Play",1785693901500,"FIRE_TV","4.1.0","india","eng","unk","2.0.1",1785693900000
90000003,"pause-01","user-006","VideoPlay","Play",1785693901500,"FIRE_TV","4.1.0","india","eng","unk","2.0.1",1785693900000
90000002,"plain-02","user-017","VideoHeartbeat","BufferStart",1785693920000,"IPHONE","4.1.0","india","eng","unk","2.0.1",1785693840000
90000003,"plain-03","user-008","VideoHeartbeat","buffer-health",1785693920000,"SONY_ANDROID_TV","4.1.0","india","tam","eng","2.0.1",1785693840000
90000002,"plain-07","user-006","VideoHeartbeat","BufferEnd",1785693920000,"ANDROID_PHONE","4.1.0","india","hin","OFF","2.0.1",1785693840000
90000004,"open-02","user-011","VideoHeartbeat","Seek",1785693920000,"IPHONE","4.1.0","singapore","eng","unk","2.0.1",1785693600000
90000002,"error-01","user-033","VideoHeartbeat","video-resize",1785693920000,"SONY_ANDROID_TV","4.1.0","india","tam","eng","2.0.1",1785693840000
90000002,"bgonly-01","user-030","VideoHeartbeat","upshift",1785693940000,"FIRE_TV","4.1.0","india","eng","unk","2.0.1",1785693900000
90000005,"dupstart-02","user-021","VideoHeartbeat","upshift",1785693940000,"IPHONE","4.1.0","unknown","eng","unk","2.0.1",1785693780000
90000001,"gap-01","user-018","VideoHeartbeat","BufferStart",1785693940000,"SONY_ANDROID_TV","4.1.0","india","tam","eng","2.0.1",1785693780000
90000001,"gap-01","user-018","VideoHeartbeat","video-resize",1785693940000,"SONY_ANDROID_TV","4.1.0","india","tam","eng","2.0.1",1785693780000
90000003,"pause-01","user-006","VideoHeartbeat","upshift",1785693940000,"FIRE_TV","4.1.0","india","eng","unk","2.0.1",1785693900000
90000002,"plain-02","user-017","VideoHeartbeat","video-resize",1785693960000,"IPHONE","4.1.0","india","eng","unk","2.0.1",1785693840000
90000003,"plain-03","user-008","VideoHeartbeat","Seek",1785693960000,"SONY_ANDROID_TV","4.1.0","india","tam","eng","2.0.1",1785693840000
90000002,"plain-07","user-006","VideoHeartbeat","BufferStart",1785693960000,"ANDROID_PHONE","4.1.0","india","hin","OFF","2.0.1",1785693840000
90000002,"plain-07","user-006","VideoHeartbeat","upshift",1785693960000,"ANDROID_PHONE","4.1.0","india","hin","OFF","2.0.1",1785693840000
90000004,"plain-09","user-024","VideoSessionStart","VideoSessionStart",1785693960000,"SONY_ANDROID_TV","4.1.0","singapore","tam","eng","2.0.1",1785693960000
90000004,"open-02","user-011","VideoHeartbeat","BufferEnd",1785693960000,"IPHONE","4.1.0","singapore","eng","unk","2.0.1",1785693600000
90000004,"open-02","user-011","VideoHeartbeat","Seek",1785693960000,"IPHONE","4.1.0","singapore","eng","unk","2.0.1",1785693600000
90000001,"open-04","user-021","VideoSessionStart","VideoSessionStart",1785693960000,"Mweb","4.1.0","india","hin","OFF","2.0.1",1785693960000
90000002,"error-01","user-033","VideoHeartbeat","BufferEnd",1785693960000,"SONY_ANDROID_TV","4.1.0","india","tam","eng","2.0.1",1785693840000
90000004,"plain-09","user-024","VideoPlay","Play",1785693961500,"SONY_ANDROID_TV","4.1.0","singapore","tam","eng","2.0.1",1785693960000
90000001,"open-04","user-021","VideoPlay","Play",1785693961500,"Mweb","4.1.0","india","hin","OFF","2.0.1",1785693960000
90000002,"bgonly-01","user-030","VideoHeartbeat","video-resize",1785693980000,"FIRE_TV","4.1.0","india","eng","unk","2.0.1",1785693900000
90000002,"bgonly-01","user-030","VideoHeartbeat","video-resize",1785693980000,"FIRE_TV","4.1.0","india","eng","unk","2.0.1",1785693900000
90000005,"dupstart-02","user-021","VideoHeartbeat","BufferEnd",1785693980000,"IPHONE","4.1.0","unknown","eng","unk","2.0.1",1785693780000
90000001,"gap-01","user-018","VideoHeartbeat","network-activity",1785693980000,"SONY_ANDROID_TV","4.1.0","india","tam","eng","2.0.1",1785693780000
90000003,"pause-01","user-006","VideoHeartbeat","Seek",1785693980000,"FIRE_TV","4.1.0","india","eng","unk","2.0.1",1785693900000
90000002,"plain-02","user-017","VideoHeartbeat","buffer-health",1785694000000,"IPHONE","4.1.0","india","eng","unk","2.0.1",1785693840000
90000003,"plain-03","user-008","VideoHeartbeat","BufferStart",1785694000000,"SONY_ANDROID_TV","4.1.0","india","tam","eng","2.0.1",1785693840000
90000002,"plain-07","user-006","VideoHeartbeat","upshift",1785694000000,"ANDROID_PHONE","4.1.0","india","hin","OFF","2.0.1",1785693840000
90000004,"plain-09","user-024","VideoHeartbeat","network-activity",1785694000000,"SONY_ANDROID_TV","4.1.0","singapore","tam","eng","2.0.1",1785693960000
90000004,"open-02","user-011","VideoHeartbeat","buffer-health",1785694000000,"IPHONE","4.1.0","singapore","eng","unk","2.0.1",1785693600000
90000001,"open-04","user-021","VideoHeartbeat","BufferStart",1785694000000,"Mweb","4.1.0","india","hin","OFF","2.0.1",1785693960000
90000002,"error-01","user-033","VideoHeartbeat","Seek",1785694000000,"SONY_ANDROID_TV","4.1.0","india","tam","eng","2.0.1",1785693840000
90000002,"error-01","user-033","VideoError","VideoError",1785694006000,"SONY_ANDROID_TV","4.1.0","india","tam","eng","2.0.1",1785693840000
90000001,"plain-01","user-036","VideoSessionStart","VideoSessionStart",1785694020000,"ANDROID_PHONE","4.1.0","india","hin","OFF","2.0.1",1785694020000
90000003,"plain-08","user-034","VideoSessionStart","VideoSessionStart",1785694020000,"IPHONE","4.1.0","india","eng","unk","2.0.1",1785694020000
90000002,"bgonly-01","user-030","VideoHeartbeat","upshift",1785694020000,"FIRE_TV","4.1.0","india","eng","unk","2.0.1",1785693900000
90000002,"bgonly-01","user-030","VideoHeartbeat","Seek",1785694020000,"FIRE_TV","4.1.0","india","eng","unk","2.0.1",1785693900000
90000004,"dupstart-01","user-011","VideoSessionStart","VideoSessionStart",1785694020000,"ANDROID_PHONE","4.1.0","singapore","hin","OFF","2.0.1",1785694020000
90000004,"dupstart-01","user-011","VideoSessionStart","VideoSessionStart",1785694020000,"ANDROID_PHONE","4.1.0","singapore","hin","OFF","2.0.1",1785694020000
90000005,"dupstart-02","user-021","VideoHeartbeat","buffer-health",1785694020000,"IPHONE","4.1.0","unknown","eng","unk","2.0.1",1785693780000
90000005,"dupstart-02","user-021","VideoHeartbeat","network-activity",1785694020000,"IPHONE","4.1.0","unknown","eng","unk","2.0.1",1785693780000
90000001,"gap-01","user-018","VideoHeartbeat","BufferStart",1785694020000,"SONY_ANDROID_TV","4.1.0","india","tam","eng","2.0.1",1785693780000
90000003,"pause-01","user-006","VideoHeartbeat","BufferEnd",1785694020000,"FIRE_TV","4.1.0","india","eng","unk","2.0.1",1785693900000
90000001,"plain-01","user-036","VideoPlay","Play",1785694021500,"ANDROID_PHONE","4.1.0","india","hin","OFF","2.0.1",1785694020000
90000003,"plain-08","user-034","VideoPlay","Play",1785694021500,"IPHONE","4.1.0","india","eng","unk","2.0.1",1785694020000
90000004,"dupstart-01","user-011","VideoPlay","Play",1785694021500,"ANDROID_PHONE","4.1.0","singapore","hin","OFF","2.0.1",1785694020000
90000002,"plain-02","user-017","VideoHeartbeat","network-activity",1785694040000,"IPHONE","4.1.0","india","eng","unk","2.0.1",1785693840000
90000002,"plain-07","user-006","VideoHeartbeat","Seek",1785694040000,"ANDROID_PHONE","4.1.0","india","hin","OFF","2.0.1",1785693840000
90000004,"plain-09","user-024","VideoHeartbeat","buffer-health",1785694040000,"SONY_ANDROID_TV","4.1.0","singapore","tam","eng","2.0.1",1785693960000
90000004,"open-02","user-011","VideoHeartbeat","network-activity",1785694040000,"IPHONE","4.1.0","singapore","eng","unk","2.0.1",1785693600000
90000004,"open-02","user-011","VideoHeartbeat","video-resize",1785694040000,"IPHONE","4.1.0","singapore","eng","unk","2.0.1",1785693600000
90000001,"open-04","user-021","VideoHeartbeat","buffer-health",1785694040000,"Mweb","4.1.0","india","hin","OFF","2.0.1",1785693960000
90000001,"plain-01","user-036","VideoHeartbeat","buffer-health",1785694060000,"ANDROID_PHONE","4.1.0","india","hin","OFF","2.0.1",1785694020000
90000001,"plain-01","user-036","VideoHeartbeat","upshift",1785694060000,"ANDROID_PHONE","4.1.0","india","hin","OFF","2.0.1",1785694020000
90000003,"plain-08","user-034","VideoHeartbeat","buffer-health",1785694060000,"IPHONE","4.1.0","india","eng","unk","2.0.1",1785694020000
90000002,"bgonly-01","user-030","VideoHeartbeat","BufferEnd",1785694060000,"FIRE_TV","4.1.0","india","eng","unk","2.0.1",1785693900000
90000004,"dupstart-01","user-011","VideoHeartbeat","BufferStart",1785694060000,"ANDROID_PHONE","4.1.0","singapore","hin","OFF","2.0.1",1785694020000
90000003,"pause-01","user-006","VideoHeartbeat","network-activity",1785694060000,"FIRE_TV","4.1.0","india","eng","unk","2.0.1",1785693900000
90000002,"plain-02","user-017","VideoHeartbeat","BufferStart",1785694080000,"IPHONE","4.1.0","india","eng","unk","2.0.1",1785693840000
90000003,"plain-03","user-008","VideoHeartbeat","buffer-health",1785694080000,"SONY_ANDROID_TV","4.1.0","india","tam","eng","2.0.1",1785693840000
90000002,"plain-07","user-006","VideoHeartbeat","Seek",1785694080000,"ANDROID_PHONE","4.1.0","india","hin","OFF","2.0.1",1785693840000
90000004,"plain-09","user-024","VideoHeartbeat","upshift",1785694080000,"SONY_ANDROID_TV","4.1.0","singapore","tam","eng","2.0.1",1785693960000
90000005,"plain-10","user-004","VideoSessionStart","VideoSessionStart",1785694080000,"Mweb","4.1.0","unknown","hin","OFF","2.0.1",1785694080000
90000004,"open-02","user-011","VideoHeartbeat","Seek",1785694080000,"IPHONE","4.1.0","singapore","eng","unk","2.0.1",1785693600000
90000005,"plain-10","user-004","VideoPlay","Play",1785694081500,"Mweb","4.1.0","unknown","hin","OFF","2.0.1",1785694080000
90000001,"plain-01","user-036","VideoHeartbeat","Seek",1785694100000,"ANDROID_PHONE","4.1.0","india","hin","OFF","2.0.1",1785694020000
90000003,"plain-08","user-034","VideoHeartbeat","buffer-health",1785694100000,"IPHONE","4.1.0","india","eng","unk","2.0.1",1785694020000
90000002,"bgonly-01","user-030","VideoHeartbeat","video-resize",1785694100000,"FIRE_TV","4.1.0","india","eng","unk","2.0.1",1785693900000
90000004,"dupstart-01","user-011","VideoHeartbeat","BufferStart",1785694100000,"ANDROID_PHONE","4.1.0","singapore","hin","OFF","2.0.1",1785694020000
90000005,"dupstart-02","user-021","VideoHeartbeat","network-activity",1785694100000,"IPHONE","4.1.0","unknown","eng","unk","2.0.1",1785693780000
90000003,"pause-01","user-006","VideoHeartbeat","upshift",1785694100000,"FIRE_TV","4.1.0","india","eng","unk","2.0.1",1785693900000
90000003,"pause-01","user-006","VideoHeartbeat","network-activity",1785694100000,"FIRE_TV","4.1.0","india","eng","unk","2.0.1",1785693900000
90000002,"plain-02","user-017","VideoHeartbeat","buffer-health",1785694120000,"IPHONE","4.1.0","india","eng","unk","2.0.1",1785693840000
90000002,"plain-07","user-006","VideoHeartbeat","video-resize",1785694120000,"ANDROID_PHONE","4.1.0","india","hin","OFF","2.0.1",1785693840000
90000002,"plain-07","user-006","VideoHeartbeat","upshift",1785694120000,"ANDROID_PHONE","4.1.0","india","hin","OFF","2.0.1",1785693840000
90000004,"plain-09","user-024","VideoHeartbeat","network-activity",1785694120000,"SONY_ANDROID_TV","4.1.0","singapore","tam","eng","2.0.1",1785693960000
90000005,"plain-10","user-004","VideoHeartbeat","network-activity",1785694120000,"Mweb","4.1.0","unknown","hin","OFF","2.0.1",1785694080000
90000004,"open-02","user-011","VideoHeartbeat","BufferEnd",1785694120000,"IPHONE","4.1.0","singapore","eng","unk","2.0.1",1785693600000
90000001,"open-04","user-021","VideoHeartbeat","upshift",1785694120000,"Mweb","4.1.0","india","hin","OFF","2.0.1",1785693960000
90000003,"pause-01","user-006","VideoHeartbeat","pause",1785694120000,"FIRE_TV","4.1.0","india","eng","unk","2.0.1",1785693900000
90000001,"plain-01","user-036","VideoHeartbeat","BufferStart",1785694140000,"ANDROID_PHONE","4.1.0","india","hin","OFF","2.0.1",1785694020000
90000001,"plain-01","user-036","VideoHeartbeat","upshift",1785694140000,"ANDROID_PHONE","4.1.0","india","hin","OFF","2.0.1",1785694020000
90000003,"plain-08","user-034","VideoHeartbeat","network-activity",1785694140000,"IPHONE","4.1.0","india","eng","unk","2.0.1",1785694020000
90000002,"bgonly-01","user-030","VideoHeartbeat","video-resize",1785694140000,"FIRE_TV","4.1.0","india","eng","unk","2.0.1",1785693900000
90000003,"bgonly-02","user-034","VideoSessionStart","VideoSessionStart",1785694140000,"VISION_PRO","4.1.0","india","tam","eng","2.0.1",1785694140000
90000004,"dupstart-01","user-011","VideoHeartbeat","buffer-health",1785694140000,"ANDROID_PHONE","4.1.0","singapore","hin","OFF","2.0.1",1785694020000
90000003,"bgonly-02","user-034","VideoPlay","Play",1785694141500,"VISION_PRO","4.1.0","india","tam","eng","2.0.1",1785694140000
90000002,"plain-02","user-017","VideoHeartbeat","network-activity",1785694160000,"IPHONE","4.1.0","india","eng","unk","2.0.1",1785693840000
90000004,"plain-09","user-024","VideoHeartbeat","BufferStart",1785694160000,"SONY_ANDROID_TV","4.1.0","singapore","tam","eng","2.0.1",1785693960000
90000005,"plain-10","user-004","VideoHeartbeat","upshift",1785694160000,"Mweb","4.1.0","unknown","hin","OFF","2.0.1",1785694080000
90000004,"open-02","user-011","VideoHeartbeat","BufferEnd",1785694160000,"IPHONE","4.1.0","singapore","eng","unk","2.0.1",1785693600000
90000001,"open-04","user-021","VideoHeartbeat","network-activity",1785694160000,"Mweb","4.1.0","india","hin","OFF","2.0.1",1785693960000
90000001,"plain-01","user-036","VideoHeartbeat","upshift",1785694180000,"ANDROID_PHONE","4.1.0","india","hin","OFF","2.0.1",1785694020000
90000001,"plain-01","user-036","VideoHeartbeat","network-activity",1785694180000,"ANDROID_PHONE","4.1.0","india","hin","OFF","2.0.1",1785694020000
90000003,"plain-08","user-034","VideoHeartbeat","Seek",1785694180000,"IPHONE","4.1.0","india","eng","unk","2.0.1",1785694020000
90000003,"plain-08","user-034","VideoHeartbeat","BufferEnd",1785694180000,"IPHONE","4.1.0","india","eng","unk","2.0.1",1785694020000
90000002,"bgonly-01","user-030","VideoHeartbeat","buffer-health",1785694180000,"FIRE_TV","4.1.0","india","eng","unk","2.0.1",1785693900000
90000003,"bgonly-02","user-034","VideoHeartbeat","video-resize",1785694180000,"VISION_PRO","4.1.0","india","tam","eng","2.0.1",1785694140000
90000004,"dupstart-01","user-011","VideoHeartbeat","video-resize",1785694180000,"ANDROID_PHONE","4.1.0","singapore","hin","OFF","2.0.1",1785694020000
90000005,"dupstart-02","user-021","VideoHeartbeat","buffer-health",1785694180000,"IPHONE","4.1.0","unknown","eng","unk","2.0.1",1785693780000
90000005,"dupstart-02","user-021","VideoHeartbeat","buffer-health",1785694180000,"IPHONE","4.1.0","unknown","eng","unk","2.0.1",1785693780000
90000003,"pause-01","user-006","VideoHeartbeat","resume",1785694180000,"FIRE_TV","4.1.0","india","eng","unk","2.0.1",1785693900000
90000002,"plain-02","user-017","VideoHeartbeat","Seek",1785694200000,"IPHONE","4.1.0","india","eng","unk","2.0.1",1785693840000
90000003,"plain-03","user-008","VideoHeartbeat","upshift",1785694200000,"SONY_ANDROID_TV","4.1.0","india","tam","eng","2.0.1",1785693840000
90000002,"plain-07","user-006","VideoHeartbeat","BufferStart",1785694200000,"ANDROID_PHONE","4.1.0","india","hin","OFF","2.0.1",1785693840000
90000004,"plain-09","user-024","VideoHeartbeat","upshift",1785694200000,"SONY_ANDROID_TV","4.1.0","singapore","tam","eng","2.0.1",1785693960000
90000004,"plain-09","user-024","VideoHeartbeat","upshift",1785694200000,"SONY_ANDROID_TV","4.1.0","singapore","tam","eng","2.0.1",1785693960000
90000005,"plain-10","user-004","VideoHeartbeat","BufferStart",1785694200000,"Mweb","4.1.0","unknown","hin","OFF","2.0.1",1785694080000
90000004,"open-02","user-011","VideoHeartbeat","Seek",1785694200000,"IPHONE","4.1.0","singapore","eng","unk","2.0.1",1785693600000
90000004,"open-02","user-011","VideoHeartbeat","BufferStart",1785694200000,"IPHONE","4.1.0","singapore","eng","unk","2.0.1",1785693600000
90000001,"open-04","user-021","VideoHeartbeat","video-resize",1785694200000,"Mweb","4.1.0","india","hin","OFF","2.0.1",1785693960000
90000001,"open-04","user-021","VideoHeartbeat","upshift",1785694200000,"Mweb","4.1.0","india","hin","OFF","2.0.1",1785693960000
90000001,"plain-01","user-036","VideoHeartbeat","buffer-health",1785694220000,"ANDROID_PHONE","4.1.0","india","hin","OFF","2.0.1",1785694020000
90000003,"plain-08","user-034","VideoHeartbeat","video-resize",1785694220000,"IPHONE","4.1.0","india","eng","unk","2.0.1",1785694020000
90000002,"bgonly-01","user-030","AppBackgrounded","AppBackgrounded",1785694220000,"FIRE_TV","4.1.0","india","eng","unk","2.0.1",1785693900000
90000003,"bgonly-02","user-034","VideoHeartbeat","Seek",1785694220000,"VISION_PRO","4.1.0","india","tam","eng","2.0.1",1785694140000
90000003,"bgonly-02","user-034","VideoHeartbeat","BufferStart",1785694220000,"VISION_PRO","4.1.0","india","tam","eng","2.0.1",1785694140000
90000004,"dupstart-01","user-011","VideoHeartbeat","video-resize",1785694220000,"ANDROID_PHONE","4.1.0","singapore","hin","OFF","2.0.1",1785694020000
90000005,"dupstart-02","user-021","VideoHeartbeat","BufferStart",1785694220000,"IPHONE","4.1.0","unknown","eng","unk","2.0.1",1785693780000
90000003,"pause-01","user-006","VideoHeartbeat","buffer-health",1785694220000,"FIRE_TV","4.1.0","india","eng","unk","2.0.1",1785693900000
90000002,"plain-02","user-017","VideoHeartbeat","upshift",1785694240000,"IPHONE","4.1.0","india","eng","unk","2.0.1",1785693840000
90000002,"plain-02","user-017","VideoHeartbeat","Seek",1785694240000,"IPHONE","4.1.0","india","eng","unk","2.0.1",1785693840000
90000003,"plain-03","user-008","VideoHeartbeat","video-resize",1785694240000,"SONY_ANDROID_TV","4.1.0","india","tam","eng","2.0.1",1785693840000
90000003,"plain-03","user-008","VideoHeartbeat","Seek",1785694240000,"SONY_ANDROID_TV","4.1.0","india","tam","eng","2.0.1",1785693840000
90000002,"plain-07","user-006","VideoHeartbeat","upshift",1785694240000,"ANDROID_PHONE","4.1.0","india","hin","OFF","2.0.1",1785693840000
90000004,"plain-09","user-024","VideoHeartbeat","network-activity",1785694240000,"SONY_ANDROID_TV","4.1.0","singapore","tam","eng","2.0.1",1785693960000
90000005,"plain-10","user-004","VideoHeartbeat","BufferStart",1785694240000,"Mweb","4.1.0","unknown","hin","OFF","2.0.1",1785694080000
90000004,"open-02","user-011","VideoHeartbeat","Seek",1785694240000,"IPHONE","4.1.0","singapore","eng","unk","2.0.1",1785693600000
90000001,"open-04","user-021","VideoHeartbeat","BufferStart",1785694240000,"Mweb","4.1.0","india","hin","OFF","2.0.1",1785693960000
90000002,"plain-02","user-017","VideoSessionEnd","VideoSessionEnd",1785694245000,"IPHONE","4.1.0","india","eng","unk","2.0.1",1785693840000
90000001,"plain-01","user-036","VideoHeartbeat","network-activity",1785694260000,"ANDROID_PHONE","4.1.0","india","hin","OFF","2.0.1",1785694020000
90000001,"plain-01","user-036","VideoHeartbeat","BufferEnd",1785694260000,"ANDROID_PHONE","4.1.0","india","hin","OFF","2.0.1",1785694020000
90000003,"plain-08","user-034","VideoHeartbeat","BufferStart",1785694260000,"IPHONE","4.1.0","india","eng","unk","2.0.1",1785694020000
90000002,"bgonly-01","user-030","VideoHeartbeat","upshift",1785694260000,"FIRE_TV","4.1.0","india","eng","unk","2.0.1",1785693900000
90000003,"bgonly-02","user-034","VideoHeartbeat","network-activity",1785694260000,"VISION_PRO","4.1.0","india","tam","eng","2.0.1",1785694140000
90000004,"dupstart-01","user-011","VideoHeartbeat","BufferStart",1785694260000,"ANDROID_PHONE","4.1.0","singapore","hin","OFF","2.0.1",1785694020000
90000005,"dupstart-02","user-021","VideoHeartbeat","network-activity",1785694260000,"IPHONE","4.1.0","unknown","eng","unk","2.0.1",1785693780000
90000005,"dupstart-02","user-021","VideoHeartbeat","buffer-health",1785694260000,"IPHONE","4.1.0","unknown","eng","unk","2.0.1",1785693780000
90000002,"gap-02","user-033","VideoSessionStart","VideoSessionStart",1785694260000,"Mweb","4.1.0","india","hin","OFF","2.0.1",1785694260000
90000003,"pause-01","user-006","VideoHeartbeat","upshift",1785694260000,"FIRE_TV","4.1.0","india","eng","unk","2.0.1",1785693900000
90000002,"gap-02","user-033","VideoPlay","Play",1785694261500,"Mweb","4.1.0","india","hin","OFF","2.0.1",1785694260000
90000003,"plain-03","user-008","VideoHeartbeat","Seek",1785694280000,"SONY_ANDROID_TV","4.1.0","india","tam","eng","2.0.1",1785693840000
90000002,"plain-07","user-006","VideoHeartbeat","upshift",1785694280000,"ANDROID_PHONE","4.1.0","india","hin","OFF","2.0.1",1785693840000
90000002,"plain-07","user-006","VideoHeartbeat","buffer-health",1785694280000,"ANDROID_PHONE","4.1.0","india","hin","OFF","2.0.1",1785693840000
90000004,"plain-09","user-024","VideoHeartbeat","Seek",1785694280000,"SONY_ANDROID_TV","4.1.0","singapore","tam","eng","2.0.1",1785693960000
90000005,"plain-10","user-004","VideoHeartbeat","buffer-health",1785694280000,"Mweb","4.1.0","unknown","hin","OFF","2.0.1",1785694080000
90000004,"open-02","user-011","VideoHeartbeat","network-activity",1785694280000,"IPHONE","4.1.0","singapore","eng","unk","2.0.1",1785693600000
90000001,"open-04","user-021","VideoHeartbeat","buffer-health",1785694280000,"Mweb","4.1.0","india","hin","OFF","2.0.1",1785693960000
90000001,"plain-01","user-036","VideoHeartbeat","upshift",1785694300000,"ANDROID_PHONE","4.1.0","india","hin","OFF","2.0.1",1785694020000
90000003,"plain-08","user-034","VideoHeartbeat","BufferEnd",1785694300000,"IPHONE","4.1.0","india","eng","unk","2.0.1",1785694020000
90000002,"bgonly-01","user-030","VideoHeartbeat","video-resize",1785694300000,"FIRE_TV","4.1.0","india","eng","unk","2.0.1",1785693900000
90000003,"bgonly-02","user-034","VideoHeartbeat","Seek",1785694300000,"VISION_PRO","4.1.0","india","tam","eng","2.0.1",1785694140000
90000004,"dupstart-01","user-011","VideoHeartbeat","video-resize",1785694300000,"ANDROID_PHONE","4.1.0","singapore","hin","OFF","2.0.1",1785694020000
90000002,"gap-02","user-033","VideoHeartbeat","buffer-health",1785694300000,"Mweb","4.1.0","india","hin","OFF","2.0.1",1785694260000
90000003,"pause-01","user-006","VideoHeartbeat","BufferEnd",1785694300000,"FIRE_TV","4.1.0","india","eng","unk","2.0.1",1785693900000
90000003,"plain-03","user-008","VideoHeartbeat","video-resize",1785694320000,"SONY_ANDROID_TV","4.1.0","india","tam","eng","2.0.1",1785693840000
90000002,"plain-07","user-006","VideoHeartbeat","BufferEnd",1785694320000,"ANDROID_PHONE","4.1.0","india","hin","OFF","2.0.1",1785693840000
90000004,"plain-09","user-024","VideoHeartbeat","BufferEnd",1785694320000,"SONY_ANDROID_TV","4.1.0","singapore","tam","eng","2.0.1",1785693960000
90000005,"plain-10","user-004","VideoHeartbeat","BufferStart",1785694320000,"Mweb","4.1.0","unknown","hin","OFF","2.0.1",1785694080000
90000002,"plain-12","user-011","VideoSessionStart","VideoSessionStart",1785694320000,"VISION_PRO","4.1.0","india","tam","eng","2.0.1",1785694320000
90000004,"open-02","user-011","VideoHeartbeat","network-activity",1785694320000,"IPHONE","4.1.0","singapore","eng","unk","2.0.1",1785693600000
90000005,"open-03","user-026","VideoSessionStart","VideoSessionStart",1785694320000,"SONY_ANDROID_TV","4.1.0","unknown","tam","eng","2.0.1",1785694320000
90000001,"open-04","user-021","VideoHeartbeat","Seek",1785694320000,"Mweb","4.1.0","india","hin","OFF","2.0.1",1785693960000
90000002,"plain-12","user-011","VideoPlay","Play",1785694321500,"VISION_PRO","4.1.0","india","tam","eng","2.0.1",1785694320000
90000005,"open-03","user-026","VideoPlay","Play",1785694321500,"SONY_ANDROID_TV","4.1.0","unknown","tam","eng","2.0.1",1785694320000
90000004,"pause-02","user-008","VideoPlay","Play",1785694321500,"VISION_PRO","4.1.0","singapore","tam","eng","2.0.1",1785694320000
90000001,"plain-01","user-036","VideoHeartbeat","network-activity",1785694340000,"ANDROID_PHONE","4.1.0","india","hin","OFF","2.0.1",1785694020000
90000003,"plain-08","user-034","VideoHeartbeat","Seek",1785694340000,"IPHONE","4.1.0","india","eng","unk","2.0.1",1785694020000
90000002,"bgonly-01","user-030","VideoHeartbeat","buffer-health",1785694340000,"FIRE_TV","4.1.0","india","eng","unk","2.0.1",1785693900000
90000003,"bgonly-02","user-034","VideoHeartbeat","BufferStart",1785694340000,"VISION_PRO","4.1.0","india","tam","eng","2.0.1",1785694140000
90000003,"bgonly-02","user-034","VideoHeartbeat","buffer-health",1785694340000,"VISION_PRO","4.1.0","india","tam","eng","2.0.1",1785694140000
90000004,"dupstart-01","user-011","VideoHeartbeat","Seek",1785694340000,"ANDROID_PHONE","4.1.0","singapore","hin","OFF","2.0.1",1785694020000
90000004,"dupstart-01","user-011","VideoHeartbeat","BufferEnd",1785694340000,"ANDROID_PHONE","4.1.0","singapore","hin","OFF","2.0.1",1785694020000
90000002,"gap-02","user-033","VideoHeartbeat","video-resize",1785694340000,"Mweb","4.1.0","india","hin","OFF","2.0.1",1785694260000
90000003,"pause-01","user-006","VideoHeartbeat","buffer-health",1785694340000,"FIRE_TV","4.1.0","india","eng","unk","2.0.1",1785693900000
90000003,"plain-03","user-008","VideoHeartbeat","buffer-health",1785694360000,"SONY_ANDROID_TV","4.1.0","india","tam","eng","2.0.1",1785693840000
90000002,"plain-07","user-006","VideoHeartbeat","BufferStart",1785694360000,"ANDROID_PHONE","4.1.0","india","hin","OFF","2.0.1",1785693840000
90000004,"plain-09","user-024","VideoHeartbeat","BufferStart",1785694360000,"SONY_ANDROID_TV","4.1.0","singapore","tam","eng","2.0.1",1785693960000
90000005,"plain-10","user-004","VideoHeartbeat","upshift",1785694360000,"Mweb","4.1.0","unknown","hin","OFF","2.0.1",1785694080000
90000002,"plain-12","user-011","VideoHeartbeat","BufferStart",1785694360000,"VISION_PRO","4.1.0","india","tam","eng","2.0.1",1785694320000
90000004,"open-02","user-011","VideoHeartbeat","network-activity",1785694360000,"IPHONE","4.1.0","singapore","eng","unk","2.0.1",1785693600000
90000005,"open-03","user-026","VideoHeartbeat","buffer-health",1785694360000,"SONY_ANDROID_TV","4.1.0","unknown","tam","eng","2.0.1",1785694320000
90000001,"open-04","user-021","VideoHeartbeat","BufferEnd",1785694360000,"Mweb","4.1.0","india","hin","OFF","2.0.1",1785693960000
90000004,"pause-02","user-008","VideoHeartbeat","upshift",1785694360000,"VISION_PRO","4.1.0","singapore","tam","eng","2.0.1",1785694320000
90000004,"plain-09","user-024","VideoSessionEnd","VideoSessionEnd",1785694365000,"SONY_ANDROID_TV","4.1.0","singapore","tam","eng","2.0.1",1785693960000
90000001,"plain-01","user-036","VideoHeartbeat","video-resize",1785694380000,"ANDROID_PHONE","4.1.0","india","hin","OFF","2.0.1",1785694020000
90000004,"plain-04","user-038","VideoSessionStart","VideoSessionStart",1785694380000,"Mweb","4.1.0","singapore","hin","OFF","2.0.1",1785694380000
90000003,"plain-08","user-034","VideoHeartbeat","BufferStart",1785694380000,"IPHONE","4.1.0","india","eng","unk","2.0.1",1785694020000
90000001,"plain-11","user-025","VideoSessionStart","VideoSessionStart",1785694380000,"FIRE_TV","4.1.0","india","eng","unk","2.0.1",1785694380000
90000002,"bgonly-01","user-030","VideoHeartbeat","network-activity",1785694380000,"FIRE_TV","4.1.0","india","eng","unk","2.0.1",1785693900000
90000003,"bgonly-02","user-034","VideoHeartbeat","upshift",1785694380000,"VISION_PRO","4.1.0","india","tam","eng","2.0.1",1785694140000
90000004,"dupstart-01","user-011","VideoHeartbeat","BufferStart",1785694380000,"ANDROID_PHONE","4.1.0","singapore","hin","OFF","2.0.1",1785694020000
90000001,"gap-01","user-018","VideoHeartbeat","resume",1785694380000,"SONY_ANDROID_TV","4.1.0","india","tam","eng","2.0.1",1785693780000
90000002,"gap-02","user-033","VideoHeartbeat","BufferStart",1785694380000,"Mweb","4.1.0","india","hin","OFF","2.0.1",1785694260000
90000002,"gap-02","user-033","VideoHeartbeat","video-resize",1785694380000,"Mweb","4.1.0","india","hin","OFF","2.0.1",1785694260000
90000003,"pause-01","user-006","VideoHeartbeat","BufferStart",1785694380000,"FIRE_TV","4.1.0","india","eng","unk","2.0.1",1785693900000
90000003,"pause-01","user-006","VideoHeartbeat","video-resize",1785694380000,"FIRE_TV","4.1.0","india","eng","unk","2.0.1",1785693900000
90000004,"plain-04","user-038","VideoPlay","Play",1785694381500,"Mweb","4.1.0","singapore","hin","OFF","2.0.1",1785694380000
90000001,"plain-11","user-025","VideoPlay","Play",1785694381500,"FIRE_TV","4.1.0","india","eng","unk","2.0.1",1785694380000
90000001,"plain-01","user-036","VideoSessionEnd","VideoSessionEnd",1785694385000,"ANDROID_PHONE","4.1.0","india","hin","OFF","2.0.1",1785694020000
90000003,"plain-08","user-034","VideoSessionEnd","VideoSessionEnd",1785694385000,"IPHONE","4.1.0","india","eng","unk","2.0.1",1785694020000
90000003,"plain-03","user-008","VideoHeartbeat","Seek",1785694400000,"SONY_ANDROID_TV","4.1.0","india","tam","eng","2.0.1",1785693840000
90000002,"plain-07","user-006","VideoHeartbeat","Seek",1785694400000,"ANDROID_PHONE","4.1.0","india","hin","OFF","2.0.1",1785693840000
90000005,"plain-10","user-004","VideoHeartbeat","buffer-health",1785694400000,"Mweb","4.1.0","unknown","hin","OFF","2.0.1",1785694080000
90000002,"plain-12","user-011","VideoHeartbeat","upshift",1785694400000,"VISION_PRO","4.1.0","india","tam","eng","2.0.1",1785694320000
90000002,"plain-12","user-011","VideoHeartbeat","BufferEnd",1785694400000,"VISION_PRO","4.1.0","india","tam","eng","2.0.1",1785694320000
90000005,"open-03","user-026","VideoHeartbeat","BufferStart",1785694400000,"SONY_ANDROID_TV","4.1.0","unknown","tam","eng","2.0.1",1785694320000
90000001,"open-04","user-021","VideoHeartbeat","buffer-health",1785694400000,"Mweb","4.1.0","india","hin","OFF","2.0.1",1785693960000
90000004,"pause-02","user-008","VideoHeartbeat","network-activity",1785694400000,"VISION_PRO","4.1.0","singapore","tam","eng","2.0.1",1785694320000
90000004,"plain-04","user-038","VideoHeartbeat","upshift",1785694420000,"Mweb","4.1.0","singapore","hin","OFF","2.0.1",1785694380000
90000001,"plain-11","user-025","VideoHeartbeat","BufferEnd",1785694420000,"FIRE_TV","4.1.0","india","eng","unk","2.0.1",1785694380000
90000001,"plain-11","user-025","VideoHeartbeat","video-resize",1785694420000,"FIRE_TV","4.1.0","india","eng","unk","2.0.1",1785694380000
90000002,"bgonly-01","user-030","VideoHeartbeat","video-resize",1785694420000,"FIRE_TV","4.1.0","india","eng","unk","2.0.1",1785693900000
90000003,"bgonly-02","user-034","VideoHeartbeat","BufferEnd",1785694420000,"VISION_PRO","4.1.0","india","tam","eng","2.0.1",1785694140000
90000004,"dupstart-01","user-011","VideoHeartbeat","video-resize",1785694420000,"ANDROID_PHONE","4.1.0","singapore","hin","OFF","2.0.1",1785694020000
90000001,"gap-01","user-018","VideoHeartbeat","network-activity",1785694420000,"SONY_ANDROID_TV","4.1.0","india","tam","eng","2.0.1",1785693780000
90000001,"gap-01","user-018","VideoHeartbeat","BufferEnd",1785694420000,"SONY_ANDROID_TV","4.1.0","india","tam","eng","2.0.1",1785693780000
90000002,"gap-02","user-033","VideoHeartbeat","network-activity",1785694420000,"Mweb","4.1.0","india","hin","OFF","2.0.1",1785694260000
90000002,"gap-02","user-033","VideoHeartbeat","Seek",1785694420000,"Mweb","4.1.0","india","hin","OFF","2.0.1",1785694260000
90000003,"pause-01","user-006","VideoHeartbeat","Seek",1785694420000,"FIRE_TV","4.1.0","india","eng","unk","2.0.1",1785693900000
90000003,"plain-03","user-008","VideoHeartbeat","upshift",1785694440000,"SONY_ANDROID_TV","4.1.0","india","tam","eng","2.0.1",1785693840000
90000005,"plain-05","user-001","VideoSessionStart","VideoSessionStart",1785694440000,"FIRE_TV","4.1.0","unknown","eng","unk","2.0.1",1785694440000
90000002,"plain-07","user-006","VideoHeartbeat","buffer-health",1785694440000,"ANDROID_PHONE","4.1.0","india","hin","OFF","2.0.1",1785693840000
90000002,"plain-07","user-006","VideoHeartbeat","upshift",1785694440000,"ANDROID_PHONE","4.1.0","india","hin","OFF","2.0.1",1785693840000
90000005,"plain-10","user-004","VideoHeartbeat","upshift",1785694440000,"Mweb","4.1.0","unknown","hin","OFF","2.0.1",1785694080000
90000002,"plain-12","user-011","VideoHeartbeat","video-resize",1785694440000,"VISION_PRO","4.1.0","india","tam","eng","2.0.1",1785694320000
90000002,"plain-12","user-011","VideoHeartbeat","BufferEnd",1785694440000,"VISION_PRO","4.1.0","india","tam","eng","2.0.1",1785694320000
90000004,"open-02","user-011","VideoHeartbeat","upshift",1785694440000,"IPHONE","4.1.0","singapore","eng","unk","2.0.1",1785693600000
90000005,"open-03","user-026","VideoHeartbeat","buffer-health",1785694440000,"SONY_ANDROID_TV","4.1.0","unknown","tam","eng","2.0.1",1785694320000
90000001,"open-04","user-021","VideoHeartbeat","BufferStart",1785694440000,"Mweb","4.1.0","india","hin","OFF","2.0.1",1785693960000
90000004,"pause-02","user-008","VideoHeartbeat","upshift",1785694440000,"VISION_PRO","4.1.0","singapore","tam","eng","2.0.1",1785694320000
90000005,"switch-01","user-027","VideoSessionStart","VideoSessionStart",1785694440000,"ANDROID_PHONE","4.1.0","unknown","hin","OFF","2.0.1",1785694440000
90000005,"plain-05","user-001","VideoPlay","Play",1785694441500,"FIRE_TV","4.1.0","unknown","eng","unk","2.0.1",1785694440000
90000005,"switch-01","user-027","VideoPlay","Play",1785694441500,"ANDROID_PHONE","4.1.0","unknown","hin","OFF","2.0.1",1785694440000
90000004,"plain-04","user-038","VideoHeartbeat","BufferEnd",1785694460000,"Mweb","4.1.0","singapore","hin","OFF","2.0.1",1785694380000
90000001,"plain-11","user-025","VideoHeartbeat","video-resize",1785694460000,"FIRE_TV","4.1.0","india","eng","unk","2.0.1",1785694380000
90000002,"bgonly-01","user-030","VideoHeartbeat","Seek",1785694460000,"FIRE_TV","4.1.0","india","eng","unk","2.0.1",1785693900000
90000003,"bgonly-02","user-034","AppBackgrounded","AppBackgrounded",1785694460000,"VISION_PRO","4.1.0","india","tam","eng","2.0.1",1785694140000
90000004,"dupstart-01","user-011","VideoHeartbeat","BufferStart",1785694460000,"ANDROID_PHONE","4.1.0","singapore","hin","OFF","2.0.1",1785694020000
90000001,"gap-01","user-018","VideoHeartbeat","buffer-health",1785694460000,"SONY_ANDROID_TV","4.1.0","india","tam","eng","2.0.1",1785693780000
90000002,"gap-02","user-033","VideoHeartbeat","Seek",1785694460000,"Mweb","4.1.0","india","hin","OFF","2.0.1",1785694260000
90000003,"pause-01","user-006","VideoHeartbeat","upshift",1785694460000,"FIRE_TV","4.1.0","india","eng","unk","2.0.1",1785693900000
90000003,"pause-01","user-006","VideoHeartbeat","Seek",1785694460000,"FIRE_TV","4.1.0","india","eng","unk","2.0.1",1785693900000
90000003,"plain-03","user-008","VideoHeartbeat","BufferStart",1785694480000,"SONY_ANDROID_TV","4.1.0","india","tam","eng","2.0.1",1785693840000
90000005,"plain-05","user-001","VideoHeartbeat","upshift",1785694480000,"FIRE_TV","4.1.0","unknown","eng","unk","2.0.1",1785694440000
90000002,"plain-07","user-006","VideoHeartbeat","upshift",1785694480000,"ANDROID_PHONE","4.1.0","india","hin","OFF","2.0.1",1785693840000
90000005,"plain-10","user-004","VideoHeartbeat","network-activity",1785694480000,"Mweb","4.1.0","unknown","hin","OFF","2.0.1",1785694080000
90000002,"plain-12","user-011","VideoHeartbeat","BufferStart",1785694480000,"VISION_PRO","4.1.0","india","tam","eng","2.0.1",1785694320000
90000004,"open-02","user-011","VideoHeartbeat","network-activity",1785694480000,"IPHONE","4.1.0","singapore","eng","unk","2.0.1",1785693600000
90000004,"open-02","user-011","VideoHeartbeat","video-resize",1785694480000,"IPHONE","4.1.0","singapore","eng","unk","2.0.1",1785693600000
90000005,"open-03","user-026","VideoHeartbeat","Seek",1785694480000,"SONY_ANDROID_TV","4.1.0","unknown","tam","eng","2.0.1",1785694320000
90000005,"open-03","user-026","VideoHeartbeat","video-resize",1785694480000,"SONY_ANDROID_TV","4.1.0","unknown","tam","eng","2.0.1",1785694320000
90000001,"open-04","user-021","VideoHeartbeat","BufferEnd",1785694480000,"Mweb","4.1.0","india","hin","OFF","2.0.1",1785693960000
90000001,"open-04","user-021","VideoHeartbeat","video-resize",1785694480000,"Mweb","4.1.0","india","hin","OFF","2.0.1",1785693960000
90000004,"pause-02","user-008","VideoHeartbeat","BufferEnd",1785694480000,"VISION_PRO","4.1.0","singapore","tam","eng","2.0.1",1785694320000
90000005,"switch-01","user-027","VideoHeartbeat","BufferStart",1785694480000,"ANDROID_PHONE","4.1.0","unknown","hin","OFF","2.0.1",1785694440000
90000004,"plain-04","user-038","VideoHeartbeat","BufferEnd",1785694500000,"Mweb","4.1.0","singapore","hin","OFF","2.0.1",1785694380000
90000001,"plain-11","user-025","VideoHeartbeat","buffer-health",1785694500000,"FIRE_TV","4.1.0","india","eng","unk","2.0.1",1785694380000
90000002,"bgonly-01","user-030","VideoHeartbeat","Seek",1785694500000,"FIRE_TV","4.1.0","india","eng","unk","2.0.1",1785693900000
90000004,"dupstart-01","user-011","VideoHeartbeat","buffer-health",1785694500000,"ANDROID_PHONE","4.1.0","singapore","hin","OFF","2.0.1",1785694020000
90000001,"gap-01","user-018","VideoHeartbeat","buffer-health",1785694500000,"SONY_ANDROID_TV","4.1.0","india","tam","eng","2.0.1",1785693780000
90000002,"gap-02","user-033","VideoHeartbeat","BufferEnd",1785694500000,"Mweb","4.1.0","india","hin","OFF","2.0.1",1785694260000
90000003,"pause-01","user-006","VideoHeartbeat","video-resize",1785694500000,"FIRE_TV","4.1.0","india","eng","unk","2.0.1",1785693900000
90000003,"pause-01","user-006","VideoHeartbeat","network-activity",1785694500000,"FIRE_TV","4.1.0","india","eng","unk","2.0.1",1785693900000
90000003,"pause-01","user-006","VideoSessionEnd","VideoSessionEnd",1785694502000,"FIRE_TV","4.1.0","india","eng","unk","2.0.1",1785693900000
90000004,"dupstart-01","user-011","VideoSessionEnd","VideoSessionEnd",1785694504000,"ANDROID_PHONE","4.1.0","singapore","hin","OFF","2.0.1",1785694020000
90000003,"plain-03","user-008","VideoHeartbeat","upshift",1785694520000,"SONY_ANDROID_TV","4.1.0","india","tam","eng","2.0.1",1785693840000
90000003,"plain-03","user-008","VideoHeartbeat","network-activity",1785694520000,"SONY_ANDROID_TV","4.1.0","india","tam","eng","2.0.1",1785693840000
90000005,"plain-05","user-001","VideoHeartbeat","upshift",1785694520000,"FIRE_TV","4.1.0","unknown","eng","unk","2.0.1",1785694440000
90000002,"plain-07","user-006","VideoHeartbeat","BufferEnd",1785694520000,"ANDROID_PHONE","4.1.0","india","hin","OFF","2.0.1",1785693840000
90000002,"plain-07","user-006","VideoHeartbeat","video-resize",1785694520000,"ANDROID_PHONE","4.1.0","india","hin","OFF","2.0.1",1785693840000
90000005,"plain-10","user-004","VideoHeartbeat","BufferStart",1785694520000,"Mweb","4.1.0","unknown","hin","OFF","2.0.1",1785694080000
90000002,"plain-12","user-011","VideoHeartbeat","BufferEnd",1785694520000,"VISION_PRO","4.1.0","india","tam","eng","2.0.1",1785694320000
90000004,"open-02","user-011","VideoHeartbeat","Seek",1785694520000,"IPHONE","4.1.0","singapore","eng","unk","2.0.1",1785693600000
90000005,"open-03","user-026","VideoHeartbeat","upshift",1785694520000,"SONY_ANDROID_TV","4.1.0","unknown","tam","eng","2.0.1",1785694320000
90000001,"open-04","user-021","VideoHeartbeat","upshift",1785694520000,"Mweb","4.1.0","india","hin","OFF","2.0.1",1785693960000
90000004,"pause-02","user-008","VideoHeartbeat","buffer-health",1785694520000,"VISION_PRO","4.1.0","singapore","tam","eng","2.0.1",1785694320000
90000005,"switch-01","user-027","VideoHeartbeat","network-activity",1785694520000,"ANDROID_PHONE","4.1.0","unknown","hin","OFF","2.0.1",1785694440000
90000005,"switch-01","user-027","VideoHeartbeat","BufferStart",1785694520000,"ANDROID_PHONE","4.1.0","unknown","hin","OFF","2.0.1",1785694440000
90000004,"plain-04","user-038","VideoHeartbeat","video-resize",1785694540000,"Mweb","4.1.0","singapore","hin","OFF","2.0.1",1785694380000
90000002,"bgonly-01","user-030","VideoHeartbeat","video-resize",1785694540000,"FIRE_TV","4.1.0","india","eng","unk","2.0.1",1785693900000
90000001,"gap-01","user-018","VideoHeartbeat","BufferEnd",1785694540000,"SONY_ANDROID_TV","4.1.0","india","tam","eng","2.0.1",1785693780000
90000001,"gap-01","user-018","VideoHeartbeat","network-activity",1785694540000,"SONY_ANDROID_TV","4.1.0","india","tam","eng","2.0.1",1785693780000
90000003,"plain-03","user-008","VideoHeartbeat","BufferEnd",1785694560000,"SONY_ANDROID_TV","4.1.0","india","tam","eng","2.0.1",1785693840000
90000005,"plain-05","user-001","VideoHeartbeat","BufferStart",1785694560000,"FIRE_TV","4.1.0","unknown","eng","unk","2.0.1",1785694440000
90000005,"plain-05","user-001","VideoHeartbeat","BufferEnd",1785694560000,"FIRE_TV","4.1.0","unknown","eng","unk","2.0.1",1785694440000
90000002,"plain-07","user-006","VideoHeartbeat","network-activity",1785694560000,"ANDROID_PHONE","4.1.0","india","hin","OFF","2.0.1",1785693840000
90000005,"plain-10","user-004","VideoHeartbeat","video-resize",1785694560000,"Mweb","4.1.0","unknown","hin","OFF","2.0.1",1785694080000
90000005,"plain-10","user-004","VideoHeartbeat","network-activity",1785694560000,"Mweb","4.1.0","unknown","hin","OFF","2.0.1",1785694080000
90000002,"plain-12","user-011","VideoHeartbeat","upshift",1785694560000,"VISION_PRO","4.1.0","india","tam","eng","2.0.1",1785694320000
90000002,"plain-12","user-011","VideoHeartbeat","buffer-health",1785694560000,"VISION_PRO","4.1.0","india","tam","eng","2.0.1",1785694320000
90000004,"open-02","user-011","VideoHeartbeat","upshift",1785694560000,"IPHONE","4.1.0","singapore","eng","unk","2.0.1",1785693600000
90000005,"open-03","user-026","VideoHeartbeat","Seek",1785694560000,"SONY_ANDROID_TV","4.1.0","unknown","tam","eng","2.0.1",1785694320000
90000005,"open-03","user-026","VideoHeartbeat","Seek",1785694560000,"SONY_ANDROID_TV","4.1.0","unknown","tam","eng","2.0.1",1785694320000
90000001,"open-04","user-021","VideoHeartbeat","upshift",1785694560000,"Mweb","4.1.0","india","hin","OFF","2.0.1",1785693960000
90000005,"switch-01","user-027","VideoHeartbeat","video-resize",1785694560000,"ANDROID_PHONE","4.1.0","unknown","hin","OFF","2.0.1",1785694440000
90000004,"plain-04","user-038","VideoHeartbeat","BufferStart",1785694580000,"Mweb","4.1.0","singapore","hin","OFF","2.0.1",1785694380000
90000001,"plain-11","user-025","VideoHeartbeat","upshift",1785694580000,"FIRE_TV","4.1.0","india","eng","unk","2.0.1",1785694380000
90000002,"bgonly-01","user-030","VideoHeartbeat","BufferEnd",1785694580000,"FIRE_TV","4.1.0","india","eng","unk","2.0.1",1785693900000
90000003,"bgonly-02","user-034","VideoHeartbeat","buffer-health",1785694580000,"VISION_PRO","4.1.0","india","tam","eng","2.0.1",1785694140000
90000001,"gap-01","user-018","VideoHeartbeat","buffer-health",1785694580000,"SONY_ANDROID_TV","4.1.0","india","tam","eng","2.0.1",1785693780000
90000003,"plain-03","user-008","VideoHeartbeat","network-activity",1785694600000,"SONY_ANDROID_TV","4.1.0","india","tam","eng","2.0.1",1785693840000
90000005,"plain-05","user-001","VideoHeartbeat","upshift",1785694600000,"FIRE_TV","4.1.0","unknown","eng","unk","2.0.1",1785694440000
90000001,"plain-06","user-026","VideoHeartbeat","BufferEnd",1785694600000,"VISION_PRO","4.1.0","india","tam","eng","2.0.1",1785694560000
90000001,"plain-06","user-026","VideoHeartbeat","Seek",1785694600000,"VISION_PRO","4.1.0","india","tam","eng","2.0.1",1785694560000
90000002,"plain-07","user-006","VideoHeartbeat","BufferStart",1785694600000,"ANDROID_PHONE","4.1.0","india","hin","OFF","2.0.1",1785693840000
90000002,"plain-07","user-006","VideoHeartbeat","Seek",1785694600000,"ANDROID_PHONE","4.1.0","india","hin","OFF","2.0.1",1785693840000
90000005,"plain-10","user-004","VideoHeartbeat","Seek",1785694600000,"Mweb","4.1.0","unknown","hin","OFF","2.0.1",1785694080000
90000002,"plain-12","user-011","VideoHeartbeat","buffer-health",1785694600000,"VISION_PRO","4.1.0","india","tam","eng","2.0.1",1785694320000
90000005,"open-03","user-026","VideoHeartbeat","network-activity",1785694600000,"SONY_ANDROID_TV","4.1.0","unknown","tam","eng","2.0.1",1785694320000
90000001,"open-04","user-021","VideoHeartbeat","upshift",1785694600000,"Mweb","4.1.0","india","hin","OFF","2.0.1",1785693960000
90000001,"open-04","user-021","VideoHeartbeat","video-resize",1785694600000,"Mweb","4.1.0","india","hin","OFF","2.0.1",1785693960000
90000004,"pause-02","user-008","VideoHeartbeat","resume",1785694600000,"VISION_PRO","4.1.0","singapore","tam","eng","2.0.1",1785694320000
90000005,"switch-01","user-027","VideoHeartbeat","BufferEnd",1785694600000,"ANDROID_PHONE","4.1.0","unknown","hin","OFF","2.0.1",1785694440000
90000002,"plain-07","user-006","VideoSessionEnd","VideoSessionEnd",1785694605000,"ANDROID_PHONE","4.1.0","india","hin","OFF","2.0.1",1785693840000
90000004,"plain-04","user-038","VideoHeartbeat","video-resize",1785694620000,"Mweb","4.1.0","singapore","hin","OFF","2.0.1",1785694380000
90000004,"plain-04","user-038","VideoHeartbeat","upshift",1785694620000,"Mweb","4.1.0","singapore","hin","OFF","2.0.1",1785694380000
90000001,"plain-11","user-025","VideoHeartbeat","buffer-health",1785694620000,"FIRE_TV","4.1.0","india","eng","unk","2.0.1",1785694380000
90000001,"plain-11","user-025","VideoHeartbeat","network-activity",1785694620000,"FIRE_TV","4.1.0","india","eng","unk","2.0.1",1785694380000
90000003,"open-01","user-013","VideoSessionStart","VideoSessionStart",1785694620000,"ANDROID_PHONE","4.1.0","india","hin","OFF","2.0.1",1785694620000
90000002,"bgonly-01","user-030","VideoHeartbeat","BufferEnd",1785694620000,"FIRE_TV","4.1.0","india","eng","unk","2.0.1",1785693900000
90000003,"bgonly-02","user-034","VideoHeartbeat","buffer-health",1785694620000,"VISION_PRO","4.1.0","india","tam","eng","2.0.1",1785694140000
90000003,"bgonly-02","user-034","VideoHeartbeat","network-activity",1785694620000,"VISION_PRO","4.1.0","india","tam","eng","2.0.1",1785694140000
90000001,"gap-01","user-018","VideoHeartbeat","network-activity",1785694620000,"SONY_ANDROID_TV","4.1.0","india","tam","eng","2.0.1",1785693780000
90000001,"switch-02","user-034","VideoSessionStart","VideoSessionStart",1785694620000,"IPHONE","4.1.0","india","eng","unk","2.0.1",1785694620000
90000003,"open-01","user-013","VideoPlay","Play",1785694621500,"ANDROID_PHONE","4.1.0","india","hin","OFF","2.0.1",1785694620000
90000001,"switch-02","user-034","VideoPlay","Play",1785694621500,"IPHONE","4.1.0","india","eng","unk","2.0.1",1785694620000
90000001,"gap-01","user-018","VideoSessionEnd","VideoSessionEnd",1785694623000,"SONY_ANDROID_TV","4.1.0","india","tam","eng","2.0.1",1785693780000
90000003,"plain-03","user-008","VideoHeartbeat","Seek",1785694640000,"SONY_ANDROID_TV","4.1.0","india","tam","eng","2.0.1",1785693840000
90000005,"plain-05","user-001","VideoHeartbeat","video-resize",1785694640000,"FIRE_TV","4.1.0","unknown","eng","unk","2.0.1",1785694440000
90000005,"plain-05","user-001","VideoHeartbeat","buffer-health",1785694640000,"FIRE_TV","4.1.0","unknown","eng","unk","2.0.1",1785694440000
90000001,"plain-06","user-026","VideoHeartbeat","BufferEnd",1785694640000,"VISION_PRO","4.1.0","india","tam","eng","2.0.1",1785694560000
90000005,"plain-10","user-004","VideoHeartbeat","BufferEnd",1785694640000,"Mweb","4.1.0","unknown","hin","OFF","2.0.1",1785694080000
90000002,"plain-12","user-011","VideoHeartbeat","network-activity",1785694640000,"VISION_PRO","4.1.0","india","tam","eng","2.0.1",1785694320000
90000002,"plain-12","user-011","VideoHeartbeat","upshift",1785694640000,"VISION_PRO","4.1.0","india","tam","eng","2.0.1",1785694320000
90000004,"open-02","user-011","VideoHeartbeat","video-resize",1785694640000,"IPHONE","4.1.0","singapore","eng","unk","2.0.1",1785693600000
90000001,"open-04","user-021","VideoHeartbeat","upshift",1785694640000,"Mweb","4.1.0","india","hin","OFF","2.0.1",1785693960000
90000004,"pause-02","user-008","VideoHeartbeat","video-resize",1785694640000,"VISION_PRO","4.1.0","singapore","tam","eng","2.0.1",1785694320000
90000004,"pause-02","user-008","VideoHeartbeat","Seek",1785694640000,"VISION_PRO","4.1.0","singapore","tam","eng","2.0.1",1785694320000
90000005,"switch-01","user-027","VideoHeartbeat","upshift",1785694640000,"ANDROID_PHONE","4.1.0","unknown","hin","OFF","2.0.1",1785694440000
90000004,"plain-04","user-038","VideoHeartbeat","video-resize",1785694660000,"Mweb","4.1.0","singapore","hin","OFF","2.0.1",1785694380000
90000001,"plain-11","user-025","VideoHeartbeat","buffer-health",1785694660000,"FIRE_TV","4.1.0","india","eng","unk","2.0.1",1785694380000
90000003,"open-01","user-013","VideoHeartbeat","buffer-health",1785694660000,"ANDROID_PHONE","4.1.0","india","hin","OFF","2.0.1",1785694620000
90000003,"bgonly-02","user-034","VideoHeartbeat","BufferEnd",1785694660000,"VISION_PRO","4.1.0","india","tam","eng","2.0.1",1785694140000
90000001,"switch-02","user-034","VideoHeartbeat","BufferEnd",1785694660000,"IPHONE","4.1.0","india","eng","unk","2.0.1",1785694620000
90000003,"plain-03","user-008","VideoHeartbeat","upshift",1785694680000,"SONY_ANDROID_TV","4.1.0","india","tam","eng","2.0.1",1785693840000
90000003,"plain-03","user-008","VideoHeartbeat","buffer-health",1785694680000,"SONY_ANDROID_TV","4.1.0","india","tam","eng","2.0.1",1785693840000
90000005,"plain-05","user-001","VideoHeartbeat","buffer-health",1785694680000,"FIRE_TV","4.1.0","unknown","eng","unk","2.0.1",1785694440000
90000005,"plain-05","user-001","VideoHeartbeat","BufferEnd",1785694680000,"FIRE_TV","4.1.0","unknown","eng","unk","2.0.1",1785694440000
90000001,"plain-06","user-026","VideoHeartbeat","BufferStart",1785694680000,"VISION_PRO","4.1.0","india","tam","eng","2.0.1",1785694560000
90000005,"plain-10","user-004","VideoHeartbeat","Seek",1785694680000,"Mweb","4.1.0","unknown","hin","OFF","2.0.1",1785694080000
90000002,"plain-12","user-011","VideoHeartbeat","upshift",1785694680000,"VISION_PRO","4.1.0","india","tam","eng","2.0.1",1785694320000
90000002,"plain-12","user-011","VideoHeartbeat","upshift",1785694680000,"VISION_PRO","4.1.0","india","tam","eng","2.0.1",1785694320000
90000004,"open-02","user-011","VideoHeartbeat","video-resize",1785694680000,"IPHONE","4.1.0","singapore","eng","unk","2.0.1",1785693600000
90000005,"open-03","user-026","VideoHeartbeat","video-resize",1785694680000,"SONY_ANDROID_TV","4.1.0","unknown","tam","eng","2.0.1",1785694320000
90000001,"open-04","user-021","VideoHeartbeat","network-activity",1785694680000,"Mweb","4.1.0","india","hin","OFF","2.0.1",1785693960000
90000001,"open-04","user-021","VideoHeartbeat","network-activity",1785694680000,"Mweb","4.1.0","india","hin","OFF","2.0.1",1785693960000
90000004,"pause-02","user-008","VideoHeartbeat","BufferEnd",1785694680000,"VISION_PRO","4.1.0","singapore","tam","eng","2.0.1",1785694320000
90000005,"switch-01","user-027","VideoHeartbeat","buffer-health",1785694680000,"ANDROID_PHONE","4.1.0","unknown","hin","OFF","2.0.1",1785694440000
90000004,"plain-04","user-038","VideoHeartbeat","Seek",1785694700000,"Mweb","4.1.0","singapore","hin","OFF","2.0.1",1785694380000
90000004,"plain-04","user-038","VideoHeartbeat","video-resize",1785694700000,"Mweb","4.1.0","singapore","hin","OFF","2.0.1",1785694380000
90000001,"plain-11","user-025","VideoHeartbeat","video-resize",1785694700000,"FIRE_TV","4.1.0","india","eng","unk","2.0.1",1785694380000
90000001,"plain-11","user-025","VideoHeartbeat","buffer-health",1785694700000,"FIRE_TV","4.1.0","india","eng","unk","2.0.1",1785694380000
90000003,"open-01","user-013","VideoHeartbeat","upshift",1785694700000,"ANDROID_PHONE","4.1.0","india","hin","OFF","2.0.1",1785694620000
90000003,"bgonly-02","user-034","VideoHeartbeat","video-resize",1785694700000,"VISION_PRO","4.1.0","india","tam","eng","2.0.1",1785694140000
90000001,"switch-02","user-034","VideoHeartbeat","buffer-health",1785694700000,"IPHONE","4.1.0","india","eng","unk","2.0.1",1785694620000
90000003,"plain-03","user-008","VideoHeartbeat","BufferEnd",1785694720000,"SONY_ANDROID_TV","4.1.0","india","tam","eng","2.0.1",1785693840000
90000005,"plain-05","user-001","VideoHeartbeat","video-resize",1785694720000,"FIRE_TV","4.1.0","unknown","eng","unk","2.0.1",1785694440000
90000001,"plain-06","user-026","VideoHeartbeat","upshift",1785694720000,"VISION_PRO","4.1.0","india","tam","eng","2.0.1",1785694560000
90000005,"plain-10","user-004","VideoHeartbeat","upshift",1785694720000,"Mweb","4.1.0","unknown","hin","OFF","2.0.1",1785694080000
90000005,"plain-10","user-004","VideoHeartbeat","upshift",1785694720000,"Mweb","4.1.0","unknown","hin","OFF","2.0.1",1785694080000
90000004,"open-02","user-011","VideoHeartbeat","Seek",1785694720000,"IPHONE","4.1.0","singapore","eng","unk","2.0.1",1785693600000
90000004,"open-02","user-011","VideoHeartbeat","video-resize",1785694720000,"IPHONE","4.1.0","singapore","eng","unk","2.0.1",1785693600000
90000005,"open-03","user-026","VideoHeartbeat","network-activity",1785694720000,"SONY_ANDROID_TV","4.1.0","unknown","tam","eng","2.0.1",1785694320000
90000001,"open-04","user-021","VideoHeartbeat","buffer-health",1785694720000,"Mweb","4.1.0","india","hin","OFF","2.0.1",1785693960000
90000004,"pause-02","user-008","VideoHeartbeat","video-resize",1785694720000,"VISION_PRO","4.1.0","singapore","tam","eng","2.0.1",1785694320000
90000005,"switch-01","user-027","VideoHeartbeat","Seek",1785694720000,"ANDROID_PHONE","4.1.0","unknown","hin","OFF","2.0.1",1785694440000
90000005,"plain-10","user-004","VideoSessionEnd","VideoSessionEnd",1785694725000,"Mweb","4.1.0","unknown","hin","OFF","2.0.1",1785694080000
90000002,"plain-12","user-011","VideoSessionEnd","VideoSessionEnd",1785694725000,"VISION_PRO","4.1.0","india","tam","eng","2.0.1",1785694320000
90000001,"switch-01","user-027","VideoPlay","Play",1785694725000,"ANDROID_PHONE","4.1.0","unknown","hin","OFF","2.0.1",1785694440000
90000004,"plain-04","user-038","VideoHeartbeat","video-resize",1785694740000,"Mweb","4.1.0","singapore","hin","OFF","2.0.1",1785694380000
90000001,"plain-11","user-025","VideoHeartbeat","Seek",1785694740000,"FIRE_TV","4.1.0","india","eng","unk","2.0.1",1785694380000
90000003,"open-01","user-013","VideoHeartbeat","upshift",1785694740000,"ANDROID_PHONE","4.1.0","india","hin","OFF","2.0.1",1785694620000
90000003,"bgonly-02","user-034","VideoHeartbeat","network-activity",1785694740000,"VISION_PRO","4.1.0","india","tam","eng","2.0.1",1785694140000
90000001,"switch-02","user-034","VideoHeartbeat","buffer-health",1785694740000,"IPHONE","4.1.0","india","eng","unk","2.0.1",1785694620000
90000003,"plain-03","user-008","VideoHeartbeat","network-activity",1785694760000,"SONY_ANDROID_TV","4.1.0","india","tam","eng","2.0.1",1785693840000
90000003,"plain-03","user-008","VideoHeartbeat","buffer-health",1785694760000,"SONY_ANDROID_TV","4.1.0","india","tam","eng","2.0.1",1785693840000
90000005,"plain-05","user-001","VideoHeartbeat","buffer-health",1785694760000,"FIRE_TV","4.1.0","unknown","eng","unk","2.0.1",1785694440000
90000001,"plain-06","user-026","VideoHeartbeat","buffer-health",1785694760000,"VISION_PRO","4.1.0","india","tam","eng","2.0.1",1785694560000
90000004,"open-02","user-011","VideoHeartbeat","buffer-health",1785694760000,"IPHONE","4.1.0","singapore","eng","unk","2.0.1",1785693600000
90000004,"open-02","user-011","VideoHeartbeat","Seek",1785694760000,"IPHONE","4.1.0","singapore","eng","unk","2.0.1",1785693600000
90000005,"open-03","user-026","VideoHeartbeat","buffer-health",1785694760000,"SONY_ANDROID_TV","4.1.0","unknown","tam","eng","2.0.1",1785694320000
90000005,"open-03","user-026","VideoHeartbeat","BufferStart",1785694760000,"SONY_ANDROID_TV","4.1.0","unknown","tam","eng","2.0.1",1785694320000
90000001,"open-04","user-021","VideoHeartbeat","network-activity",1785694760000,"Mweb","4.1.0","india","hin","OFF","2.0.1",1785693960000
90000001,"open-04","user-021","VideoHeartbeat","network-activity",1785694760000,"Mweb","4.1.0","india","hin","OFF","2.0.1",1785693960000
90000004,"pause-02","user-008","VideoHeartbeat","buffer-health",1785694760000,"VISION_PRO","4.1.0","singapore","tam","eng","2.0.1",1785694320000
90000001,"switch-01","user-027","VideoHeartbeat","upshift",1785694765000,"ANDROID_PHONE","4.1.0","unknown","hin","OFF","2.0.1",1785694440000
90000004,"plain-04","user-038","VideoHeartbeat","BufferStart",1785694780000,"Mweb","4.1.0","singapore","hin","OFF","2.0.1",1785694380000
90000001,"plain-11","user-025","VideoHeartbeat","BufferStart",1785694780000,"FIRE_TV","4.1.0","india","eng","unk","2.0.1",1785694380000
90000001,"plain-11","user-025","VideoHeartbeat","upshift",1785694780000,"FIRE_TV","4.1.0","india","eng","unk","2.0.1",1785694380000
90000003,"open-01","user-013","VideoHeartbeat","upshift",1785694780000,"ANDROID_PHONE","4.1.0","india","hin","OFF","2.0.1",1785694620000
90000003,"open-01","user-013","VideoHeartbeat","upshift",1785694780000,"ANDROID_PHONE","4.1.0","india","hin","OFF","2.0.1",1785694620000
90000003,"bgonly-02","user-034","VideoHeartbeat","BufferEnd",1785694780000,"VISION_PRO","4.1.0","india","tam","eng","2.0.1",1785694140000
90000001,"switch-02","user-034","VideoHeartbeat","BufferStart",1785694780000,"IPHONE","4.1.0","india","eng","unk","2.0.1",1785694620000
90000003,"plain-03","user-008","VideoHeartbeat","network-activity",1785694800000,"SONY_ANDROID_TV","4.1.0","india","tam","eng","2.0.1",1785693840000
90000005,"plain-05","user-001","VideoHeartbeat","network-activity",1785694800000,"FIRE_TV","4.1.0","unknown","eng","unk","2.0.1",1785694440000
90000001,"plain-06","user-026","VideoHeartbeat","Seek",1785694800000,"VISION_PRO","4.1.0","india","tam","eng","2.0.1",1785694560000
90000004,"open-02","user-011","VideoHeartbeat","Seek",1785694800000,"IPHONE","4.1.0","singapore","eng","unk","2.0.1",1785693600000
90000005,"open-03","user-026","VideoHeartbeat","network-activity",1785694800000,"SONY_ANDROID_TV","4.1.0","unknown","tam","eng","2.0.1",1785694320000
90000005,"open-03","user-026","VideoHeartbeat","buffer-health",1785694800000,"SONY_ANDROID_TV","4.1.0","unknown","tam","eng","2.0.1",1785694320000
90000001,"open-04","user-021","VideoHeartbeat","video-resize",1785694800000,"Mweb","4.1.0","india","hin","OFF","2.0.1",1785693960000
90000004,"pause-02","user-008","VideoHeartbeat","BufferEnd",1785694800000,"VISION_PRO","4.1.0","singapore","tam","eng","2.0.1",1785694320000
90000003,"plain-03","user-008","VideoSessionEnd","VideoSessionEnd",1785694805000,"SONY_ANDROID_TV","4.1.0","india","tam","eng","2.0.1",1785693840000
90000001,"switch-01","user-027","VideoHeartbeat","BufferStart",1785694805000,"ANDROID_PHONE","4.1.0","unknown","hin","OFF","2.0.1",1785694440000
90000004,"plain-04","user-038","VideoHeartbeat","Seek",1785694820000,"Mweb","4.1.0","singapore","hin","OFF","2.0.1",1785694380000
90000001,"plain-11","user-025","VideoHeartbeat","BufferEnd",1785694820000,"FIRE_TV","4.1.0","india","eng","unk","2.0.1",1785694380000
90000003,"open-01","user-013","VideoHeartbeat","buffer-health",1785694820000,"ANDROID_PHONE","4.1.0","india","hin","OFF","2.0.1",1785694620000
90000003,"bgonly-02","user-034","VideoHeartbeat","upshift",1785694820000,"VISION_PRO","4.1.0","india","tam","eng","2.0.1",1785694140000
90000001,"switch-02","user-034","VideoHeartbeat","upshift",1785694820000,"IPHONE","4.1.0","india","eng","unk","2.0.1",1785694620000
90000005,"plain-05","user-001","VideoHeartbeat","network-activity",1785694840000,"FIRE_TV","4.1.0","unknown","eng","unk","2.0.1",1785694440000
90000001,"plain-06","user-026","VideoHeartbeat","upshift",1785694840000,"VISION_PRO","4.1.0","india","tam","eng","2.0.1",1785694560000
90000001,"plain-06","user-026","VideoHeartbeat","Seek",1785694840000,"VISION_PRO","4.1.0","india","tam","eng","2.0.1",1785694560000
90000004,"open-02","user-011","VideoHeartbeat","network-activity",1785694840000,"IPHONE","4.1.0","singapore","eng","unk","2.0.1",1785693600000
90000005,"open-03","user-026","VideoHeartbeat","video-resize",1785694840000,"SONY_ANDROID_TV","4.1.0","unknown","tam","eng","2.0.1",1785694320000
90000005,"open-03","user-026","VideoHeartbeat","BufferStart",1785694840000,"SONY_ANDROID_TV","4.1.0","unknown","tam","eng","2.0.1",1785694320000
90000001,"open-04","user-021","VideoHeartbeat","BufferStart",1785694840000,"Mweb","4.1.0","india","hin","OFF","2.0.1",1785693960000
90000001,"open-04","user-021","VideoHeartbeat","BufferStart",1785694840000,"Mweb","4.1.0","india","hin","OFF","2.0.1",1785693960000
90000004,"pause-02","user-008","VideoHeartbeat","upshift",1785694840000,"VISION_PRO","4.1.0","singapore","tam","eng","2.0.1",1785694320000
90000001,"switch-01","user-027","VideoHeartbeat","Seek",1785694845000,"ANDROID_PHONE","4.1.0","unknown","hin","OFF","2.0.1",1785694440000
90000001,"switch-01","user-027","VideoHeartbeat","Seek",1785694845000,"ANDROID_PHONE","4.1.0","unknown","hin","OFF","2.0.1",1785694440000
90000004,"plain-04","user-038","VideoHeartbeat","upshift",1785694860000,"Mweb","4.1.0","singapore","hin","OFF","2.0.1",1785694380000
90000001,"plain-11","user-025","VideoHeartbeat","upshift",1785694860000,"FIRE_TV","4.1.0","india","eng","unk","2.0.1",1785694380000
90000003,"open-01","user-013","VideoHeartbeat","upshift",1785694860000,"ANDROID_PHONE","4.1.0","india","hin","OFF","2.0.1",1785694620000
90000003,"bgonly-02","user-034","VideoHeartbeat","Seek",1785694860000,"VISION_PRO","4.1.0","india","tam","eng","2.0.1",1785694140000
90000002,"gap-02","user-033","VideoHeartbeat","resume",1785694860000,"Mweb","4.1.0","india","hin","OFF","2.0.1",1785694260000
90000001,"switch-02","user-034","VideoHeartbeat","video-resize",1785694860000,"IPHONE","4.1.0","india","eng","unk","2.0.1",1785694620000
90000005,"plain-05","user-001","VideoHeartbeat","upshift",1785694880000,"FIRE_TV","4.1.0","unknown","eng","unk","2.0.1",1785694440000
90000001,"plain-06","user-026","VideoHeartbeat","upshift",1785694880000,"VISION_PRO","4.1.0","india","tam","eng","2.0.1",1785694560000
90000004,"open-02","user-011","VideoHeartbeat","network-activity",1785694880000,"IPHONE","4.1.0","singapore","eng","unk","2.0.1",1785693600000
90000005,"open-03","user-026","VideoHeartbeat","upshift",1785694880000,"SONY_ANDROID_TV","4.1.0","unknown","tam","eng","2.0.1",1785694320000
90000001,"open-04","user-021","VideoHeartbeat","BufferEnd",1785694880000,"Mweb","4.1.0","india","hin","OFF","2.0.1",1785693960000
90000004,"pause-02","user-008","VideoHeartbeat","BufferStart",1785694880000,"VISION_PRO","4.1.0","singapore","tam","eng","2.0.1",1785694320000
90000001,"switch-01","user-027","VideoHeartbeat","video-resize",1785694885000,"ANDROID_PHONE","4.1.0","unknown","hin","OFF","2.0.1",1785694440000
90000004,"plain-04","user-038","VideoHeartbeat","BufferStart",1785694900000,"Mweb","4.1.0","singapore","hin","OFF","2.0.1",1785694380000
90000001,"plain-11","user-025","VideoHeartbeat","BufferEnd",1785694900000,"FIRE_TV","4.1.0","india","eng","unk","2.0.1",1785694380000
90000003,"open-01","user-013","VideoHeartbeat","buffer-health",1785694900000,"ANDROID_PHONE","4.1.0","india","hin","OFF","2.0.1",1785694620000
90000002,"gap-02","user-033","VideoHeartbeat","BufferEnd",1785694900000,"Mweb","4.1.0","india","hin","OFF","2.0.1",1785694260000
90000002,"gap-02","user-033","VideoHeartbeat","buffer-health",1785694900000,"Mweb","4.1.0","india","hin","OFF","2.0.1",1785694260000
90000001,"switch-02","user-034","VideoHeartbeat","BufferEnd",1785694900000,"IPHONE","4.1.0","india","eng","unk","2.0.1",1785694620000
90000002,"switch-02","user-034","VideoPlay","Play",1785694905000,"IPHONE","4.1.0","india","eng","unk","2.0.1",1785694620000
90000005,"plain-05","user-001","VideoHeartbeat","buffer-health",1785694920000,"FIRE_TV","4.1.0","unknown","eng","unk","2.0.1",1785694440000
90000001,"plain-06","user-026","VideoHeartbeat","video-resize",1785694920000,"VISION_PRO","4.1.0","india","tam","eng","2.0.1",1785694560000
90000004,"open-02","user-011","VideoHeartbeat","buffer-health",1785694920000,"IPHONE","4.1.0","singapore","eng","unk","2.0.1",1785693600000
90000005,"open-03","user-026","VideoHeartbeat","buffer-health",1785694920000,"SONY_ANDROID_TV","4.1.0","unknown","tam","eng","2.0.1",1785694320000
90000001,"open-04","user-021","VideoHeartbeat","Seek",1785694920000,"Mweb","4.1.0","india","hin","OFF","2.0.1",1785693960000
90000004,"pause-02","user-008","VideoHeartbeat","video-resize",1785694920000,"VISION_PRO","4.1.0","singapore","tam","eng","2.0.1",1785694320000
90000004,"pause-02","user-008","VideoHeartbeat","buffer-health",1785694920000,"VISION_PRO","4.1.0","singapore","tam","eng","2.0.1",1785694320000
90000004,"pause-02","user-008","VideoSessionEnd","VideoSessionEnd",1785694922000,"VISION_PRO","4.1.0","singapore","tam","eng","2.0.1",1785694320000
90000001,"switch-01","user-027","VideoHeartbeat","video-resize",1785694925000,"ANDROID_PHONE","4.1.0","unknown","hin","OFF","2.0.1",1785694440000
90000004,"plain-04","user-038","VideoHeartbeat","BufferStart",1785694940000,"Mweb","4.1.0","singapore","hin","OFF","2.0.1",1785694380000
90000001,"plain-11","user-025","VideoHeartbeat","network-activity",1785694940000,"FIRE_TV","4.1.0","india","eng","unk","2.0.1",1785694380000
90000003,"open-01","user-013","VideoHeartbeat","buffer-health",1785694940000,"ANDROID_PHONE","4.1.0","india","hin","OFF","2.0.1",1785694620000
90000003,"open-01","user-013","VideoHeartbeat","BufferEnd",1785694940000,"ANDROID_PHONE","4.1.0","india","hin","OFF","2.0.1",1785694620000
90000002,"gap-02","user-033","VideoHeartbeat","buffer-health",1785694940000,"Mweb","4.1.0","india","hin","OFF","2.0.1",1785694260000
90000002,"switch-02","user-034","VideoHeartbeat","BufferEnd",1785694945000,"IPHONE","4.1.0","india","eng","unk","2.0.1",1785694620000
90000005,"plain-05","user-001","VideoHeartbeat","BufferStart",1785694960000,"FIRE_TV","4.1.0","unknown","eng","unk","2.0.1",1785694440000
90000001,"plain-06","user-026","VideoHeartbeat","video-resize",1785694960000,"VISION_PRO","4.1.0","india","tam","eng","2.0.1",1785694560000
90000001,"plain-06","user-026","VideoHeartbeat","upshift",1785694960000,"VISION_PRO","4.1.0","india","tam","eng","2.0.1",1785694560000
90000004,"open-02","user-011","VideoHeartbeat","network-activity",1785694960000,"IPHONE","4.1.0","singapore","eng","unk","2.0.1",1785693600000
90000005,"open-03","user-026","VideoHeartbeat","upshift",1785694960000,"SONY_ANDROID_TV","4.1.0","unknown","tam","eng","2.0.1",1785694320000
90000005,"open-03","user-026","VideoHeartbeat","BufferEnd",1785694960000,"SONY_ANDROID_TV","4.1.0","unknown","tam","eng","2.0.1",1785694320000
90000001,"open-04","user-021","VideoHeartbeat","buffer-health",1785694960000,"Mweb","4.1.0","india","hin","OFF","2.0.1",1785693960000
90000001,"switch-01","user-027","VideoHeartbeat","buffer-health",1785694965000,"ANDROID_PHONE","4.1.0","unknown","hin","OFF","2.0.1",1785694440000
90000004,"plain-04","user-038","VideoHeartbeat","network-activity",1785694980000,"Mweb","4.1.0","singapore","hin","OFF","2.0.1",1785694380000
90000001,"plain-11","user-025","VideoHeartbeat","network-activity",1785694980000,"FIRE_TV","4.1.0","india","eng","unk","2.0.1",1785694380000
90000001,"plain-11","user-025","VideoHeartbeat","video-resize",1785694980000,"FIRE_TV","4.1.0","india","eng","unk","2.0.1",1785694380000
90000003,"open-01","user-013","VideoHeartbeat","BufferStart",1785694980000,"ANDROID_PHONE","4.1.0","india","hin","OFF","2.0.1",1785694620000
90000002,"gap-02","user-033","VideoHeartbeat","BufferStart",1785694980000,"Mweb","4.1.0","india","hin","OFF","2.0.1",1785694260000
90000004,"plain-04","user-038","VideoSessionEnd","VideoSessionEnd",1785694985000,"Mweb","4.1.0","singapore","hin","OFF","2.0.1",1785694380000
90000002,"switch-02","user-034","VideoHeartbeat","Seek",1785694985000,"IPHONE","4.1.0","india","eng","unk","2.0.1",1785694620000
90000002,"switch-02","user-034","VideoHeartbeat","video-resize",1785694985000,"IPHONE","4.1.0","india","eng","unk","2.0.1",1785694620000
90000005,"plain-05","user-001","VideoHeartbeat","video-resize",1785695000000,"FIRE_TV","4.1.0","unknown","eng","unk","2.0.1",1785694440000
90000001,"plain-06","user-026","VideoHeartbeat","video-resize",1785695000000,"VISION_PRO","4.1.0","india","tam","eng","2.0.1",1785694560000
90000001,"plain-06","user-026","VideoHeartbeat","video-resize",1785695000000,"VISION_PRO","4.1.0","india","tam","eng","2.0.1",1785694560000
90000004,"open-02","user-011","VideoHeartbeat","network-activity",1785695000000,"IPHONE","4.1.0","singapore","eng","unk","2.0.1",1785693600000
90000004,"open-02","user-011","VideoHeartbeat","Seek",1785695000000,"IPHONE","4.1.0","singapore","eng","unk","2.0.1",1785693600000
90000005,"open-03","user-026","VideoHeartbeat","upshift",1785695000000,"SONY_ANDROID_TV","4.1.0","unknown","tam","eng","2.0.1",1785694320000
90000001,"open-04","user-021","VideoHeartbeat","network-activity",1785695000000,"Mweb","4.1.0","india","hin","OFF","2.0.1",1785693960000
90000001,"switch-01","user-027","VideoHeartbeat","video-resize",1785695005000,"ANDROID_PHONE","4.1.0","unknown","hin","OFF","2.0.1",1785694440000
90000001,"switch-01","user-027","VideoHeartbeat","BufferStart",1785695005000,"ANDROID_PHONE","4.1.0","unknown","hin","OFF","2.0.1",1785694440000
90000001,"switch-01","user-027","VideoSessionEnd","VideoSessionEnd",1785695008000,"ANDROID_PHONE","4.1.0","unknown","hin","OFF","2.0.1",1785694440000
90000001,"plain-11","user-025","VideoHeartbeat","buffer-health",1785695020000,"FIRE_TV","4.1.0","india","eng","unk","2.0.1",1785694380000
90000003,"open-01","user-013","VideoHeartbeat","buffer-health",1785695020000,"ANDROID_PHONE","4.1.0","india","hin","OFF","2.0.1",1785694620000
90000003,"open-01","user-013","VideoHeartbeat","video-resize",1785695020000,"ANDROID_PHONE","4.1.0","india","hin","OFF","2.0.1",1785694620000
90000002,"gap-02","user-033","VideoHeartbeat","BufferEnd",1785695020000,"Mweb","4.1.0","india","hin","OFF","2.0.1",1785694260000
90000002,"switch-02","user-034","VideoHeartbeat","upshift",1785695025000,"IPHONE","4.1.0","india","eng","unk","2.0.1",1785694620000
90000002,"switch-02","user-034","VideoHeartbeat","Seek",1785695025000,"IPHONE","4.1.0","india","eng","unk","2.0.1",1785694620000
90000005,"plain-05","user-001","VideoHeartbeat","upshift",1785695040000,"FIRE_TV","4.1.0","unknown","eng","unk","2.0.1",1785694440000
90000001,"plain-06","user-026","VideoHeartbeat","Seek",1785695040000,"VISION_PRO","4.1.0","india","tam","eng","2.0.1",1785694560000
90000004,"open-02","user-011","VideoHeartbeat","video-resize",1785695040000,"IPHONE","4.1.0","singapore","eng","unk","2.0.1",1785693600000
90000005,"open-03","user-026","VideoHeartbeat","upshift",1785695040000,"SONY_ANDROID_TV","4.1.0","unknown","tam","eng","2.0.1",1785694320000
90000005,"open-03","user-026","VideoHeartbeat","BufferEnd",1785695040000,"SONY_ANDROID_TV","4.1.0","unknown","tam","eng","2.0.1",1785694320000
90000001,"open-04","user-021","VideoHeartbeat","BufferStart",1785695040000,"Mweb","4.1.0","india","hin","OFF","2.0.1",1785693960000
90000005,"plain-05","user-001","VideoSessionEnd","VideoSessionEnd",1785695045000,"FIRE_TV","4.1.0","unknown","eng","unk","2.0.1",1785694440000
90000001,"plain-11","user-025","VideoHeartbeat","buffer-health",1785695060000,"FIRE_TV","4.1.0","india","eng","unk","2.0.1",1785694380000
90000001,"plain-11","user-025","VideoHeartbeat","network-activity",1785695060000,"FIRE_TV","4.1.0","india","eng","unk","2.0.1",1785694380000
90000003,"open-01","user-013","VideoHeartbeat","BufferEnd",1785695060000,"ANDROID_PHONE","4.1.0","india","hin","OFF","2.0.1",1785694620000
90000002,"gap-02","user-033","VideoHeartbeat","BufferStart",1785695060000,"Mweb","4.1.0","india","hin","OFF","2.0.1",1785694260000
90000002,"switch-02","user-034","VideoHeartbeat","BufferEnd",1785695065000,"IPHONE","4.1.0","india","eng","unk","2.0.1",1785694620000
90000001,"plain-06","user-026","VideoHeartbeat","buffer-health",1785695080000,"VISION_PRO","4.1.0","india","tam","eng","2.0.1",1785694560000
90000004,"open-02","user-011","VideoHeartbeat","buffer-health",1785695080000,"IPHONE","4.1.0","singapore","eng","unk","2.0.1",1785693600000
90000004,"open-02","user-011","VideoHeartbeat","buffer-health",1785695080000,"IPHONE","4.1.0","singapore","eng","unk","2.0.1",1785693600000
90000005,"open-03","user-026","VideoHeartbeat","network-activity",1785695080000,"SONY_ANDROID_TV","4.1.0","unknown","tam","eng","2.0.1",1785694320000
90000001,"open-04","user-021","VideoHeartbeat","upshift",1785695080000,"Mweb","4.1.0","india","hin","OFF","2.0.1",1785693960000
90000001,"plain-11","user-025","VideoHeartbeat","BufferStart",1785695100000,"FIRE_TV","4.1.0","india","eng","unk","2.0.1",1785694380000
90000003,"open-01","user-013","VideoHeartbeat","buffer-health",1785695100000,"ANDROID_PHONE","4.1.0","india","hin","OFF","2.0.1",1785694620000
90000003,"open-01","user-013","VideoHeartbeat","buffer-health",1785695100000,"ANDROID_PHONE","4.1.0","india","hin","OFF","2.0.1",1785694620000
90000002,"gap-02","user-033","VideoHeartbeat","BufferEnd",1785695100000,"Mweb","4.1.0","india","hin","OFF","2.0.1",1785694260000
90000002,"gap-02","user-033","VideoSessionEnd","VideoSessionEnd",1785695103000,"Mweb","4.1.0","india","hin","OFF","2.0.1",1785694260000
90000002,"switch-02","user-034","VideoHeartbeat","BufferEnd",1785695105000,"IPHONE","4.1.0","india","eng","unk","2.0.1",1785694620000
90000002,"switch-02","user-034","VideoHeartbeat","Seek",1785695105000,"IPHONE","4.1.0","india","eng","unk","2.0.1",1785694620000
90000001,"plain-06","user-026","VideoHeartbeat","video-resize",1785695120000,"VISION_PRO","4.1.0","india","tam","eng","2.0.1",1785694560000
90000004,"open-02","user-011","VideoHeartbeat","buffer-health",1785695120000,"IPHONE","4.1.0","singapore","eng","unk","2.0.1",1785693600000
90000005,"open-03","user-026","VideoHeartbeat","video-resize",1785695120000,"SONY_ANDROID_TV","4.1.0","unknown","tam","eng","2.0.1",1785694320000
90000001,"open-04","user-021","VideoHeartbeat","BufferStart",1785695120000,"Mweb","4.1.0","india","hin","OFF","2.0.1",1785693960000
90000001,"plain-11","user-025","VideoHeartbeat","Seek",1785695140000,"FIRE_TV","4.1.0","india","eng","unk","2.0.1",1785694380000
90000003,"open-01","user-013","VideoHeartbeat","video-resize",1785695140000,"ANDROID_PHONE","4.1.0","india","hin","OFF","2.0.1",1785694620000
90000002,"switch-02","user-034","VideoHeartbeat","buffer-health",1785695145000,"IPHONE","4.1.0","india","eng","unk","2.0.1",1785694620000
90000001,"plain-06","user-026","VideoHeartbeat","network-activity",1785695160000,"VISION_PRO","4.1.0","india","tam","eng","2.0.1",1785694560000
90000001,"plain-06","user-026","VideoHeartbeat","network-activity",1785695160000,"VISION_PRO","4.1.0","india","tam","eng","2.0.1",1785694560000
90000004,"open-02","user-011","VideoHeartbeat","upshift",1785695160000,"IPHONE","4.1.0","singapore","eng","unk","2.0.1",1785693600000
90000004,"open-02","user-011","VideoHeartbeat","BufferStart",1785695160000,"IPHONE","4.1.0","singapore","eng","unk","2.0.1",1785693600000
90000005,"open-03","user-026","VideoHeartbeat","video-resize",1785695160000,"SONY_ANDROID_TV","4.1.0","unknown","tam","eng","2.0.1",1785694320000
90000001,"open-04","user-021","VideoHeartbeat","network-activity",1785695160000,"Mweb","4.1.0","india","hin","OFF","2.0.1",1785693960000
90000001,"plain-11","user-025","VideoHeartbeat","buffer-health",1785695180000,"FIRE_TV","4.1.0","india","eng","unk","2.0.1",1785694380000
90000003,"open-01","user-013","VideoHeartbeat","BufferStart",1785695180000,"ANDROID_PHONE","4.1.0","india","hin","OFF","2.0.1",1785694620000
90000003,"open-01","user-013","VideoHeartbeat","BufferEnd",1785695180000,"ANDROID_PHONE","4.1.0","india","hin","OFF","2.0.1",1785694620000
90000002,"switch-02","user-034","VideoHeartbeat","upshift",1785695185000,"IPHONE","4.1.0","india","eng","unk","2.0.1",1785694620000
90000002,"switch-02","user-034","VideoSessionEnd","VideoSessionEnd",1785695188000,"IPHONE","4.1.0","india","eng","unk","2.0.1",1785694620000
90000001,"plain-06","user-026","VideoHeartbeat","buffer-health",1785695200000,"VISION_PRO","4.1.0","india","tam","eng","2.0.1",1785694560000
90000001,"plain-06","user-026","VideoHeartbeat","network-activity",1785695200000,"VISION_PRO","4.1.0","india","tam","eng","2.0.1",1785694560000
90000004,"open-02","user-011","VideoHeartbeat","upshift",1785695200000,"IPHONE","4.1.0","singapore","eng","unk","2.0.1",1785693600000
90000005,"open-03","user-026","VideoHeartbeat","video-resize",1785695200000,"SONY_ANDROID_TV","4.1.0","unknown","tam","eng","2.0.1",1785694320000
90000005,"open-03","user-026","VideoHeartbeat","upshift",1785695200000,"SONY_ANDROID_TV","4.1.0","unknown","tam","eng","2.0.1",1785694320000
90000001,"open-04","user-021","VideoHeartbeat","BufferEnd",1785695200000,"Mweb","4.1.0","india","hin","OFF","2.0.1",1785693960000
90000001,"open-04","user-021","VideoHeartbeat","network-activity",1785695200000,"Mweb","4.1.0","india","hin","OFF","2.0.1",1785693960000
90000001,"plain-11","user-025","VideoHeartbeat","network-activity",1785695220000,"FIRE_TV","4.1.0","india","eng","unk","2.0.1",1785694380000
90000003,"open-01","user-013","VideoHeartbeat","buffer-health",1785695220000,"ANDROID_PHONE","4.1.0","india","hin","OFF","2.0.1",1785694620000
90000001,"plain-11","user-025","VideoSessionEnd","VideoSessionEnd",1785695225000,"FIRE_TV","4.1.0","india","eng","unk","2.0.1",1785694380000
90000001,"plain-06","user-026","VideoHeartbeat","Seek",1785695240000,"VISION_PRO","4.1.0","india","tam","eng","2.0.1",1785694560000
90000004,"open-02","user-011","VideoHeartbeat","buffer-health",1785695240000,"IPHONE","4.1.0","singapore","eng","unk","2.0.1",1785693600000
90000005,"open-03","user-026","VideoHeartbeat","video-resize",1785695240000,"SONY_ANDROID_TV","4.1.0","unknown","tam","eng","2.0.1",1785694320000
90000001,"open-04","user-021","VideoHeartbeat","video-resize",1785695240000,"Mweb","4.1.0","india","hin","OFF","2.0.1",1785693960000
90000003,"open-01","user-013","VideoHeartbeat","Seek",1785695260000,"ANDROID_PHONE","4.1.0","india","hin","OFF","2.0.1",1785694620000
90000001,"plain-06","user-026","VideoHeartbeat","BufferEnd",1785695280000,"VISION_PRO","4.1.0","india","tam","eng","2.0.1",1785694560000
90000004,"open-02","user-011","VideoHeartbeat","buffer-health",1785695280000,"IPHONE","4.1.0","singapore","eng","unk","2.0.1",1785693600000
90000005,"open-03","user-026","VideoHeartbeat","network-activity",1785695280000,"SONY_ANDROID_TV","4.1.0","unknown","tam","eng","2.0.1",1785694320000
90000001,"open-04","user-021","VideoHeartbeat","BufferEnd",1785695280000,"Mweb","4.1.0","india","hin","OFF","2.0.1",1785693960000
90000003,"open-01","user-013","VideoHeartbeat","upshift",1785695300000,"ANDROID_PHONE","4.1.0","india","hin","OFF","2.0.1",1785694620000
90000001,"plain-06","user-026","VideoHeartbeat","BufferEnd",1785695320000,"VISION_PRO","4.1.0","india","tam","eng","2.0.1",1785694560000
90000001,"plain-06","user-026","VideoHeartbeat","upshift",1785695320000,"VISION_PRO","4.1.0","india","tam","eng","2.0.1",1785694560000
90000004,"open-02","user-011","VideoHeartbeat","BufferStart",1785695320000,"IPHONE","4.1.0","singapore","eng","unk","2.0.1",1785693600000
90000005,"open-03","user-026","VideoHeartbeat","BufferEnd",1785695320000,"SONY_ANDROID_TV","4.1.0","unknown","tam","eng","2.0.1",1785694320000
90000001,"open-04","user-021","VideoHeartbeat","upshift",1785695320000,"Mweb","4.1.0","india","hin","OFF","2.0.1",1785693960000
90000001,"open-04","user-021","VideoHeartbeat","Seek",1785695320000,"Mweb","4.1.0","india","hin","OFF","2.0.1",1785693960000
90000003,"open-01","user-013","VideoHeartbeat","buffer-health",1785695340000,"ANDROID_PHONE","4.1.0","india","hin","OFF","2.0.1",1785694620000
90000004,"open-02","user-011","VideoHeartbeat","network-activity",1785695360000,"IPHONE","4.1.0","singapore","eng","unk","2.0.1",1785693600000
90000005,"open-03","user-026","VideoHeartbeat","buffer-health",1785695360000,"SONY_ANDROID_TV","4.1.0","unknown","tam","eng","2.0.1",1785694320000
90000001,"open-04","user-021","VideoHeartbeat","BufferStart",1785695360000,"Mweb","4.1.0","india","hin","OFF","2.0.1",1785693960000
90000003,"open-01","user-013","VideoHeartbeat","Seek",1785695380000,"ANDROID_PHONE","4.1.0","india","hin","OFF","2.0.1",1785694620000
90000001,"plain-06","user-026","VideoHeartbeat","Seek",1785695400000,"VISION_PRO","4.1.0","india","tam","eng","2.0.1",1785694560000
90000004,"open-02","user-011","VideoHeartbeat","Seek",1785695400000,"IPHONE","4.1.0","singapore","eng","unk","2.0.1",1785693600000
90000005,"open-03","user-026","VideoHeartbeat","BufferStart",1785695400000,"SONY_ANDROID_TV","4.1.0","unknown","tam","eng","2.0.1",1785694320000
90000001,"open-04","user-021","VideoHeartbeat","upshift",1785695400000,"Mweb","4.1.0","india","hin","OFF","2.0.1",1785693960000
90000003,"open-01","user-013","VideoHeartbeat","upshift",1785695420000,"ANDROID_PHONE","4.1.0","india","hin","OFF","2.0.1",1785694620000
90000001,"plain-06","user-026","VideoHeartbeat","buffer-health",1785695440000,"VISION_PRO","4.1.0","india","tam","eng","2.0.1",1785694560000
90000004,"open-02","user-011","VideoHeartbeat","BufferStart",1785695440000,"IPHONE","4.1.0","singapore","eng","unk","2.0.1",1785693600000
90000005,"open-03","user-026","VideoHeartbeat","network-activity",1785695440000,"SONY_ANDROID_TV","4.1.0","unknown","tam","eng","2.0.1",1785694320000
90000001,"open-04","user-021","VideoHeartbeat","Seek",1785695440000,"Mweb","4.1.0","india","hin","OFF","2.0.1",1785693960000
90000003,"open-01","user-013","VideoHeartbeat","buffer-health",1785695460000,"ANDROID_PHONE","4.1.0","india","hin","OFF","2.0.1",1785694620000
90000001,"plain-06","user-026","VideoHeartbeat","buffer-health",1785695480000,"VISION_PRO","4.1.0","india","tam","eng","2.0.1",1785694560000
90000004,"open-02","user-011","VideoHeartbeat","BufferEnd",1785695480000,"IPHONE","4.1.0","singapore","eng","unk","2.0.1",1785693600000
90000005,"open-03","user-026","VideoHeartbeat","buffer-health",1785695480000,"SONY_ANDROID_TV","4.1.0","unknown","tam","eng","2.0.1",1785694320000
90000001,"open-04","user-021","VideoHeartbeat","BufferStart",1785695480000,"Mweb","4.1.0","india","hin","OFF","2.0.1",1785693960000
90000003,"open-01","user-013","VideoHeartbeat","buffer-health",1785695500000,"ANDROID_PHONE","4.1.0","india","hin","OFF","2.0.1",1785694620000
90000003,"open-01","user-013","VideoHeartbeat","Seek",1785695500000,"ANDROID_PHONE","4.1.0","india","hin","OFF","2.0.1",1785694620000
90000001,"plain-06","user-026","VideoHeartbeat","network-activity",1785695520000,"VISION_PRO","4.1.0","india","tam","eng","2.0.1",1785694560000
90000004,"open-02","user-011","VideoHeartbeat","video-resize",1785695520000,"IPHONE","4.1.0","singapore","eng","unk","2.0.1",1785693600000
90000005,"open-03","user-026","VideoHeartbeat","Seek",1785695520000,"SONY_ANDROID_TV","4.1.0","unknown","tam","eng","2.0.1",1785694320000
90000001,"open-04","user-021","VideoHeartbeat","network-activity",1785695520000,"Mweb","4.1.0","india","hin","OFF","2.0.1",1785693960000
90000001,"open-04","user-021","VideoHeartbeat","network-activity",1785695520000,"Mweb","4.1.0","india","hin","OFF","2.0.1",1785693960000
90000003,"open-01","user-013","VideoHeartbeat","buffer-health",1785695540000,"ANDROID_PHONE","4.1.0","india","hin","OFF","2.0.1",1785694620000
90000004,"open-02","user-011","VideoHeartbeat","network-activity",1785695560000,"IPHONE","4.1.0","singapore","eng","unk","2.0.1",1785693600000
90000005,"open-03","user-026","VideoHeartbeat","buffer-health",1785695560000,"SONY_ANDROID_TV","4.1.0","unknown","tam","eng","2.0.1",1785694320000
90000001,"open-04","user-021","VideoHeartbeat","BufferEnd",1785695560000,"Mweb","4.1.0","india","hin","OFF","2.0.1",1785693960000
90000003,"open-01","user-013","VideoHeartbeat","Seek",1785695580000,"ANDROID_PHONE","4.1.0","india","hin","OFF","2.0.1",1785694620000
90000004,"open-02","user-011","VideoHeartbeat","video-resize",1785695600000,"IPHONE","4.1.0","singapore","eng","unk","2.0.1",1785693600000
90000005,"open-03","user-026","VideoHeartbeat","BufferEnd",1785695600000,"SONY_ANDROID_TV","4.1.0","unknown","tam","eng","2.0.1",1785694320000
90000001,"open-04","user-021","VideoHeartbeat","BufferEnd",1785695600000,"Mweb","4.1.0","india","hin","OFF","2.0.1",1785693960000
90000001,"open-04","user-021","VideoHeartbeat","BufferEnd",1785695600000,"Mweb","4.1.0","india","hin","OFF","2.0.1",1785693960000
90000004,"open-02","user-011","VideoHeartbeat","buffer-health",1785695640000,"IPHONE","4.1.0","singapore","eng","unk","2.0.1",1785693600000
90000005,"open-03","user-026","VideoHeartbeat","upshift",1785695640000,"SONY_ANDROID_TV","4.1.0","unknown","tam","eng","2.0.1",1785694320000
90000005,"open-03","user-026","VideoHeartbeat","network-activity",1785695640000,"SONY_ANDROID_TV","4.1.0","unknown","tam","eng","2.0.1",1785694320000
90000001,"open-04","user-021","VideoHeartbeat","Seek",1785695640000,"Mweb","4.1.0","india","hin","OFF","2.0.1",1785693960000
90000003,"open-01","user-013","VideoHeartbeat","BufferStart",1785695660000,"ANDROID_PHONE","4.1.0","india","hin","OFF","2.0.1",1785694620000
90000004,"open-02","user-011","VideoHeartbeat","BufferStart",1785695680000,"IPHONE","4.1.0","singapore","eng","unk","2.0.1",1785693600000
90000005,"open-03","user-026","VideoHeartbeat","BufferEnd",1785695680000,"SONY_ANDROID_TV","4.1.0","unknown","tam","eng","2.0.1",1785694320000
90000001,"open-04","user-021","VideoHeartbeat","Seek",1785695680000,"Mweb","4.1.0","india","hin","OFF","2.0.1",1785693960000
90000001,"open-04","user-021","VideoHeartbeat","upshift",1785695680000,"Mweb","4.1.0","india","hin","OFF","2.0.1",1785693960000
90000003,"open-01","user-013","VideoHeartbeat","upshift",1785695700000,"ANDROID_PHONE","4.1.0","india","hin","OFF","2.0.1",1785694620000
90000003,"open-01","user-013","VideoHeartbeat","BufferEnd",1785695700000,"ANDROID_PHONE","4.1.0","india","hin","OFF","2.0.1",1785694620000
90000004,"open-02","user-011","VideoHeartbeat","Seek",1785695720000,"IPHONE","4.1.0","singapore","eng","unk","2.0.1",1785693600000
90000005,"open-03","user-026","VideoHeartbeat","buffer-health",1785695720000,"SONY_ANDROID_TV","4.1.0","unknown","tam","eng","2.0.1",1785694320000
90000005,"open-03","user-026","VideoHeartbeat","BufferEnd",1785695720000,"SONY_ANDROID_TV","4.1.0","unknown","tam","eng","2.0.1",1785694320000
90000001,"open-04","user-021","VideoHeartbeat","video-resize",1785695720000,"Mweb","4.1.0","india","hin","OFF","2.0.1",1785693960000
90000003,"open-01","user-013","VideoHeartbeat","BufferEnd",1785695740000,"ANDROID_PHONE","4.1.0","india","hin","OFF","2.0.1",1785694620000
90000003,"open-01","user-013","VideoHeartbeat","buffer-health",1785695740000,"ANDROID_PHONE","4.1.0","india","hin","OFF","2.0.1",1785694620000
90000004,"open-02","user-011","VideoHeartbeat","upshift",1785695760000,"IPHONE","4.1.0","singapore","eng","unk","2.0.1",1785693600000
90000005,"open-03","user-026","VideoHeartbeat","upshift",1785695760000,"SONY_ANDROID_TV","4.1.0","unknown","tam","eng","2.0.1",1785694320000
90000001,"open-04","user-021","VideoHeartbeat","buffer-health",1785695760000,"Mweb","4.1.0","india","hin","OFF","2.0.1",1785693960000
90000003,"open-01","user-013","VideoHeartbeat","buffer-health",1785695780000,"ANDROID_PHONE","4.1.0","india","hin","OFF","2.0.1",1785694620000
90000005,"open-03","user-026","VideoHeartbeat","upshift",1785695800000,"SONY_ANDROID_TV","4.1.0","unknown","tam","eng","2.0.1",1785694320000
90000001,"open-04","user-021","VideoHeartbeat","BufferEnd",1785695800000,"Mweb","4.1.0","india","hin","OFF","2.0.1",1785693960000
90000003,"open-01","user-013","VideoHeartbeat","upshift",1785695820000,"ANDROID_PHONE","4.1.0","india","hin","OFF","2.0.1",1785694620000
90000004,"open-02","user-011","VideoHeartbeat","network-activity",1785695840000,"IPHONE","4.1.0","singapore","eng","unk","2.0.1",1785693600000
90000004,"open-02","user-011","VideoHeartbeat","network-activity",1785695840000,"IPHONE","4.1.0","singapore","eng","unk","2.0.1",1785693600000
90000005,"open-03","user-026","VideoHeartbeat","Seek",1785695840000,"SONY_ANDROID_TV","4.1.0","unknown","tam","eng","2.0.1",1785694320000
90000001,"open-04","user-021","VideoHeartbeat","BufferEnd",1785695840000,"Mweb","4.1.0","india","hin","OFF","2.0.1",1785693960000
90000003,"open-01","user-013","VideoHeartbeat","Seek",1785695860000,"ANDROID_PHONE","4.1.0","india","hin","OFF","2.0.1",1785694620000
90000003,"open-01","user-013","VideoHeartbeat","upshift",1785695860000,"ANDROID_PHONE","4.1.0","india","hin","OFF","2.0.1",1785694620000
90000004,"open-02","user-011","VideoHeartbeat","Seek",1785695880000,"IPHONE","4.1.0","singapore","eng","unk","2.0.1",1785693600000
90000005,"open-03","user-026","VideoHeartbeat","upshift",1785695880000,"SONY_ANDROID_TV","4.1.0","unknown","tam","eng","2.0.1",1785694320000
90000001,"open-04","user-021","VideoHeartbeat","Seek",1785695880000,"Mweb","4.1.0","india","hin","OFF","2.0.1",1785693960000
90000003,"open-01","user-013","VideoHeartbeat","network-activity",1785695900000,"ANDROID_PHONE","4.1.0","india","hin","OFF","2.0.1",1785694620000
90000003,"open-01","user-013","VideoHeartbeat","upshift",1785695900000,"ANDROID_PHONE","4.1.0","india","hin","OFF","2.0.1",1785694620000
90000004,"open-02","user-011","VideoHeartbeat","BufferStart",1785695920000,"IPHONE","4.1.0","singapore","eng","unk","2.0.1",1785693600000
90000005,"open-03","user-026","VideoHeartbeat","network-activity",1785695920000,"SONY_ANDROID_TV","4.1.0","unknown","tam","eng","2.0.1",1785694320000
90000001,"open-04","user-021","VideoHeartbeat","upshift",1785695920000,"Mweb","4.1.0","india","hin","OFF","2.0.1",1785693960000
90000001,"open-04","user-021","VideoHeartbeat","BufferStart",1785695920000,"Mweb","4.1.0","india","hin","OFF","2.0.1",1785693960000
90000003,"open-01","user-013","VideoHeartbeat","upshift",1785695940000,"ANDROID_PHONE","4.1.0","india","hin","OFF","2.0.1",1785694620000
90000004,"open-02","user-011","VideoHeartbeat","network-activity",1785695960000,"IPHONE","4.1.0","singapore","eng","unk","2.0.1",1785693600000
90000005,"open-03","user-026","VideoHeartbeat","buffer-health",1785695960000,"SONY_ANDROID_TV","4.1.0","unknown","tam","eng","2.0.1",1785694320000
90000001,"open-04","user-021","VideoHeartbeat","upshift",1785695960000,"Mweb","4.1.0","india","hin","OFF","2.0.1",1785693960000
90000003,"open-01","user-013","VideoHeartbeat","BufferEnd",1785695980000,"ANDROID_PHONE","4.1.0","india","hin","OFF","2.0.1",1785694620000
90000004,"open-02","user-011","VideoHeartbeat","upshift",1785696000000,"IPHONE","4.1.0","singapore","eng","unk","2.0.1",1785693600000
90000004,"open-02","user-011","VideoHeartbeat","Seek",1785696000000,"IPHONE","4.1.0","singapore","eng","unk","2.0.1",1785693600000
90000005,"open-03","user-026","VideoHeartbeat","video-resize",1785696000000,"SONY_ANDROID_TV","4.1.0","unknown","tam","eng","2.0.1",1785694320000
90000001,"open-04","user-021","VideoHeartbeat","network-activity",1785696000000,"Mweb","4.1.0","india","hin","OFF","2.0.1",1785693960000
90000004,"open-02","user-011","VideoHeartbeat","Seek",1785696040000,"IPHONE","4.1.0","singapore","eng","unk","2.0.1",1785693600000
90000001,"open-04","user-021","VideoHeartbeat","Seek",1785696040000,"Mweb","4.1.0","india","hin","OFF","2.0.1",1785693960000
90000003,"open-01","user-013","VideoHeartbeat","BufferEnd",1785696060000,"ANDROID_PHONE","4.1.0","india","hin","OFF","2.0.1",1785694620000
90000004,"open-02","user-011","VideoHeartbeat","network-activity",1785696080000,"IPHONE","4.1.0","singapore","eng","unk","2.0.1",1785693600000
90000005,"open-03","user-026","VideoHeartbeat","BufferStart",1785696080000,"SONY_ANDROID_TV","4.1.0","unknown","tam","eng","2.0.1",1785694320000
90000001,"open-04","user-021","VideoHeartbeat","Seek",1785696080000,"Mweb","4.1.0","india","hin","OFF","2.0.1",1785693960000
90000003,"open-01","user-013","VideoHeartbeat","Seek",1785696100000,"ANDROID_PHONE","4.1.0","india","hin","OFF","2.0.1",1785694620000
90000004,"open-02","user-011","VideoHeartbeat","BufferStart",1785696120000,"IPHONE","4.1.0","singapore","eng","unk","2.0.1",1785693600000
90000004,"open-02","user-011","VideoHeartbeat","Seek",1785696120000,"IPHONE","4.1.0","singapore","eng","unk","2.0.1",1785693600000
90000005,"open-03","user-026","VideoHeartbeat","upshift",1785696120000,"SONY_ANDROID_TV","4.1.0","unknown","tam","eng","2.0.1",1785694320000
90000001,"open-04","user-021","VideoHeartbeat","video-resize",1785696120000,"Mweb","4.1.0","india","hin","OFF","2.0.1",1785693960000
90000003,"open-01","user-013","VideoHeartbeat","buffer-health",1785696140000,"ANDROID_PHONE","4.1.0","india","hin","OFF","2.0.1",1785694620000
90000004,"open-02","user-011","VideoHeartbeat","upshift",1785696160000,"IPHONE","4.1.0","singapore","eng","unk","2.0.1",1785693600000
90000005,"open-03","user-026","VideoHeartbeat","BufferEnd",1785696160000,"SONY_ANDROID_TV","4.1.0","unknown","tam","eng","2.0.1",1785694320000
90000001,"open-04","user-021","VideoHeartbeat","network-activity",1785696160000,"Mweb","4.1.0","india","hin","OFF","2.0.1",1785693960000
90000003,"open-01","user-013","VideoHeartbeat","buffer-health",1785696180000,"ANDROID_PHONE","4.1.0","india","hin","OFF","2.0.1",1785694620000
90000004,"open-02","user-011","VideoHeartbeat","Seek",1785696200000,"IPHONE","4.1.0","singapore","eng","unk","2.0.1",1785693600000
90000001,"open-04","user-021","VideoHeartbeat","upshift",1785696200000,"Mweb","4.1.0","india","hin","OFF","2.0.1",1785693960000
90000003,"open-01","user-013","VideoHeartbeat","network-activity",1785696220000,"ANDROID_PHONE","4.1.0","india","hin","OFF","2.0.1",1785694620000
90000004,"open-02","user-011","VideoHeartbeat","Seek",1785696240000,"IPHONE","4.1.0","singapore","eng","unk","2.0.1",1785693600000
90000005,"open-03","user-026","VideoHeartbeat","video-resize",1785696240000,"SONY_ANDROID_TV","4.1.0","unknown","tam","eng","2.0.1",1785694320000
90000001,"open-04","user-021","VideoHeartbeat","Seek",1785696240000,"Mweb","4.1.0","india","hin","OFF","2.0.1",1785693960000
90000001,"open-04","user-021","VideoHeartbeat","Seek",1785696240000,"Mweb","4.1.0","india","hin","OFF","2.0.1",1785693960000
90000003,"open-01","user-013","VideoHeartbeat","upshift",1785696260000,"ANDROID_PHONE","4.1.0","india","hin","OFF","2.0.1",1785694620000
90000004,"open-02","user-011","VideoHeartbeat","upshift",1785696280000,"IPHONE","4.1.0","singapore","eng","unk","2.0.1",1785693600000
90000005,"open-03","user-026","VideoHeartbeat","video-resize",1785696280000,"SONY_ANDROID_TV","4.1.0","unknown","tam","eng","2.0.1",1785694320000
90000001,"open-04","user-021","VideoHeartbeat","BufferStart",1785696280000,"Mweb","4.1.0","india","hin","OFF","2.0.1",1785693960000
90000003,"open-01","user-013","VideoHeartbeat","upshift",1785696300000,"ANDROID_PHONE","4.1.0","india","hin","OFF","2.0.1",1785694620000
90000003,"open-01","user-013","VideoHeartbeat","Seek",1785696300000,"ANDROID_PHONE","4.1.0","india","hin","OFF","2.0.1",1785694620000
90000001,"open-04","user-021","VideoHeartbeat","upshift",1785695040000,"Mweb","4.1.0","india","hin","OFF","2.0.1",1785693960000
90000003,"plain-03","user-008","VideoHeartbeat","network-activity",1785694160000,"SONY_ANDROID_TV","4.1.0","india","tam","eng","2.0.1",1785693840000
90000001,"plain-11","user-025","VideoHeartbeat","buffer-health",1785694540000,"FIRE_TV","4.1.0","india","eng","unk","2.0.1",1785694380000
90000002,"bgonly-01","user-030","VideoHeartbeat","upshift",1785694060000,"FIRE_TV","4.1.0","india","eng","unk","2.0.1",1785693900000
90000001,"plain-06","user-026","VideoPlay","Play",1785694561500,"VISION_PRO","4.1.0","india","tam","eng","2.0.1",1785694560000
90000004,"open-02","user-011","VideoHeartbeat","video-resize",1785693680000,"IPHONE","4.1.0","singapore","eng","unk","2.0.1",1785693600000
90000002,"error-01","user-033","VideoPlay","Play",1785693841500,"SONY_ANDROID_TV","4.1.0","india","tam","eng","2.0.1",1785693840000
90000003,"open-01","user-013","VideoHeartbeat","BufferEnd",1785696020000,"ANDROID_PHONE","4.1.0","india","hin","OFF","2.0.1",1785694620000
90000002,"bgonly-01","user-030","VideoSessionStart","VideoSessionStart",1785693900000,"FIRE_TV","4.1.0","india","eng","unk","2.0.1",1785693900000
90000005,"dupstart-02","user-021","VideoHeartbeat","video-resize",1785694140000,"IPHONE","4.1.0","unknown","eng","unk","2.0.1",1785693780000
90000004,"open-02","user-011","VideoHeartbeat","Seek",1785695800000,"IPHONE","4.1.0","singapore","eng","unk","2.0.1",1785693600000
90000001,"plain-06","user-026","VideoSessionStart","VideoSessionStart",1785694560000,"VISION_PRO","4.1.0","india","tam","eng","2.0.1",1785694560000
90000004,"open-02","user-011","VideoHeartbeat","video-resize",1785694400000,"IPHONE","4.1.0","singapore","eng","unk","2.0.1",1785693600000
90000001,"open-04","user-021","VideoHeartbeat","BufferStart",1785694080000,"Mweb","4.1.0","india","hin","OFF","2.0.1",1785693960000
90000003,"bgonly-02","user-034","VideoHeartbeat","Seek",1785694540000,"VISION_PRO","4.1.0","india","tam","eng","2.0.1",1785694140000
90000001,"gap-01","user-018","VideoHeartbeat","network-activity",1785693900000,"SONY_ANDROID_TV","4.1.0","india","tam","eng","2.0.1",1785693780000
90000003,"plain-03","user-008","VideoHeartbeat","upshift",1785694120000,"SONY_ANDROID_TV","4.1.0","india","tam","eng","2.0.1",1785693840000
90000005,"dupstart-02","user-021","VideoSessionEnd","VideoSessionEnd",1785694264000,"IPHONE","4.1.0","unknown","eng","unk","2.0.1",1785693780000
90000005,"dupstart-02","user-021","VideoHeartbeat","network-activity",1785694060000,"IPHONE","4.1.0","unknown","eng","unk","2.0.1",1785693780000
90000002,"gap-02","user-033","VideoHeartbeat","upshift",1785694460000,"Mweb","4.1.0","india","hin","OFF","2.0.1",1785694260000
90000003,"open-01","user-013","VideoHeartbeat","BufferEnd",1785694740000,"ANDROID_PHONE","4.1.0","india","hin","OFF","2.0.1",1785694620000
90000004,"pause-02","user-008","VideoSessionStart","VideoSessionStart",1785694320000,"VISION_PRO","4.1.0","singapore","tam","eng","2.0.1",1785694320000
90000001,"plain-06","user-026","VideoSessionEnd","VideoSessionEnd",1785695525000,"VISION_PRO","4.1.0","india","tam","eng","2.0.1",1785694560000
90000002,"plain-12","user-011","VideoHeartbeat","buffer-health",1785694720000,"VISION_PRO","4.1.0","india","tam","eng","2.0.1",1785694320000
90000003,"open-01","user-013","VideoHeartbeat","Seek",1785695620000,"ANDROID_PHONE","4.1.0","india","hin","OFF","2.0.1",1785694620000
90000003,"bgonly-02","user-034","VideoHeartbeat","buffer-health",1785694500000,"VISION_PRO","4.1.0","india","tam","eng","2.0.1",1785694140000
90000003,"plain-03","user-008","VideoHeartbeat","BufferStart",1785694040000,"SONY_ANDROID_TV","4.1.0","india","tam","eng","2.0.1",1785693840000
90000002,"plain-07","user-006","VideoHeartbeat","video-resize",1785694160000,"ANDROID_PHONE","4.1.0","india","hin","OFF","2.0.1",1785693840000
90000005,"open-03","user-026","VideoHeartbeat","upshift",1785696040000,"SONY_ANDROID_TV","4.1.0","unknown","tam","eng","2.0.1",1785694320000
90000005,"open-03","user-026","VideoHeartbeat","buffer-health",1785694640000,"SONY_ANDROID_TV","4.1.0","unknown","tam","eng","2.0.1",1785694320000
90000004,"open-02","user-011","VideoHeartbeat","Seek",1785694600000,"IPHONE","4.1.0","singapore","eng","unk","2.0.1",1785693600000
90000003,"open-01","user-013","VideoHeartbeat","BufferEnd",1785695340000,"ANDROID_PHONE","4.1.0","india","hin","OFF","2.0.1",1785694620000
90000001,"plain-06","user-026","VideoHeartbeat","Seek",1785694640000,"VISION_PRO","4.1.0","india","tam","eng","2.0.1",1785694560000
90000001,"plain-06","user-026","VideoHeartbeat","BufferEnd",1785695360000,"VISION_PRO","4.1.0","india","tam","eng","2.0.1",1785694560000
90000005,"open-03","user-026","VideoHeartbeat","Seek",1785696200000,"SONY_ANDROID_TV","4.1.0","unknown","tam","eng","2.0.1",1785694320000
90000004,"pause-02","user-008","VideoHeartbeat","pause",1785694540000,"VISION_PRO","4.1.0","singapore","tam","eng","2.0.1",1785694320000
90000004,"open-02","user-011","VideoPlay","Play",1785693601500,"IPHONE","4.1.0","singapore","eng","unk","2.0.1",1785693600000
