event_time	duration_ms	read_rows	read_bytes	result_rows	query
2026-08-01 11:05:10	2	15	1013	15	             SELECT                 name,                 toJSONString(labels) as labels_serialized,                 value,                 help,                 type             FROM (                 SELECT     \'ClickHouse_MetricsCollection_CustomMetricsSystemTable\' AS name,     toFloat64(1) AS va
2026-08-01 11:05:10	3	6	213	0	             SELECT                 name,                 toJSONString(labels) as labels_serialized,                 value,                 help,                 type             FROM (                 SELECT   \'ClickHouse_CustomMetric_SharedCatalogRecoveryTime\' as name,   toFloat64(recovery_time) a
2026-08-01 11:05:13	3	1	5438	1	SELECT count() FROM system.processes WHERE (initial_user NOT IN _CAST([\'backups-internal\', \'management-internal\', \'monitoring-internal\', \'observability-internal\', \'operator-internal\', \'prometheus-exporter\', \'prometheus-internal\', \'operator-cert-internal\', \'availability-monitoring-internal\', \'\'], \'Ar
2026-08-01 11:05:13	2	44	660	1	SELECT countIf(database = \'system\') as systemParts, countIf(database != \'system\') as nonSystemParts FROM system.parts where active
2026-08-01 11:05:13	2	0	0	1	SELECT countIf(database = \'system\') as systemMerges, countIf(database != \'system\') as nonSystemMerges FROM system.merges
2026-08-01 11:05:15	2	12	5912	1	             SELECT                 name,                 toJSONString(labels) as labels_serialized,                 value,                 help,                 type             FROM (                 SELECT   \'ClickHouse_CustomMetric_TotalMemoryUsedByDictionaries\' AS name,   toFloat64(SUM(bytes_al
2026-08-01 11:05:15	3	6	213	0	             SELECT                 name,                 toJSONString(labels) as labels_serialized,                 value,                 help,                 type             FROM (                 SELECT   \'ClickHouse_CustomMetric_DatabaseReplicatedRecoveryTime\' as name,   toFloat64(recovery_ti
2026-08-01 11:05:18	1	4	235	4	SELECT name FROM system.roles
2026-08-01 11:05:18	2	0	0	0	SELECT sc.`table` AS tableName, sc.name AS name, sc.type AS type FROM system.columns AS sc WHERE database = \'default\' ORDER BY `table` ASC, position ASC SETTINGS show_data_lake_catalogs_in_system_tables = 1, database_datalake_require_metadata_access = 0, log_comment = \'sql console internal query\'
2026-08-01 11:05:18	3	1	5599	1	SELECT count() AS `count()` FROM `system`.`processes` AS `__table1` WHERE (`__table1`.`user` NOT IN (\'monitoring-internal\', \'management-internal\', \'prometheus-internal\', \'observability-internal\', \'operator-internal\', \'backups-internal\', \'sql-console\')) AND (`__table1`.`is_initial_query` = 1) AND ((`
2026-08-01 11:05:20	5	75	18425	75	SELECT             name,             value,             help,             JSONExtract(labels_serialized, \'Map(String, String)\') as labels,             type         FROM merge(system, \'^_custom_metrics_dictionary_.*\')         FORMAT Prometheus
2026-08-01 11:05:20	3	6	213	0	             SELECT                 name,                 toJSONString(labels) as labels_serialized,                 value,                 help,                 type             FROM (                 SELECT   \'ClickHouse_CustomMetric_SharedCatalogRecoveryTime\' as name,   toFloat64(recovery_time) a
2026-08-01 11:05:21	6	75	18425	75	SELECT             name,             value,             help,             JSONExtract(labels_serialized, \'Map(String, String)\') as labels,             type         FROM merge(system, \'^_custom_metrics_dictionary_.*\')         FORMAT Prometheus
2026-08-01 11:05:23	2	2	12834	1	SELECT count() FROM system.processes WHERE (initial_user NOT IN _CAST([\'backups-internal\', \'management-internal\', \'monitoring-internal\', \'observability-internal\', \'operator-internal\', \'prometheus-exporter\', \'prometheus-internal\', \'operator-cert-internal\', \'availability-monitoring-internal\', \'\'], \'Ar
2026-08-01 11:05:23	2	45	675	1	SELECT countIf(database = \'system\') as systemParts, countIf(database != \'system\') as nonSystemParts FROM system.parts where active
2026-08-01 11:05:23	1	0	0	1	SELECT countIf(database = \'system\') as systemMerges, countIf(database != \'system\') as nonSystemMerges FROM system.merges
2026-08-01 11:05:23	23	3066	580451	124	SELECT CAST(\'0fc3eaab-fbcb-4533-8825-9be9faaea781\', \'UUID\') AS instance_id, CAST(\'c-boneaws-al-46-server-j62zx3k-0\', \'LowCardinality(String)\') AS node_id, CAST(name, \'LowCardinality(String)\') AS metric, CAST(mapFilter((k, v) -> has(_CAST([\'remote\'], \'Array(String)\'), k), labels), \'Map(LowCardinality
2026-08-01 11:05:23	3	1	5599	1	SELECT count() AS `count()` FROM `system`.`processes` AS `__table1` WHERE (`__table1`.`user` NOT IN (\'monitoring-internal\', \'management-internal\', \'prometheus-internal\', \'observability-internal\', \'operator-internal\', \'backups-internal\', \'sql-console\')) AND (`__table1`.`is_initial_query` = 1) AND ((`
2026-08-01 11:05:24	14	91	1051	1	SELECT avg(ProfileEvent_OSCPUWaitMicroseconds) as cpu_wait FROM  system.metric_log  WHERE event_time > now() - INTERVAL 2 MINUTE AND event_date >= yesterday()
2026-08-01 11:05:24	4	2	10208	2	SELECT count() as count, sum(elapsed) as total_elapsed, \'lh\' as usr FROM system.processes  WHERE user = \'observability-internal\' AND client_hostname LIKE \'loghouse-scraper%\'  UNION ALL SELECT count() as count, sum(elapsed) as total_elapsed, \'other\' as usr FROM system.processes  WHERE user != \'observ
2026-08-01 11:05:24	1	886	368083	1	SELECT value FROM system.asynchronous_metrics WHERE metric = \'OSMemoryAvailable\' ;
2026-08-01 11:05:25	3	0	0	0	SELECT now64(6) as scrape_time_microseconds, \'j62zx3k\' AS pod_ident, \'boneaws-al-46\' AS spoken_name, \'cell-1\' AS cell, \'ap-south-1\' AS region, \'aws\' AS cloud_provider, \'?\' AS clickhouse_version, \'0fc3eaab-fbcb-4533-8825-9be9faaea781\' AS control_plane_id, \'?\' AS system_processor, * FROM system."files
2026-08-01 11:05:26	3	0	0	0	SELECT now64(6) as scrape_time_microseconds, \'j62zx3k\' AS pod_ident, \'boneaws-al-46\' AS spoken_name, \'cell-1\' AS cell, \'ap-south-1\' AS region, \'aws\' AS cloud_provider, \'?\' AS clickhouse_version, \'0fc3eaab-fbcb-4533-8825-9be9faaea781\' AS control_plane_id, \'?\' AS system_processor, * FROM system."files
2026-08-01 11:05:27	5	0	0	0	SELECT now64(6) as scrape_time_microseconds, \'j62zx3k\' AS pod_ident, \'boneaws-al-46\' AS spoken_name, \'cell-1\' AS cell, \'ap-south-1\' AS region, \'aws\' AS cloud_provider, \'?\' AS clickhouse_version, \'0fc3eaab-fbcb-4533-8825-9be9faaea781\' AS control_plane_id, \'?\' AS system_processor, * FROM system."query
2026-08-01 11:05:28	3	0	0	0	SELECT now64(6) as scrape_time_microseconds, \'j62zx3k\' AS pod_ident, \'boneaws-al-46\' AS spoken_name, \'cell-1\' AS cell, \'ap-south-1\' AS region, \'aws\' AS cloud_provider, \'?\' AS clickhouse_version, \'0fc3eaab-fbcb-4533-8825-9be9faaea781\' AS control_plane_id, \'?\' AS system_processor, * FROM system."backu
2026-08-01 11:05:29	2	0	0	0	SELECT now64(6) as scrape_time_microseconds, \'j62zx3k\' AS pod_ident, \'boneaws-al-46\' AS spoken_name, \'cell-1\' AS cell, \'ap-south-1\' AS region, \'aws\' AS cloud_provider, \'?\' AS clickhouse_version, \'0fc3eaab-fbcb-4533-8825-9be9faaea781\' AS control_plane_id, \'?\' AS system_processor, * FROM system."click
2026-08-01 11:05:30	3	0	0	0	SELECT now64(6) as scrape_time_microseconds, \'j62zx3k\' AS pod_ident, \'boneaws-al-46\' AS spoken_name, \'cell-1\' AS cell, \'ap-south-1\' AS region, \'aws\' AS cloud_provider, \'?\' AS clickhouse_version, \'0fc3eaab-fbcb-4533-8825-9be9faaea781\' AS control_plane_id, \'?\' AS system_processor, * FROM system."crash
2026-08-01 11:05:30	2	1	5022	1	             SELECT                 name,                 toJSONString(labels) as labels_serialized,                 value,                 help,                 type             FROM (                 SELECT   \'ClickHouse_CustomMetric_TotalMemoryUsedByQueries\' AS name,   toFloat64(SUM(peak_memory_u
2026-08-01 11:05:30	5	79	19450	79	SELECT             name,             value,             help,             JSONExtract(labels_serialized, \'Map(String, String)\') as labels,             type         FROM merge(system, \'^_custom_metrics_dictionary_.*\')         FORMAT Prometheus
2026-08-01 11:05:31	3	0	0	0	SELECT now64(6) as scrape_time_microseconds, \'j62zx3k\' AS pod_ident, \'boneaws-al-46\' AS spoken_name, \'cell-1\' AS cell, \'ap-south-1\' AS region, \'aws\' AS cloud_provider, \'?\' AS clickhouse_version, \'0fc3eaab-fbcb-4533-8825-9be9faaea781\' AS control_plane_id, \'?\' AS system_processor, * FROM system."error
2026-08-01 11:05:32	3	0	0	0	SELECT now64(6) as scrape_time_microseconds, \'j62zx3k\' AS pod_ident, \'boneaws-al-46\' AS spoken_name, \'cell-1\' AS cell, \'ap-south-1\' AS region, \'aws\' AS cloud_provider, \'?\' AS clickhouse_version, \'0fc3eaab-fbcb-4533-8825-9be9faaea781\' AS control_plane_id, \'?\' AS system_processor, * FROM system."s3que
2026-08-01 11:05:33	3	0	0	0	SELECT now64(6) as scrape_time_microseconds, \'j62zx3k\' AS pod_ident, \'boneaws-al-46\' AS spoken_name, \'cell-1\' AS cell, \'ap-south-1\' AS region, \'aws\' AS cloud_provider, \'?\' AS clickhouse_version, \'0fc3eaab-fbcb-4533-8825-9be9faaea781\' AS control_plane_id, \'?\' AS system_processor, * FROM system."zooke
2026-08-01 11:05:33	3	1	5438	1	SELECT count() FROM system.processes WHERE (initial_user NOT IN _CAST([\'backups-internal\', \'management-internal\', \'monitoring-internal\', \'observability-internal\', \'operator-internal\', \'prometheus-exporter\', \'prometheus-internal\', \'operator-cert-internal\', \'availability-monitoring-internal\', \'\'], \'Ar
2026-08-01 11:05:33	2	57	855	1	SELECT countIf(database = \'system\') as systemParts, countIf(database != \'system\') as nonSystemParts FROM system.parts where active
2026-08-01 11:05:33	1	0	0	1	SELECT countIf(database = \'system\') as systemMerges, countIf(database != \'system\') as nonSystemMerges FROM system.merges
2026-08-01 11:05:34	3	0	0	0	SELECT now64(6) as scrape_time_microseconds, \'j62zx3k\' AS pod_ident, \'boneaws-al-46\' AS spoken_name, \'cell-1\' AS cell, \'ap-south-1\' AS region, \'aws\' AS cloud_provider, \'?\' AS clickhouse_version, \'0fc3eaab-fbcb-4533-8825-9be9faaea781\' AS control_plane_id, \'?\' AS system_processor, * FROM system."aggre
2026-08-01 11:05:35	1	4	1420	4	             SELECT                 name,                 toJSONString(labels) as labels_serialized,                 value,                 help,                 type             FROM (                 SELECT   concat(\'clickhouse_\', system.dimensional_metrics.metric) AS name,   toFloat64(system.dime
2026-08-01 11:05:35	1	0	0	1	             SELECT                 name,                 toJSONString(labels) as labels_serialized,                 value,                 help,                 type             FROM (                 SELECT   \'ClickHouse_CustomMetric_TotalMemoryUsedByMerges\' AS name,   toFloat64(SUM(memory_usage))
2026-08-01 11:05:35	3	6	213	0	             SELECT                 name,                 toJSONString(labels) as labels_serialized,                 value,                 help,                 type             FROM (                 SELECT   \'ClickHouse_CustomMetric_DatabaseReplicatedRecoveryTime\' as name,   toFloat64(recovery_ti
2026-08-01 11:05:35	82	0	0	0	SELECT now64(6) as scrape_time_microseconds, \'j62zx3k\' AS pod_ident, \'boneaws-al-46\' AS spoken_name, \'cell-1\' AS cell, \'ap-south-1\' AS region, \'aws\' AS cloud_provider, \'?\' AS clickhouse_version, \'0fc3eaab-fbcb-4533-8825-9be9faaea781\' AS control_plane_id, \'?\' AS system_processor, * FROM system."query
2026-08-01 11:05:36	3	0	0	0	SELECT now64(6) as scrape_time_microseconds, \'j62zx3k\' AS pod_ident, \'boneaws-al-46\' AS spoken_name, \'cell-1\' AS cell, \'ap-south-1\' AS region, \'aws\' AS cloud_provider, \'?\' AS clickhouse_version, \'0fc3eaab-fbcb-4533-8825-9be9faaea781\' AS control_plane_id, \'?\' AS system_processor, * FROM system."async
2026-08-01 11:05:37	4	0	0	0	SELECT now64(6) as scrape_time_microseconds, \'j62zx3k\' AS pod_ident, \'boneaws-al-46\' AS spoken_name, \'cell-1\' AS cell, \'ap-south-1\' AS region, \'aws\' AS cloud_provider, \'?\' AS clickhouse_version, \'0fc3eaab-fbcb-4533-8825-9be9faaea781\' AS control_plane_id, \'?\' AS system_processor, * FROM system."sessi
2026-08-01 11:05:38	4	0	0	0	SELECT now64(6) as scrape_time_microseconds, \'j62zx3k\' AS pod_ident, \'boneaws-al-46\' AS spoken_name, \'cell-1\' AS cell, \'ap-south-1\' AS region, \'aws\' AS cloud_provider, \'?\' AS clickhouse_version, \'0fc3eaab-fbcb-4533-8825-9be9faaea781\' AS control_plane_id, \'?\' AS system_processor, * FROM system."proce
2026-08-01 11:05:39	4	0	0	0	SELECT now64(6) as scrape_time_microseconds, \'j62zx3k\' AS pod_ident, \'boneaws-al-46\' AS spoken_name, \'cell-1\' AS cell, \'ap-south-1\' AS region, \'aws\' AS cloud_provider, \'?\' AS clickhouse_version, \'0fc3eaab-fbcb-4533-8825-9be9faaea781\' AS control_plane_id, \'?\' AS system_processor, * FROM system."trace
2026-08-01 11:05:40	7	0	0	0	SELECT now64(6) as scrape_time_microseconds, \'j62zx3k\' AS pod_ident, \'boneaws-al-46\' AS spoken_name, \'cell-1\' AS cell, \'ap-south-1\' AS region, \'aws\' AS cloud_provider, \'?\' AS clickhouse_version, \'0fc3eaab-fbcb-4533-8825-9be9faaea781\' AS control_plane_id, \'?\' AS system_processor, * FROM system."query
2026-08-01 11:05:40	1	0	0	1	             SELECT                 name,                 toJSONString(labels) as labels_serialized,                 value,                 help,                 type             FROM (                 SELECT   \'ClickHouse_CustomMetric_TotalMemoryUsedByAsynchronousInserts\' AS name,   toFloat64(SUM(t
2026-08-01 11:05:40	2	15	1013	15	             SELECT                 name,                 toJSONString(labels) as labels_serialized,                 value,                 help,                 type             FROM (                 SELECT     \'ClickHouse_MetricsCollection_CustomMetricsSystemTable\' AS name,     toFloat64(1) AS va
2026-08-01 11:05:41	105	0	0	0	SELECT now64(6) as scrape_time_microseconds, \'j62zx3k\' AS pod_ident, \'boneaws-al-46\' AS spoken_name, \'cell-1\' AS cell, \'ap-south-1\' AS region, \'aws\' AS cloud_provider, \'?\' AS clickhouse_version, \'0fc3eaab-fbcb-4533-8825-9be9faaea781\' AS control_plane_id, \'?\' AS system_processor, * FROM system."metri
2026-08-01 11:05:42	4	0	0	0	SELECT now64(6) as scrape_time_microseconds, \'j62zx3k\' AS pod_ident, \'boneaws-al-46\' AS spoken_name, \'cell-1\' AS cell, \'ap-south-1\' AS region, \'aws\' AS cloud_provider, \'?\' AS clickhouse_version, \'0fc3eaab-fbcb-4533-8825-9be9faaea781\' AS control_plane_id, \'?\' AS system_processor, * FROM system."part_
2026-08-01 11:05:43	3	0	0	0	SELECT now64(6) as scrape_time_microseconds, \'j62zx3k\' AS pod_ident, \'boneaws-al-46\' AS spoken_name, \'cell-1\' AS cell, \'ap-south-1\' AS region, \'aws\' AS cloud_provider, \'?\' AS clickhouse_version, \'0fc3eaab-fbcb-4533-8825-9be9faaea781\' AS control_plane_id, \'?\' AS system_processor, * FROM system."query
2026-08-01 11:05:43	2	2	12834	1	SELECT count() FROM system.processes WHERE (initial_user NOT IN _CAST([\'backups-internal\', \'management-internal\', \'monitoring-internal\', \'observability-internal\', \'operator-internal\', \'prometheus-exporter\', \'prometheus-internal\', \'operator-cert-internal\', \'availability-monitoring-internal\', \'\'], \'Ar
2026-08-01 11:05:43	2	50	750	1	SELECT countIf(database = \'system\') as systemParts, countIf(database != \'system\') as nonSystemParts FROM system.parts where active
2026-08-01 11:05:43	1	0	0	1	SELECT countIf(database = \'system\') as systemMerges, countIf(database != \'system\') as nonSystemMerges FROM system.merges
2026-08-01 11:05:43	25	3070	581094	124	SELECT CAST(\'0fc3eaab-fbcb-4533-8825-9be9faaea781\', \'UUID\') AS instance_id, CAST(\'c-boneaws-al-46-server-j62zx3k-0\', \'LowCardinality(String)\') AS node_id, CAST(name, \'LowCardinality(String)\') AS metric, CAST(mapFilter((k, v) -> has(_CAST([\'remote\'], \'Array(String)\'), k), labels), \'Map(LowCardinality
2026-08-01 11:05:44	3	0	0	0	SELECT now64(6) as scrape_time_microseconds, \'j62zx3k\' AS pod_ident, \'boneaws-al-46\' AS spoken_name, \'cell-1\' AS cell, \'ap-south-1\' AS region, \'aws\' AS cloud_provider, \'?\' AS clickhouse_version, \'0fc3eaab-fbcb-4533-8825-9be9faaea781\' AS control_plane_id, \'?\' AS system_processor, * FROM system."blob_
2026-08-01 11:05:45	5	0	0	0	SELECT now64(6) as scrape_time_microseconds, \'j62zx3k\' AS pod_ident, \'boneaws-al-46\' AS spoken_name, \'cell-1\' AS cell, \'ap-south-1\' AS region, \'aws\' AS cloud_provider, \'?\' AS clickhouse_version, \'0fc3eaab-fbcb-4533-8825-9be9faaea781\' AS control_plane_id, \'?\' AS system_processor, * FROM system."async
2026-08-01 11:05:45	2	59	472	1	             SELECT                 name,                 toJSONString(labels) as labels_serialized,                 value,                 help,                 type             FROM (                 SELECT   \'ClickHouse_CustomMetric_TotalMemoryUsedByDataSkippingIndices\' AS name,   toFloat64(SUM(d
2026-08-01 11:05:46	4	0	0	0	SELECT now64(6) as scrape_time_microseconds, \'j62zx3k\' AS pod_ident, \'boneaws-al-46\' AS spoken_name, \'cell-1\' AS cell, \'ap-south-1\' AS region, \'aws\' AS cloud_provider, \'?\' AS clickhouse_version, \'0fc3eaab-fbcb-4533-8825-9be9faaea781\' AS control_plane_id, \'?\' AS system_processor, * FROM system."text_
2026-08-01 11:05:50	5	79	19450	79	SELECT             name,             value,             help,             JSONExtract(labels_serialized, \'Map(String, String)\') as labels,             type         FROM merge(system, \'^_custom_metrics_dictionary_.*\')         FORMAT Prometheus
2026-08-01 11:05:50	2	12	5912	1	             SELECT                 name,                 toJSONString(labels) as labels_serialized,                 value,                 help,                 type             FROM (                 SELECT   \'ClickHouse_CustomMetric_TotalMemoryUsedByDictionaries\' AS name,   toFloat64(SUM(bytes_al
2026-08-01 11:05:51	5	79	19450	79	SELECT             name,             value,             help,             JSONExtract(labels_serialized, \'Map(String, String)\') as labels,             type         FROM merge(system, \'^_custom_metrics_dictionary_.*\')         FORMAT Prometheus
2026-08-01 11:05:53	3	1	5438	1	SELECT count() FROM system.processes WHERE (initial_user NOT IN _CAST([\'backups-internal\', \'management-internal\', \'monitoring-internal\', \'observability-internal\', \'operator-internal\', \'prometheus-exporter\', \'prometheus-internal\', \'operator-cert-internal\', \'availability-monitoring-internal\', \'\'], \'Ar
2026-08-01 11:05:53	2	46	690	1	SELECT countIf(database = \'system\') as systemParts, countIf(database != \'system\') as nonSystemParts FROM system.parts where active
2026-08-01 11:05:53	2	0	0	1	SELECT countIf(database = \'system\') as systemMerges, countIf(database != \'system\') as nonSystemMerges FROM system.merges
2026-08-01 11:05:54	13	91	828	1	SELECT avg(ProfileEvent_OSCPUWaitMicroseconds) as cpu_wait FROM  system.metric_log  WHERE event_time > now() - INTERVAL 2 MINUTE AND event_date >= yesterday()
2026-08-01 11:05:54	3	2	10208	2	SELECT count() as count, sum(elapsed) as total_elapsed, \'lh\' as usr FROM system.processes  WHERE user = \'observability-internal\' AND client_hostname LIKE \'loghouse-scraper%\'  UNION ALL SELECT count() as count, sum(elapsed) as total_elapsed, \'other\' as usr FROM system.processes  WHERE user != \'observ
2026-08-01 11:05:54	1	890	368799	1	SELECT value FROM system.asynchronous_metrics WHERE metric = \'OSMemoryAvailable\' ;
2026-08-01 11:05:55	2	0	0	0	             SELECT                 name,                 toJSONString(labels) as labels_serialized,                 value,                 help,                 type             FROM (                 SELECT   \'ClickHouse_CustomMetric_FailedMutations\' as name,   toFloat64(count()) as value,   \'The 
2026-08-01 11:06:00	2	0	0	0	             SELECT                 name,                 toJSONString(labels) as labels_serialized,                 value,                 help,                 type             FROM (                 SELECT   \'ClickHouse_CustomMetric_FailedMutations\' as name,   toFloat64(count()) as value,   \'The 
2026-08-01 11:06:00	2	1	659	0	             SELECT                 name,                 toJSONString(labels) as labels_serialized,                 value,                 help,                 type             FROM (                 SELECT   \'clickhouse_table_replica_readonly_start_timestamp_seconds\' as name,   toFloat64(toUnixTi
2026-08-01 11:06:00	3	6	213	0	             SELECT                 name,                 toJSONString(labels) as labels_serialized,                 value,                 help,                 type             FROM (                 SELECT   \'ClickHouse_CustomMetric_SharedCatalogRecoveryTime\' as name,   toFloat64(recovery_time) a
2026-08-01 11:06:00	5	86	21079	86	SELECT             name,             value,             help,             JSONExtract(labels_serialized, \'Map(String, String)\') as labels,             type         FROM merge(system, \'^_custom_metrics_dictionary_.*\')         FORMAT Prometheus
2026-08-01 11:06:03	2	2	12834	1	SELECT count() FROM system.processes WHERE (initial_user NOT IN _CAST([\'backups-internal\', \'management-internal\', \'monitoring-internal\', \'observability-internal\', \'operator-internal\', \'prometheus-exporter\', \'prometheus-internal\', \'operator-cert-internal\', \'availability-monitoring-internal\', \'\'], \'Ar
2026-08-01 11:06:03	2	37	555	1	SELECT countIf(database = \'system\') as systemParts, countIf(database != \'system\') as nonSystemParts FROM system.parts where active
2026-08-01 11:06:03	23	3077	582067	124	SELECT CAST(\'0fc3eaab-fbcb-4533-8825-9be9faaea781\', \'UUID\') AS instance_id, CAST(\'c-boneaws-al-46-server-j62zx3k-0\', \'LowCardinality(String)\') AS node_id, CAST(name, \'LowCardinality(String)\') AS metric, CAST(mapFilter((k, v) -> has(_CAST([\'remote\'], \'Array(String)\'), k), labels), \'Map(LowCardinality
2026-08-01 11:06:03	1	0	0	1	SELECT countIf(database = \'system\') as systemMerges, countIf(database != \'system\') as nonSystemMerges FROM system.merges
2026-08-01 11:06:05	2	15	1013	15	             SELECT                 name,                 toJSONString(labels) as labels_serialized,                 value,                 help,                 type             FROM (                 SELECT     \'ClickHouse_MetricsCollection_CustomMetricsSystemTable\' AS name,     toFloat64(1) AS va
2026-08-01 11:06:05	3	6	213	0	             SELECT                 name,                 toJSONString(labels) as labels_serialized,                 value,                 help,                 type             FROM (                 SELECT   \'ClickHouse_CustomMetric_DatabaseReplicatedRecoveryTime\' as name,   toFloat64(recovery_ti
2026-08-01 11:06:08	1	1	1	1	SELECT displayName(), version(), revision(), timezone()
2026-08-01 11:06:09	1	1	1	1	SELECT 1;
2026-08-01 11:06:10	2	1	5022	1	             SELECT                 name,                 toJSONString(labels) as labels_serialized,                 value,                 help,                 type             FROM (                 SELECT   \'ClickHouse_CustomMetric_TotalMemoryUsedByQueries\' AS name,   toFloat64(SUM(peak_memory_u
2026-08-01 11:06:13	3	1	5438	1	SELECT count() FROM system.processes WHERE (initial_user NOT IN _CAST([\'backups-internal\', \'management-internal\', \'monitoring-internal\', \'observability-internal\', \'operator-internal\', \'prometheus-exporter\', \'prometheus-internal\', \'operator-cert-internal\', \'availability-monitoring-internal\', \'\'], \'Ar
2026-08-01 11:06:13	2	38	570	1	SELECT countIf(database = \'system\') as systemParts, countIf(database != \'system\') as nonSystemParts FROM system.parts where active
2026-08-01 11:06:13	1	0	0	1	SELECT countIf(database = \'system\') as systemMerges, countIf(database != \'system\') as nonSystemMerges FROM system.merges
2026-08-01 11:06:15	2	1	5022	1	             SELECT                 name,                 toJSONString(labels) as labels_serialized,                 value,                 help,                 type             FROM (                 SELECT   \'ClickHouse_CustomMetric_TotalMemoryUsedByQueries\' AS name,   toFloat64(SUM(peak_memory_u
2026-08-01 11:06:15	1	4	235	4	SELECT name FROM system.roles
2026-08-01 11:06:15	1	4	235	4	SELECT name FROM system.roles
2026-08-01 11:06:15	1	4	235	4	SELECT name FROM system.roles
2026-08-01 11:06:15	2	0	0	0	SELECT sc.`table` AS tableName, sc.name AS name, sc.type AS type FROM system.columns AS sc WHERE database = \'default\' ORDER BY `table` ASC, position ASC SETTINGS show_data_lake_catalogs_in_system_tables = 1, database_datalake_require_metadata_access = 0, log_comment = \'sql console internal query\'
2026-08-01 11:06:15	9	1784	2141717	1784	SELECT DISTINCT name, \'SQL-CONSOLE-META-QUERY\'   FROM system.functions   ORDER BY name   SETTINGS     show_data_lake_catalogs_in_system_tables=1,     database_datalake_require_metadata_access=0,     log_comment=\'sql console internal query\'
2026-08-01 11:06:15	3	1530	559351	1	SELECT name, value FROM system.settings WHERE name = \'allow_experimental_object_type\' SETTINGS log_comment=\'sql console internal query\'
2026-08-01 11:06:15	18	3	16670	1	select     count() from     clusterAllReplicas(default, \'system.processes\') where     user not in (\'monitoring-internal\',\'management-internal\',\'prometheus-internal\',\'observability-internal\',\'operator-internal\',\'backups-internal\',\'sql-console\')     and is_initial_query = 1     and Settings[\'log_comme
2026-08-01 11:06:16	3	1	5599	1	SELECT count() AS `count()` FROM `system`.`processes` AS `__table1` WHERE (`__table1`.`user` NOT IN (\'monitoring-internal\', \'management-internal\', \'prometheus-internal\', \'observability-internal\', \'operator-internal\', \'backups-internal\', \'sql-console\')) AND (`__table1`.`is_initial_query` = 1) AND ((`
2026-08-01 11:06:16	3	1	5599	1	SELECT count() AS `count()` FROM `system`.`processes` AS `__table1` WHERE (`__table1`.`user` NOT IN (\'monitoring-internal\', \'management-internal\', \'prometheus-internal\', \'observability-internal\', \'operator-internal\', \'backups-internal\', \'sql-console\')) AND (`__table1`.`is_initial_query` = 1) AND ((`
2026-08-01 11:06:20	5	86	21079	86	SELECT             name,             value,             help,             JSONExtract(labels_serialized, \'Map(String, String)\') as labels,             type         FROM merge(system, \'^_custom_metrics_dictionary_.*\')         FORMAT Prometheus
2026-08-01 11:06:20	2	0	0	1	             SELECT                 name,                 toJSONString(labels) as labels_serialized,                 value,                 help,                 type             FROM (                 SELECT   \'ClickHouse_CustomMetric_TotalMemoryUsedByAsynchronousInserts\' AS name,   toFloat64(SUM(t
2026-08-01 11:06:20	2	0	0	1	             SELECT                 name,                 toJSONString(labels) as labels_serialized,                 value,                 help,                 type             FROM (                 SELECT   \'ClickHouse_CustomMetric_TotalMemoryUsedByMerges\' AS name,   toFloat64(SUM(memory_usage))
2026-08-01 11:06:20	2	12	5912	1	             SELECT                 name,                 toJSONString(labels) as labels_serialized,                 value,                 help,                 type             FROM (                 SELECT   \'ClickHouse_CustomMetric_TotalMemoryUsedByDictionaries\' AS name,   toFloat64(SUM(bytes_al
2026-08-01 11:06:20	1	443	56078	1	SELECT count(*) FROM system.settings_profile_elements
2026-08-01 11:06:20	2	443	56078	443	SELECT  now64(6) as scrape_time_microseconds, \'j62zx3k\' AS pod_ident, \'boneaws-al-46\' AS spoken_name, \'cell-1\' AS cell, \'ap-south-1\' AS region, \'aws\' AS cloud_provider, \'26.2.1.525\' AS clickhouse_version, \'0fc3eaab-fbcb-4533-8825-9be9faaea781\' AS control_plane_id, \'aarch64\' AS system_processor, * FR
2026-08-01 11:06:21	6	86	21079	86	SELECT             name,             value,             help,             JSONExtract(labels_serialized, \'Map(String, String)\') as labels,             type         FROM merge(system, \'^_custom_metrics_dictionary_.*\')         FORMAT Prometheus
2026-08-01 11:06:23	5	378	114440	5	WITH metrics AS (SELECT name AS metric, toFloat64(value) AS val, now() AS ts FROM system.server_settings WHERE multiMatchAny(name, _CAST([\'^max_database_num_to_throw$\', \'^max_database_num_to_warn$\', \'^max_table_num_to_throw$\', \'^max_table_num_to_warn$\', \'^max_concurrent_queries$\'], \'Array(String)\'))
2026-08-01 11:06:23	5	0	0	0	WITH source AS (SELECT [\'matview_execution_total\', if(exception_code != 0, \'matview_execution_fail\', \'\')] AS metrics, event_time AS ts FROM system.query_views_log WHERE (status != \'QueryStart\') AND (event_date >= toDate(_CAST(\'1785582228.069\', \'DateTime64\'))) AND (event_time >= toDateTime(_CAST(\'178
2026-08-01 11:06:23	7	32768	495800	1560	SELECT CAST(\'0fc3eaab-fbcb-4533-8825-9be9faaea781\', \'UUID\') AS control_plane_id, CAST(\'c-boneaws-al-46-server-j62zx3k-0\', \'LowCardinality(String)\') AS pod_id, CAST(now64(), \'DateTime64(6)\') AS scrape_ts_microseconds, CAST(event_date, \'Date\') AS event_date, CAST(event_time, \'DateTime\') AS event_time,
2026-08-01 11:06:23	3	7	33761	1	SELECT count() FROM system.processes WHERE (initial_user NOT IN _CAST([\'backups-internal\', \'management-internal\', \'monitoring-internal\', \'observability-internal\', \'operator-internal\', \'prometheus-exporter\', \'prometheus-internal\', \'operator-cert-internal\', \'availability-monitoring-internal\', \'\'], \'Ar
2026-08-01 11:06:23	9	0	0	1	WITH failed_mutations AS (SELECT toDateTime(create_time) AS ts, count() AS val FROM system.mutations WHERE (ts > toDateTime(_CAST(\'1785582228.069\', \'DateTime64\'))) AND (ts <= toDateTime(_CAST(\'1785582348.069\', \'DateTime64\'))) AND (latest_failed_part != \'\') AND (is_done = 0) GROUP BY ts), failed_muta
2026-08-01 11:06:23	2	39	585	1	SELECT countIf(database = \'system\') as systemParts, countIf(database != \'system\') as nonSystemParts FROM system.parts where active
2026-08-01 11:06:23	23	3080	582474	124	SELECT CAST(\'0fc3eaab-fbcb-4533-8825-9be9faaea781\', \'UUID\') AS instance_id, CAST(\'c-boneaws-al-46-server-j62zx3k-0\', \'LowCardinality(String)\') AS node_id, CAST(name, \'LowCardinality(String)\') AS metric, CAST(mapFilter((k, v) -> has(_CAST([\'remote\'], \'Array(String)\'), k), labels), \'Map(LowCardinality
2026-08-01 11:06:23	1	0	0	1	SELECT countIf(database = \'system\') as systemMerges, countIf(database != \'system\') as nonSystemMerges FROM system.merges
2026-08-01 11:06:23	31	167	2491	11	WITH metrics AS (SELECT multiIf((event_type = \'MergeParts\') AND (error = 0), \'merges_finished\', (event_type = \'MergeParts\') AND (error != 0), \'merges_failed\', (event_type = \'MutatePart\') AND (error = 0), \'mutate_part_finished\', (event_type = \'MutatePart\') AND (error != 0), \'mutate_part_failed\', NULL
2026-08-01 11:06:23	51	224	59676	120	SELECT CAST(\'0fc3eaab-fbcb-4533-8825-9be9faaea781\', \'UUID\') AS control_plane_id, CAST(\'c-boneaws-al-46-server-j62zx3k-0\', \'LowCardinality(String)\') AS pod_id, CAST(now64(), \'DateTime64(6)\') AS scrape_ts_microseconds, CAST(event_date, \'Date\') AS event_date, CAST(event_time, \'DateTime\') AS event_time,
2026-08-01 11:06:23	159	659	202557	5	WITH parts_agg AS (SELECT database AS agg_database, `table` AS agg_table, SUM(primary_key_size) AS primary_index_size, SUM(secondary_indices_compressed_bytes) AS secondary_index_size FROM system.parts WHERE active AND (database != \'system\') GROUP BY database, `table`), proj_agg AS (SELECT database A
2026-08-01 11:06:24	12	224	3136	1	SELECT avg(ProfileEvent_OSCPUWaitMicroseconds) as cpu_wait FROM  system.metric_log  WHERE event_time > now() - INTERVAL 2 MINUTE AND event_date >= yesterday()
2026-08-01 11:06:24	4	2	10208	2	SELECT count() as count, sum(elapsed) as total_elapsed, \'lh\' as usr FROM system.processes  WHERE user = \'observability-internal\' AND client_hostname LIKE \'loghouse-scraper%\'  UNION ALL SELECT count() as count, sum(elapsed) as total_elapsed, \'other\' as usr FROM system.processes  WHERE user != \'observ
2026-08-01 11:06:24	1	886	368083	1	SELECT value FROM system.asynchronous_metrics WHERE metric = \'OSMemoryAvailable\' ;
2026-08-01 11:06:25	2	1	659	0	             SELECT                 name,                 toJSONString(labels) as labels_serialized,                 value,                 help,                 type             FROM (                 SELECT   \'clickhouse_table_replica_readonly_start_timestamp_seconds\' as name,   toFloat64(toUnixTi
2026-08-01 11:06:30	1	4	1420	4	             SELECT                 name,                 toJSONString(labels) as labels_serialized,                 value,                 help,                 type             FROM (                 SELECT   concat(\'clickhouse_\', system.dimensional_metrics.metric) AS name,   toFloat64(system.dime
2026-08-01 11:06:30	2	59	472	1	             SELECT                 name,                 toJSONString(labels) as labels_serialized,                 value,                 help,                 type             FROM (                 SELECT   \'ClickHouse_CustomMetric_TotalMemoryUsedByDataSkippingIndices\' AS name,   toFloat64(SUM(d
2026-08-01 11:06:30	5	86	21079	86	SELECT             name,             value,             help,             JSONExtract(labels_serialized, \'Map(String, String)\') as labels,             type         FROM merge(system, \'^_custom_metrics_dictionary_.*\')         FORMAT Prometheus
2026-08-01 11:06:33	3	1	5438	1	SELECT count() FROM system.processes WHERE (initial_user NOT IN _CAST([\'backups-internal\', \'management-internal\', \'monitoring-internal\', \'observability-internal\', \'operator-internal\', \'prometheus-exporter\', \'prometheus-internal\', \'operator-cert-internal\', \'availability-monitoring-internal\', \'\'], \'Ar
2026-08-01 11:06:33	2	36	540	1	SELECT countIf(database = \'system\') as systemParts, countIf(database != \'system\') as nonSystemParts FROM system.parts where active
2026-08-01 11:06:33	2	0	0	1	SELECT countIf(database = \'system\') as systemMerges, countIf(database != \'system\') as nonSystemMerges FROM system.merges
2026-08-01 11:06:40	2	0	0	0	             SELECT                 name,                 toJSONString(labels) as labels_serialized,                 value,                 help,                 type             FROM (                 SELECT   \'ClickHouse_CustomMetric_FailedMutations\' as name,   toFloat64(count()) as value,   \'The 
2026-08-01 11:06:41	2	316	114925	1	SELECT count(*) FROM system.replicated_merge_tree_settings
2026-08-01 11:06:41	2	316	114925	316	SELECT  now64(6) as scrape_time_microseconds, \'j62zx3k\' AS pod_ident, \'boneaws-al-46\' AS spoken_name, \'cell-1\' AS cell, \'ap-south-1\' AS region, \'aws\' AS cloud_provider, \'26.2.1.525\' AS clickhouse_version, \'0fc3eaab-fbcb-4533-8825-9be9faaea781\' AS control_plane_id, \'aarch64\' AS system_processor, * FR
2026-08-01 11:06:43	2	2	12834	1	SELECT count() FROM system.processes WHERE (initial_user NOT IN _CAST([\'backups-internal\', \'management-internal\', \'monitoring-internal\', \'observability-internal\', \'operator-internal\', \'prometheus-exporter\', \'prometheus-internal\', \'operator-cert-internal\', \'availability-monitoring-internal\', \'\'], \'Ar
2026-08-01 11:06:43	3	37	555	1	SELECT countIf(database = \'system\') as systemParts, countIf(database != \'system\') as nonSystemParts FROM system.parts where active
2026-08-01 11:06:43	1	0	0	1	SELECT countIf(database = \'system\') as systemMerges, countIf(database != \'system\') as nonSystemMerges FROM system.merges
2026-08-01 11:06:43	24	3080	582474	124	SELECT CAST(\'0fc3eaab-fbcb-4533-8825-9be9faaea781\', \'UUID\') AS instance_id, CAST(\'c-boneaws-al-46-server-j62zx3k-0\', \'LowCardinality(String)\') AS node_id, CAST(name, \'LowCardinality(String)\') AS metric, CAST(mapFilter((k, v) -> has(_CAST([\'remote\'], \'Array(String)\'), k), labels), \'Map(LowCardinality
2026-08-01 11:06:45	2	2	6242	1	             SELECT                 name,                 toJSONString(labels) as labels_serialized,                 value,                 help,                 type             FROM (                 SELECT   \'ClickHouse_CustomMetric_TotalMemoryUsedByQueries\' AS name,   toFloat64(SUM(peak_memory_u
2026-08-01 11:06:45	2	12	5912	1	             SELECT                 name,                 toJSONString(labels) as labels_serialized,                 value,                 help,                 type             FROM (                 SELECT   \'ClickHouse_CustomMetric_TotalMemoryUsedByDictionaries\' AS name,   toFloat64(SUM(bytes_al
2026-08-01 11:06:50	5	86	21079	86	SELECT             name,             value,             help,             JSONExtract(labels_serialized, \'Map(String, String)\') as labels,             type         FROM merge(system, \'^_custom_metrics_dictionary_.*\')         FORMAT Prometheus
2026-08-01 11:06:50	2	15	1013	15	             SELECT                 name,                 toJSONString(labels) as labels_serialized,                 value,                 help,                 type             FROM (                 SELECT     \'ClickHouse_MetricsCollection_CustomMetricsSystemTable\' AS name,     toFloat64(1) AS va
2026-08-01 11:06:51	5	86	21079	86	SELECT             name,             value,             help,             JSONExtract(labels_serialized, \'Map(String, String)\') as labels,             type         FROM merge(system, \'^_custom_metrics_dictionary_.*\')         FORMAT Prometheus
2026-08-01 11:06:53	3	1	5438	1	SELECT count() FROM system.processes WHERE (initial_user NOT IN _CAST([\'backups-internal\', \'management-internal\', \'monitoring-internal\', \'observability-internal\', \'operator-internal\', \'prometheus-exporter\', \'prometheus-internal\', \'operator-cert-internal\', \'availability-monitoring-internal\', \'\'], \'Ar
2026-08-01 11:06:53	2	34	510	1	SELECT countIf(database = \'system\') as systemParts, countIf(database != \'system\') as nonSystemParts FROM system.parts where active
2026-08-01 11:06:53	2	0	0	1	SELECT countIf(database = \'system\') as systemMerges, countIf(database != \'system\') as nonSystemMerges FROM system.merges
2026-08-01 11:06:54	13	255	3570	1	SELECT avg(ProfileEvent_OSCPUWaitMicroseconds) as cpu_wait FROM  system.metric_log  WHERE event_time > now() - INTERVAL 2 MINUTE AND event_date >= yesterday()
2026-08-01 11:06:54	4	2	10208	2	SELECT count() as count, sum(elapsed) as total_elapsed, \'lh\' as usr FROM system.processes  WHERE user = \'observability-internal\' AND client_hostname LIKE \'loghouse-scraper%\'  UNION ALL SELECT count() as count, sum(elapsed) as total_elapsed, \'other\' as usr FROM system.processes  WHERE user != \'observ
2026-08-01 11:06:54	1	886	368083	1	SELECT value FROM system.asynchronous_metrics WHERE metric = \'OSMemoryAvailable\' ;
2026-08-01 11:06:55	3	6	213	0	             SELECT                 name,                 toJSONString(labels) as labels_serialized,                 value,                 help,                 type             FROM (                 SELECT   \'ClickHouse_CustomMetric_DatabaseReplicatedRecoveryTime\' as name,   toFloat64(recovery_ti
2026-08-01 11:07:00	3	6	213	0	             SELECT                 name,                 toJSONString(labels) as labels_serialized,                 value,                 help,                 type             FROM (                 SELECT   \'ClickHouse_CustomMetric_SharedCatalogRecoveryTime\' as name,   toFloat64(recovery_time) a
2026-08-01 11:07:00	5	86	21079	86	SELECT             name,             value,             help,             JSONExtract(labels_serialized, \'Map(String, String)\') as labels,             type         FROM merge(system, \'^_custom_metrics_dictionary_.*\')         FORMAT Prometheus
2026-08-01 11:07:03	2	2	12834	1	SELECT count() FROM system.processes WHERE (initial_user NOT IN _CAST([\'backups-internal\', \'management-internal\', \'monitoring-internal\', \'observability-internal\', \'operator-internal\', \'prometheus-exporter\', \'prometheus-internal\', \'operator-cert-internal\', \'availability-monitoring-internal\', \'\'], \'Ar
2026-08-01 11:07:03	2	40	600	1	SELECT countIf(database = \'system\') as systemParts, countIf(database != \'system\') as nonSystemParts FROM system.parts where active
2026-08-01 11:07:03	2	0	0	1	SELECT countIf(database = \'system\') as systemMerges, countIf(database != \'system\') as nonSystemMerges FROM system.merges
2026-08-01 11:07:03	23	3081	582603	124	SELECT CAST(\'0fc3eaab-fbcb-4533-8825-9be9faaea781\', \'UUID\') AS instance_id, CAST(\'c-boneaws-al-46-server-j62zx3k-0\', \'LowCardinality(String)\') AS node_id, CAST(name, \'LowCardinality(String)\') AS metric, CAST(mapFilter((k, v) -> has(_CAST([\'remote\'], \'Array(String)\'), k), labels), \'Map(LowCardinality
2026-08-01 11:07:05	3	1	5599	1	SELECT count() AS `count()` FROM `system`.`processes` AS `__table1` WHERE (`__table1`.`user` NOT IN (\'monitoring-internal\', \'management-internal\', \'prometheus-internal\', \'observability-internal\', \'operator-internal\', \'backups-internal\', \'sql-console\')) AND (`__table1`.`is_initial_query` = 1) AND ((`
2026-08-01 11:07:10	2	1	659	0	             SELECT                 name,                 toJSONString(labels) as labels_serialized,                 value,                 help,                 type             FROM (                 SELECT   \'clickhouse_table_replica_readonly_start_timestamp_seconds\' as name,   toFloat64(toUnixTi
2026-08-01 11:07:10	14	3	16670	1	select     count() from     clusterAllReplicas(default, \'system.processes\') where     user not in (\'monitoring-internal\',\'management-internal\',\'prometheus-internal\',\'observability-internal\',\'operator-internal\',\'backups-internal\',\'sql-console\')     and is_initial_query = 1     and Settings[\'log_comme
2026-08-01 11:07:13	3	1	5438	1	SELECT count() FROM system.processes WHERE (initial_user NOT IN _CAST([\'backups-internal\', \'management-internal\', \'monitoring-internal\', \'observability-internal\', \'operator-internal\', \'prometheus-exporter\', \'prometheus-internal\', \'operator-cert-internal\', \'availability-monitoring-internal\', \'\'], \'Ar
2026-08-01 11:07:13	2	41	615	1	SELECT countIf(database = \'system\') as systemParts, countIf(database != \'system\') as nonSystemParts FROM system.parts where active
2026-08-01 11:07:13	1	0	0	1	SELECT countIf(database = \'system\') as systemMerges, countIf(database != \'system\') as nonSystemMerges FROM system.merges
2026-08-01 11:07:14	3	1	5599	1	SELECT count() AS `count()` FROM `system`.`processes` AS `__table1` WHERE (`__table1`.`user` NOT IN (\'monitoring-internal\', \'management-internal\', \'prometheus-internal\', \'observability-internal\', \'operator-internal\', \'backups-internal\', \'sql-console\')) AND (`__table1`.`is_initial_query` = 1) AND ((`
2026-08-01 11:07:15	1	4	1420	4	             SELECT                 name,                 toJSONString(labels) as labels_serialized,                 value,                 help,                 type             FROM (                 SELECT   concat(\'clickhouse_\', system.dimensional_metrics.metric) AS name,   toFloat64(system.dime
2026-08-01 11:07:15	1	0	0	1	             SELECT                 name,                 toJSONString(labels) as labels_serialized,                 value,                 help,                 type             FROM (                 SELECT   \'ClickHouse_CustomMetric_TotalMemoryUsedByMerges\' AS name,   toFloat64(SUM(memory_usage))
2026-08-01 11:07:18	15	3	16670	1	select     count() from     clusterAllReplicas(default, \'system.processes\') where     user not in (\'monitoring-internal\',\'management-internal\',\'prometheus-internal\',\'observability-internal\',\'operator-internal\',\'backups-internal\',\'sql-console\')     and is_initial_query = 1     and Settings[\'log_comme
2026-08-01 11:07:20	5	86	21079	86	SELECT             name,             value,             help,             JSONExtract(labels_serialized, \'Map(String, String)\') as labels,             type         FROM merge(system, \'^_custom_metrics_dictionary_.*\')         FORMAT Prometheus
2026-08-01 11:07:20	1	0	0	1	             SELECT                 name,                 toJSONString(labels) as labels_serialized,                 value,                 help,                 type             FROM (                 SELECT   \'ClickHouse_CustomMetric_TotalMemoryUsedByAsynchronousInserts\' AS name,   toFloat64(SUM(t
2026-08-01 11:07:20	2	59	472	1	             SELECT                 name,                 toJSONString(labels) as labels_serialized,                 value,                 help,                 type             FROM (                 SELECT   \'ClickHouse_CustomMetric_TotalMemoryUsedByDataSkippingIndices\' AS name,   toFloat64(SUM(d
2026-08-01 11:07:20	2	1	659	0	             SELECT                 name,                 toJSONString(labels) as labels_serialized,                 value,                 help,                 type             FROM (                 SELECT   \'clickhouse_table_replica_readonly_start_timestamp_seconds\' as name,   toFloat64(toUnixTi
2026-08-01 11:07:21	5	86	21079	86	SELECT             name,             value,             help,             JSONExtract(labels_serialized, \'Map(String, String)\') as labels,             type         FROM merge(system, \'^_custom_metrics_dictionary_.*\')         FORMAT Prometheus
2026-08-01 11:07:22	3	1	5599	1	SELECT count() AS `count()` FROM `system`.`processes` AS `__table1` WHERE (`__table1`.`user` NOT IN (\'monitoring-internal\', \'management-internal\', \'prometheus-internal\', \'observability-internal\', \'operator-internal\', \'backups-internal\', \'sql-console\')) AND (`__table1`.`is_initial_query` = 1) AND ((`
2026-08-01 11:07:23	3	2	12834	1	SELECT count() FROM system.processes WHERE (initial_user NOT IN _CAST([\'backups-internal\', \'management-internal\', \'monitoring-internal\', \'observability-internal\', \'operator-internal\', \'prometheus-exporter\', \'prometheus-internal\', \'operator-cert-internal\', \'availability-monitoring-internal\', \'\'], \'Ar
2026-08-01 11:07:23	2	42	630	1	SELECT countIf(database = \'system\') as systemParts, countIf(database != \'system\') as nonSystemParts FROM system.parts where active
2026-08-01 11:07:23	2	0	0	1	SELECT countIf(database = \'system\') as systemMerges, countIf(database != \'system\') as nonSystemMerges FROM system.merges
2026-08-01 11:07:23	24	3082	582742	124	SELECT CAST(\'0fc3eaab-fbcb-4533-8825-9be9faaea781\', \'UUID\') AS instance_id, CAST(\'c-boneaws-al-46-server-j62zx3k-0\', \'LowCardinality(String)\') AS node_id, CAST(name, \'LowCardinality(String)\') AS metric, CAST(mapFilter((k, v) -> has(_CAST([\'remote\'], \'Array(String)\'), k), labels), \'Map(LowCardinality
2026-08-01 11:07:24	14	285	3990	1	SELECT avg(ProfileEvent_OSCPUWaitMicroseconds) as cpu_wait FROM  system.metric_log  WHERE event_time > now() - INTERVAL 2 MINUTE AND event_date >= yesterday()
2026-08-01 11:07:24	4	2	10208	2	SELECT count() as count, sum(elapsed) as total_elapsed, \'lh\' as usr FROM system.processes  WHERE user = \'observability-internal\' AND client_hostname LIKE \'loghouse-scraper%\'  UNION ALL SELECT count() as count, sum(elapsed) as total_elapsed, \'other\' as usr FROM system.processes  WHERE user != \'observ
2026-08-01 11:07:24	1	886	368083	1	SELECT value FROM system.asynchronous_metrics WHERE metric = \'OSMemoryAvailable\' ;
2026-08-01 11:07:25	3	0	0	0	SELECT now64(6) as scrape_time_microseconds, \'j62zx3k\' AS pod_ident, \'boneaws-al-46\' AS spoken_name, \'cell-1\' AS cell, \'ap-south-1\' AS region, \'aws\' AS cloud_provider, \'?\' AS clickhouse_version, \'0fc3eaab-fbcb-4533-8825-9be9faaea781\' AS control_plane_id, \'?\' AS system_processor, * FROM system."files
2026-08-01 11:07:25	2	2	6302	1	             SELECT                 name,                 toJSONString(labels) as labels_serialized,                 value,                 help,                 type             FROM (                 SELECT   \'ClickHouse_CustomMetric_TotalMemoryUsedByQueries\' AS name,   toFloat64(SUM(peak_memory_u
2026-08-01 11:07:25	56	0	0	0	             SELECT                 name,                 toJSONString(labels) as labels_serialized,                 value,                 help,                 type             FROM (                 SELECT   \'ClickHouse_CustomMetric_FailedMutations\' as name,   toFloat64(count()) as value,   \'The 
2026-08-01 11:07:26	3	0	0	0	SELECT now64(6) as scrape_time_microseconds, \'j62zx3k\' AS pod_ident, \'boneaws-al-46\' AS spoken_name, \'cell-1\' AS cell, \'ap-south-1\' AS region, \'aws\' AS cloud_provider, \'?\' AS clickhouse_version, \'0fc3eaab-fbcb-4533-8825-9be9faaea781\' AS control_plane_id, \'?\' AS system_processor, * FROM system."files
2026-08-01 11:07:26	3	1	5599	1	SELECT count() AS `count()` FROM `system`.`processes` AS `__table1` WHERE (`__table1`.`user` NOT IN (\'monitoring-internal\', \'management-internal\', \'prometheus-internal\', \'observability-internal\', \'operator-internal\', \'backups-internal\', \'sql-console\')) AND (`__table1`.`is_initial_query` = 1) AND ((`
2026-08-01 11:07:26	1	1	1	1	SELECT displayName(), version(), revision(), timezone()
2026-08-01 11:07:27	5	0	0	0	SELECT now64(6) as scrape_time_microseconds, \'j62zx3k\' AS pod_ident, \'boneaws-al-46\' AS spoken_name, \'cell-1\' AS cell, \'ap-south-1\' AS region, \'aws\' AS cloud_provider, \'?\' AS clickhouse_version, \'0fc3eaab-fbcb-4533-8825-9be9faaea781\' AS control_plane_id, \'?\' AS system_processor, * FROM system."query
2026-08-01 11:07:27	1	1	1	1	SELECT 1;
2026-08-01 11:07:28	3	0	0	0	SELECT now64(6) as scrape_time_microseconds, \'j62zx3k\' AS pod_ident, \'boneaws-al-46\' AS spoken_name, \'cell-1\' AS cell, \'ap-south-1\' AS region, \'aws\' AS cloud_provider, \'?\' AS clickhouse_version, \'0fc3eaab-fbcb-4533-8825-9be9faaea781\' AS control_plane_id, \'?\' AS system_processor, * FROM system."backu
2026-08-01 11:07:29	3	0	0	0	SELECT now64(6) as scrape_time_microseconds, \'j62zx3k\' AS pod_ident, \'boneaws-al-46\' AS spoken_name, \'cell-1\' AS cell, \'ap-south-1\' AS region, \'aws\' AS cloud_provider, \'?\' AS clickhouse_version, \'0fc3eaab-fbcb-4533-8825-9be9faaea781\' AS control_plane_id, \'?\' AS system_processor, * FROM system."click
2026-08-01 11:07:30	3	0	0	0	SELECT now64(6) as scrape_time_microseconds, \'j62zx3k\' AS pod_ident, \'boneaws-al-46\' AS spoken_name, \'cell-1\' AS cell, \'ap-south-1\' AS region, \'aws\' AS cloud_provider, \'?\' AS clickhouse_version, \'0fc3eaab-fbcb-4533-8825-9be9faaea781\' AS control_plane_id, \'?\' AS system_processor, * FROM system."crash
2026-08-01 11:07:30	3	6	213	0	             SELECT                 name,                 toJSONString(labels) as labels_serialized,                 value,                 help,                 type             FROM (                 SELECT   \'ClickHouse_CustomMetric_SharedCatalogRecoveryTime\' as name,   toFloat64(recovery_time) a
2026-08-01 11:07:30	3	1	5599	1	SELECT count() AS `count()` FROM `system`.`processes` AS `__table1` WHERE (`__table1`.`user` NOT IN (\'monitoring-internal\', \'management-internal\', \'prometheus-internal\', \'observability-internal\', \'operator-internal\', \'backups-internal\', \'sql-console\')) AND (`__table1`.`is_initial_query` = 1) AND ((`
2026-08-01 11:07:30	5	86	21079	86	SELECT             name,             value,             help,             JSONExtract(labels_serialized, \'Map(String, String)\') as labels,             type         FROM merge(system, \'^_custom_metrics_dictionary_.*\')         FORMAT Prometheus
2026-08-01 11:07:31	3	0	0	0	SELECT now64(6) as scrape_time_microseconds, \'j62zx3k\' AS pod_ident, \'boneaws-al-46\' AS spoken_name, \'cell-1\' AS cell, \'ap-south-1\' AS region, \'aws\' AS cloud_provider, \'?\' AS clickhouse_version, \'0fc3eaab-fbcb-4533-8825-9be9faaea781\' AS control_plane_id, \'?\' AS system_processor, * FROM system."error
2026-08-01 11:07:32	3	0	0	0	SELECT now64(6) as scrape_time_microseconds, \'j62zx3k\' AS pod_ident, \'boneaws-al-46\' AS spoken_name, \'cell-1\' AS cell, \'ap-south-1\' AS region, \'aws\' AS cloud_provider, \'?\' AS clickhouse_version, \'0fc3eaab-fbcb-4533-8825-9be9faaea781\' AS control_plane_id, \'?\' AS system_processor, * FROM system."s3que
2026-08-01 11:07:32	2	6	60	1	SELECT countIf(`__table1`.`is_shared_catalog_cluster` AND (`__table1`.`recovery_time` > 600000)) = 0 AS `equals(countIf(and(if(hasColumnInTable(\'system\', \'clusters\', \'is_shared_catalog_cluster\'), is_shared_catalog_cluster, false), if(hasColumnInTable(\'system\', \'clusters\', \'recovery_time\'), greater(r
2026-08-01 11:07:33	3	0	0	0	SELECT now64(6) as scrape_time_microseconds, \'j62zx3k\' AS pod_ident, \'boneaws-al-46\' AS spoken_name, \'cell-1\' AS cell, \'ap-south-1\' AS region, \'aws\' AS cloud_provider, \'?\' AS clickhouse_version, \'0fc3eaab-fbcb-4533-8825-9be9faaea781\' AS control_plane_id, \'?\' AS system_processor, * FROM system."zooke
2026-08-01 11:07:33	3	2	7298	1	SELECT count() FROM system.processes WHERE (initial_user NOT IN _CAST([\'backups-internal\', \'management-internal\', \'monitoring-internal\', \'observability-internal\', \'operator-internal\', \'prometheus-exporter\', \'prometheus-internal\', \'operator-cert-internal\', \'availability-monitoring-internal\', \'\'], \'Ar
2026-08-01 11:07:33	137	61	915	1	SELECT countIf(database = \'system\') as systemParts, countIf(database != \'system\') as nonSystemParts FROM system.parts where active
2026-08-01 11:07:33	2	2	3108	1	SELECT countIf(database = \'system\') as systemMerges, countIf(database != \'system\') as nonSystemMerges FROM system.merges
2026-08-01 11:07:33	681	0	0	0	SYSTEM FLUSH LOGS
2026-08-01 11:07:33	2	1	29	1	SELECT COUNT() FROM system.databases WHERE name = \'default\' AND engine = \'Shared\'
2026-08-01 11:07:33	1	1	1	1	SELECT hostname()
2026-08-01 11:07:33	28	1	573	1	         SELECT             count(*),             create_table_query         FROM system.tables         WHERE database = \'system\'         AND name = \'system_tables_tracking_boneaws_al_46\'         GROUP by create_table_query
2026-08-01 11:07:33	3	27	6373	22	         SELECT             name,             uuid,             hostname() as h,             data_paths[1] as data_path         FROM system.tables         WHERE database = \'system\'         AND (name LIKE \'%_log\' OR name LIKE \'%_log_%\')         AND (storage_policy = \'plain_rewritable_system_tables\' O
2026-08-01 11:07:33	10	22	2873	22	 SELECT hostname() as executing_replica, uuid, name, origin_replica, attached_replica_id FROM system.system_tables_tracking_boneaws_al_46 WHERE attached_replica_id = \'c-boneaws-al-46-server-j62zx3k-0\' OR attached_replica_id IS NULL OR origin_replica = \'c-boneaws-al-46-server-j62zx3k-0\'        
2026-08-01 11:07:33	0	0	0	0	SYSTEM REPLICA READY
2026-08-01 11:07:33	26	390	120352	1	         WITH (             SELECT coalesce(value, \'false\')             FROM system.server_settings             WHERE name = \'dictionaries_lazy_load\'         ) as lazy SELECT count() as total, countIf(status = \'LOADED\') as loaded, countIf(status = \'LOADING\') as loading, countIf(status 
2026-08-01 11:07:34	3	0	0	0	SELECT now64(6) as scrape_time_microseconds, \'j62zx3k\' AS pod_ident, \'boneaws-al-46\' AS spoken_name, \'cell-1\' AS cell, \'ap-south-1\' AS region, \'aws\' AS cloud_provider, \'?\' AS clickhouse_version, \'0fc3eaab-fbcb-4533-8825-9be9faaea781\' AS control_plane_id, \'?\' AS system_processor, * FROM system."aggre
2026-08-01 11:07:34	3	1	5599	1	SELECT count() AS `count()` FROM `system`.`processes` AS `__table1` WHERE (`__table1`.`user` NOT IN (\'monitoring-internal\', \'management-internal\', \'prometheus-internal\', \'observability-internal\', \'operator-internal\', \'backups-internal\', \'sql-console\')) AND (`__table1`.`is_initial_query` = 1) AND ((`
2026-08-01 11:07:35	79	0	0	0	SELECT now64(6) as scrape_time_microseconds, \'j62zx3k\' AS pod_ident, \'boneaws-al-46\' AS spoken_name, \'cell-1\' AS cell, \'ap-south-1\' AS region, \'aws\' AS cloud_provider, \'?\' AS clickhouse_version, \'0fc3eaab-fbcb-4533-8825-9be9faaea781\' AS control_plane_id, \'?\' AS system_processor, * FROM system."query
2026-08-01 11:07:35	1	4	1420	4	             SELECT                 name,                 toJSONString(labels) as labels_serialized,                 value,                 help,                 type             FROM (                 SELECT   concat(\'clickhouse_\', system.dimensional_metrics.metric) AS name,   toFloat64(system.dime
2026-08-01 11:07:36	3	0	0	0	SELECT now64(6) as scrape_time_microseconds, \'j62zx3k\' AS pod_ident, \'boneaws-al-46\' AS spoken_name, \'cell-1\' AS cell, \'ap-south-1\' AS region, \'aws\' AS cloud_provider, \'?\' AS clickhouse_version, \'0fc3eaab-fbcb-4533-8825-9be9faaea781\' AS control_plane_id, \'?\' AS system_processor, * FROM system."async
2026-08-01 11:07:37	4	0	0	0	SELECT now64(6) as scrape_time_microseconds, \'j62zx3k\' AS pod_ident, \'boneaws-al-46\' AS spoken_name, \'cell-1\' AS cell, \'ap-south-1\' AS region, \'aws\' AS cloud_provider, \'?\' AS clickhouse_version, \'0fc3eaab-fbcb-4533-8825-9be9faaea781\' AS control_plane_id, \'?\' AS system_processor, * FROM system."sessi
2026-08-01 11:07:38	4	0	0	0	SELECT now64(6) as scrape_time_microseconds, \'j62zx3k\' AS pod_ident, \'boneaws-al-46\' AS spoken_name, \'cell-1\' AS cell, \'ap-south-1\' AS region, \'aws\' AS cloud_provider, \'?\' AS clickhouse_version, \'0fc3eaab-fbcb-4533-8825-9be9faaea781\' AS control_plane_id, \'?\' AS system_processor, * FROM system."proce
2026-08-01 11:07:38	3	1	5599	1	SELECT count() AS `count()` FROM `system`.`processes` AS `__table1` WHERE (`__table1`.`user` NOT IN (\'monitoring-internal\', \'management-internal\', \'prometheus-internal\', \'observability-internal\', \'operator-internal\', \'backups-internal\', \'sql-console\')) AND (`__table1`.`is_initial_query` = 1) AND ((`
2026-08-01 11:07:39	4	0	0	0	SELECT now64(6) as scrape_time_microseconds, \'j62zx3k\' AS pod_ident, \'boneaws-al-46\' AS spoken_name, \'cell-1\' AS cell, \'ap-south-1\' AS region, \'aws\' AS cloud_provider, \'?\' AS clickhouse_version, \'0fc3eaab-fbcb-4533-8825-9be9faaea781\' AS control_plane_id, \'?\' AS system_processor, * FROM system."trace
2026-08-01 11:07:40	8	0	0	0	SELECT now64(6) as scrape_time_microseconds, \'j62zx3k\' AS pod_ident, \'boneaws-al-46\' AS spoken_name, \'cell-1\' AS cell, \'ap-south-1\' AS region, \'aws\' AS cloud_provider, \'?\' AS clickhouse_version, \'0fc3eaab-fbcb-4533-8825-9be9faaea781\' AS control_plane_id, \'?\' AS system_processor, * FROM system."query
2026-08-01 11:07:41	108	0	0	0	SELECT now64(6) as scrape_time_microseconds, \'j62zx3k\' AS pod_ident, \'boneaws-al-46\' AS spoken_name, \'cell-1\' AS cell, \'ap-south-1\' AS region, \'aws\' AS cloud_provider, \'?\' AS clickhouse_version, \'0fc3eaab-fbcb-4533-8825-9be9faaea781\' AS control_plane_id, \'?\' AS system_processor, * FROM system."metri
2026-08-01 11:07:42	4	0	0	0	SELECT now64(6) as scrape_time_microseconds, \'j62zx3k\' AS pod_ident, \'boneaws-al-46\' AS spoken_name, \'cell-1\' AS cell, \'ap-south-1\' AS region, \'aws\' AS cloud_provider, \'?\' AS clickhouse_version, \'0fc3eaab-fbcb-4533-8825-9be9faaea781\' AS control_plane_id, \'?\' AS system_processor, * FROM system."part_
2026-08-01 11:07:42	14	3	16670	1	select     count() from     clusterAllReplicas(default, \'system.processes\') where     user not in (\'monitoring-internal\',\'management-internal\',\'prometheus-internal\',\'observability-internal\',\'operator-internal\',\'backups-internal\',\'sql-console\')     and is_initial_query = 1     and Settings[\'log_comme
2026-08-01 11:07:43	3	0	0	0	SELECT now64(6) as scrape_time_microseconds, \'j62zx3k\' AS pod_ident, \'boneaws-al-46\' AS spoken_name, \'cell-1\' AS cell, \'ap-south-1\' AS region, \'aws\' AS cloud_provider, \'?\' AS clickhouse_version, \'0fc3eaab-fbcb-4533-8825-9be9faaea781\' AS control_plane_id, \'?\' AS system_processor, * FROM system."query
2026-08-01 11:07:43	3	2	12878	1	SELECT count() FROM system.processes WHERE (initial_user NOT IN _CAST([\'backups-internal\', \'management-internal\', \'monitoring-internal\', \'observability-internal\', \'operator-internal\', \'prometheus-exporter\', \'prometheus-internal\', \'operator-cert-internal\', \'availability-monitoring-internal\', \'\'], \'Ar
2026-08-01 11:07:43	2	52	780	1	SELECT countIf(database = \'system\') as systemParts, countIf(database != \'system\') as nonSystemParts FROM system.parts where active
2026-08-01 11:07:43	2	0	0	1	SELECT countIf(database = \'system\') as systemMerges, countIf(database != \'system\') as nonSystemMerges FROM system.merges
2026-08-01 11:07:43	27	3087	583518	124	SELECT CAST(\'0fc3eaab-fbcb-4533-8825-9be9faaea781\', \'UUID\') AS instance_id, CAST(\'c-boneaws-al-46-server-j62zx3k-0\', \'LowCardinality(String)\') AS node_id, CAST(name, \'LowCardinality(String)\') AS metric, CAST(mapFilter((k, v) -> has(_CAST([\'remote\'], \'Array(String)\'), k), labels), \'Map(LowCardinality
2026-08-01 11:07:44	4	0	0	0	SELECT now64(6) as scrape_time_microseconds, \'j62zx3k\' AS pod_ident, \'boneaws-al-46\' AS spoken_name, \'cell-1\' AS cell, \'ap-south-1\' AS region, \'aws\' AS cloud_provider, \'?\' AS clickhouse_version, \'0fc3eaab-fbcb-4533-8825-9be9faaea781\' AS control_plane_id, \'?\' AS system_processor, * FROM system."blob_
2026-08-01 11:07:45	6	0	0	0	SELECT now64(6) as scrape_time_microseconds, \'j62zx3k\' AS pod_ident, \'boneaws-al-46\' AS spoken_name, \'cell-1\' AS cell, \'ap-south-1\' AS region, \'aws\' AS cloud_provider, \'?\' AS clickhouse_version, \'0fc3eaab-fbcb-4533-8825-9be9faaea781\' AS control_plane_id, \'?\' AS system_processor, * FROM system."async
2026-08-01 11:07:45	2	59	472	1	             SELECT                 name,                 toJSONString(labels) as labels_serialized,                 value,                 help,                 type             FROM (                 SELECT   \'ClickHouse_CustomMetric_TotalMemoryUsedByDataSkippingIndices\' AS name,   toFloat64(SUM(d
2026-08-01 11:07:45	2	15	1013	15	             SELECT                 name,                 toJSONString(labels) as labels_serialized,                 value,                 help,                 type             FROM (                 SELECT     \'ClickHouse_MetricsCollection_CustomMetricsSystemTable\' AS name,     toFloat64(1) AS va
2026-08-01 11:07:45	2	12	5912	1	             SELECT                 name,                 toJSONString(labels) as labels_serialized,                 value,                 help,                 type             FROM (                 SELECT   \'ClickHouse_CustomMetric_TotalMemoryUsedByDictionaries\' AS name,   toFloat64(SUM(bytes_al
2026-08-01 11:07:46	4	0	0	0	SELECT now64(6) as scrape_time_microseconds, \'j62zx3k\' AS pod_ident, \'boneaws-al-46\' AS spoken_name, \'cell-1\' AS cell, \'ap-south-1\' AS region, \'aws\' AS cloud_provider, \'?\' AS clickhouse_version, \'0fc3eaab-fbcb-4533-8825-9be9faaea781\' AS control_plane_id, \'?\' AS system_processor, * FROM system."text_
2026-08-01 11:07:46	2	0	8	1	SELECT count() FROM system.backups where status IN (0,3)
2026-08-01 11:07:46	3	1	5472	1	SELECT count() FROM system.processes WHERE (elapsed > _CAST(0, \'Int64\')) AND (initial_user NOT IN _CAST([\'backups-internal\', \'management-internal\', \'monitoring-internal\', \'observability-internal\', \'operator-internal\', \'prometheus-exporter\', \'prometheus-internal\', \'operator-cert-internal\', \'availabil
2026-08-01 11:07:49	3	1	5599	1	SELECT count() AS `count()` FROM `system`.`processes` AS `__table1` WHERE (`__table1`.`user` NOT IN (\'monitoring-internal\', \'management-internal\', \'prometheus-internal\', \'observability-internal\', \'operator-internal\', \'backups-internal\', \'sql-console\')) AND (`__table1`.`is_initial_query` = 1) AND ((`
2026-08-01 11:07:50	5	91	22368	91	SELECT             name,             value,             help,             JSONExtract(labels_serialized, \'Map(String, String)\') as labels,             type         FROM merge(system, \'^_custom_metrics_dictionary_.*\')         FORMAT Prometheus
2026-08-01 11:07:50	2	3	7659	1	             SELECT                 name,                 toJSONString(labels) as labels_serialized,                 value,                 help,                 type             FROM (                 SELECT   \'ClickHouse_CustomMetric_TotalMemoryUsedByQueries\' AS name,   toFloat64(SUM(peak_memory_u
2026-08-01 11:07:50	2	1	659	0	             SELECT                 name,                 toJSONString(labels) as labels_serialized,                 value,                 help,                 type             FROM (                 SELECT   \'clickhouse_table_replica_readonly_start_timestamp_seconds\' as name,   toFloat64(toUnixTi
2026-08-01 11:07:50	3	6	213	0	             SELECT                 name,                 toJSONString(labels) as labels_serialized,                 value,                 help,                 type             FROM (                 SELECT   \'ClickHouse_CustomMetric_DatabaseReplicatedRecoveryTime\' as name,   toFloat64(recovery_ti
2026-08-01 11:07:51	6	91	22368	91	SELECT             name,             value,             help,             JSONExtract(labels_serialized, \'Map(String, String)\') as labels,             type         FROM merge(system, \'^_custom_metrics_dictionary_.*\')         FORMAT Prometheus
2026-08-01 11:07:53	3	1	5438	1	SELECT count() FROM system.processes WHERE (initial_user NOT IN _CAST([\'backups-internal\', \'management-internal\', \'monitoring-internal\', \'observability-internal\', \'operator-internal\', \'prometheus-exporter\', \'prometheus-internal\', \'operator-cert-internal\', \'availability-monitoring-internal\', \'\'], \'Ar
2026-08-01 11:07:53	2	50	750	1	SELECT countIf(database = \'system\') as systemParts, countIf(database != \'system\') as nonSystemParts FROM system.parts where active
2026-08-01 11:07:53	2	0	0	1	SELECT countIf(database = \'system\') as systemMerges, countIf(database != \'system\') as nonSystemMerges FROM system.merges
2026-08-01 11:07:54	14	99	1163	1	SELECT avg(ProfileEvent_OSCPUWaitMicroseconds) as cpu_wait FROM  system.metric_log  WHERE event_time > now() - INTERVAL 2 MINUTE AND event_date >= yesterday()
2026-08-01 11:07:54	4	2	10208	2	SELECT count() as count, sum(elapsed) as total_elapsed, \'lh\' as usr FROM system.processes  WHERE user = \'observability-internal\' AND client_hostname LIKE \'loghouse-scraper%\'  UNION ALL SELECT count() as count, sum(elapsed) as total_elapsed, \'other\' as usr FROM system.processes  WHERE user != \'observ
2026-08-01 11:07:54	1	886	368083	1	SELECT value FROM system.asynchronous_metrics WHERE metric = \'OSMemoryAvailable\' ;
2026-08-01 11:07:55	2	0	0	0	             SELECT                 name,                 toJSONString(labels) as labels_serialized,                 value,                 help,                 type             FROM (                 SELECT   \'ClickHouse_CustomMetric_FailedMutations\' as name,   toFloat64(count()) as value,   \'The 
2026-08-01 11:07:57	3	1	5599	1	SELECT count() AS `count()` FROM `system`.`processes` AS `__table1` WHERE (`__table1`.`user` NOT IN (\'monitoring-internal\', \'management-internal\', \'prometheus-internal\', \'observability-internal\', \'operator-internal\', \'backups-internal\', \'sql-console\')) AND (`__table1`.`is_initial_query` = 1) AND ((`
2026-08-01 11:08:00	2	0	0	1	             SELECT                 name,                 toJSONString(labels) as labels_serialized,                 value,                 help,                 type             FROM (                 SELECT   \'ClickHouse_CustomMetric_TotalMemoryUsedByMerges\' AS name,   toFloat64(SUM(memory_usage))
2026-08-01 11:08:00	5	91	22368	91	SELECT             name,             value,             help,             JSONExtract(labels_serialized, \'Map(String, String)\') as labels,             type         FROM merge(system, \'^_custom_metrics_dictionary_.*\')         FORMAT Prometheus
2026-08-01 11:08:01	3	1	5599	1	SELECT count() AS `count()` FROM `system`.`processes` AS `__table1` WHERE (`__table1`.`user` NOT IN (\'monitoring-internal\', \'management-internal\', \'prometheus-internal\', \'observability-internal\', \'operator-internal\', \'backups-internal\', \'sql-console\')) AND (`__table1`.`is_initial_query` = 1) AND ((`
2026-08-01 11:08:03	3	2	12880	1	SELECT count() FROM system.processes WHERE (initial_user NOT IN _CAST([\'backups-internal\', \'management-internal\', \'monitoring-internal\', \'observability-internal\', \'operator-internal\', \'prometheus-exporter\', \'prometheus-internal\', \'operator-cert-internal\', \'availability-monitoring-internal\', \'\'], \'Ar
2026-08-01 11:08:03	2	52	780	1	SELECT countIf(database = \'system\') as systemParts, countIf(database != \'system\') as nonSystemParts FROM system.parts where active
2026-08-01 11:08:03	2	0	0	1	SELECT countIf(database = \'system\') as systemMerges, countIf(database != \'system\') as nonSystemMerges FROM system.merges
2026-08-01 11:08:03	25	3087	583518	124	SELECT CAST(\'0fc3eaab-fbcb-4533-8825-9be9faaea781\', \'UUID\') AS instance_id, CAST(\'c-boneaws-al-46-server-j62zx3k-0\', \'LowCardinality(String)\') AS node_id, CAST(name, \'LowCardinality(String)\') AS metric, CAST(mapFilter((k, v) -> has(_CAST([\'remote\'], \'Array(String)\'), k), labels), \'Map(LowCardinality
2026-08-01 11:08:05	1	0	0	1	             SELECT                 name,                 toJSONString(labels) as labels_serialized,                 value,                 help,                 type             FROM (                 SELECT   \'ClickHouse_CustomMetric_TotalMemoryUsedByAsynchronousInserts\' AS name,   toFloat64(SUM(t
2026-08-01 11:08:05	3	6	213	0	             SELECT                 name,                 toJSONString(labels) as labels_serialized,                 value,                 help,                 type             FROM (                 SELECT   \'ClickHouse_CustomMetric_SharedCatalogRecoveryTime\' as name,   toFloat64(recovery_time) a
2026-08-01 11:08:05	3	1	5599	1	SELECT count() AS `count()` FROM `system`.`processes` AS `__table1` WHERE (`__table1`.`user` NOT IN (\'monitoring-internal\', \'management-internal\', \'prometheus-internal\', \'observability-internal\', \'operator-internal\', \'backups-internal\', \'sql-console\')) AND (`__table1`.`is_initial_query` = 1) AND ((`
2026-08-01 11:08:10	2	0	0	1	             SELECT                 name,                 toJSONString(labels) as labels_serialized,                 value,                 help,                 type             FROM (                 SELECT   \'ClickHouse_CustomMetric_TotalMemoryUsedByMerges\' AS name,   toFloat64(SUM(memory_usage))
2026-08-01 11:08:10	3	6	213	0	             SELECT                 name,                 toJSONString(labels) as labels_serialized,                 value,                 help,                 type             FROM (                 SELECT   \'ClickHouse_CustomMetric_DatabaseReplicatedRecoveryTime\' as name,   toFloat64(recovery_ti
2026-08-01 11:08:13	3	1	5438	1	SELECT count() FROM system.processes WHERE (initial_user NOT IN _CAST([\'backups-internal\', \'management-internal\', \'monitoring-internal\', \'observability-internal\', \'operator-internal\', \'prometheus-exporter\', \'prometheus-internal\', \'operator-cert-internal\', \'availability-monitoring-internal\', \'\'], \'Ar
2026-08-01 11:08:13	2	37	555	1	SELECT countIf(database = \'system\') as systemParts, countIf(database != \'system\') as nonSystemParts FROM system.parts where active
2026-08-01 11:08:13	1	0	0	1	SELECT countIf(database = \'system\') as systemMerges, countIf(database != \'system\') as nonSystemMerges FROM system.merges
2026-08-01 11:08:15	2	15	1013	15	             SELECT                 name,                 toJSONString(labels) as labels_serialized,                 value,                 help,                 type             FROM (                 SELECT     \'ClickHouse_MetricsCollection_CustomMetricsSystemTable\' AS name,     toFloat64(1) AS va
2026-08-01 11:08:20	5	94	23039	94	SELECT             name,             value,             help,             JSONExtract(labels_serialized, \'Map(String, String)\') as labels,             type         FROM merge(system, \'^_custom_metrics_dictionary_.*\')         FORMAT Prometheus
2026-08-01 11:08:20	2	4	1420	4	             SELECT                 name,                 toJSONString(labels) as labels_serialized,                 value,                 help,                 type             FROM (                 SELECT   concat(\'clickhouse_\', system.dimensional_metrics.metric) AS name,   toFloat64(system.dime
2026-08-01 11:08:21	6	94	23039	94	SELECT             name,             value,             help,             JSONExtract(labels_serialized, \'Map(String, String)\') as labels,             type         FROM merge(system, \'^_custom_metrics_dictionary_.*\')         FORMAT Prometheus
2026-08-01 11:08:23	5	378	114440	5	WITH metrics AS (SELECT name AS metric, toFloat64(value) AS val, now() AS ts FROM system.server_settings WHERE multiMatchAny(name, _CAST([\'^max_database_num_to_throw$\', \'^max_database_num_to_warn$\', \'^max_table_num_to_throw$\', \'^max_table_num_to_warn$\', \'^max_concurrent_queries$\'], \'Array(String)\'))
2026-08-01 11:08:23	5	0	0	0	WITH source AS (SELECT [\'matview_execution_total\', if(exception_code != 0, \'matview_execution_fail\', \'\')] AS metrics, event_time AS ts FROM system.query_views_log WHERE (status != \'QueryStart\') AND (event_date >= toDate(_CAST(\'1785582348.069\', \'DateTime64\'))) AND (event_time >= toDateTime(_CAST(\'178
2026-08-01 11:08:23	9	0	0	1	WITH failed_mutations AS (SELECT toDateTime(create_time) AS ts, count() AS val FROM system.mutations WHERE (ts > toDateTime(_CAST(\'1785582348.069\', \'DateTime64\'))) AND (ts <= toDateTime(_CAST(\'1785582468.069\', \'DateTime64\'))) AND (latest_failed_part != \'\') AND (is_done = 0) GROUP BY ts), failed_muta
2026-08-01 11:08:23	9	262	3916	14	WITH metrics AS (SELECT multiIf((event_type = \'MergeParts\') AND (error = 0), \'merges_finished\', (event_type = \'MergeParts\') AND (error != 0), \'merges_failed\', (event_type = \'MutatePart\') AND (error = 0), \'mutate_part_finished\', (event_type = \'MutatePart\') AND (error != 0), \'mutate_part_failed\', NULL
2026-08-01 11:08:23	7	49152	741516	1560	SELECT CAST(\'0fc3eaab-fbcb-4533-8825-9be9faaea781\', \'UUID\') AS control_plane_id, CAST(\'c-boneaws-al-46-server-j62zx3k-0\', \'LowCardinality(String)\') AS pod_id, CAST(now64(), \'DateTime64(6)\') AS scrape_ts_microseconds, CAST(event_date, \'Date\') AS event_date, CAST(event_time, \'DateTime\') AS event_time,
2026-08-01 11:08:23	3	7	36657	1	SELECT count() FROM system.processes WHERE (initial_user NOT IN _CAST([\'backups-internal\', \'management-internal\', \'monitoring-internal\', \'observability-internal\', \'operator-internal\', \'prometheus-exporter\', \'prometheus-internal\', \'operator-cert-internal\', \'availability-monitoring-internal\', \'\'], \'Ar
2026-08-01 11:08:23	2	39	585	1	SELECT countIf(database = \'system\') as systemParts, countIf(database != \'system\') as nonSystemParts FROM system.parts where active
2026-08-01 11:08:23	2	0	0	1	SELECT countIf(database = \'system\') as systemMerges, countIf(database != \'system\') as nonSystemMerges FROM system.merges
2026-08-01 11:08:23	30	3091	584101	124	SELECT CAST(\'0fc3eaab-fbcb-4533-8825-9be9faaea781\', \'UUID\') AS instance_id, CAST(\'c-boneaws-al-46-server-j62zx3k-0\', \'LowCardinality(String)\') AS node_id, CAST(name, \'LowCardinality(String)\') AS metric, CAST(mapFilter((k, v) -> has(_CAST([\'remote\'], \'Array(String)\'), k), labels), \'Map(LowCardinality
2026-08-01 11:08:23	50	354	93876	121	SELECT CAST(\'0fc3eaab-fbcb-4533-8825-9be9faaea781\', \'UUID\') AS control_plane_id, CAST(\'c-boneaws-al-46-server-j62zx3k-0\', \'LowCardinality(String)\') AS pod_id, CAST(now64(), \'DateTime64(6)\') AS scrape_ts_microseconds, CAST(event_date, \'Date\') AS event_date, CAST(event_time, \'DateTime\') AS event_time,
2026-08-01 11:08:23	172	659	202557	5	WITH parts_agg AS (SELECT database AS agg_database, `table` AS agg_table, SUM(primary_key_size) AS primary_index_size, SUM(secondary_indices_compressed_bytes) AS secondary_index_size FROM system.parts WHERE active AND (database != \'system\') GROUP BY database, `table`), proj_agg AS (SELECT database A
2026-08-01 11:08:24	13	354	4956	1	SELECT avg(ProfileEvent_OSCPUWaitMicroseconds) as cpu_wait FROM  system.metric_log  WHERE event_time > now() - INTERVAL 2 MINUTE AND event_date >= yesterday()
2026-08-01 11:08:24	4	2	10208	2	SELECT count() as count, sum(elapsed) as total_elapsed, \'lh\' as usr FROM system.processes  WHERE user = \'observability-internal\' AND client_hostname LIKE \'loghouse-scraper%\'  UNION ALL SELECT count() as count, sum(elapsed) as total_elapsed, \'other\' as usr FROM system.processes  WHERE user != \'observ
2026-08-01 11:08:24	1	886	368083	1	SELECT value FROM system.asynchronous_metrics WHERE metric = \'OSMemoryAvailable\' ;
2026-08-01 11:08:25	1	0	0	1	             SELECT                 name,                 toJSONString(labels) as labels_serialized,                 value,                 help,                 type             FROM (                 SELECT   \'ClickHouse_CustomMetric_TotalMemoryUsedByAsynchronousInserts\' AS name,   toFloat64(SUM(t
2026-08-01 11:08:25	3	6	213	0	             SELECT                 name,                 toJSONString(labels) as labels_serialized,                 value,                 help,                 type             FROM (                 SELECT   \'ClickHouse_CustomMetric_DatabaseReplicatedRecoveryTime\' as name,   toFloat64(recovery_ti
2026-08-01 11:08:30	1	0	0	1	             SELECT                 name,                 toJSONString(labels) as labels_serialized,                 value,                 help,                 type             FROM (                 SELECT   \'ClickHouse_CustomMetric_TotalMemoryUsedByAsynchronousInserts\' AS name,   toFloat64(SUM(t
2026-08-01 11:08:30	2	0	0	0	             SELECT                 name,                 toJSONString(labels) as labels_serialized,                 value,                 help,                 type             FROM (                 SELECT   \'ClickHouse_CustomMetric_FailedMutations\' as name,   toFloat64(count()) as value,   \'The 
2026-08-01 11:08:30	2	12	5912	1	             SELECT                 name,                 toJSONString(labels) as labels_serialized,                 value,                 help,                 type             FROM (                 SELECT   \'ClickHouse_CustomMetric_TotalMemoryUsedByDictionaries\' AS name,   toFloat64(SUM(bytes_al
2026-08-01 11:08:30	2	1	659	0	             SELECT                 name,                 toJSONString(labels) as labels_serialized,                 value,                 help,                 type             FROM (                 SELECT   \'clickhouse_table_replica_readonly_start_timestamp_seconds\' as name,   toFloat64(toUnixTi
2026-08-01 11:08:30	5	94	23039	94	SELECT             name,             value,             help,             JSONExtract(labels_serialized, \'Map(String, String)\') as labels,             type         FROM merge(system, \'^_custom_metrics_dictionary_.*\')         FORMAT Prometheus
2026-08-01 11:08:33	2	1	5438	1	SELECT count() FROM system.processes WHERE (initial_user NOT IN _CAST([\'backups-internal\', \'management-internal\', \'monitoring-internal\', \'observability-internal\', \'operator-internal\', \'prometheus-exporter\', \'prometheus-internal\', \'operator-cert-internal\', \'availability-monitoring-internal\', \'\'], \'Ar
2026-08-01 11:08:33	2	42	630	1	SELECT countIf(database = \'system\') as systemParts, countIf(database != \'system\') as nonSystemParts FROM system.parts where active
2026-08-01 11:08:33	1	0	0	1	SELECT countIf(database = \'system\') as systemMerges, countIf(database != \'system\') as nonSystemMerges FROM system.merges
2026-08-01 11:08:40	1	4	1420	4	             SELECT                 name,                 toJSONString(labels) as labels_serialized,                 value,                 help,                 type             FROM (                 SELECT   concat(\'clickhouse_\', system.dimensional_metrics.metric) AS name,   toFloat64(system.dime
2026-08-01 11:08:40	2	0	0	0	             SELECT                 name,                 toJSONString(labels) as labels_serialized,                 value,                 help,                 type             FROM (                 SELECT   \'ClickHouse_CustomMetric_FailedMutations\' as name,   toFloat64(count()) as value,   \'The 
2026-08-01 11:08:40	2	3	7578	1	             SELECT                 name,                 toJSONString(labels) as labels_serialized,                 value,                 help,                 type             FROM (                 SELECT   \'ClickHouse_CustomMetric_TotalMemoryUsedByQueries\' AS name,   toFloat64(SUM(peak_memory_u
2026-08-01 11:08:43	2	2	12834	1	SELECT count() FROM system.processes WHERE (initial_user NOT IN _CAST([\'backups-internal\', \'management-internal\', \'monitoring-internal\', \'observability-internal\', \'operator-internal\', \'prometheus-exporter\', \'prometheus-internal\', \'operator-cert-internal\', \'availability-monitoring-internal\', \'\'], \'Ar
2026-08-01 11:08:43	2	37	555	1	SELECT countIf(database = \'system\') as systemParts, countIf(database != \'system\') as nonSystemParts FROM system.parts where active
2026-08-01 11:08:43	2	0	0	1	SELECT countIf(database = \'system\') as systemMerges, countIf(database != \'system\') as nonSystemMerges FROM system.merges
2026-08-01 11:08:43	24	3091	584101	124	SELECT CAST(\'0fc3eaab-fbcb-4533-8825-9be9faaea781\', \'UUID\') AS instance_id, CAST(\'c-boneaws-al-46-server-j62zx3k-0\', \'LowCardinality(String)\') AS node_id, CAST(name, \'LowCardinality(String)\') AS metric, CAST(mapFilter((k, v) -> has(_CAST([\'remote\'], \'Array(String)\'), k), labels), \'Map(LowCardinality
2026-08-01 11:08:43	5	0	0	0	CREATE DATABASE IF NOT EXISTS sony UUID \'8e03abfa-8356-4ec9-a6ba-74ccd277144a\' ENGINE = Shared
2026-08-01 11:08:43	15	0	0	0	CREATE DATABASE IF NOT EXISTS sony 
2026-08-01 11:08:45	1	0	0	1	             SELECT                 name,                 toJSONString(labels) as labels_serialized,                 value,                 help,                 type             FROM (                 SELECT   \'ClickHouse_CustomMetric_TotalMemoryUsedByMerges\' AS name,   toFloat64(SUM(memory_usage))
2026-08-01 11:08:45	2	59	472	1	             SELECT                 name,                 toJSONString(labels) as labels_serialized,                 value,                 help,                 type             FROM (                 SELECT   \'ClickHouse_CustomMetric_TotalMemoryUsedByDataSkippingIndices\' AS name,   toFloat64(SUM(d
2026-08-01 11:08:50	5	94	23039	94	SELECT             name,             value,             help,             JSONExtract(labels_serialized, \'Map(String, String)\') as labels,             type         FROM merge(system, \'^_custom_metrics_dictionary_.*\')         FORMAT Prometheus
2026-08-01 11:08:50	2	4	1420	4	             SELECT                 name,                 toJSONString(labels) as labels_serialized,                 value,                 help,                 type             FROM (                 SELECT   concat(\'clickhouse_\', system.dimensional_metrics.metric) AS name,   toFloat64(system.dime
2026-08-01 11:08:51	6	94	23039	94	SELECT             name,             value,             help,             JSONExtract(labels_serialized, \'Map(String, String)\') as labels,             type         FROM merge(system, \'^_custom_metrics_dictionary_.*\')         FORMAT Prometheus
2026-08-01 11:08:53	3	1	5438	1	SELECT count() FROM system.processes WHERE (initial_user NOT IN _CAST([\'backups-internal\', \'management-internal\', \'monitoring-internal\', \'observability-internal\', \'operator-internal\', \'prometheus-exporter\', \'prometheus-internal\', \'operator-cert-internal\', \'availability-monitoring-internal\', \'\'], \'Ar
2026-08-01 11:08:53	2	33	495	1	SELECT countIf(database = \'system\') as systemParts, countIf(database != \'system\') as nonSystemParts FROM system.parts where active
2026-08-01 11:08:53	2	0	0	1	SELECT countIf(database = \'system\') as systemMerges, countIf(database != \'system\') as nonSystemMerges FROM system.merges
2026-08-01 11:08:54	13	384	5376	1	SELECT avg(ProfileEvent_OSCPUWaitMicroseconds) as cpu_wait FROM  system.metric_log  WHERE event_time > now() - INTERVAL 2 MINUTE AND event_date >= yesterday()
2026-08-01 11:08:54	4	2	10208	2	SELECT count() as count, sum(elapsed) as total_elapsed, \'lh\' as usr FROM system.processes  WHERE user = \'observability-internal\' AND client_hostname LIKE \'loghouse-scraper%\'  UNION ALL SELECT count() as count, sum(elapsed) as total_elapsed, \'other\' as usr FROM system.processes  WHERE user != \'observ
2026-08-01 11:08:54	1	886	368083	1	SELECT value FROM system.asynchronous_metrics WHERE metric = \'OSMemoryAvailable\' ;
2026-08-01 11:08:55	2	0	0	1	             SELECT                 name,                 toJSONString(labels) as labels_serialized,                 value,                 help,                 type             FROM (                 SELECT   \'ClickHouse_CustomMetric_TotalMemoryUsedByAsynchronousInserts\' AS name,   toFloat64(SUM(t
2026-08-01 11:08:55	2	59	472	1	             SELECT                 name,                 toJSONString(labels) as labels_serialized,                 value,                 help,                 type             FROM (                 SELECT   \'ClickHouse_CustomMetric_TotalMemoryUsedByDataSkippingIndices\' AS name,   toFloat64(SUM(d
2026-08-01 11:08:55	2	3	7559	1	             SELECT                 name,                 toJSONString(labels) as labels_serialized,                 value,                 help,                 type             FROM (                 SELECT   \'ClickHouse_CustomMetric_TotalMemoryUsedByQueries\' AS name,   toFloat64(SUM(peak_memory_u
2026-08-01 11:09:00	2	1	659	0	             SELECT                 name,                 toJSONString(labels) as labels_serialized,                 value,                 help,                 type             FROM (                 SELECT   \'clickhouse_table_replica_readonly_start_timestamp_seconds\' as name,   toFloat64(toUnixTi
2026-08-01 11:09:00	5	77	18977	77	SELECT             name,             value,             help,             JSONExtract(labels_serialized, \'Map(String, String)\') as labels,             type         FROM merge(system, \'^_custom_metrics_dictionary_.*\')         FORMAT Prometheus
2026-08-01 11:09:03	3	2	12834	1	SELECT count() FROM system.processes WHERE (initial_user NOT IN _CAST([\'backups-internal\', \'management-internal\', \'monitoring-internal\', \'observability-internal\', \'operator-internal\', \'prometheus-exporter\', \'prometheus-internal\', \'operator-cert-internal\', \'availability-monitoring-internal\', \'\'], \'Ar
2026-08-01 11:09:03	2	35	525	1	SELECT countIf(database = \'system\') as systemParts, countIf(database != \'system\') as nonSystemParts FROM system.parts where active
2026-08-01 11:09:03	2	0	0	1	SELECT countIf(database = \'system\') as systemMerges, countIf(database != \'system\') as nonSystemMerges FROM system.merges
2026-08-01 11:09:03	24	3075	581752	124	SELECT CAST(\'0fc3eaab-fbcb-4533-8825-9be9faaea781\', \'UUID\') AS instance_id, CAST(\'c-boneaws-al-46-server-j62zx3k-0\', \'LowCardinality(String)\') AS node_id, CAST(name, \'LowCardinality(String)\') AS metric, CAST(mapFilter((k, v) -> has(_CAST([\'remote\'], \'Array(String)\'), k), labels), \'Map(LowCardinality
2026-08-01 11:09:05	3	6	213	0	             SELECT                 name,                 toJSONString(labels) as labels_serialized,                 value,                 help,                 type             FROM (                 SELECT   \'ClickHouse_CustomMetric_SharedCatalogRecoveryTime\' as name,   toFloat64(recovery_time) a
2026-08-01 11:09:08	1	15	1195	1	SELECT count(*) FROM system.settings_profiles
2026-08-01 11:09:08	1	15	1195	15	SELECT  now64(6) as scrape_time_microseconds, \'j62zx3k\' AS pod_ident, \'boneaws-al-46\' AS spoken_name, \'cell-1\' AS cell, \'ap-south-1\' AS region, \'aws\' AS cloud_provider, \'26.2.1.525\' AS clickhouse_version, \'0fc3eaab-fbcb-4533-8825-9be9faaea781\' AS control_plane_id, \'aarch64\' AS system_processor, * FR
2026-08-01 11:09:10	2	1	659	0	             SELECT                 name,                 toJSONString(labels) as labels_serialized,                 value,                 help,                 type             FROM (                 SELECT   \'clickhouse_table_replica_readonly_start_timestamp_seconds\' as name,   toFloat64(toUnixTi
2026-08-01 11:09:10	2	12	5912	1	             SELECT                 name,                 toJSONString(labels) as labels_serialized,                 value,                 help,                 type             FROM (                 SELECT   \'ClickHouse_CustomMetric_TotalMemoryUsedByDictionaries\' AS name,   toFloat64(SUM(bytes_al
2026-08-01 11:09:13	3	1	5438	1	SELECT count() FROM system.processes WHERE (initial_user NOT IN _CAST([\'backups-internal\', \'management-internal\', \'monitoring-internal\', \'observability-internal\', \'operator-internal\', \'prometheus-exporter\', \'prometheus-internal\', \'operator-cert-internal\', \'availability-monitoring-internal\', \'\'], \'Ar
2026-08-01 11:09:13	2	44	660	1	SELECT countIf(database = \'system\') as systemParts, countIf(database != \'system\') as nonSystemParts FROM system.parts where active
2026-08-01 11:09:13	2	0	0	1	SELECT countIf(database = \'system\') as systemMerges, countIf(database != \'system\') as nonSystemMerges FROM system.merges
2026-08-01 11:09:15	2	0	0	1	             SELECT                 name,                 toJSONString(labels) as labels_serialized,                 value,                 help,                 type             FROM (                 SELECT   \'ClickHouse_CustomMetric_TotalMemoryUsedByMerges\' AS name,   toFloat64(SUM(memory_usage))
2026-08-01 11:09:15	2	5	10126	1	             SELECT                 name,                 toJSONString(labels) as labels_serialized,                 value,                 help,                 type             FROM (                 SELECT   \'ClickHouse_CustomMetric_TotalMemoryUsedByQueries\' AS name,   toFloat64(SUM(peak_memory_u
2026-08-01 11:09:15	2	15	1013	15	             SELECT                 name,                 toJSONString(labels) as labels_serialized,                 value,                 help,                 type             FROM (                 SELECT     \'ClickHouse_MetricsCollection_CustomMetricsSystemTable\' AS name,     toFloat64(1) AS va
2026-08-01 11:09:15	3	6	213	0	             SELECT                 name,                 toJSONString(labels) as labels_serialized,                 value,                 help,                 type             FROM (                 SELECT   \'ClickHouse_CustomMetric_DatabaseReplicatedRecoveryTime\' as name,   toFloat64(recovery_ti
2026-08-01 11:09:15	3	6	213	0	             SELECT                 name,                 toJSONString(labels) as labels_serialized,                 value,                 help,                 type             FROM (                 SELECT   \'ClickHouse_CustomMetric_SharedCatalogRecoveryTime\' as name,   toFloat64(recovery_time) a
2026-08-01 11:09:20	5	77	18977	77	SELECT             name,             value,             help,             JSONExtract(labels_serialized, \'Map(String, String)\') as labels,             type         FROM merge(system, \'^_custom_metrics_dictionary_.*\')         FORMAT Prometheus
2026-08-01 11:09:20	3	6	213	0	             SELECT                 name,                 toJSONString(labels) as labels_serialized,                 value,                 help,                 type             FROM (                 SELECT   \'ClickHouse_CustomMetric_DatabaseReplicatedRecoveryTime\' as name,   toFloat64(recovery_ti
2026-08-01 11:09:21	6	77	18977	77	SELECT             name,             value,             help,             JSONExtract(labels_serialized, \'Map(String, String)\') as labels,             type         FROM merge(system, \'^_custom_metrics_dictionary_.*\')         FORMAT Prometheus
2026-08-01 11:09:23	3	2	12834	1	SELECT count() FROM system.processes WHERE (initial_user NOT IN _CAST([\'backups-internal\', \'management-internal\', \'monitoring-internal\', \'observability-internal\', \'operator-internal\', \'prometheus-exporter\', \'prometheus-internal\', \'operator-cert-internal\', \'availability-monitoring-internal\', \'\'], \'Ar
2026-08-01 11:09:23	2	45	675	1	SELECT countIf(database = \'system\') as systemParts, countIf(database != \'system\') as nonSystemParts FROM system.parts where active
2026-08-01 11:09:23	2	0	0	1	SELECT countIf(database = \'system\') as systemMerges, countIf(database != \'system\') as nonSystemMerges FROM system.merges
2026-08-01 11:09:23	24	3075	581752	124	SELECT CAST(\'0fc3eaab-fbcb-4533-8825-9be9faaea781\', \'UUID\') AS instance_id, CAST(\'c-boneaws-al-46-server-j62zx3k-0\', \'LowCardinality(String)\') AS node_id, CAST(name, \'LowCardinality(String)\') AS metric, CAST(mapFilter((k, v) -> has(_CAST([\'remote\'], \'Array(String)\'), k), labels), \'Map(LowCardinality
2026-08-01 11:09:24	14	415	5810	1	SELECT avg(ProfileEvent_OSCPUWaitMicroseconds) as cpu_wait FROM  system.metric_log  WHERE event_time > now() - INTERVAL 2 MINUTE AND event_date >= yesterday()
2026-08-01 11:09:24	3	2	10208	2	SELECT count() as count, sum(elapsed) as total_elapsed, \'lh\' as usr FROM system.processes  WHERE user = \'observability-internal\' AND client_hostname LIKE \'loghouse-scraper%\'  UNION ALL SELECT count() as count, sum(elapsed) as total_elapsed, \'other\' as usr FROM system.processes  WHERE user != \'observ
2026-08-01 11:09:24	1	886	368083	1	SELECT value FROM system.asynchronous_metrics WHERE metric = \'OSMemoryAvailable\' ;
2026-08-01 11:09:25	3	0	0	0	SELECT now64(6) as scrape_time_microseconds, \'j62zx3k\' AS pod_ident, \'boneaws-al-46\' AS spoken_name, \'cell-1\' AS cell, \'ap-south-1\' AS region, \'aws\' AS cloud_provider, \'?\' AS clickhouse_version, \'0fc3eaab-fbcb-4533-8825-9be9faaea781\' AS control_plane_id, \'?\' AS system_processor, * FROM system."files
2026-08-01 11:09:25	1	0	0	1	             SELECT                 name,                 toJSONString(labels) as labels_serialized,                 value,                 help,                 type             FROM (                 SELECT   \'ClickHouse_CustomMetric_TotalMemoryUsedByMerges\' AS name,   toFloat64(SUM(memory_usage))
2026-08-01 11:09:25	2	0	0	0	             SELECT                 name,                 toJSONString(labels) as labels_serialized,                 value,                 help,                 type             FROM (                 SELECT   \'ClickHouse_CustomMetric_FailedMutations\' as name,   toFloat64(count()) as value,   \'The 
2026-08-01 11:09:25	1	1	1	1	SELECT version() FORMAT TabSeparated 
2026-08-01 11:09:26	3	0	0	0	SELECT now64(6) as scrape_time_microseconds, \'j62zx3k\' AS pod_ident, \'boneaws-al-46\' AS spoken_name, \'cell-1\' AS cell, \'ap-south-1\' AS region, \'aws\' AS cloud_provider, \'?\' AS clickhouse_version, \'0fc3eaab-fbcb-4533-8825-9be9faaea781\' AS control_plane_id, \'?\' AS system_processor, * FROM system."files
2026-08-01 11:09:27	5	0	0	0	SELECT now64(6) as scrape_time_microseconds, \'j62zx3k\' AS pod_ident, \'boneaws-al-46\' AS spoken_name, \'cell-1\' AS cell, \'ap-south-1\' AS region, \'aws\' AS cloud_provider, \'?\' AS clickhouse_version, \'0fc3eaab-fbcb-4533-8825-9be9faaea781\' AS control_plane_id, \'?\' AS system_processor, * FROM system."query
2026-08-01 11:09:27	0	0	0	0	SELECT `content_id`, `title`, `video_type`, `category` FROM `sony`.`content_dim`;
2026-08-01 11:09:27	9	0	0	0	CREATE DICTIONARY IF NOT EXISTS sony.content_dict UUID \'93e0278d-d03f-49c4-8991-33c49ac9e700\' (`content_id` Int64, `title` String, `video_type` String, `category` String) PRIMARY KEY content_id SOURCE(CLICKHOUSE(TABLE \'content_dim\' DB \'sony\' USER \'default\' PASSWORD \'[HIDDEN]\')) LIFETIME(MIN 300 MAX 
2026-08-01 11:09:27	74	0	0	0	CREATE DICTIONARY IF NOT EXISTS sony.content_dict (`content_id` Int64, `title` String, `video_type` String, `category` String) PRIMARY KEY content_id SOURCE(CLICKHOUSE(TABLE \'content_dim\' DB \'sony\' USER \'default\' PASSWORD \'[HIDDEN]\')) LIFETIME(MIN 300 MAX 600) LAYOUT(COMPLEX_KEY_HASHED())
2026-08-01 11:09:28	3	0	0	0	SELECT now64(6) as scrape_time_microseconds, \'j62zx3k\' AS pod_ident, \'boneaws-al-46\' AS spoken_name, \'cell-1\' AS cell, \'ap-south-1\' AS region, \'aws\' AS cloud_provider, \'?\' AS clickhouse_version, \'0fc3eaab-fbcb-4533-8825-9be9faaea781\' AS control_plane_id, \'?\' AS system_processor, * FROM system."backu
2026-08-01 11:09:28	0	0	0	0	TRUNCATE TABLE IF EXISTS sony.raw_events
2026-08-01 11:09:28	1	0	0	0	TRUNCATE TABLE IF EXISTS sony.raw_events 
2026-08-01 11:09:28	0	0	0	0	TRUNCATE TABLE IF EXISTS sony.session_active_intervals 
2026-08-01 11:09:29	3	0	0	0	SELECT now64(6) as scrape_time_microseconds, \'j62zx3k\' AS pod_ident, \'boneaws-al-46\' AS spoken_name, \'cell-1\' AS cell, \'ap-south-1\' AS region, \'aws\' AS cloud_provider, \'?\' AS clickhouse_version, \'0fc3eaab-fbcb-4533-8825-9be9faaea781\' AS control_plane_id, \'?\' AS system_processor, * FROM system."click
2026-08-01 11:09:30	3	0	0	0	SELECT now64(6) as scrape_time_microseconds, \'j62zx3k\' AS pod_ident, \'boneaws-al-46\' AS spoken_name, \'cell-1\' AS cell, \'ap-south-1\' AS region, \'aws\' AS cloud_provider, \'?\' AS clickhouse_version, \'0fc3eaab-fbcb-4533-8825-9be9faaea781\' AS control_plane_id, \'?\' AS system_processor, * FROM system."crash
2026-08-01 11:09:30	2	59	472	1	             SELECT                 name,                 toJSONString(labels) as labels_serialized,                 value,                 help,                 type             FROM (                 SELECT   \'ClickHouse_CustomMetric_TotalMemoryUsedByDataSkippingIndices\' AS name,   toFloat64(SUM(d
2026-08-01 11:09:30	5	77	18977	77	SELECT             name,             value,             help,             JSONExtract(labels_serialized, \'Map(String, String)\') as labels,             type         FROM merge(system, \'^_custom_metrics_dictionary_.*\')         FORMAT Prometheus
2026-08-01 11:09:31	3	0	0	0	SELECT now64(6) as scrape_time_microseconds, \'j62zx3k\' AS pod_ident, \'boneaws-al-46\' AS spoken_name, \'cell-1\' AS cell, \'ap-south-1\' AS region, \'aws\' AS cloud_provider, \'?\' AS clickhouse_version, \'0fc3eaab-fbcb-4533-8825-9be9faaea781\' AS control_plane_id, \'?\' AS system_processor, * FROM system."error
2026-08-01 11:09:32	3	0	0	0	SELECT now64(6) as scrape_time_microseconds, \'j62zx3k\' AS pod_ident, \'boneaws-al-46\' AS spoken_name, \'cell-1\' AS cell, \'ap-south-1\' AS region, \'aws\' AS cloud_provider, \'?\' AS clickhouse_version, \'0fc3eaab-fbcb-4533-8825-9be9faaea781\' AS control_plane_id, \'?\' AS system_processor, * FROM system."s3que
2026-08-01 11:09:33	3	0	0	0	SELECT now64(6) as scrape_time_microseconds, \'j62zx3k\' AS pod_ident, \'boneaws-al-46\' AS spoken_name, \'cell-1\' AS cell, \'ap-south-1\' AS region, \'aws\' AS cloud_provider, \'?\' AS clickhouse_version, \'0fc3eaab-fbcb-4533-8825-9be9faaea781\' AS control_plane_id, \'?\' AS system_processor, * FROM system."zooke
2026-08-01 11:09:33	3	1	5438	1	SELECT count() FROM system.processes WHERE (initial_user NOT IN _CAST([\'backups-internal\', \'management-internal\', \'monitoring-internal\', \'observability-internal\', \'operator-internal\', \'prometheus-exporter\', \'prometheus-internal\', \'operator-cert-internal\', \'availability-monitoring-internal\', \'\'], \'Ar
2026-08-01 11:09:33	2	42	628	1	SELECT countIf(database = \'system\') as systemParts, countIf(database != \'system\') as nonSystemParts FROM system.parts where active
2026-08-01 11:09:33	1	0	0	1	SELECT countIf(database = \'system\') as systemMerges, countIf(database != \'system\') as nonSystemMerges FROM system.merges
2026-08-01 11:09:34	3	0	0	0	SELECT now64(6) as scrape_time_microseconds, \'j62zx3k\' AS pod_ident, \'boneaws-al-46\' AS spoken_name, \'cell-1\' AS cell, \'ap-south-1\' AS region, \'aws\' AS cloud_provider, \'?\' AS clickhouse_version, \'0fc3eaab-fbcb-4533-8825-9be9faaea781\' AS control_plane_id, \'?\' AS system_processor, * FROM system."aggre
2026-08-01 11:09:35	77	0	0	0	SELECT now64(6) as scrape_time_microseconds, \'j62zx3k\' AS pod_ident, \'boneaws-al-46\' AS spoken_name, \'cell-1\' AS cell, \'ap-south-1\' AS region, \'aws\' AS cloud_provider, \'?\' AS clickhouse_version, \'0fc3eaab-fbcb-4533-8825-9be9faaea781\' AS control_plane_id, \'?\' AS system_processor, * FROM system."query
2026-08-01 11:09:35	1	4	1420	4	             SELECT                 name,                 toJSONString(labels) as labels_serialized,                 value,                 help,                 type             FROM (                 SELECT   concat(\'clickhouse_\', system.dimensional_metrics.metric) AS name,   toFloat64(system.dime
2026-08-01 11:09:36	3	0	0	0	SELECT now64(6) as scrape_time_microseconds, \'j62zx3k\' AS pod_ident, \'boneaws-al-46\' AS spoken_name, \'cell-1\' AS cell, \'ap-south-1\' AS region, \'aws\' AS cloud_provider, \'?\' AS clickhouse_version, \'0fc3eaab-fbcb-4533-8825-9be9faaea781\' AS control_plane_id, \'?\' AS system_processor, * FROM system."async
2026-08-01 11:09:37	4	0	0	0	SELECT now64(6) as scrape_time_microseconds, \'j62zx3k\' AS pod_ident, \'boneaws-al-46\' AS spoken_name, \'cell-1\' AS cell, \'ap-south-1\' AS region, \'aws\' AS cloud_provider, \'?\' AS clickhouse_version, \'0fc3eaab-fbcb-4533-8825-9be9faaea781\' AS control_plane_id, \'?\' AS system_processor, * FROM system."sessi
2026-08-01 11:09:38	4	0	0	0	SELECT now64(6) as scrape_time_microseconds, \'j62zx3k\' AS pod_ident, \'boneaws-al-46\' AS spoken_name, \'cell-1\' AS cell, \'ap-south-1\' AS region, \'aws\' AS cloud_provider, \'?\' AS clickhouse_version, \'0fc3eaab-fbcb-4533-8825-9be9faaea781\' AS control_plane_id, \'?\' AS system_processor, * FROM system."proce
2026-08-01 11:09:39	4	0	0	0	SELECT now64(6) as scrape_time_microseconds, \'j62zx3k\' AS pod_ident, \'boneaws-al-46\' AS spoken_name, \'cell-1\' AS cell, \'ap-south-1\' AS region, \'aws\' AS cloud_provider, \'?\' AS clickhouse_version, \'0fc3eaab-fbcb-4533-8825-9be9faaea781\' AS control_plane_id, \'?\' AS system_processor, * FROM system."trace
2026-08-01 11:09:40	7	0	0	0	SELECT now64(6) as scrape_time_microseconds, \'j62zx3k\' AS pod_ident, \'boneaws-al-46\' AS spoken_name, \'cell-1\' AS cell, \'ap-south-1\' AS region, \'aws\' AS cloud_provider, \'?\' AS clickhouse_version, \'0fc3eaab-fbcb-4533-8825-9be9faaea781\' AS control_plane_id, \'?\' AS system_processor, * FROM system."query
2026-08-01 11:09:40	2	59	472	1	             SELECT                 name,                 toJSONString(labels) as labels_serialized,                 value,                 help,                 type             FROM (                 SELECT   \'ClickHouse_CustomMetric_TotalMemoryUsedByDataSkippingIndices\' AS name,   toFloat64(SUM(d
2026-08-01 11:09:41	105	0	0	0	SELECT now64(6) as scrape_time_microseconds, \'j62zx3k\' AS pod_ident, \'boneaws-al-46\' AS spoken_name, \'cell-1\' AS cell, \'ap-south-1\' AS region, \'aws\' AS cloud_provider, \'?\' AS clickhouse_version, \'0fc3eaab-fbcb-4533-8825-9be9faaea781\' AS control_plane_id, \'?\' AS system_processor, * FROM system."metri
2026-08-01 11:09:42	4	0	0	0	SELECT now64(6) as scrape_time_microseconds, \'j62zx3k\' AS pod_ident, \'boneaws-al-46\' AS spoken_name, \'cell-1\' AS cell, \'ap-south-1\' AS region, \'aws\' AS cloud_provider, \'?\' AS clickhouse_version, \'0fc3eaab-fbcb-4533-8825-9be9faaea781\' AS control_plane_id, \'?\' AS system_processor, * FROM system."part_
2026-08-01 11:09:43	3	0	0	0	SELECT now64(6) as scrape_time_microseconds, \'j62zx3k\' AS pod_ident, \'boneaws-al-46\' AS spoken_name, \'cell-1\' AS cell, \'ap-south-1\' AS region, \'aws\' AS cloud_provider, \'?\' AS clickhouse_version, \'0fc3eaab-fbcb-4533-8825-9be9faaea781\' AS control_plane_id, \'?\' AS system_processor, * FROM system."query
2026-08-01 11:09:43	3	2	12834	1	SELECT count() FROM system.processes WHERE (initial_user NOT IN _CAST([\'backups-internal\', \'management-internal\', \'monitoring-internal\', \'observability-internal\', \'operator-internal\', \'prometheus-exporter\', \'prometheus-internal\', \'operator-cert-internal\', \'availability-monitoring-internal\', \'\'], \'Ar
2026-08-01 11:09:43	2	53	793	1	SELECT countIf(database = \'system\') as systemParts, countIf(database != \'system\') as nonSystemParts FROM system.parts where active
2026-08-01 11:09:43	1	0	0	1	SELECT countIf(database = \'system\') as systemMerges, countIf(database != \'system\') as nonSystemMerges FROM system.merges
2026-08-01 11:09:43	23	3078	582103	125	SELECT CAST(\'0fc3eaab-fbcb-4533-8825-9be9faaea781\', \'UUID\') AS instance_id, CAST(\'c-boneaws-al-46-server-j62zx3k-0\', \'LowCardinality(String)\') AS node_id, CAST(name, \'LowCardinality(String)\') AS metric, CAST(mapFilter((k, v) -> has(_CAST([\'remote\'], \'Array(String)\'), k), labels), \'Map(LowCardinality
2026-08-01 11:09:44	3	0	0	0	SELECT now64(6) as scrape_time_microseconds, \'j62zx3k\' AS pod_ident, \'boneaws-al-46\' AS spoken_name, \'cell-1\' AS cell, \'ap-south-1\' AS region, \'aws\' AS cloud_provider, \'?\' AS clickhouse_version, \'0fc3eaab-fbcb-4533-8825-9be9faaea781\' AS control_plane_id, \'?\' AS system_processor, * FROM system."blob_
2026-08-01 11:09:45	5	0	0	0	SELECT now64(6) as scrape_time_microseconds, \'j62zx3k\' AS pod_ident, \'boneaws-al-46\' AS spoken_name, \'cell-1\' AS cell, \'ap-south-1\' AS region, \'aws\' AS cloud_provider, \'?\' AS clickhouse_version, \'0fc3eaab-fbcb-4533-8825-9be9faaea781\' AS control_plane_id, \'?\' AS system_processor, * FROM system."async
2026-08-01 11:09:45	2	1	5022	1	             SELECT                 name,                 toJSONString(labels) as labels_serialized,                 value,                 help,                 type             FROM (                 SELECT   \'ClickHouse_CustomMetric_TotalMemoryUsedByQueries\' AS name,   toFloat64(SUM(peak_memory_u
2026-08-01 11:09:46	4	0	0	0	SELECT now64(6) as scrape_time_microseconds, \'j62zx3k\' AS pod_ident, \'boneaws-al-46\' AS spoken_name, \'cell-1\' AS cell, \'ap-south-1\' AS region, \'aws\' AS cloud_provider, \'?\' AS clickhouse_version, \'0fc3eaab-fbcb-4533-8825-9be9faaea781\' AS control_plane_id, \'?\' AS system_processor, * FROM system."text_
2026-08-01 11:09:50	5	99	23964	99	SELECT             name,             value,             help,             JSONExtract(labels_serialized, \'Map(String, String)\') as labels,             type         FROM merge(system, \'^_custom_metrics_dictionary_.*\')         FORMAT Prometheus
2026-08-01 11:09:50	1	0	0	1	             SELECT                 name,                 toJSONString(labels) as labels_serialized,                 value,                 help,                 type             FROM (                 SELECT   \'ClickHouse_CustomMetric_TotalMemoryUsedByMerges\' AS name,   toFloat64(SUM(memory_usage))
2026-08-01 11:09:50	2	0	0	0	             SELECT                 name,                 toJSONString(labels) as labels_serialized,                 value,                 help,                 type             FROM (                 SELECT   \'ClickHouse_CustomMetric_FailedMutations\' as name,   toFloat64(count()) as value,   \'The 
2026-08-01 11:09:50	2	15	1013	15	             SELECT                 name,                 toJSONString(labels) as labels_serialized,                 value,                 help,                 type             FROM (                 SELECT     \'ClickHouse_MetricsCollection_CustomMetricsSystemTable\' AS name,     toFloat64(1) AS va
2026-08-01 11:09:51	7	99	23964	99	SELECT             name,             value,             help,             JSONExtract(labels_serialized, \'Map(String, String)\') as labels,             type         FROM merge(system, \'^_custom_metrics_dictionary_.*\')         FORMAT Prometheus
2026-08-01 11:09:53	3	1	5438	1	SELECT count() FROM system.processes WHERE (initial_user NOT IN _CAST([\'backups-internal\', \'management-internal\', \'monitoring-internal\', \'observability-internal\', \'operator-internal\', \'prometheus-exporter\', \'prometheus-internal\', \'operator-cert-internal\', \'availability-monitoring-internal\', \'\'], \'Ar
2026-08-01 11:09:53	2	54	808	1	SELECT countIf(database = \'system\') as systemParts, countIf(database != \'system\') as nonSystemParts FROM system.parts where active
2026-08-01 11:09:53	2	0	0	1	SELECT countIf(database = \'system\') as systemMerges, countIf(database != \'system\') as nonSystemMerges FROM system.merges
2026-08-01 11:09:54	14	445	5990	1	SELECT avg(ProfileEvent_OSCPUWaitMicroseconds) as cpu_wait FROM  system.metric_log  WHERE event_time > now() - INTERVAL 2 MINUTE AND event_date >= yesterday()
2026-08-01 11:09:54	4	2	10208	2	SELECT count() as count, sum(elapsed) as total_elapsed, \'lh\' as usr FROM system.processes  WHERE user = \'observability-internal\' AND client_hostname LIKE \'loghouse-scraper%\'  UNION ALL SELECT count() as count, sum(elapsed) as total_elapsed, \'other\' as usr FROM system.processes  WHERE user != \'observ
2026-08-01 11:09:54	1	887	368225	1	SELECT value FROM system.asynchronous_metrics WHERE metric = \'OSMemoryAvailable\' ;
2026-08-01 11:09:55	1	0	0	1	             SELECT                 name,                 toJSONString(labels) as labels_serialized,                 value,                 help,                 type             FROM (                 SELECT   \'ClickHouse_CustomMetric_TotalMemoryUsedByAsynchronousInserts\' AS name,   toFloat64(SUM(t
2026-08-01 11:09:55	3	6	213	0	             SELECT                 name,                 toJSONString(labels) as labels_serialized,                 value,                 help,                 type             FROM (                 SELECT   \'ClickHouse_CustomMetric_DatabaseReplicatedRecoveryTime\' as name,   toFloat64(recovery_ti
2026-08-01 11:10:00	3	6	213	0	             SELECT                 name,                 toJSONString(labels) as labels_serialized,                 value,                 help,                 type             FROM (                 SELECT   \'ClickHouse_CustomMetric_SharedCatalogRecoveryTime\' as name,   toFloat64(recovery_time) a
2026-08-01 11:10:00	5	99	23964	99	SELECT             name,             value,             help,             JSONExtract(labels_serialized, \'Map(String, String)\') as labels,             type         FROM merge(system, \'^_custom_metrics_dictionary_.*\')         FORMAT Prometheus
2026-08-01 11:10:03	2	2	12834	1	SELECT count() FROM system.processes WHERE (initial_user NOT IN _CAST([\'backups-internal\', \'management-internal\', \'monitoring-internal\', \'observability-internal\', \'operator-internal\', \'prometheus-exporter\', \'prometheus-internal\', \'operator-cert-internal\', \'availability-monitoring-internal\', \'\'], \'Ar
2026-08-01 11:10:03	2	51	763	1	SELECT countIf(database = \'system\') as systemParts, countIf(database != \'system\') as nonSystemParts FROM system.parts where active
2026-08-01 11:10:03	1	0	0	1	SELECT countIf(database = \'system\') as systemMerges, countIf(database != \'system\') as nonSystemMerges FROM system.merges
2026-08-01 11:10:03	23	3100	585190	125	SELECT CAST(\'0fc3eaab-fbcb-4533-8825-9be9faaea781\', \'UUID\') AS instance_id, CAST(\'c-boneaws-al-46-server-j62zx3k-0\', \'LowCardinality(String)\') AS node_id, CAST(name, \'LowCardinality(String)\') AS metric, CAST(mapFilter((k, v) -> has(_CAST([\'remote\'], \'Array(String)\'), k), labels), \'Map(LowCardinality
2026-08-01 11:10:05	1	4	1420	4	             SELECT                 name,                 toJSONString(labels) as labels_serialized,                 value,                 help,                 type             FROM (                 SELECT   concat(\'clickhouse_\', system.dimensional_metrics.metric) AS name,   toFloat64(system.dime
2026-08-01 11:10:05	2	15	1013	15	             SELECT                 name,                 toJSONString(labels) as labels_serialized,                 value,                 help,                 type             FROM (                 SELECT     \'ClickHouse_MetricsCollection_CustomMetricsSystemTable\' AS name,     toFloat64(1) AS va
2026-08-01 11:10:05	2	5	10209	1	             SELECT                 name,                 toJSONString(labels) as labels_serialized,                 value,                 help,                 type             FROM (                 SELECT   \'ClickHouse_CustomMetric_TotalMemoryUsedByQueries\' AS name,   toFloat64(SUM(peak_memory_u
2026-08-01 11:10:05	3	6	213	0	             SELECT                 name,                 toJSONString(labels) as labels_serialized,                 value,                 help,                 type             FROM (                 SELECT   \'ClickHouse_CustomMetric_DatabaseReplicatedRecoveryTime\' as name,   toFloat64(recovery_ti
2026-08-01 11:10:05	3	6	213	0	             SELECT                 name,                 toJSONString(labels) as labels_serialized,                 value,                 help,                 type             FROM (                 SELECT   \'ClickHouse_CustomMetric_SharedCatalogRecoveryTime\' as name,   toFloat64(recovery_time) a
2026-08-01 11:10:10	2	13	6340	1	             SELECT                 name,                 toJSONString(labels) as labels_serialized,                 value,                 help,                 type             FROM (                 SELECT   \'ClickHouse_CustomMetric_TotalMemoryUsedByDictionaries\' AS name,   toFloat64(SUM(bytes_al
2026-08-01 11:10:10	2	59	472	1	             SELECT                 name,                 toJSONString(labels) as labels_serialized,                 value,                 help,                 type             FROM (                 SELECT   \'ClickHouse_CustomMetric_TotalMemoryUsedByDataSkippingIndices\' AS name,   toFloat64(SUM(d
2026-08-01 11:10:10	2	15	1013	15	             SELECT                 name,                 toJSONString(labels) as labels_serialized,                 value,                 help,                 type             FROM (                 SELECT     \'ClickHouse_MetricsCollection_CustomMetricsSystemTable\' AS name,     toFloat64(1) AS va
2026-08-01 11:10:10	2	3	1931	0	             SELECT                 name,                 toJSONString(labels) as labels_serialized,                 value,                 help,                 type             FROM (                 SELECT   \'clickhouse_table_replica_readonly_start_timestamp_seconds\' as name,   toFloat64(toUnixTi
2026-08-01 11:10:13	3	1	5438	1	SELECT count() FROM system.processes WHERE (initial_user NOT IN _CAST([\'backups-internal\', \'management-internal\', \'monitoring-internal\', \'observability-internal\', \'operator-internal\', \'prometheus-exporter\', \'prometheus-internal\', \'operator-cert-internal\', \'availability-monitoring-internal\', \'\'], \'Ar
2026-08-01 11:10:13	2	52	778	1	SELECT countIf(database = \'system\') as systemParts, countIf(database != \'system\') as nonSystemParts FROM system.parts where active
2026-08-01 11:10:13	2	0	0	1	SELECT countIf(database = \'system\') as systemMerges, countIf(database != \'system\') as nonSystemMerges FROM system.merges
2026-08-01 11:10:15	2	4	1420	4	             SELECT                 name,                 toJSONString(labels) as labels_serialized,                 value,                 help,                 type             FROM (                 SELECT   concat(\'clickhouse_\', system.dimensional_metrics.metric) AS name,   toFloat64(system.dime
2026-08-01 11:10:15	3	6	213	0	             SELECT                 name,                 toJSONString(labels) as labels_serialized,                 value,                 help,                 type             FROM (                 SELECT   \'ClickHouse_CustomMetric_DatabaseReplicatedRecoveryTime\' as name,   toFloat64(recovery_ti
2026-08-01 11:10:15	3	6	213	0	             SELECT                 name,                 toJSONString(labels) as labels_serialized,                 value,                 help,                 type             FROM (                 SELECT   \'ClickHouse_CustomMetric_SharedCatalogRecoveryTime\' as name,   toFloat64(recovery_time) a
2026-08-01 11:10:20	5	99	23964	99	SELECT             name,             value,             help,             JSONExtract(labels_serialized, \'Map(String, String)\') as labels,             type         FROM merge(system, \'^_custom_metrics_dictionary_.*\')         FORMAT Prometheus
2026-08-01 11:10:20	3	6	213	0	             SELECT                 name,                 toJSONString(labels) as labels_serialized,                 value,                 help,                 type             FROM (                 SELECT   \'ClickHouse_CustomMetric_DatabaseReplicatedRecoveryTime\' as name,   toFloat64(recovery_ti
2026-08-01 11:10:21	5	99	23964	99	SELECT             name,             value,             help,             JSONExtract(labels_serialized, \'Map(String, String)\') as labels,             type         FROM merge(system, \'^_custom_metrics_dictionary_.*\')         FORMAT Prometheus
2026-08-01 11:10:23	4	0	0	0	WITH source AS (SELECT [\'matview_execution_total\', if(exception_code != 0, \'matview_execution_fail\', \'\')] AS metrics, event_time AS ts FROM system.query_views_log WHERE (status != \'QueryStart\') AND (event_date >= toDate(_CAST(\'1785582468.069\', \'DateTime64\'))) AND (event_time >= toDateTime(_CAST(\'178
2026-08-01 11:10:23	5	378	114440	5	WITH metrics AS (SELECT name AS metric, toFloat64(value) AS val, now() AS ts FROM system.server_settings WHERE multiMatchAny(name, _CAST([\'^max_database_num_to_throw$\', \'^max_database_num_to_warn$\', \'^max_table_num_to_throw$\', \'^max_table_num_to_warn$\', \'^max_concurrent_queries$\'], \'Array(String)\'))
2026-08-01 11:10:23	8	122743	1986587	1560	SELECT CAST(\'0fc3eaab-fbcb-4533-8825-9be9faaea781\', \'UUID\') AS control_plane_id, CAST(\'c-boneaws-al-46-server-j62zx3k-0\', \'LowCardinality(String)\') AS pod_id, CAST(now64(), \'DateTime64(6)\') AS scrape_ts_microseconds, CAST(event_date, \'Date\') AS event_date, CAST(event_time, \'DateTime\') AS event_time,
2026-08-01 11:10:23	10	0	0	1	WITH failed_mutations AS (SELECT toDateTime(create_time) AS ts, count() AS val FROM system.mutations WHERE (ts > toDateTime(_CAST(\'1785582468.069\', \'DateTime64\'))) AND (ts <= toDateTime(_CAST(\'1785582588.069\', \'DateTime64\'))) AND (latest_failed_part != \'\') AND (is_done = 0) GROUP BY ts), failed_muta
2026-08-01 11:10:23	11	343	5131	11	WITH metrics AS (SELECT multiIf((event_type = \'MergeParts\') AND (error = 0), \'merges_finished\', (event_type = \'MergeParts\') AND (error != 0), \'merges_failed\', (event_type = \'MutatePart\') AND (error = 0), \'mutate_part_finished\', (event_type = \'MutatePart\') AND (error != 0), \'mutate_part_failed\', NULL
2026-08-01 11:10:23	3	7	35619	1	SELECT count() FROM system.processes WHERE (initial_user NOT IN _CAST([\'backups-internal\', \'management-internal\', \'monitoring-internal\', \'observability-internal\', \'operator-internal\', \'prometheus-exporter\', \'prometheus-internal\', \'operator-cert-internal\', \'availability-monitoring-internal\', \'\'], \'Ar
2026-08-01 11:10:23	2	53	793	1	SELECT countIf(database = \'system\') as systemParts, countIf(database != \'system\') as nonSystemParts FROM system.parts where active
2026-08-01 11:10:23	2	0	0	1	SELECT countIf(database = \'system\') as systemMerges, countIf(database != \'system\') as nonSystemMerges FROM system.merges
2026-08-01 11:10:23	23	3100	585190	125	SELECT CAST(\'0fc3eaab-fbcb-4533-8825-9be9faaea781\', \'UUID\') AS instance_id, CAST(\'c-boneaws-al-46-server-j62zx3k-0\', \'LowCardinality(String)\') AS node_id, CAST(name, \'LowCardinality(String)\') AS metric, CAST(mapFilter((k, v) -> has(_CAST([\'remote\'], \'Array(String)\'), k), labels), \'Map(LowCardinality
2026-08-01 11:10:23	58	475	126347	120	SELECT CAST(\'0fc3eaab-fbcb-4533-8825-9be9faaea781\', \'UUID\') AS control_plane_id, CAST(\'c-boneaws-al-46-server-j62zx3k-0\', \'LowCardinality(String)\') AS pod_id, CAST(now64(), \'DateTime64(6)\') AS scrape_ts_microseconds, CAST(event_date, \'Date\') AS event_date, CAST(event_time, \'DateTime\') AS event_time,
2026-08-01 11:10:23	164	671	205337	7	WITH parts_agg AS (SELECT database AS agg_database, `table` AS agg_table, SUM(primary_key_size) AS primary_index_size, SUM(secondary_indices_compressed_bytes) AS secondary_index_size FROM system.parts WHERE active AND (database != \'system\') GROUP BY database, `table`), proj_agg AS (SELECT database A
2026-08-01 11:10:24	14	121	1454	1	SELECT avg(ProfileEvent_OSCPUWaitMicroseconds) as cpu_wait FROM  system.metric_log  WHERE event_time > now() - INTERVAL 2 MINUTE AND event_date >= yesterday()
2026-08-01 11:10:24	4	2	10208	2	SELECT count() as count, sum(elapsed) as total_elapsed, \'lh\' as usr FROM system.processes  WHERE user = \'observability-internal\' AND client_hostname LIKE \'loghouse-scraper%\'  UNION ALL SELECT count() as count, sum(elapsed) as total_elapsed, \'other\' as usr FROM system.processes  WHERE user != \'observ
2026-08-01 11:10:24	1	887	368225	1	SELECT value FROM system.asynchronous_metrics WHERE metric = \'OSMemoryAvailable\' ;
2026-08-01 11:10:25	2	3	1931	0	             SELECT                 name,                 toJSONString(labels) as labels_serialized,                 value,                 help,                 type             FROM (                 SELECT   \'clickhouse_table_replica_readonly_start_timestamp_seconds\' as name,   toFloat64(toUnixTi
2026-08-01 11:10:25	2	2	6334	1	             SELECT                 name,                 toJSONString(labels) as labels_serialized,                 value,                 help,                 type             FROM (                 SELECT   \'ClickHouse_CustomMetric_TotalMemoryUsedByQueries\' AS name,   toFloat64(SUM(peak_memory_u
2026-08-01 11:10:29	23	5	233	5	SELECT name, engine, engine_full AS "engineFull"   FROM system.databases   SETTINGS     show_data_lake_catalogs_in_system_tables=1,     database_datalake_require_metadata_access=0,     log_comment=\'sql console internal query\'
2026-08-01 11:10:29	13	4	17741	1	select     count() from     clusterAllReplicas(default, \'system.processes\') where     user not in (\'monitoring-internal\',\'management-internal\',\'prometheus-internal\',\'observability-internal\',\'operator-internal\',\'backups-internal\',\'sql-console\')     and is_initial_query = 1     and Settings[\'log_comme
2026-08-01 11:10:30	2	13	6340	1	             SELECT                 name,                 toJSONString(labels) as labels_serialized,                 value,                 help,                 type             FROM (                 SELECT   \'ClickHouse_CustomMetric_TotalMemoryUsedByDictionaries\' AS name,   toFloat64(SUM(bytes_al
2026-08-01 11:10:30	6	99	23964	99	SELECT             name,             value,             help,             JSONExtract(labels_serialized, \'Map(String, String)\') as labels,             type         FROM merge(system, \'^_custom_metrics_dictionary_.*\')         FORMAT Prometheus
2026-08-01 11:10:33	3	1	5438	1	SELECT count() FROM system.processes WHERE (initial_user NOT IN _CAST([\'backups-internal\', \'management-internal\', \'monitoring-internal\', \'observability-internal\', \'operator-internal\', \'prometheus-exporter\', \'prometheus-internal\', \'operator-cert-internal\', \'availability-monitoring-internal\', \'\'], \'Ar
2026-08-01 11:10:33	2	54	808	1	SELECT countIf(database = \'system\') as systemParts, countIf(database != \'system\') as nonSystemParts FROM system.parts where active
2026-08-01 11:10:33	1	0	0	1	SELECT countIf(database = \'system\') as systemMerges, countIf(database != \'system\') as nonSystemMerges FROM system.merges
2026-08-01 11:10:34	3	1	5599	1	SELECT count() AS `count()` FROM `system`.`processes` AS `__table1` WHERE (`__table1`.`user` NOT IN (\'monitoring-internal\', \'management-internal\', \'prometheus-internal\', \'observability-internal\', \'operator-internal\', \'backups-internal\', \'sql-console\')) AND (`__table1`.`is_initial_query` = 1) AND ((`
2026-08-01 11:10:35	1	0	0	1	             SELECT                 name,                 toJSONString(labels) as labels_serialized,                 value,                 help,                 type             FROM (                 SELECT   \'ClickHouse_CustomMetric_TotalMemoryUsedByAsynchronousInserts\' AS name,   toFloat64(SUM(t
2026-08-01 11:10:35	3	6	213	0	             SELECT                 name,                 toJSONString(labels) as labels_serialized,                 value,                 help,                 type             FROM (                 SELECT   \'ClickHouse_CustomMetric_DatabaseReplicatedRecoveryTime\' as name,   toFloat64(recovery_ti
2026-08-01 11:10:38	3	1	5599	1	SELECT count() AS `count()` FROM `system`.`processes` AS `__table1` WHERE (`__table1`.`user` NOT IN (\'monitoring-internal\', \'management-internal\', \'prometheus-internal\', \'observability-internal\', \'operator-internal\', \'backups-internal\', \'sql-console\')) AND (`__table1`.`is_initial_query` = 1) AND ((`
2026-08-01 11:10:40	2	15	1013	15	             SELECT                 name,                 toJSONString(labels) as labels_serialized,                 value,                 help,                 type             FROM (                 SELECT     \'ClickHouse_MetricsCollection_CustomMetricsSystemTable\' AS name,     toFloat64(1) AS va
2026-08-01 11:10:40	2	3	1931	0	             SELECT                 name,                 toJSONString(labels) as labels_serialized,                 value,                 help,                 type             FROM (                 SELECT   \'clickhouse_table_replica_readonly_start_timestamp_seconds\' as name,   toFloat64(toUnixTi
2026-08-01 11:10:42	14	4	17741	1	select     count() from     clusterAllReplicas(default, \'system.processes\') where     user not in (\'monitoring-internal\',\'management-internal\',\'prometheus-internal\',\'observability-internal\',\'operator-internal\',\'backups-internal\',\'sql-console\')     and is_initial_query = 1     and Settings[\'log_comme
2026-08-01 11:10:43	3	2	12834	1	SELECT count() FROM system.processes WHERE (initial_user NOT IN _CAST([\'backups-internal\', \'management-internal\', \'monitoring-internal\', \'observability-internal\', \'operator-internal\', \'prometheus-exporter\', \'prometheus-internal\', \'operator-cert-internal\', \'availability-monitoring-internal\', \'\'], \'Ar
2026-08-01 11:10:43	2	41	613	1	SELECT countIf(database = \'system\') as systemParts, countIf(database != \'system\') as nonSystemParts FROM system.parts where active
2026-08-01 11:10:43	2	0	0	1	SELECT countIf(database = \'system\') as systemMerges, countIf(database != \'system\') as nonSystemMerges FROM system.merges
2026-08-01 11:10:43	25	3100	585190	125	SELECT CAST(\'0fc3eaab-fbcb-4533-8825-9be9faaea781\', \'UUID\') AS instance_id, CAST(\'c-boneaws-al-46-server-j62zx3k-0\', \'LowCardinality(String)\') AS node_id, CAST(name, \'LowCardinality(String)\') AS metric, CAST(mapFilter((k, v) -> has(_CAST([\'remote\'], \'Array(String)\'), k), labels), \'Map(LowCardinality
2026-08-01 11:10:45	2	0	0	1	             SELECT                 name,                 toJSONString(labels) as labels_serialized,                 value,                 help,                 type             FROM (                 SELECT   \'ClickHouse_CustomMetric_TotalMemoryUsedByMerges\' AS name,   toFloat64(SUM(memory_usage))
2026-08-01 11:10:46	2	0	8	1	SELECT count() FROM system.backups where status IN (0,3)
2026-08-01 11:10:46	3	1	5472	1	SELECT count() FROM system.processes WHERE (elapsed > _CAST(0, \'Int64\')) AND (initial_user NOT IN _CAST([\'backups-internal\', \'management-internal\', \'monitoring-internal\', \'observability-internal\', \'operator-internal\', \'prometheus-exporter\', \'prometheus-internal\', \'operator-cert-internal\', \'availabil
2026-08-01 11:10:46	14	4	18749	1	select     count() from     clusterAllReplicas(default, \'system.processes\') where     user not in (\'monitoring-internal\',\'management-internal\',\'prometheus-internal\',\'observability-internal\',\'operator-internal\',\'backups-internal\',\'sql-console\')     and is_initial_query = 1     and Settings[\'log_comme
2026-08-01 11:10:50	5	99	23964	99	SELECT             name,             value,             help,             JSONExtract(labels_serialized, \'Map(String, String)\') as labels,             type         FROM merge(system, \'^_custom_metrics_dictionary_.*\')         FORMAT Prometheus
2026-08-01 11:10:50	2	0	0	0	             SELECT                 name,                 toJSONString(labels) as labels_serialized,                 value,                 help,                 type             FROM (                 SELECT   \'ClickHouse_CustomMetric_FailedMutations\' as name,   toFloat64(count()) as value,   \'The 
2026-08-01 11:10:51	5	99	23964	99	SELECT             name,             value,             help,             JSONExtract(labels_serialized, \'Map(String, String)\') as labels,             type         FROM merge(system, \'^_custom_metrics_dictionary_.*\')         FORMAT Prometheus
2026-08-01 11:10:53	3	1	5438	1	SELECT count() FROM system.processes WHERE (initial_user NOT IN _CAST([\'backups-internal\', \'management-internal\', \'monitoring-internal\', \'observability-internal\', \'operator-internal\', \'prometheus-exporter\', \'prometheus-internal\', \'operator-cert-internal\', \'availability-monitoring-internal\', \'\'], \'Ar
2026-08-01 11:10:53	2	43	643	1	SELECT countIf(database = \'system\') as systemParts, countIf(database != \'system\') as nonSystemParts FROM system.parts where active
2026-08-01 11:10:53	2	0	0	1	SELECT countIf(database = \'system\') as systemMerges, countIf(database != \'system\') as nonSystemMerges FROM system.merges
2026-08-01 11:10:54	13	505	7070	1	SELECT avg(ProfileEvent_OSCPUWaitMicroseconds) as cpu_wait FROM  system.metric_log  WHERE event_time > now() - INTERVAL 2 MINUTE AND event_date >= yesterday()
2026-08-01 11:10:54	4	2	10208	2	SELECT count() as count, sum(elapsed) as total_elapsed, \'lh\' as usr FROM system.processes  WHERE user = \'observability-internal\' AND client_hostname LIKE \'loghouse-scraper%\'  UNION ALL SELECT count() as count, sum(elapsed) as total_elapsed, \'other\' as usr FROM system.processes  WHERE user != \'observ
2026-08-01 11:10:54	1	886	368083	1	SELECT value FROM system.asynchronous_metrics WHERE metric = \'OSMemoryAvailable\' ;
2026-08-01 11:10:55	2	15	1013	15	             SELECT                 name,                 toJSONString(labels) as labels_serialized,                 value,                 help,                 type             FROM (                 SELECT     \'ClickHouse_MetricsCollection_CustomMetricsSystemTable\' AS name,     toFloat64(1) AS va
2026-08-01 11:11:00	2	15	1013	15	             SELECT                 name,                 toJSONString(labels) as labels_serialized,                 value,                 help,                 type             FROM (                 SELECT     \'ClickHouse_MetricsCollection_CustomMetricsSystemTable\' AS name,     toFloat64(1) AS va
2026-08-01 11:11:00	2	59	472	1	             SELECT                 name,                 toJSONString(labels) as labels_serialized,                 value,                 help,                 type             FROM (                 SELECT   \'ClickHouse_CustomMetric_TotalMemoryUsedByDataSkippingIndices\' AS name,   toFloat64(SUM(d
2026-08-01 11:11:00	5	99	23964	99	SELECT             name,             value,             help,             JSONExtract(labels_serialized, \'Map(String, String)\') as labels,             type         FROM merge(system, \'^_custom_metrics_dictionary_.*\')         FORMAT Prometheus
2026-08-01 11:11:03	3	2	12878	1	SELECT count() FROM system.processes WHERE (initial_user NOT IN _CAST([\'backups-internal\', \'management-internal\', \'monitoring-internal\', \'observability-internal\', \'operator-internal\', \'prometheus-exporter\', \'prometheus-internal\', \'operator-cert-internal\', \'availability-monitoring-internal\', \'\'], \'Ar
2026-08-01 11:11:03	2	40	598	1	SELECT countIf(database = \'system\') as systemParts, countIf(database != \'system\') as nonSystemParts FROM system.parts where active
2026-08-01 11:11:03	24	3099	585048	125	SELECT CAST(\'0fc3eaab-fbcb-4533-8825-9be9faaea781\', \'UUID\') AS instance_id, CAST(\'c-boneaws-al-46-server-j62zx3k-0\', \'LowCardinality(String)\') AS node_id, CAST(name, \'LowCardinality(String)\') AS metric, CAST(mapFilter((k, v) -> has(_CAST([\'remote\'], \'Array(String)\'), k), labels), \'Map(LowCardinality
2026-08-01 11:11:03	2	0	0	1	SELECT countIf(database = \'system\') as systemMerges, countIf(database != \'system\') as nonSystemMerges FROM system.merges
2026-08-01 11:11:10	3	6	213	0	             SELECT                 name,                 toJSONString(labels) as labels_serialized,                 value,                 help,                 type             FROM (                 SELECT   \'ClickHouse_CustomMetric_SharedCatalogRecoveryTime\' as name,   toFloat64(recovery_time) a
2026-08-01 11:11:13	3	1	5438	1	SELECT count() FROM system.processes WHERE (initial_user NOT IN _CAST([\'backups-internal\', \'management-internal\', \'monitoring-internal\', \'observability-internal\', \'operator-internal\', \'prometheus-exporter\', \'prometheus-internal\', \'operator-cert-internal\', \'availability-monitoring-internal\', \'\'], \'Ar
2026-08-01 11:11:13	2	41	613	1	SELECT countIf(database = \'system\') as systemParts, countIf(database != \'system\') as nonSystemParts FROM system.parts where active
2026-08-01 11:11:13	2	0	0	1	SELECT countIf(database = \'system\') as systemMerges, countIf(database != \'system\') as nonSystemMerges FROM system.merges
2026-08-01 11:11:15	2	5	1775	5	             SELECT                 name,                 toJSONString(labels) as labels_serialized,                 value,                 help,                 type             FROM (                 SELECT   concat(\'clickhouse_\', system.dimensional_metrics.metric) AS name,   toFloat64(system.dime
2026-08-01 11:11:15	2	0	0	0	             SELECT                 name,                 toJSONString(labels) as labels_serialized,                 value,                 help,                 type             FROM (                 SELECT   \'ClickHouse_CustomMetric_FailedMutations\' as name,   toFloat64(count()) as value,   \'The 
2026-08-01 11:11:20	6	97	23765	97	SELECT             name,             value,             help,             JSONExtract(labels_serialized, \'Map(String, String)\') as labels,             type         FROM merge(system, \'^_custom_metrics_dictionary_.*\')         FORMAT Prometheus
2026-08-01 11:11:21	5	97	23765	97	SELECT             name,             value,             help,             JSONExtract(labels_serialized, \'Map(String, String)\') as labels,             type         FROM merge(system, \'^_custom_metrics_dictionary_.*\')         FORMAT Prometheus
2026-08-01 11:11:23	3	2	12834	1	SELECT count() FROM system.processes WHERE (initial_user NOT IN _CAST([\'backups-internal\', \'management-internal\', \'monitoring-internal\', \'observability-internal\', \'operator-internal\', \'prometheus-exporter\', \'prometheus-internal\', \'operator-cert-internal\', \'availability-monitoring-internal\', \'\'], \'Ar
2026-08-01 11:11:23	2	38	568	1	SELECT countIf(database = \'system\') as systemParts, countIf(database != \'system\') as nonSystemParts FROM system.parts where active
2026-08-01 11:11:23	2	0	0	1	SELECT countIf(database = \'system\') as systemMerges, countIf(database != \'system\') as nonSystemMerges FROM system.merges
2026-08-01 11:11:23	23	3097	584868	125	SELECT CAST(\'0fc3eaab-fbcb-4533-8825-9be9faaea781\', \'UUID\') AS instance_id, CAST(\'c-boneaws-al-46-server-j62zx3k-0\', \'LowCardinality(String)\') AS node_id, CAST(name, \'LowCardinality(String)\') AS metric, CAST(mapFilter((k, v) -> has(_CAST([\'remote\'], \'Array(String)\'), k), labels), \'Map(LowCardinality
2026-08-01 11:11:24	13	535	7490	1	SELECT avg(ProfileEvent_OSCPUWaitMicroseconds) as cpu_wait FROM  system.metric_log  WHERE event_time > now() - INTERVAL 2 MINUTE AND event_date >= yesterday()
2026-08-01 11:11:24	4	2	10208	2	SELECT count() as count, sum(elapsed) as total_elapsed, \'lh\' as usr FROM system.processes  WHERE user = \'observability-internal\' AND client_hostname LIKE \'loghouse-scraper%\'  UNION ALL SELECT count() as count, sum(elapsed) as total_elapsed, \'other\' as usr FROM system.processes  WHERE user != \'observ
2026-08-01 11:11:24	1	886	368083	1	SELECT value FROM system.asynchronous_metrics WHERE metric = \'OSMemoryAvailable\' ;
2026-08-01 11:11:25	3	0	0	0	SELECT now64(6) as scrape_time_microseconds, \'j62zx3k\' AS pod_ident, \'boneaws-al-46\' AS spoken_name, \'cell-1\' AS cell, \'ap-south-1\' AS region, \'aws\' AS cloud_provider, \'?\' AS clickhouse_version, \'0fc3eaab-fbcb-4533-8825-9be9faaea781\' AS control_plane_id, \'?\' AS system_processor, * FROM system."files
2026-08-01 11:11:25	2	59	472	1	             SELECT                 name,                 toJSONString(labels) as labels_serialized,                 value,                 help,                 type             FROM (                 SELECT   \'ClickHouse_CustomMetric_TotalMemoryUsedByDataSkippingIndices\' AS name,   toFloat64(SUM(d
2026-08-01 11:11:25	2	2	6302	1	             SELECT                 name,                 toJSONString(labels) as labels_serialized,                 value,                 help,                 type             FROM (                 SELECT   \'ClickHouse_CustomMetric_TotalMemoryUsedByQueries\' AS name,   toFloat64(SUM(peak_memory_u
2026-08-01 11:11:26	3	0	0	0	SELECT now64(6) as scrape_time_microseconds, \'j62zx3k\' AS pod_ident, \'boneaws-al-46\' AS spoken_name, \'cell-1\' AS cell, \'ap-south-1\' AS region, \'aws\' AS cloud_provider, \'?\' AS clickhouse_version, \'0fc3eaab-fbcb-4533-8825-9be9faaea781\' AS control_plane_id, \'?\' AS system_processor, * FROM system."files
2026-08-01 11:11:27	5	0	0	0	SELECT now64(6) as scrape_time_microseconds, \'j62zx3k\' AS pod_ident, \'boneaws-al-46\' AS spoken_name, \'cell-1\' AS cell, \'ap-south-1\' AS region, \'aws\' AS cloud_provider, \'?\' AS clickhouse_version, \'0fc3eaab-fbcb-4533-8825-9be9faaea781\' AS control_plane_id, \'?\' AS system_processor, * FROM system."query
2026-08-01 11:11:28	3	0	0	0	SELECT now64(6) as scrape_time_microseconds, \'j62zx3k\' AS pod_ident, \'boneaws-al-46\' AS spoken_name, \'cell-1\' AS cell, \'ap-south-1\' AS region, \'aws\' AS cloud_provider, \'?\' AS clickhouse_version, \'0fc3eaab-fbcb-4533-8825-9be9faaea781\' AS control_plane_id, \'?\' AS system_processor, * FROM system."backu
2026-08-01 11:11:29	2	0	0	0	SELECT now64(6) as scrape_time_microseconds, \'j62zx3k\' AS pod_ident, \'boneaws-al-46\' AS spoken_name, \'cell-1\' AS cell, \'ap-south-1\' AS region, \'aws\' AS cloud_provider, \'?\' AS clickhouse_version, \'0fc3eaab-fbcb-4533-8825-9be9faaea781\' AS control_plane_id, \'?\' AS system_processor, * FROM system."click
2026-08-01 11:11:30	3	0	0	0	SELECT now64(6) as scrape_time_microseconds, \'j62zx3k\' AS pod_ident, \'boneaws-al-46\' AS spoken_name, \'cell-1\' AS cell, \'ap-south-1\' AS region, \'aws\' AS cloud_provider, \'?\' AS clickhouse_version, \'0fc3eaab-fbcb-4533-8825-9be9faaea781\' AS control_plane_id, \'?\' AS system_processor, * FROM system."crash
2026-08-01 11:11:30	1	5	1775	5	             SELECT                 name,                 toJSONString(labels) as labels_serialized,                 value,                 help,                 type             FROM (                 SELECT   concat(\'clickhouse_\', system.dimensional_metrics.metric) AS name,   toFloat64(system.dime
2026-08-01 11:11:30	1	0	0	1	             SELECT                 name,                 toJSONString(labels) as labels_serialized,                 value,                 help,                 type             FROM (                 SELECT   \'ClickHouse_CustomMetric_TotalMemoryUsedByAsynchronousInserts\' AS name,   toFloat64(SUM(t
2026-08-01 11:11:30	2	59	472	1	             SELECT                 name,                 toJSONString(labels) as labels_serialized,                 value,                 help,                 type             FROM (                 SELECT   \'ClickHouse_CustomMetric_TotalMemoryUsedByDataSkippingIndices\' AS name,   toFloat64(SUM(d
2026-08-01 11:11:30	2	0	0	0	             SELECT                 name,                 toJSONString(labels) as labels_serialized,                 value,                 help,                 type             FROM (                 SELECT   \'ClickHouse_CustomMetric_FailedMutations\' as name,   toFloat64(count()) as value,   \'The 
2026-08-01 11:11:30	2	13	6340	1	             SELECT                 name,                 toJSONString(labels) as labels_serialized,                 value,                 help,                 type             FROM (                 SELECT   \'ClickHouse_CustomMetric_TotalMemoryUsedByDictionaries\' AS name,   toFloat64(SUM(bytes_al
2026-08-01 11:11:30	3	6	213	0	             SELECT                 name,                 toJSONString(labels) as labels_serialized,                 value,                 help,                 type             FROM (                 SELECT   \'ClickHouse_CustomMetric_DatabaseReplicatedRecoveryTime\' as name,   toFloat64(recovery_ti
2026-08-01 11:11:30	6	97	23765	97	SELECT             name,             value,             help,             JSONExtract(labels_serialized, \'Map(String, String)\') as labels,             type         FROM merge(system, \'^_custom_metrics_dictionary_.*\')         FORMAT Prometheus
2026-08-01 11:11:31	3	0	0	0	SELECT now64(6) as scrape_time_microseconds, \'j62zx3k\' AS pod_ident, \'boneaws-al-46\' AS spoken_name, \'cell-1\' AS cell, \'ap-south-1\' AS region, \'aws\' AS cloud_provider, \'?\' AS clickhouse_version, \'0fc3eaab-fbcb-4533-8825-9be9faaea781\' AS control_plane_id, \'?\' AS system_processor, * FROM system."error
2026-08-01 11:11:32	3	0	0	0	SELECT now64(6) as scrape_time_microseconds, \'j62zx3k\' AS pod_ident, \'boneaws-al-46\' AS spoken_name, \'cell-1\' AS cell, \'ap-south-1\' AS region, \'aws\' AS cloud_provider, \'?\' AS clickhouse_version, \'0fc3eaab-fbcb-4533-8825-9be9faaea781\' AS control_plane_id, \'?\' AS system_processor, * FROM system."s3que
2026-08-01 11:11:33	3	0	0	0	SELECT now64(6) as scrape_time_microseconds, \'j62zx3k\' AS pod_ident, \'boneaws-al-46\' AS spoken_name, \'cell-1\' AS cell, \'ap-south-1\' AS region, \'aws\' AS cloud_provider, \'?\' AS clickhouse_version, \'0fc3eaab-fbcb-4533-8825-9be9faaea781\' AS control_plane_id, \'?\' AS system_processor, * FROM system."zooke
2026-08-01 11:11:33	3	1	5438	1	SELECT count() FROM system.processes WHERE (initial_user NOT IN _CAST([\'backups-internal\', \'management-internal\', \'monitoring-internal\', \'observability-internal\', \'operator-internal\', \'prometheus-exporter\', \'prometheus-internal\', \'operator-cert-internal\', \'availability-monitoring-internal\', \'\'], \'Ar
2026-08-01 11:11:33	2	39	583	1	SELECT countIf(database = \'system\') as systemParts, countIf(database != \'system\') as nonSystemParts FROM system.parts where active
2026-08-01 11:11:33	2	0	0	1	SELECT countIf(database = \'system\') as systemMerges, countIf(database != \'system\') as nonSystemMerges FROM system.merges
2026-08-01 11:11:34	3	0	0	0	SELECT now64(6) as scrape_time_microseconds, \'j62zx3k\' AS pod_ident, \'boneaws-al-46\' AS spoken_name, \'cell-1\' AS cell, \'ap-south-1\' AS region, \'aws\' AS cloud_provider, \'?\' AS clickhouse_version, \'0fc3eaab-fbcb-4533-8825-9be9faaea781\' AS control_plane_id, \'?\' AS system_processor, * FROM system."aggre
2026-08-01 11:11:35	79	0	0	0	SELECT now64(6) as scrape_time_microseconds, \'j62zx3k\' AS pod_ident, \'boneaws-al-46\' AS spoken_name, \'cell-1\' AS cell, \'ap-south-1\' AS region, \'aws\' AS cloud_provider, \'?\' AS clickhouse_version, \'0fc3eaab-fbcb-4533-8825-9be9faaea781\' AS control_plane_id, \'?\' AS system_processor, * FROM system."query
2026-08-01 11:11:35	2	3	1931	0	             SELECT                 name,                 toJSONString(labels) as labels_serialized,                 value,                 help,                 type             FROM (                 SELECT   \'clickhouse_table_replica_readonly_start_timestamp_seconds\' as name,   toFloat64(toUnixTi
2026-08-01 11:11:36	3	0	0	0	SELECT now64(6) as scrape_time_microseconds, \'j62zx3k\' AS pod_ident, \'boneaws-al-46\' AS spoken_name, \'cell-1\' AS cell, \'ap-south-1\' AS region, \'aws\' AS cloud_provider, \'?\' AS clickhouse_version, \'0fc3eaab-fbcb-4533-8825-9be9faaea781\' AS control_plane_id, \'?\' AS system_processor, * FROM system."async
2026-08-01 11:11:37	4	0	0	0	SELECT now64(6) as scrape_time_microseconds, \'j62zx3k\' AS pod_ident, \'boneaws-al-46\' AS spoken_name, \'cell-1\' AS cell, \'ap-south-1\' AS region, \'aws\' AS cloud_provider, \'?\' AS clickhouse_version, \'0fc3eaab-fbcb-4533-8825-9be9faaea781\' AS control_plane_id, \'?\' AS system_processor, * FROM system."sessi
2026-08-01 11:11:38	4	0	0	0	SELECT now64(6) as scrape_time_microseconds, \'j62zx3k\' AS pod_ident, \'boneaws-al-46\' AS spoken_name, \'cell-1\' AS cell, \'ap-south-1\' AS region, \'aws\' AS cloud_provider, \'?\' AS clickhouse_version, \'0fc3eaab-fbcb-4533-8825-9be9faaea781\' AS control_plane_id, \'?\' AS system_processor, * FROM system."proce
2026-08-01 11:11:39	4	0	0	0	SELECT now64(6) as scrape_time_microseconds, \'j62zx3k\' AS pod_ident, \'boneaws-al-46\' AS spoken_name, \'cell-1\' AS cell, \'ap-south-1\' AS region, \'aws\' AS cloud_provider, \'?\' AS clickhouse_version, \'0fc3eaab-fbcb-4533-8825-9be9faaea781\' AS control_plane_id, \'?\' AS system_processor, * FROM system."trace
2026-08-01 11:11:40	7	0	0	0	SELECT now64(6) as scrape_time_microseconds, \'j62zx3k\' AS pod_ident, \'boneaws-al-46\' AS spoken_name, \'cell-1\' AS cell, \'ap-south-1\' AS region, \'aws\' AS cloud_provider, \'?\' AS clickhouse_version, \'0fc3eaab-fbcb-4533-8825-9be9faaea781\' AS control_plane_id, \'?\' AS system_processor, * FROM system."query
2026-08-01 11:11:40	1	5	1775	5	             SELECT                 name,                 toJSONString(labels) as labels_serialized,                 value,                 help,                 type             FROM (                 SELECT   concat(\'clickhouse_\', system.dimensional_metrics.metric) AS name,   toFloat64(system.dime
2026-08-01 11:11:40	2	0	0	1	             SELECT                 name,                 toJSONString(labels) as labels_serialized,                 value,                 help,                 type             FROM (                 SELECT   \'ClickHouse_CustomMetric_TotalMemoryUsedByMerges\' AS name,   toFloat64(SUM(memory_usage))
2026-08-01 11:11:40	2	0	0	0	             SELECT                 name,                 toJSONString(labels) as labels_serialized,                 value,                 help,                 type             FROM (                 SELECT   \'ClickHouse_CustomMetric_FailedMutations\' as name,   toFloat64(count()) as value,   \'The 
2026-08-01 11:11:41	108	0	0	0	SELECT now64(6) as scrape_time_microseconds, \'j62zx3k\' AS pod_ident, \'boneaws-al-46\' AS spoken_name, \'cell-1\' AS cell, \'ap-south-1\' AS region, \'aws\' AS cloud_provider, \'?\' AS clickhouse_version, \'0fc3eaab-fbcb-4533-8825-9be9faaea781\' AS control_plane_id, \'?\' AS system_processor, * FROM system."metri
2026-08-01 11:11:42	5	0	0	0	SELECT now64(6) as scrape_time_microseconds, \'j62zx3k\' AS pod_ident, \'boneaws-al-46\' AS spoken_name, \'cell-1\' AS cell, \'ap-south-1\' AS region, \'aws\' AS cloud_provider, \'?\' AS clickhouse_version, \'0fc3eaab-fbcb-4533-8825-9be9faaea781\' AS control_plane_id, \'?\' AS system_processor, * FROM system."part_
2026-08-01 11:11:43	3	0	0	0	SELECT now64(6) as scrape_time_microseconds, \'j62zx3k\' AS pod_ident, \'boneaws-al-46\' AS spoken_name, \'cell-1\' AS cell, \'ap-south-1\' AS region, \'aws\' AS cloud_provider, \'?\' AS clickhouse_version, \'0fc3eaab-fbcb-4533-8825-9be9faaea781\' AS control_plane_id, \'?\' AS system_processor, * FROM system."query
2026-08-01 11:11:43	3	2	12834	1	SELECT count() FROM system.processes WHERE (initial_user NOT IN _CAST([\'backups-internal\', \'management-internal\', \'monitoring-internal\', \'observability-internal\', \'operator-internal\', \'prometheus-exporter\', \'prometheus-internal\', \'operator-cert-internal\', \'availability-monitoring-internal\', \'\'], \'Ar
2026-08-01 11:11:43	2	50	748	1	SELECT countIf(database = \'system\') as systemParts, countIf(database != \'system\') as nonSystemParts FROM system.parts where active
2026-08-01 11:11:43	2	0	0	1	SELECT countIf(database = \'system\') as systemMerges, countIf(database != \'system\') as nonSystemMerges FROM system.merges
2026-08-01 11:11:43	23	3098	585022	125	SELECT CAST(\'0fc3eaab-fbcb-4533-8825-9be9faaea781\', \'UUID\') AS instance_id, CAST(\'c-boneaws-al-46-server-j62zx3k-0\', \'LowCardinality(String)\') AS node_id, CAST(name, \'LowCardinality(String)\') AS metric, CAST(mapFilter((k, v) -> has(_CAST([\'remote\'], \'Array(String)\'), k), labels), \'Map(LowCardinality
2026-08-01 11:11:44	4	0	0	0	SELECT now64(6) as scrape_time_microseconds, \'j62zx3k\' AS pod_ident, \'boneaws-al-46\' AS spoken_name, \'cell-1\' AS cell, \'ap-south-1\' AS region, \'aws\' AS cloud_provider, \'?\' AS clickhouse_version, \'0fc3eaab-fbcb-4533-8825-9be9faaea781\' AS control_plane_id, \'?\' AS system_processor, * FROM system."blob_
2026-08-01 11:11:45	5	0	0	0	SELECT now64(6) as scrape_time_microseconds, \'j62zx3k\' AS pod_ident, \'boneaws-al-46\' AS spoken_name, \'cell-1\' AS cell, \'ap-south-1\' AS region, \'aws\' AS cloud_provider, \'?\' AS clickhouse_version, \'0fc3eaab-fbcb-4533-8825-9be9faaea781\' AS control_plane_id, \'?\' AS system_processor, * FROM system."async
2026-08-01 11:11:45	2	2	6348	1	             SELECT                 name,                 toJSONString(labels) as labels_serialized,                 value,                 help,                 type             FROM (                 SELECT   \'ClickHouse_CustomMetric_TotalMemoryUsedByQueries\' AS name,   toFloat64(SUM(peak_memory_u
2026-08-01 11:11:45	3	6	213	0	             SELECT                 name,                 toJSONString(labels) as labels_serialized,                 value,                 help,                 type             FROM (                 SELECT   \'ClickHouse_CustomMetric_SharedCatalogRecoveryTime\' as name,   toFloat64(recovery_time) a
2026-08-01 11:11:45	2	316	114925	1	SELECT count(*) FROM system.merge_tree_settings
2026-08-01 11:11:45	2	316	114925	316	SELECT  now64(6) as scrape_time_microseconds, \'j62zx3k\' AS pod_ident, \'boneaws-al-46\' AS spoken_name, \'cell-1\' AS cell, \'ap-south-1\' AS region, \'aws\' AS cloud_provider, \'26.2.1.525\' AS clickhouse_version, \'0fc3eaab-fbcb-4533-8825-9be9faaea781\' AS control_plane_id, \'aarch64\' AS system_processor, * FR
2026-08-01 11:11:46	4	0	0	0	SELECT now64(6) as scrape_time_microseconds, \'j62zx3k\' AS pod_ident, \'boneaws-al-46\' AS spoken_name, \'cell-1\' AS cell, \'ap-south-1\' AS region, \'aws\' AS cloud_provider, \'?\' AS clickhouse_version, \'0fc3eaab-fbcb-4533-8825-9be9faaea781\' AS control_plane_id, \'?\' AS system_processor, * FROM system."text_
2026-08-01 11:11:50	5	97	23765	97	SELECT             name,             value,             help,             JSONExtract(labels_serialized, \'Map(String, String)\') as labels,             type         FROM merge(system, \'^_custom_metrics_dictionary_.*\')         FORMAT Prometheus
2026-08-01 11:11:50	1	5	1775	5	             SELECT                 name,                 toJSONString(labels) as labels_serialized,                 value,                 help,                 type             FROM (                 SELECT   concat(\'clickhouse_\', system.dimensional_metrics.metric) AS name,   toFloat64(system.dime
2026-08-01 11:11:51	5	97	23765	97	SELECT             name,             value,             help,             JSONExtract(labels_serialized, \'Map(String, String)\') as labels,             type         FROM merge(system, \'^_custom_metrics_dictionary_.*\')         FORMAT Prometheus
2026-08-01 11:11:53	4	1	5438	1	SELECT count() FROM system.processes WHERE (initial_user NOT IN _CAST([\'backups-internal\', \'management-internal\', \'monitoring-internal\', \'observability-internal\', \'operator-internal\', \'prometheus-exporter\', \'prometheus-internal\', \'operator-cert-internal\', \'availability-monitoring-internal\', \'\'], \'Ar
2026-08-01 11:11:53	2	47	703	1	SELECT countIf(database = \'system\') as systemParts, countIf(database != \'system\') as nonSystemParts FROM system.parts where active
2026-08-01 11:11:53	2	0	0	1	SELECT countIf(database = \'system\') as systemMerges, countIf(database != \'system\') as nonSystemMerges FROM system.merges
2026-08-01 11:11:54	14	566	7676	1	SELECT avg(ProfileEvent_OSCPUWaitMicroseconds) as cpu_wait FROM  system.metric_log  WHERE event_time > now() - INTERVAL 2 MINUTE AND event_date >= yesterday()
2026-08-01 11:11:54	4	2	10208	2	SELECT count() as count, sum(elapsed) as total_elapsed, \'lh\' as usr FROM system.processes  WHERE user = \'observability-internal\' AND client_hostname LIKE \'loghouse-scraper%\'  UNION ALL SELECT count() as count, sum(elapsed) as total_elapsed, \'other\' as usr FROM system.processes  WHERE user != \'observ
2026-08-01 11:11:54	1	886	368083	1	SELECT value FROM system.asynchronous_metrics WHERE metric = \'OSMemoryAvailable\' ;
2026-08-01 11:11:55	3	6	213	0	             SELECT                 name,                 toJSONString(labels) as labels_serialized,                 value,                 help,                 type             FROM (                 SELECT   \'ClickHouse_CustomMetric_DatabaseReplicatedRecoveryTime\' as name,   toFloat64(recovery_ti
2026-08-01 11:11:55	1	0	0	1	             SELECT                 name,                 toJSONString(labels) as labels_serialized,                 value,                 help,                 type             FROM (                 SELECT   \'ClickHouse_CustomMetric_TotalMemoryUsedByMerges\' AS name,   toFloat64(SUM(memory_usage))
2026-08-01 11:12:00	2	0	0	1	             SELECT                 name,                 toJSONString(labels) as labels_serialized,                 value,                 help,                 type             FROM (                 SELECT   \'ClickHouse_CustomMetric_TotalMemoryUsedByMerges\' AS name,   toFloat64(SUM(memory_usage))
2026-08-01 11:12:00	2	15	1013	15	             SELECT                 name,                 toJSONString(labels) as labels_serialized,                 value,                 help,                 type             FROM (                 SELECT     \'ClickHouse_MetricsCollection_CustomMetricsSystemTable\' AS name,     toFloat64(1) AS va
2026-08-01 11:12:00	5	97	23765	97	SELECT             name,             value,             help,             JSONExtract(labels_serialized, \'Map(String, String)\') as labels,             type         FROM merge(system, \'^_custom_metrics_dictionary_.*\')         FORMAT Prometheus
2026-08-01 11:12:03	2	2	12834	1	SELECT count() FROM system.processes WHERE (initial_user NOT IN _CAST([\'backups-internal\', \'management-internal\', \'monitoring-internal\', \'observability-internal\', \'operator-internal\', \'prometheus-exporter\', \'prometheus-internal\', \'operator-cert-internal\', \'availability-monitoring-internal\', \'\'], \'Ar
2026-08-01 11:12:03	2	39	583	1	SELECT countIf(database = \'system\') as systemParts, countIf(database != \'system\') as nonSystemParts FROM system.parts where active
2026-08-01 11:12:03	2	0	0	1	SELECT countIf(database = \'system\') as systemMerges, countIf(database != \'system\') as nonSystemMerges FROM system.merges
2026-08-01 11:12:03	23	3098	585022	125	SELECT CAST(\'0fc3eaab-fbcb-4533-8825-9be9faaea781\', \'UUID\') AS instance_id, CAST(\'c-boneaws-al-46-server-j62zx3k-0\', \'LowCardinality(String)\') AS node_id, CAST(name, \'LowCardinality(String)\') AS metric, CAST(mapFilter((k, v) -> has(_CAST([\'remote\'], \'Array(String)\'), k), labels), \'Map(LowCardinality
2026-08-01 11:12:05	2	0	0	1	             SELECT                 name,                 toJSONString(labels) as labels_serialized,                 value,                 help,                 type             FROM (                 SELECT   \'ClickHouse_CustomMetric_TotalMemoryUsedByAsynchronousInserts\' AS name,   toFloat64(SUM(t
2026-08-01 11:12:10	1	0	0	1	             SELECT                 name,                 toJSONString(labels) as labels_serialized,                 value,                 help,                 type             FROM (                 SELECT   \'ClickHouse_CustomMetric_TotalMemoryUsedByAsynchronousInserts\' AS name,   toFloat64(SUM(t
2026-08-01 11:12:10	2	3	1931	0	             SELECT                 name,                 toJSONString(labels) as labels_serialized,                 value,                 help,                 type             FROM (                 SELECT   \'clickhouse_table_replica_readonly_start_timestamp_seconds\' as name,   toFloat64(toUnixTi
2026-08-01 11:12:12	53	905558	61114537	1	SELECT uniqExact(video_session_id) FROM sony.raw_events FORMAT TabSeparated 
2026-08-01 11:12:12	1	1	16	1	SELECT count() FROM sony.raw_events FORMAT TabSeparated 
2026-08-01 11:12:12	24	905558	62030022	1	SELECT count() FROM (SELECT video_session_id FROM sony.raw_events GROUP BY video_session_id HAVING countIf(event_type=\'VideoSessionEnd\') = 0) FORMAT TabSeparated 
2026-08-01 11:12:13	3	1	5438	1	SELECT count() FROM system.processes WHERE (initial_user NOT IN _CAST([\'backups-internal\', \'management-internal\', \'monitoring-internal\', \'observability-internal\', \'operator-internal\', \'prometheus-exporter\', \'prometheus-internal\', \'operator-cert-internal\', \'availability-monitoring-internal\', \'\'], \'Ar
2026-08-01 11:12:13	2	56	824	1	SELECT countIf(database = \'system\') as systemParts, countIf(database != \'system\') as nonSystemParts FROM system.parts where active
2026-08-01 11:12:13	2	0	0	1	SELECT countIf(database = \'system\') as systemMerges, countIf(database != \'system\') as nonSystemMerges FROM system.merges
2026-08-01 11:12:15	11	35901	3085882	1	SELECT round(sum(duration_ms)/3600000,2) FROM sony.session_active_intervals FINAL FORMAT TabSeparated 
2026-08-01 11:12:15	0	0	0	0	DROP TABLE IF EXISTS sony.concurrency_hourly_checkpoint 
2026-08-01 11:12:16	63	0	0	0	CREATE TABLE IF NOT EXISTS sony.concurrency_hourly_checkpoint UUID \'b0c4fbca-cb61-4a24-9097-bd21b882182f\' (`platform` LowCardinality(String), `country` LowCardinality(String), `video_type` LowCardinality(String), `content_id` Int64, `hour_boundary` DateTime(\'UTC\'), `concurrency` UInt32) ENGINE = Sha
2026-08-01 11:12:16	128	0	0	0	CREATE TABLE IF NOT EXISTS sony.concurrency_hourly_checkpoint (     platform        LowCardinality(String),     country         LowCardinality(String),     video_type      LowCardinality(String),     content_id      Int64,     hour_boundary   DateTime(\'UTC\'),     concurrency     UInt32 ) ENGINE = Re
2026-08-01 11:12:18	10	35901	3085882	1	SELECT toString(toDateTime(intDiv(max(active_end_ms),60000)*60,\'UTC\')) FROM sony.session_active_intervals FINAL FORMAT TabSeparated 
2026-08-01 11:12:18	5	31522	252176	1	SELECT toString(toDate(argMax(minute, delta))) FROM sony.concurrency_minute_delta FORMAT TabSeparated 
2026-08-01 11:12:20	5	97	23765	97	SELECT             name,             value,             help,             JSONExtract(labels_serialized, \'Map(String, String)\') as labels,             type         FROM merge(system, \'^_custom_metrics_dictionary_.*\')         FORMAT Prometheus
2026-08-01 11:12:21	6	97	23765	97	SELECT             name,             value,             help,             JSONExtract(labels_serialized, \'Map(String, String)\') as labels,             type         FROM merge(system, \'^_custom_metrics_dictionary_.*\')         FORMAT Prometheus
2026-08-01 11:12:23	1	0	0	1	SELECT countIf(database = \'system\') as systemMerges, countIf(database != \'system\') as nonSystemMerges FROM system.merges
2026-08-01 11:12:23	4	378	114440	5	WITH metrics AS (SELECT name AS metric, toFloat64(value) AS val, now() AS ts FROM system.server_settings WHERE multiMatchAny(name, _CAST([\'^max_database_num_to_throw$\', \'^max_database_num_to_warn$\', \'^max_table_num_to_throw$\', \'^max_table_num_to_warn$\', \'^max_concurrent_queries$\'], \'Array(String)\'))
2026-08-01 11:12:23	7	112524	1797188	1560	SELECT CAST(\'0fc3eaab-fbcb-4533-8825-9be9faaea781\', \'UUID\') AS control_plane_id, CAST(\'c-boneaws-al-46-server-j62zx3k-0\', \'LowCardinality(String)\') AS pod_id, CAST(now64(), \'DateTime64(6)\') AS scrape_ts_microseconds, CAST(event_date, \'Date\') AS event_date, CAST(event_time, \'DateTime\') AS event_time,
2026-08-01 11:12:23	11	487	7015	13	WITH metrics AS (SELECT multiIf((event_type = \'MergeParts\') AND (error = 0), \'merges_finished\', (event_type = \'MergeParts\') AND (error != 0), \'merges_failed\', (event_type = \'MutatePart\') AND (error = 0), \'mutate_part_finished\', (event_type = \'MutatePart\') AND (error != 0), \'mutate_part_failed\', NULL
2026-08-01 11:12:23	3	8	40101	1	SELECT count() FROM system.processes WHERE (initial_user NOT IN _CAST([\'backups-internal\', \'management-internal\', \'monitoring-internal\', \'observability-internal\', \'operator-internal\', \'prometheus-exporter\', \'prometheus-internal\', \'operator-cert-internal\', \'availability-monitoring-internal\', \'\'], \'Ar
2026-08-01 11:12:23	12	0	0	1	WITH failed_mutations AS (SELECT toDateTime(create_time) AS ts, count() AS val FROM system.mutations WHERE (ts > toDateTime(_CAST(\'1785582588.069\', \'DateTime64\'))) AND (ts <= toDateTime(_CAST(\'1785582708.069\', \'DateTime64\'))) AND (latest_failed_part != \'\') AND (is_done = 0) GROUP BY ts), failed_muta
2026-08-01 11:12:23	2	73	1049	1	SELECT countIf(database = \'system\') as systemParts, countIf(database != \'system\') as nonSystemParts FROM system.parts where active
2026-08-01 11:12:23	5	0	0	0	WITH source AS (SELECT [\'matview_execution_total\', if(exception_code != 0, \'matview_execution_fail\', \'\')] AS metrics, event_time AS ts FROM system.query_views_log WHERE (status != \'QueryStart\') AND (event_date >= toDate(_CAST(\'1785582588.069\', \'DateTime64\'))) AND (event_time >= toDateTime(_CAST(\'178
2026-08-01 11:12:23	29	3110	586539	126	SELECT CAST(\'0fc3eaab-fbcb-4533-8825-9be9faaea781\', \'UUID\') AS instance_id, CAST(\'c-boneaws-al-46-server-j62zx3k-0\', \'LowCardinality(String)\') AS node_id, CAST(name, \'LowCardinality(String)\') AS metric, CAST(mapFilter((k, v) -> has(_CAST([\'remote\'], \'Array(String)\'), k), labels), \'Map(LowCardinality
2026-08-01 11:12:23	56	596	164140	120	SELECT CAST(\'0fc3eaab-fbcb-4533-8825-9be9faaea781\', \'UUID\') AS control_plane_id, CAST(\'c-boneaws-al-46-server-j62zx3k-0\', \'LowCardinality(String)\') AS pod_id, CAST(now64(), \'DateTime64(6)\') AS scrape_ts_microseconds, CAST(event_date, \'Date\') AS event_date, CAST(event_time, \'DateTime\') AS event_time,
2026-08-01 11:12:23	153	718	211243	10	WITH parts_agg AS (SELECT database AS agg_database, `table` AS agg_table, SUM(primary_key_size) AS primary_index_size, SUM(secondary_indices_compressed_bytes) AS secondary_index_size FROM system.parts WHERE active AND (database != \'system\') GROUP BY database, `table`), proj_agg AS (SELECT database A
2026-08-01 11:12:24	14	596	7873	1	SELECT avg(ProfileEvent_OSCPUWaitMicroseconds) as cpu_wait FROM  system.metric_log  WHERE event_time > now() - INTERVAL 2 MINUTE AND event_date >= yesterday()
2026-08-01 11:12:24	4	2	10208	2	SELECT count() as count, sum(elapsed) as total_elapsed, \'lh\' as usr FROM system.processes  WHERE user = \'observability-internal\' AND client_hostname LIKE \'loghouse-scraper%\'  UNION ALL SELECT count() as count, sum(elapsed) as total_elapsed, \'other\' as usr FROM system.processes  WHERE user != \'observ
2026-08-01 11:12:24	1	886	368082	1	SELECT value FROM system.asynchronous_metrics WHERE metric = \'OSMemoryAvailable\' ;
2026-08-01 11:12:25	2	0	0	0	             SELECT                 name,                 toJSONString(labels) as labels_serialized,                 value,                 help,                 type             FROM (                 SELECT   \'ClickHouse_CustomMetric_FailedMutations\' as name,   toFloat64(count()) as value,   \'The 
2026-08-01 11:12:25	3	6	213	0	             SELECT                 name,                 toJSONString(labels) as labels_serialized,                 value,                 help,                 type             FROM (                 SELECT   \'ClickHouse_CustomMetric_SharedCatalogRecoveryTime\' as name,   toFloat64(recovery_time) a
2026-08-01 11:12:30	32	5	233	5	SELECT name, engine, engine_full AS "engineFull"   FROM system.databases   SETTINGS     show_data_lake_catalogs_in_system_tables=1,     database_datalake_require_metadata_access=0,     log_comment=\'sql console internal query\'
2026-08-01 11:12:30	2	13	6340	1	             SELECT                 name,                 toJSONString(labels) as labels_serialized,                 value,                 help,                 type             FROM (                 SELECT   \'ClickHouse_CustomMetric_TotalMemoryUsedByDictionaries\' AS name,   toFloat64(SUM(bytes_al
2026-08-01 11:12:30	1	4	235	4	SELECT name FROM system.roles
2026-08-01 11:12:30	5	97	23765	97	SELECT             name,             value,             help,             JSONExtract(labels_serialized, \'Map(String, String)\') as labels,             type         FROM merge(system, \'^_custom_metrics_dictionary_.*\')         FORMAT Prometheus
2026-08-01 11:12:30	2	59	472	1	             SELECT                 name,                 toJSONString(labels) as labels_serialized,                 value,                 help,                 type             FROM (                 SELECT   \'ClickHouse_CustomMetric_TotalMemoryUsedByDataSkippingIndices\' AS name,   toFloat64(SUM(d
2026-08-01 11:12:33	3	1	5438	1	SELECT count() FROM system.processes WHERE (initial_user NOT IN _CAST([\'backups-internal\', \'management-internal\', \'monitoring-internal\', \'observability-internal\', \'operator-internal\', \'prometheus-exporter\', \'prometheus-internal\', \'operator-cert-internal\', \'availability-monitoring-internal\', \'\'], \'Ar
2026-08-01 11:12:33	2	74	1064	1	SELECT countIf(database = \'system\') as systemParts, countIf(database != \'system\') as nonSystemParts FROM system.parts where active
2026-08-01 11:12:33	1	0	0	1	SELECT countIf(database = \'system\') as systemMerges, countIf(database != \'system\') as nonSystemMerges FROM system.merges
2026-08-01 11:12:35	2	59	472	1	             SELECT                 name,                 toJSONString(labels) as labels_serialized,                 value,                 help,                 type             FROM (                 SELECT   \'ClickHouse_CustomMetric_TotalMemoryUsedByDataSkippingIndices\' AS name,   toFloat64(SUM(d
2026-08-01 11:12:35	3	6	213	0	             SELECT                 name,                 toJSONString(labels) as labels_serialized,                 value,                 help,                 type             FROM (                 SELECT   \'ClickHouse_CustomMetric_DatabaseReplicatedRecoveryTime\' as name,   toFloat64(recovery_ti
2026-08-01 11:12:36	30	103324	7146858	1	 WITH toDateTime(\'2026-07-14 15:43:00\', \'UTC\') AS t0, toDateTime(\'2026-07-26 11:30:00\', \'UTC\') AS t1 SELECT max(c) AS peak, toString(argMax(minute, c)) AS peak_minute, round(avg(c), 4) AS avg_c FROM (     SELECT minute, sum(d) OVER (ORDER BY minute) AS c     FROM (         SELECT minute, sum(delta) 
2026-08-01 11:12:37	1	1	1	1	SELECT toString(toDateTime(\'2026-07-14 15:43:00\', \'UTC\') - INTERVAL 1 MINUTE) FORMAT TabSeparated 
2026-08-01 11:12:40	1	0	0	1	             SELECT                 name,                 toJSONString(labels) as labels_serialized,                 value,                 help,                 type             FROM (                 SELECT   \'ClickHouse_CustomMetric_TotalMemoryUsedByMerges\' AS name,   toFloat64(SUM(memory_usage))
2026-08-01 11:12:40	2	4	8787	1	             SELECT                 name,                 toJSONString(labels) as labels_serialized,                 value,                 help,                 type             FROM (                 SELECT   \'ClickHouse_CustomMetric_TotalMemoryUsedByQueries\' AS name,   toFloat64(SUM(peak_memory_u
2026-08-01 11:12:40	2	15	1013	15	             SELECT                 name,                 toJSONString(labels) as labels_serialized,                 value,                 help,                 type             FROM (                 SELECT     \'ClickHouse_MetricsCollection_CustomMetricsSystemTable\' AS name,     toFloat64(1) AS va
2026-08-01 11:12:40	2	6	3896	0	             SELECT                 name,                 toJSONString(labels) as labels_serialized,                 value,                 help,                 type             FROM (                 SELECT   \'clickhouse_table_replica_readonly_start_timestamp_seconds\' as name,   toFloat64(toUnixTi
2026-08-01 11:12:42	19	35902	3375079	1	 WITH toDateTime(\'2026-07-14 15:43:00\', \'UTC\') AS t0,      (SELECT max(hour_boundary) FROM sony.concurrency_hourly_checkpoint        WHERE hour_boundary <= t0  AND platform = \'ANDROID_PHONE\') AS anchor SELECT     toString(ifNull(anchor, toDateTime(0, \'UTC\'))) AS anchor_ts,     ifNull((SELECT sum(con
2026-08-01 11:12:43	3	2	12834	1	SELECT count() FROM system.processes WHERE (initial_user NOT IN _CAST([\'backups-internal\', \'management-internal\', \'monitoring-internal\', \'observability-internal\', \'operator-internal\', \'prometheus-exporter\', \'prometheus-internal\', \'operator-cert-internal\', \'availability-monitoring-internal\', \'\'], \'Ar
2026-08-01 11:12:43	2	76	1094	1	SELECT countIf(database = \'system\') as systemParts, countIf(database != \'system\') as nonSystemParts FROM system.parts where active
2026-08-01 11:12:43	2	0	0	1	SELECT countIf(database = \'system\') as systemMerges, countIf(database != \'system\') as nonSystemMerges FROM system.merges
2026-08-01 11:12:43	25	3117	587793	126	SELECT CAST(\'0fc3eaab-fbcb-4533-8825-9be9faaea781\', \'UUID\') AS instance_id, CAST(\'c-boneaws-al-46-server-j62zx3k-0\', \'LowCardinality(String)\') AS node_id, CAST(name, \'LowCardinality(String)\') AS metric, CAST(mapFilter((k, v) -> has(_CAST([\'remote\'], \'Array(String)\'), k), labels), \'Map(LowCardinality
2026-08-01 11:12:43	19	35902	3375079	1	 WITH toDateTime(\'2026-07-14 15:43:00\', \'UTC\') AS t0,      (SELECT max(hour_boundary) FROM sony.concurrency_hourly_checkpoint        WHERE hour_boundary <= t0  AND platform = \'ANDROID_PHONE\') AS anchor SELECT     toString(ifNull(anchor, toDateTime(0, \'UTC\'))) AS anchor_ts,     ifNull((SELECT sum(con
2026-08-01 11:12:43	1	1	1	1	SELECT toString(toDateTime(\'2026-07-14 15:43:00\', \'UTC\') - INTERVAL 1 MINUTE) FORMAT TabSeparated 
2026-08-01 11:12:45	2	59	472	1	             SELECT                 name,                 toJSONString(labels) as labels_serialized,                 value,                 help,                 type             FROM (                 SELECT   \'ClickHouse_CustomMetric_TotalMemoryUsedByDataSkippingIndices\' AS name,   toFloat64(SUM(d
2026-08-01 11:12:45	2	0	0	1	             SELECT                 name,                 toJSONString(labels) as labels_serialized,                 value,                 help,                 type             FROM (                 SELECT   \'ClickHouse_CustomMetric_TotalMemoryUsedByAsynchronousInserts\' AS name,   toFloat64(SUM(t
2026-08-01 11:12:45	31	81865	6985650	1	 WITH toDateTime(\'2026-07-14 15:43:00\', \'UTC\') AS t0, toDateTime(\'2026-07-26 11:30:00\', \'UTC\') AS t1 SELECT max(c) AS peak, toString(argMax(minute, c)) AS peak_minute, round(avg(c), 4) AS avg_c FROM (     SELECT minute, sum(d) OVER (ORDER BY minute) AS c     FROM (         SELECT minute, sum(delta) 
2026-08-01 11:12:45	3	6	213	0	             SELECT                 name,                 toJSONString(labels) as labels_serialized,                 value,                 help,                 type             FROM (                 SELECT   \'ClickHouse_CustomMetric_SharedCatalogRecoveryTime\' as name,   toFloat64(recovery_time) a
2026-08-01 11:12:46	20	35902	3375079	1	 WITH toDateTime(\'2026-07-14 15:43:00\', \'UTC\') AS t0,      (SELECT max(hour_boundary) FROM sony.concurrency_hourly_checkpoint        WHERE hour_boundary <= t0  AND platform = \'IPHONE\') AS anchor SELECT     toString(ifNull(anchor, toDateTime(0, \'UTC\'))) AS anchor_ts,     ifNull((SELECT sum(concurrenc
2026-08-01 11:12:47	27	76877	6940448	1	 WITH toDateTime(\'2026-07-14 15:43:00\', \'UTC\') AS t0, toDateTime(\'2026-07-26 11:30:00\', \'UTC\') AS t1 SELECT max(c) AS peak, toString(argMax(minute, c)) AS peak_minute, round(avg(c), 4) AS avg_c FROM (     SELECT minute, sum(d) OVER (ORDER BY minute) AS c     FROM (         SELECT minute, sum(delta) 
2026-08-01 11:12:48	118	76877	6940448	1	 WITH toDateTime(\'2026-07-14 15:43:00\', \'UTC\') AS t0, toDateTime(\'2026-07-26 11:30:00\', \'UTC\') AS t1 SELECT max(c) AS peak, toString(argMax(minute, c)) AS peak_minute, round(avg(c), 4) AS avg_c FROM (     SELECT minute, sum(d) OVER (ORDER BY minute) AS c     FROM (         SELECT minute, sum(delta) 
2026-08-01 11:12:48	27	5	233	5	SELECT name, engine, engine_full AS "engineFull"   FROM system.databases   SETTINGS     show_data_lake_catalogs_in_system_tables=1,     database_datalake_require_metadata_access=0,     log_comment=\'sql console internal query\'
2026-08-01 11:12:49	1	1	1	1	SELECT toString(toDateTime(\'2026-07-14 15:43:00\', \'UTC\') - INTERVAL 1 MINUTE) FORMAT TabSeparated 
2026-08-01 11:12:49	29	76877	6940448	1	 WITH toDateTime(\'2026-07-14 15:43:00\', \'UTC\') AS t0 SELECT max(c) AS peak, toString(argMax(minute, c)) AS peak_minute, round(avg(c), 4) AS avg_c FROM (     SELECT minute, 0 + sum(d) OVER (ORDER BY minute) AS c     FROM (         SELECT minute, sum(delta) AS d         FROM sony.concurrency_delta_all
2026-08-01 11:12:49	58	35902	3375079	1	 WITH toDateTime(\'2026-07-14 15:43:00\', \'UTC\') AS t0,      (SELECT max(hour_boundary) FROM sony.concurrency_hourly_checkpoint        WHERE hour_boundary <= t0  AND platform = \'SONY_ANDROID_TV\') AS anchor SELECT     toString(ifNull(anchor, toDateTime(0, \'UTC\'))) AS anchor_ts,     ifNull((SELECT sum(c
2026-08-01 11:12:50	6	102	24998	102	SELECT             name,             value,             help,             JSONExtract(labels_serialized, \'Map(String, String)\') as labels,             type         FROM merge(system, \'^_custom_metrics_dictionary_.*\')         FORMAT Prometheus
2026-08-01 11:12:50	33	71802	6894682	1	SELECT ifNull(sum(delta), 0) FROM sony.concurrency_delta_all WHERE minute < toDateTime(\'2026-07-14 15:43:00\', \'UTC\')  AND platform = \'SONY_ANDROID_TV\' FORMAT TabSeparated 
2026-08-01 11:12:50	1	6	2128	6	             SELECT                 name,                 toJSONString(labels) as labels_serialized,                 value,                 help,                 type             FROM (                 SELECT   concat(\'clickhouse_\', system.dimensional_metrics.metric) AS name,   toFloat64(system.dime
2026-08-01 11:12:50	2	0	0	0	             SELECT                 name,                 toJSONString(labels) as labels_serialized,                 value,                 help,                 type             FROM (                 SELECT   \'ClickHouse_CustomMetric_FailedMutations\' as name,   toFloat64(count()) as value,   \'The 
2026-08-01 11:12:50	2	13	6340	1	             SELECT                 name,                 toJSONString(labels) as labels_serialized,                 value,                 help,                 type             FROM (                 SELECT   \'ClickHouse_CustomMetric_TotalMemoryUsedByDictionaries\' AS name,   toFloat64(SUM(bytes_al
2026-08-01 11:12:50	39	76877	6940448	1	 WITH toDateTime(\'2026-07-14 15:43:00\', \'UTC\') AS t0 SELECT max(c) AS peak, toString(argMax(minute, c)) AS peak_minute, round(avg(c), 4) AS avg_c FROM (     SELECT minute, 0 + sum(d) OVER (ORDER BY minute) AS c     FROM (         SELECT minute, sum(delta) AS d         FROM sony.concurrency_delta_all
2026-08-01 11:12:51	5	103	25415	103	SELECT             name,             value,             help,             JSONExtract(labels_serialized, \'Map(String, String)\') as labels,             type         FROM merge(system, \'^_custom_metrics_dictionary_.*\')         FORMAT Prometheus
2026-08-01 11:12:52	20	71802	6894682	1	SELECT ifNull(sum(delta), 0) FROM sony.concurrency_delta_all WHERE minute < toDateTime(\'2026-07-14 15:43:00\', \'UTC\')  AND video_type = \'live\' FORMAT TabSeparated 
2026-08-01 11:12:52	1	1	1	1	SELECT toString(toDateTime(\'2026-07-14 15:43:00\', \'UTC\') - INTERVAL 1 MINUTE) FORMAT TabSeparated 
2026-08-01 11:12:53	3	1	5438	1	SELECT count() FROM system.processes WHERE (initial_user NOT IN _CAST([\'backups-internal\', \'management-internal\', \'monitoring-internal\', \'observability-internal\', \'operator-internal\', \'prometheus-exporter\', \'prometheus-internal\', \'operator-cert-internal\', \'availability-monitoring-internal\', \'\'], \'Ar
2026-08-01 11:12:53	2	78	1124	1	SELECT countIf(database = \'system\') as systemParts, countIf(database != \'system\') as nonSystemParts FROM system.parts where active
2026-08-01 11:12:53	2	0	0	1	SELECT countIf(database = \'system\') as systemMerges, countIf(database != \'system\') as nonSystemMerges FROM system.merges
2026-08-01 11:12:54	14	121	1223	1	SELECT avg(ProfileEvent_OSCPUWaitMicroseconds) as cpu_wait FROM  system.metric_log  WHERE event_time > now() - INTERVAL 2 MINUTE AND event_date >= yesterday()
2026-08-01 11:12:54	4	2	10208	2	SELECT count() as count, sum(elapsed) as total_elapsed, \'lh\' as usr FROM system.processes  WHERE user = \'observability-internal\' AND client_hostname LIKE \'loghouse-scraper%\'  UNION ALL SELECT count() as count, sum(elapsed) as total_elapsed, \'other\' as usr FROM system.processes  WHERE user != \'observ
2026-08-01 11:12:54	1	889	368587	1	SELECT value FROM system.asynchronous_metrics WHERE metric = \'OSMemoryAvailable\' ;
2026-08-01 11:12:55	31	103324	7178527	1	 WITH toDateTime(\'2026-07-14 15:43:00\', \'UTC\') AS t0, toDateTime(\'2026-07-26 11:30:00\', \'UTC\') AS t1 SELECT max(c) AS peak, toString(argMax(minute, c)) AS peak_minute, round(avg(c), 4) AS avg_c FROM (     SELECT minute, sum(d) OVER (ORDER BY minute) AS c     FROM (         SELECT minute, sum(delta) 
2026-08-01 11:12:57	19	35902	3374554	1	 WITH toDateTime(\'2026-07-14 15:43:00\', \'UTC\') AS t0,      (SELECT max(hour_boundary) FROM sony.concurrency_hourly_checkpoint        WHERE hour_boundary <= t0  AND country = \'india\') AS anchor SELECT     toString(ifNull(anchor, toDateTime(0, \'UTC\'))) AS anchor_ts,     ifNull((SELECT sum(concurrency)
2026-08-01 11:12:57	1	1	1	1	SELECT toString(toDateTime(\'2026-07-14 15:43:00\', \'UTC\') - INTERVAL 1 MINUTE) FORMAT TabSeparated 
2026-08-01 11:12:58	29	103324	7178527	1	 WITH toDateTime(\'2026-07-14 15:43:00\', \'UTC\') AS t0 SELECT max(c) AS peak, toString(argMax(minute, c)) AS peak_minute, round(avg(c), 4) AS avg_c FROM (     SELECT minute, 0 + sum(d) OVER (ORDER BY minute) AS c     FROM (         SELECT minute, sum(delta) AS d         FROM sony.concurrency_delta_all
2026-08-01 11:12:59	29	90045	7077557	1	 WITH toDateTime(\'2026-07-14 15:43:00\', \'UTC\') AS t0, toDateTime(\'2026-07-26 11:30:00\', \'UTC\') AS t1 SELECT max(c) AS peak, toString(argMax(minute, c)) AS peak_minute, round(avg(c), 4) AS avg_c FROM (     SELECT minute, sum(d) OVER (ORDER BY minute) AS c     FROM (         SELECT minute, sum(delta) 
2026-08-01 11:13:00	2	59	472	1	             SELECT                 name,                 toJSONString(labels) as labels_serialized,                 value,                 help,                 type             FROM (                 SELECT   \'ClickHouse_CustomMetric_TotalMemoryUsedByDataSkippingIndices\' AS name,   toFloat64(SUM(d
2026-08-01 11:13:00	21	71802	6894682	1	SELECT ifNull(sum(delta), 0) FROM sony.concurrency_delta_all WHERE minute < toDateTime(\'2026-07-14 15:43:00\', \'UTC\')  AND platform = \'ANDROID_PHONE\' AND country = \'india\' FORMAT TabSeparated 
2026-08-01 11:13:00	6	103	25415	103	SELECT             name,             value,             help,             JSONExtract(labels_serialized, \'Map(String, String)\') as labels,             type         FROM merge(system, \'^_custom_metrics_dictionary_.*\')         FORMAT Prometheus
2026-08-01 11:13:01	18	35902	3411369	1	 WITH toDateTime(\'2026-07-14 15:43:00\', \'UTC\') AS t0,      (SELECT max(hour_boundary) FROM sony.concurrency_hourly_checkpoint        WHERE hour_boundary <= t0  AND platform = \'ANDROID_PHONE\' AND country = \'india\') AS anchor SELECT     toString(ifNull(anchor, toDateTime(0, \'UTC\'))) AS anchor_ts,     
2026-08-01 11:13:02	21	71802	6894682	1	SELECT ifNull(sum(delta), 0) FROM sony.concurrency_delta_all WHERE minute < toDateTime(\'2026-07-14 15:43:00\', \'UTC\')  AND platform = \'ANDROID_PHONE\' AND country = \'india\' FORMAT TabSeparated 
2026-08-01 11:13:03	2	2	12834	1	SELECT count() FROM system.processes WHERE (initial_user NOT IN _CAST([\'backups-internal\', \'management-internal\', \'monitoring-internal\', \'observability-internal\', \'operator-internal\', \'prometheus-exporter\', \'prometheus-internal\', \'operator-cert-internal\', \'availability-monitoring-internal\', \'\'], \'Ar
2026-08-01 11:13:03	2	79	1139	1	SELECT countIf(database = \'system\') as systemParts, countIf(database != \'system\') as nonSystemParts FROM system.parts where active
2026-08-01 11:13:03	1	0	0	1	SELECT countIf(database = \'system\') as systemMerges, countIf(database != \'system\') as nonSystemMerges FROM system.merges
2026-08-01 11:13:03	23	3119	588081	126	SELECT CAST(\'0fc3eaab-fbcb-4533-8825-9be9faaea781\', \'UUID\') AS instance_id, CAST(\'c-boneaws-al-46-server-j62zx3k-0\', \'LowCardinality(String)\') AS node_id, CAST(name, \'LowCardinality(String)\') AS metric, CAST(mapFilter((k, v) -> has(_CAST([\'remote\'], \'Array(String)\'), k), labels), \'Map(LowCardinality
2026-08-01 11:13:04	21	39830	3396659	1	 WITH toDateTime(\'2026-07-26 00:00:00\', \'UTC\') AS t0,      (SELECT max(hour_boundary) FROM sony.concurrency_hourly_checkpoint        WHERE hour_boundary <= t0 ) AS anchor SELECT     toString(ifNull(anchor, toDateTime(0, \'UTC\'))) AS anchor_ts,     ifNull((SELECT sum(concurrency) FROM sony.concurrency
2026-08-01 11:13:04	28	102504	7140298	1	 WITH toDateTime(\'2026-07-26 00:00:00\', \'UTC\') AS t0 SELECT max(c) AS peak, toString(argMax(minute, c)) AS peak_minute, round(avg(c), 4) AS avg_c FROM (     SELECT minute, 1 + sum(d) OVER (ORDER BY minute) AS c     FROM (         SELECT minute, sum(delta) AS d         FROM sony.concurrency_delta_all
2026-08-01 11:13:05	2	6	3896	0	             SELECT                 name,                 toJSONString(labels) as labels_serialized,                 value,                 help,                 type             FROM (                 SELECT   \'clickhouse_table_replica_readonly_start_timestamp_seconds\' as name,   toFloat64(toUnixTi
2026-08-01 11:13:05	32	90045	7059188	1	 WITH toDateTime(\'2026-07-26 00:00:00\', \'UTC\') AS t0, toDateTime(\'2026-07-26 23:59:00\', \'UTC\') AS t1 SELECT max(c) AS peak, toString(argMax(minute, c)) AS peak_minute, round(avg(c), 4) AS avg_c FROM (     SELECT minute, sum(d) OVER (ORDER BY minute) AS c     FROM (         SELECT minute, sum(delta) 
2026-08-01 11:13:05	29	90045	7059188	1	 WITH toDateTime(\'2026-07-26 00:00:00\', \'UTC\') AS t0, toDateTime(\'2026-07-26 23:59:00\', \'UTC\') AS t1 SELECT max(c) AS peak, toString(argMax(minute, c)) AS peak_minute, round(avg(c), 4) AS avg_c FROM (     SELECT minute, sum(d) OVER (ORDER BY minute) AS c     FROM (         SELECT minute, sum(delta) 
2026-08-01 11:13:07	27	98249	7106258	1	 WITH toDateTime(\'2026-07-26 10:00:00\', \'UTC\') AS t0, toDateTime(\'2026-07-26 11:00:00\', \'UTC\') AS t1 SELECT max(c) AS peak, toString(argMax(minute, c)) AS peak_minute, round(avg(c), 4) AS avg_c FROM (     SELECT minute, sum(d) OVER (ORDER BY minute) AS c     FROM (         SELECT minute, sum(delta) 
2026-08-01 11:13:08	33	96378	7091290	1	 WITH toDateTime(\'2026-07-26 10:00:00\', \'UTC\') AS t0 SELECT max(c) AS peak, toString(argMax(minute, c)) AS peak_minute, round(avg(c), 4) AS avg_c FROM (     SELECT minute, 58 + sum(d) OVER (ORDER BY minute) AS c     FROM (         SELECT minute, sum(delta) AS d         FROM sony.concurrency_delta_al
2026-08-01 11:13:09	18	39830	3396659	1	 WITH toDateTime(\'2026-07-26 10:00:00\', \'UTC\') AS t0,      (SELECT max(hour_boundary) FROM sony.concurrency_hourly_checkpoint        WHERE hour_boundary <= t0 ) AS anchor SELECT     toString(ifNull(anchor, toDateTime(0, \'UTC\'))) AS anchor_ts,     ifNull((SELECT sum(concurrency) FROM sony.concurrency
2026-08-01 11:13:10	2	59	472	1	             SELECT                 name,                 toJSONString(labels) as labels_serialized,                 value,                 help,                 type             FROM (                 SELECT   \'ClickHouse_CustomMetric_TotalMemoryUsedByDataSkippingIndices\' AS name,   toFloat64(SUM(d
2026-08-01 11:13:13	3	1	5438	1	SELECT count() FROM system.processes WHERE (initial_user NOT IN _CAST([\'backups-internal\', \'management-internal\', \'monitoring-internal\', \'observability-internal\', \'operator-internal\', \'prometheus-exporter\', \'prometheus-internal\', \'operator-cert-internal\', \'availability-monitoring-internal\', \'\'], \'Ar
2026-08-01 11:13:13	2	60	854	1	SELECT countIf(database = \'system\') as systemParts, countIf(database != \'system\') as nonSystemParts FROM system.parts where active
2026-08-01 11:13:13	2	0	0	1	SELECT countIf(database = \'system\') as systemMerges, countIf(database != \'system\') as nonSystemMerges FROM system.merges
2026-08-01 11:13:15	2	0	0	1	             SELECT                 name,                 toJSONString(labels) as labels_serialized,                 value,                 help,                 type             FROM (                 SELECT   \'ClickHouse_CustomMetric_TotalMemoryUsedByAsynchronousInserts\' AS name,   toFloat64(SUM(t
2026-08-01 11:13:15	2	0	0	1	             SELECT                 name,                 toJSONString(labels) as labels_serialized,                 value,                 help,                 type             FROM (                 SELECT   \'ClickHouse_CustomMetric_TotalMemoryUsedByMerges\' AS name,   toFloat64(SUM(memory_usage))
2026-08-01 11:13:15	2	0	0	0	             SELECT                 name,                 toJSONString(labels) as labels_serialized,                 value,                 help,                 type             FROM (                 SELECT   \'ClickHouse_CustomMetric_FailedMutations\' as name,   toFloat64(count()) as value,   \'The 
2026-08-01 11:13:15	2	59	472	1	             SELECT                 name,                 toJSONString(labels) as labels_serialized,                 value,                 help,                 type             FROM (                 SELECT   \'ClickHouse_CustomMetric_TotalMemoryUsedByDataSkippingIndices\' AS name,   toFloat64(SUM(d
2026-08-01 11:13:20	5	103	25415	103	SELECT             name,             value,             help,             JSONExtract(labels_serialized, \'Map(String, String)\') as labels,             type         FROM merge(system, \'^_custom_metrics_dictionary_.*\')         FORMAT Prometheus
2026-08-01 11:13:20	3	6	213	0	             SELECT                 name,                 toJSONString(labels) as labels_serialized,                 value,                 help,                 type             FROM (                 SELECT   \'ClickHouse_CustomMetric_SharedCatalogRecoveryTime\' as name,   toFloat64(recovery_time) a
2026-08-01 11:13:20	3	6	213	0	             SELECT                 name,                 toJSONString(labels) as labels_serialized,                 value,                 help,                 type             FROM (                 SELECT   \'ClickHouse_CustomMetric_DatabaseReplicatedRecoveryTime\' as name,   toFloat64(recovery_ti
2026-08-01 11:13:21	5	103	25415	103	SELECT             name,             value,             help,             JSONExtract(labels_serialized, \'Map(String, String)\') as labels,             type         FROM merge(system, \'^_custom_metrics_dictionary_.*\')         FORMAT Prometheus
2026-08-01 11:13:23	3	2	12834	1	SELECT count() FROM system.processes WHERE (initial_user NOT IN _CAST([\'backups-internal\', \'management-internal\', \'monitoring-internal\', \'observability-internal\', \'operator-internal\', \'prometheus-exporter\', \'prometheus-internal\', \'operator-cert-internal\', \'availability-monitoring-internal\', \'\'], \'Ar
2026-08-01 11:13:23	2	62	884	1	SELECT countIf(database = \'system\') as systemParts, countIf(database != \'system\') as nonSystemParts FROM system.parts where active
2026-08-01 11:13:23	24	3119	588081	126	SELECT CAST(\'0fc3eaab-fbcb-4533-8825-9be9faaea781\', \'UUID\') AS instance_id, CAST(\'c-boneaws-al-46-server-j62zx3k-0\', \'LowCardinality(String)\') AS node_id, CAST(name, \'LowCardinality(String)\') AS metric, CAST(mapFilter((k, v) -> has(_CAST([\'remote\'], \'Array(String)\'), k), labels), \'Map(LowCardinality
2026-08-01 11:13:23	2	0	0	1	SELECT countIf(database = \'system\') as systemMerges, countIf(database != \'system\') as nonSystemMerges FROM system.merges
2026-08-01 11:13:24	1	1	1	1	SELECT version() FORMAT TabSeparated 
2026-08-01 11:13:24	13	656	9184	1	SELECT avg(ProfileEvent_OSCPUWaitMicroseconds) as cpu_wait FROM  system.metric_log  WHERE event_time > now() - INTERVAL 2 MINUTE AND event_date >= yesterday()
2026-08-01 11:13:24	4	2	10208	2	SELECT count() as count, sum(elapsed) as total_elapsed, \'lh\' as usr FROM system.processes  WHERE user = \'observability-internal\' AND client_hostname LIKE \'loghouse-scraper%\'  UNION ALL SELECT count() as count, sum(elapsed) as total_elapsed, \'other\' as usr FROM system.processes  WHERE user != \'observ
2026-08-01 11:13:24	1	887	368225	1	SELECT value FROM system.asynchronous_metrics WHERE metric = \'OSMemoryAvailable\' ;
2026-08-01 11:13:25	2	2	6298	1	             SELECT                 name,                 toJSONString(labels) as labels_serialized,                 value,                 help,                 type             FROM (                 SELECT   \'ClickHouse_CustomMetric_TotalMemoryUsedByQueries\' AS name,   toFloat64(SUM(peak_memory_u
2026-08-01 11:13:25	1	6	2128	6	             SELECT                 name,                 toJSONString(labels) as labels_serialized,                 value,                 help,                 type             FROM (                 SELECT   concat(\'clickhouse_\', system.dimensional_metrics.metric) AS name,   toFloat64(system.dime
2026-08-01 11:13:25	3	0	0	0	SELECT now64(6) as scrape_time_microseconds, \'j62zx3k\' AS pod_ident, \'boneaws-al-46\' AS spoken_name, \'cell-1\' AS cell, \'ap-south-1\' AS region, \'aws\' AS cloud_provider, \'?\' AS clickhouse_version, \'0fc3eaab-fbcb-4533-8825-9be9faaea781\' AS control_plane_id, \'?\' AS system_processor, * FROM system."files
2026-08-01 11:13:26	3	0	0	0	SELECT now64(6) as scrape_time_microseconds, \'j62zx3k\' AS pod_ident, \'boneaws-al-46\' AS spoken_name, \'cell-1\' AS cell, \'ap-south-1\' AS region, \'aws\' AS cloud_provider, \'?\' AS clickhouse_version, \'0fc3eaab-fbcb-4533-8825-9be9faaea781\' AS control_plane_id, \'?\' AS system_processor, * FROM system."files
2026-08-01 11:13:27	5	0	0	0	SELECT now64(6) as scrape_time_microseconds, \'j62zx3k\' AS pod_ident, \'boneaws-al-46\' AS spoken_name, \'cell-1\' AS cell, \'ap-south-1\' AS region, \'aws\' AS cloud_provider, \'?\' AS clickhouse_version, \'0fc3eaab-fbcb-4533-8825-9be9faaea781\' AS control_plane_id, \'?\' AS system_processor, * FROM system."query
2026-08-01 11:13:28	3	0	0	0	SELECT now64(6) as scrape_time_microseconds, \'j62zx3k\' AS pod_ident, \'boneaws-al-46\' AS spoken_name, \'cell-1\' AS cell, \'ap-south-1\' AS region, \'aws\' AS cloud_provider, \'?\' AS clickhouse_version, \'0fc3eaab-fbcb-4533-8825-9be9faaea781\' AS control_plane_id, \'?\' AS system_processor, * FROM system."backu
2026-08-01 11:13:29	3	0	0	0	SELECT now64(6) as scrape_time_microseconds, \'j62zx3k\' AS pod_ident, \'boneaws-al-46\' AS spoken_name, \'cell-1\' AS cell, \'ap-south-1\' AS region, \'aws\' AS cloud_provider, \'?\' AS clickhouse_version, \'0fc3eaab-fbcb-4533-8825-9be9faaea781\' AS control_plane_id, \'?\' AS system_processor, * FROM system."click
2026-08-01 11:13:30	3	0	0	0	SELECT now64(6) as scrape_time_microseconds, \'j62zx3k\' AS pod_ident, \'boneaws-al-46\' AS spoken_name, \'cell-1\' AS cell, \'ap-south-1\' AS region, \'aws\' AS cloud_provider, \'?\' AS clickhouse_version, \'0fc3eaab-fbcb-4533-8825-9be9faaea781\' AS control_plane_id, \'?\' AS system_processor, * FROM system."crash
2026-08-01 11:13:30	6	124	30458	124	SELECT             name,             value,             help,             JSONExtract(labels_serialized, \'Map(String, String)\') as labels,             type         FROM merge(system, \'^_custom_metrics_dictionary_.*\')         FORMAT Prometheus
2026-08-01 11:13:31	8	5	1925	5	SELECT now64(6) as scrape_time_microseconds, \'j62zx3k\' AS pod_ident, \'boneaws-al-46\' AS spoken_name, \'cell-1\' AS cell, \'ap-south-1\' AS region, \'aws\' AS cloud_provider, \'?\' AS clickhouse_version, \'0fc3eaab-fbcb-4533-8825-9be9faaea781\' AS control_plane_id, \'?\' AS system_processor, * FROM system."error
2026-08-01 11:13:32	3	0	0	0	SELECT now64(6) as scrape_time_microseconds, \'j62zx3k\' AS pod_ident, \'boneaws-al-46\' AS spoken_name, \'cell-1\' AS cell, \'ap-south-1\' AS region, \'aws\' AS cloud_provider, \'?\' AS clickhouse_version, \'0fc3eaab-fbcb-4533-8825-9be9faaea781\' AS control_plane_id, \'?\' AS system_processor, * FROM system."s3que
2026-08-01 11:13:33	5	1	312	1	SELECT now64(6) as scrape_time_microseconds, \'j62zx3k\' AS pod_ident, \'boneaws-al-46\' AS spoken_name, \'cell-1\' AS cell, \'ap-south-1\' AS region, \'aws\' AS cloud_provider, \'?\' AS clickhouse_version, \'0fc3eaab-fbcb-4533-8825-9be9faaea781\' AS control_plane_id, \'?\' AS system_processor, * FROM system."zooke
2026-08-01 11:13:33	3	1	5438	1	SELECT count() FROM system.processes WHERE (initial_user NOT IN _CAST([\'backups-internal\', \'management-internal\', \'monitoring-internal\', \'observability-internal\', \'operator-internal\', \'prometheus-exporter\', \'prometheus-internal\', \'operator-cert-internal\', \'availability-monitoring-internal\', \'\'], \'Ar
2026-08-01 11:13:33	2	63	899	1	SELECT countIf(database = \'system\') as systemParts, countIf(database != \'system\') as nonSystemParts FROM system.parts where active
2026-08-01 11:13:33	1	0	0	1	SELECT countIf(database = \'system\') as systemMerges, countIf(database != \'system\') as nonSystemMerges FROM system.merges
2026-08-01 11:13:34	6	3586	370974	641	SELECT now64(6) as scrape_time_microseconds, \'j62zx3k\' AS pod_ident, \'boneaws-al-46\' AS spoken_name, \'cell-1\' AS cell, \'ap-south-1\' AS region, \'aws\' AS cloud_provider, \'?\' AS clickhouse_version, \'0fc3eaab-fbcb-4533-8825-9be9faaea781\' AS control_plane_id, \'?\' AS system_processor, * FROM system."aggre
2026-08-01 11:13:35	2	15	1013	15	             SELECT                 name,                 toJSONString(labels) as labels_serialized,                 value,                 help,                 type             FROM (                 SELECT     \'ClickHouse_MetricsCollection_CustomMetricsSystemTable\' AS name,     toFloat64(1) AS va
2026-08-01 11:13:35	116	2	1339	2	SELECT now64(6) as scrape_time_microseconds, \'j62zx3k\' AS pod_ident, \'boneaws-al-46\' AS spoken_name, \'cell-1\' AS cell, \'ap-south-1\' AS region, \'aws\' AS cloud_provider, \'?\' AS clickhouse_version, \'0fc3eaab-fbcb-4533-8825-9be9faaea781\' AS control_plane_id, \'?\' AS system_processor, * FROM system."query
2026-08-01 11:13:36	3	0	0	0	SELECT now64(6) as scrape_time_microseconds, \'j62zx3k\' AS pod_ident, \'boneaws-al-46\' AS spoken_name, \'cell-1\' AS cell, \'ap-south-1\' AS region, \'aws\' AS cloud_provider, \'?\' AS clickhouse_version, \'0fc3eaab-fbcb-4533-8825-9be9faaea781\' AS control_plane_id, \'?\' AS system_processor, * FROM system."async
2026-08-01 11:13:37	7	367	238251	129	SELECT now64(6) as scrape_time_microseconds, \'j62zx3k\' AS pod_ident, \'boneaws-al-46\' AS spoken_name, \'cell-1\' AS cell, \'ap-south-1\' AS region, \'aws\' AS cloud_provider, \'?\' AS clickhouse_version, \'0fc3eaab-fbcb-4533-8825-9be9faaea781\' AS control_plane_id, \'?\' AS system_processor, * FROM system."sessi
2026-08-01 11:13:38	14	8474	1995192	5078	SELECT now64(6) as scrape_time_microseconds, \'j62zx3k\' AS pod_ident, \'boneaws-al-46\' AS spoken_name, \'cell-1\' AS cell, \'ap-south-1\' AS region, \'aws\' AS cloud_provider, \'?\' AS clickhouse_version, \'0fc3eaab-fbcb-4533-8825-9be9faaea781\' AS control_plane_id, \'?\' AS system_processor, * FROM system."proce
2026-08-01 11:13:39	14	8195	1891654	7069	SELECT now64(6) as scrape_time_microseconds, \'j62zx3k\' AS pod_ident, \'boneaws-al-46\' AS spoken_name, \'cell-1\' AS cell, \'ap-south-1\' AS region, \'aws\' AS cloud_provider, \'?\' AS clickhouse_version, \'0fc3eaab-fbcb-4533-8825-9be9faaea781\' AS control_plane_id, \'?\' AS system_processor, * FROM system."trace
2026-08-01 11:13:40	23	2322	4887381	584	SELECT now64(6) as scrape_time_microseconds, \'j62zx3k\' AS pod_ident, \'boneaws-al-46\' AS spoken_name, \'cell-1\' AS cell, \'ap-south-1\' AS region, \'aws\' AS cloud_provider, \'?\' AS clickhouse_version, \'0fc3eaab-fbcb-4533-8825-9be9faaea781\' AS control_plane_id, \'?\' AS system_processor, * FROM system."query
2026-08-01 11:13:40	2	0	0	1	             SELECT                 name,                 toJSONString(labels) as labels_serialized,                 value,                 help,                 type             FROM (                 SELECT   \'ClickHouse_CustomMetric_TotalMemoryUsedByAsynchronousInserts\' AS name,   toFloat64(SUM(t
2026-08-01 11:13:40	2	2	6279	1	             SELECT                 name,                 toJSONString(labels) as labels_serialized,                 value,                 help,                 type             FROM (                 SELECT   \'ClickHouse_CustomMetric_TotalMemoryUsedByQueries\' AS name,   toFloat64(SUM(peak_memory_u
2026-08-01 11:13:41	165	656	1665590	91	SELECT now64(6) as scrape_time_microseconds, \'j62zx3k\' AS pod_ident, \'boneaws-al-46\' AS spoken_name, \'cell-1\' AS cell, \'ap-south-1\' AS region, \'aws\' AS cloud_provider, \'?\' AS clickhouse_version, \'0fc3eaab-fbcb-4533-8825-9be9faaea781\' AS control_plane_id, \'?\' AS system_processor, * FROM system."metri
2026-08-01 11:13:42	8	531	375382	91	SELECT now64(6) as scrape_time_microseconds, \'j62zx3k\' AS pod_ident, \'boneaws-al-46\' AS spoken_name, \'cell-1\' AS cell, \'ap-south-1\' AS region, \'aws\' AS cloud_provider, \'?\' AS clickhouse_version, \'0fc3eaab-fbcb-4533-8825-9be9faaea781\' AS control_plane_id, \'?\' AS system_processor, * FROM system."part_
2026-08-01 11:13:43	3	0	0	0	SELECT now64(6) as scrape_time_microseconds, \'j62zx3k\' AS pod_ident, \'boneaws-al-46\' AS spoken_name, \'cell-1\' AS cell, \'ap-south-1\' AS region, \'aws\' AS cloud_provider, \'?\' AS clickhouse_version, \'0fc3eaab-fbcb-4533-8825-9be9faaea781\' AS control_plane_id, \'?\' AS system_processor, * FROM system."query
2026-08-01 11:13:43	3	2	12834	1	SELECT count() FROM system.processes WHERE (initial_user NOT IN _CAST([\'backups-internal\', \'management-internal\', \'monitoring-internal\', \'observability-internal\', \'operator-internal\', \'prometheus-exporter\', \'prometheus-internal\', \'operator-cert-internal\', \'availability-monitoring-internal\', \'\'], \'Ar
2026-08-01 11:13:43	2	61	869	1	SELECT countIf(database = \'system\') as systemParts, countIf(database != \'system\') as nonSystemParts FROM system.parts where active
2026-08-01 11:13:43	2	0	0	1	SELECT countIf(database = \'system\') as systemMerges, countIf(database != \'system\') as nonSystemMerges FROM system.merges
2026-08-01 11:13:43	25	3139	590901	126	SELECT CAST(\'0fc3eaab-fbcb-4533-8825-9be9faaea781\', \'UUID\') AS instance_id, CAST(\'c-boneaws-al-46-server-j62zx3k-0\', \'LowCardinality(String)\') AS node_id, CAST(name, \'LowCardinality(String)\') AS metric, CAST(mapFilter((k, v) -> has(_CAST([\'remote\'], \'Array(String)\'), k), labels), \'Map(LowCardinality
2026-08-01 11:13:44	6	929	290436	215	SELECT now64(6) as scrape_time_microseconds, \'j62zx3k\' AS pod_ident, \'boneaws-al-46\' AS spoken_name, \'cell-1\' AS cell, \'ap-south-1\' AS region, \'aws\' AS cloud_provider, \'?\' AS clickhouse_version, \'0fc3eaab-fbcb-4533-8825-9be9faaea781\' AS control_plane_id, \'?\' AS system_processor, * FROM system."blob_
2026-08-01 11:13:45	1	6	2128	6	             SELECT                 name,                 toJSONString(labels) as labels_serialized,                 value,                 help,                 type             FROM (                 SELECT   concat(\'clickhouse_\', system.dimensional_metrics.metric) AS name,   toFloat64(system.dime
2026-08-01 11:13:45	52	575359	9239679	79005	SELECT now64(6) as scrape_time_microseconds, \'j62zx3k\' AS pod_ident, \'boneaws-al-46\' AS spoken_name, \'cell-1\' AS cell, \'ap-south-1\' AS region, \'aws\' AS cloud_provider, \'?\' AS clickhouse_version, \'0fc3eaab-fbcb-4533-8825-9be9faaea781\' AS control_plane_id, \'?\' AS system_processor, * FROM system."async
2026-08-01 11:13:45	2	13	6340	1	             SELECT                 name,                 toJSONString(labels) as labels_serialized,                 value,                 help,                 type             FROM (                 SELECT   \'ClickHouse_CustomMetric_TotalMemoryUsedByDictionaries\' AS name,   toFloat64(SUM(bytes_al
2026-08-01 11:13:46	19	10486	2888900	10158	SELECT now64(6) as scrape_time_microseconds, \'j62zx3k\' AS pod_ident, \'boneaws-al-46\' AS spoken_name, \'cell-1\' AS cell, \'ap-south-1\' AS region, \'aws\' AS cloud_provider, \'?\' AS clickhouse_version, \'0fc3eaab-fbcb-4533-8825-9be9faaea781\' AS control_plane_id, \'?\' AS system_processor, * FROM system."text_
2026-08-01 11:13:46	2	0	8	1	SELECT count() FROM system.backups where status IN (0,3)
2026-08-01 11:13:46	13	1	5472	1	SELECT count() FROM system.processes WHERE (elapsed > _CAST(0, \'Int64\')) AND (initial_user NOT IN _CAST([\'backups-internal\', \'management-internal\', \'monitoring-internal\', \'observability-internal\', \'operator-internal\', \'prometheus-exporter\', \'prometheus-internal\', \'operator-cert-internal\', \'availabil
2026-08-01 11:13:50	6	124	30458	124	SELECT             name,             value,             help,             JSONExtract(labels_serialized, \'Map(String, String)\') as labels,             type         FROM merge(system, \'^_custom_metrics_dictionary_.*\')         FORMAT Prometheus
2026-08-01 11:13:50	2	0	0	1	             SELECT                 name,                 toJSONString(labels) as labels_serialized,                 value,                 help,                 type             FROM (                 SELECT   \'ClickHouse_CustomMetric_TotalMemoryUsedByMerges\' AS name,   toFloat64(SUM(memory_usage))
2026-08-01 11:13:50	3	6	213	0	             SELECT                 name,                 toJSONString(labels) as labels_serialized,                 value,                 help,                 type             FROM (                 SELECT   \'ClickHouse_CustomMetric_SharedCatalogRecoveryTime\' as name,   toFloat64(recovery_time) a
2026-08-01 11:13:51	7	124	30458	124	SELECT             name,             value,             help,             JSONExtract(labels_serialized, \'Map(String, String)\') as labels,             type         FROM merge(system, \'^_custom_metrics_dictionary_.*\')         FORMAT Prometheus
2026-08-01 11:13:53	3	1	5438	1	SELECT count() FROM system.processes WHERE (initial_user NOT IN _CAST([\'backups-internal\', \'management-internal\', \'monitoring-internal\', \'observability-internal\', \'operator-internal\', \'prometheus-exporter\', \'prometheus-internal\', \'operator-cert-internal\', \'availability-monitoring-internal\', \'\'], \'Ar
2026-08-01 11:13:53	2	58	824	1	SELECT countIf(database = \'system\') as systemParts, countIf(database != \'system\') as nonSystemParts FROM system.parts where active
2026-08-01 11:13:53	2	0	0	1	SELECT countIf(database = \'system\') as systemMerges, countIf(database != \'system\') as nonSystemMerges FROM system.merges
2026-08-01 11:13:54	14	686	9604	1	SELECT avg(ProfileEvent_OSCPUWaitMicroseconds) as cpu_wait FROM  system.metric_log  WHERE event_time > now() - INTERVAL 2 MINUTE AND event_date >= yesterday()
2026-08-01 11:13:54	4	2	10208	2	SELECT count() as count, sum(elapsed) as total_elapsed, \'lh\' as usr FROM system.processes  WHERE user = \'observability-internal\' AND client_hostname LIKE \'loghouse-scraper%\'  UNION ALL SELECT count() as count, sum(elapsed) as total_elapsed, \'other\' as usr FROM system.processes  WHERE user != \'observ
2026-08-01 11:13:54	1	886	368083	1	SELECT value FROM system.asynchronous_metrics WHERE metric = \'OSMemoryAvailable\' ;
2026-08-01 11:13:55	2	0	0	1	             SELECT                 name,                 toJSONString(labels) as labels_serialized,                 value,                 help,                 type             FROM (                 SELECT   \'ClickHouse_CustomMetric_TotalMemoryUsedByMerges\' AS name,   toFloat64(SUM(memory_usage))
2026-08-01 11:13:55	2	0	0	0	             SELECT                 name,                 toJSONString(labels) as labels_serialized,                 value,                 help,                 type             FROM (                 SELECT   \'ClickHouse_CustomMetric_FailedMutations\' as name,   toFloat64(count()) as value,   \'The 
2026-08-01 11:13:56	1	3	860	1	SELECT count(*) FROM system.filesystem_cache_settings
2026-08-01 11:13:56	2	3	860	3	SELECT  now64(6) as scrape_time_microseconds, \'j62zx3k\' AS pod_ident, \'boneaws-al-46\' AS spoken_name, \'cell-1\' AS cell, \'ap-south-1\' AS region, \'aws\' AS cloud_provider, \'26.2.1.525\' AS clickhouse_version, \'0fc3eaab-fbcb-4533-8825-9be9faaea781\' AS control_plane_id, \'aarch64\' AS system_processor, * FR
2026-08-01 11:14:00	6	112	27550	112	SELECT             name,             value,             help,             JSONExtract(labels_serialized, \'Map(String, String)\') as labels,             type         FROM merge(system, \'^_custom_metrics_dictionary_.*\')         FORMAT Prometheus
2026-08-01 11:14:03	3	2	12834	1	SELECT count() FROM system.processes WHERE (initial_user NOT IN _CAST([\'backups-internal\', \'management-internal\', \'monitoring-internal\', \'observability-internal\', \'operator-internal\', \'prometheus-exporter\', \'prometheus-internal\', \'operator-cert-internal\', \'availability-monitoring-internal\', \'\'], \'Ar
2026-08-01 11:14:03	2	59	839	1	SELECT countIf(database = \'system\') as systemParts, countIf(database != \'system\') as nonSystemParts FROM system.parts where active
2026-08-01 11:14:03	2	0	0	1	SELECT countIf(database = \'system\') as systemMerges, countIf(database != \'system\') as nonSystemMerges FROM system.merges
2026-08-01 11:14:03	24	3127	589142	126	SELECT CAST(\'0fc3eaab-fbcb-4533-8825-9be9faaea781\', \'UUID\') AS instance_id, CAST(\'c-boneaws-al-46-server-j62zx3k-0\', \'LowCardinality(String)\') AS node_id, CAST(name, \'LowCardinality(String)\') AS metric, CAST(mapFilter((k, v) -> has(_CAST([\'remote\'], \'Array(String)\'), k), labels), \'Map(LowCardinality
2026-08-01 11:14:05	2	0	0	0	             SELECT                 name,                 toJSONString(labels) as labels_serialized,                 value,                 help,                 type             FROM (                 SELECT   \'ClickHouse_CustomMetric_FailedMutations\' as name,   toFloat64(count()) as value,   \'The 
2026-08-01 11:14:05	2	15	1013	15	             SELECT                 name,                 toJSONString(labels) as labels_serialized,                 value,                 help,                 type             FROM (                 SELECT     \'ClickHouse_MetricsCollection_CustomMetricsSystemTable\' AS name,     toFloat64(1) AS va
2026-08-01 11:14:05	2	5	10199	1	             SELECT                 name,                 toJSONString(labels) as labels_serialized,                 value,                 help,                 type             FROM (                 SELECT   \'ClickHouse_CustomMetric_TotalMemoryUsedByQueries\' AS name,   toFloat64(SUM(peak_memory_u
2026-08-01 11:14:05	2	6	3896	0	             SELECT                 name,                 toJSONString(labels) as labels_serialized,                 value,                 help,                 type             FROM (                 SELECT   \'clickhouse_table_replica_readonly_start_timestamp_seconds\' as name,   toFloat64(toUnixTi
2026-08-01 11:14:05	3	6	213	0	             SELECT                 name,                 toJSONString(labels) as labels_serialized,                 value,                 help,                 type             FROM (                 SELECT   \'ClickHouse_CustomMetric_DatabaseReplicatedRecoveryTime\' as name,   toFloat64(recovery_ti
2026-08-01 11:14:10	2	59	472	1	             SELECT                 name,                 toJSONString(labels) as labels_serialized,                 value,                 help,                 type             FROM (                 SELECT   \'ClickHouse_CustomMetric_TotalMemoryUsedByDataSkippingIndices\' AS name,   toFloat64(SUM(d
2026-08-01 11:14:10	2	6	3896	0	             SELECT                 name,                 toJSONString(labels) as labels_serialized,                 value,                 help,                 type             FROM (                 SELECT   \'clickhouse_table_replica_readonly_start_timestamp_seconds\' as name,   toFloat64(toUnixTi
2026-08-01 11:14:13	3	1	5438	1	SELECT count() FROM system.processes WHERE (initial_user NOT IN _CAST([\'backups-internal\', \'management-internal\', \'monitoring-internal\', \'observability-internal\', \'operator-internal\', \'prometheus-exporter\', \'prometheus-internal\', \'operator-cert-internal\', \'availability-monitoring-internal\', \'\'], \'Ar
2026-08-01 11:14:13	2	65	929	1	SELECT countIf(database = \'system\') as systemParts, countIf(database != \'system\') as nonSystemParts FROM system.parts where active
2026-08-01 11:14:13	2	0	0	1	SELECT countIf(database = \'system\') as systemMerges, countIf(database != \'system\') as nonSystemMerges FROM system.merges
2026-08-01 11:14:15	2	13	6340	1	             SELECT                 name,                 toJSONString(labels) as labels_serialized,                 value,                 help,                 type             FROM (                 SELECT   \'ClickHouse_CustomMetric_TotalMemoryUsedByDictionaries\' AS name,   toFloat64(SUM(bytes_al
2026-08-01 11:14:15	2	59	472	1	             SELECT                 name,                 toJSONString(labels) as labels_serialized,                 value,                 help,                 type             FROM (                 SELECT   \'ClickHouse_CustomMetric_TotalMemoryUsedByDataSkippingIndices\' AS name,   toFloat64(SUM(d
2026-08-01 11:14:20	6	112	27550	112	SELECT             name,             value,             help,             JSONExtract(labels_serialized, \'Map(String, String)\') as labels,             type         FROM merge(system, \'^_custom_metrics_dictionary_.*\')         FORMAT Prometheus
2026-08-01 11:14:20	2	0	0	0	             SELECT                 name,                 toJSONString(labels) as labels_serialized,                 value,                 help,                 type             FROM (                 SELECT   \'ClickHouse_CustomMetric_FailedMutations\' as name,   toFloat64(count()) as value,   \'The 
2026-08-01 11:14:21	5	112	27550	112	SELECT             name,             value,             help,             JSONExtract(labels_serialized, \'Map(String, String)\') as labels,             type         FROM merge(system, \'^_custom_metrics_dictionary_.*\')         FORMAT Prometheus
2026-08-01 11:14:23	5	378	114440	5	WITH metrics AS (SELECT name AS metric, toFloat64(value) AS val, now() AS ts FROM system.server_settings WHERE multiMatchAny(name, _CAST([\'^max_database_num_to_throw$\', \'^max_database_num_to_warn$\', \'^max_table_num_to_throw$\', \'^max_table_num_to_warn$\', \'^max_concurrent_queries$\'], \'Array(String)\'))
2026-08-01 11:14:23	4	0	0	0	WITH source AS (SELECT [\'matview_execution_total\', if(exception_code != 0, \'matview_execution_fail\', \'\')] AS metrics, event_time AS ts FROM system.query_views_log WHERE (status != \'QueryStart\') AND (event_date >= toDate(_CAST(\'1785582708.069\', \'DateTime64\'))) AND (event_time >= toDateTime(_CAST(\'178
2026-08-01 11:14:23	7	94145	1485255	1560	SELECT CAST(\'0fc3eaab-fbcb-4533-8825-9be9faaea781\', \'UUID\') AS control_plane_id, CAST(\'c-boneaws-al-46-server-j62zx3k-0\', \'LowCardinality(String)\') AS pod_id, CAST(now64(), \'DateTime64(6)\') AS scrape_ts_microseconds, CAST(event_date, \'Date\') AS event_date, CAST(event_time, \'DateTime\') AS event_time,
2026-08-01 11:14:23	3	7	33858	1	SELECT count() FROM system.processes WHERE (initial_user NOT IN _CAST([\'backups-internal\', \'management-internal\', \'monitoring-internal\', \'observability-internal\', \'operator-internal\', \'prometheus-exporter\', \'prometheus-internal\', \'operator-cert-internal\', \'availability-monitoring-internal\', \'\'], \'Ar
2026-08-01 11:14:23	10	0	0	1	WITH failed_mutations AS (SELECT toDateTime(create_time) AS ts, count() AS val FROM system.mutations WHERE (ts > toDateTime(_CAST(\'1785582708.069\', \'DateTime64\'))) AND (ts <= toDateTime(_CAST(\'1785582828.069\', \'DateTime64\'))) AND (latest_failed_part != \'\') AND (is_done = 0) GROUP BY ts), failed_muta
2026-08-01 11:14:23	10	655	9811	15	WITH metrics AS (SELECT multiIf((event_type = \'MergeParts\') AND (error = 0), \'merges_finished\', (event_type = \'MergeParts\') AND (error != 0), \'merges_failed\', (event_type = \'MutatePart\') AND (error = 0), \'mutate_part_finished\', (event_type = \'MutatePart\') AND (error != 0), \'mutate_part_failed\', NULL
2026-08-01 11:14:23	2	66	944	1	SELECT countIf(database = \'system\') as systemParts, countIf(database != \'system\') as nonSystemParts FROM system.parts where active
2026-08-01 11:14:23	3	0	0	1	SELECT countIf(database = \'system\') as systemMerges, countIf(database != \'system\') as nonSystemMerges FROM system.merges
2026-08-01 11:14:23	27	3127	589142	126	SELECT CAST(\'0fc3eaab-fbcb-4533-8825-9be9faaea781\', \'UUID\') AS instance_id, CAST(\'c-boneaws-al-46-server-j62zx3k-0\', \'LowCardinality(String)\') AS node_id, CAST(name, \'LowCardinality(String)\') AS metric, CAST(mapFilter((k, v) -> has(_CAST([\'remote\'], \'Array(String)\'), k), labels), \'Map(LowCardinality
2026-08-01 11:14:23	55	716	197101	120	SELECT CAST(\'0fc3eaab-fbcb-4533-8825-9be9faaea781\', \'UUID\') AS control_plane_id, CAST(\'c-boneaws-al-46-server-j62zx3k-0\', \'LowCardinality(String)\') AS pod_id, CAST(now64(), \'DateTime64(6)\') AS scrape_ts_microseconds, CAST(event_date, \'Date\') AS event_date, CAST(event_time, \'DateTime\') AS event_time,
2026-08-01 11:14:23	149	718	211243	10	WITH parts_agg AS (SELECT database AS agg_database, `table` AS agg_table, SUM(primary_key_size) AS primary_index_size, SUM(secondary_indices_compressed_bytes) AS secondary_index_size FROM system.parts WHERE active AND (database != \'system\') GROUP BY database, `table`), proj_agg AS (SELECT database A
2026-08-01 11:14:24	3	2	10208	2	SELECT count() as count, sum(elapsed) as total_elapsed, \'lh\' as usr FROM system.processes  WHERE user = \'observability-internal\' AND client_hostname LIKE \'loghouse-scraper%\'  UNION ALL SELECT count() as count, sum(elapsed) as total_elapsed, \'other\' as usr FROM system.processes  WHERE user != \'observ
2026-08-01 11:14:24	13	716	10024	1	SELECT avg(ProfileEvent_OSCPUWaitMicroseconds) as cpu_wait FROM  system.metric_log  WHERE event_time > now() - INTERVAL 2 MINUTE AND event_date >= yesterday()
2026-08-01 11:14:24	1	886	368083	1	SELECT value FROM system.asynchronous_metrics WHERE metric = \'OSMemoryAvailable\' ;
2026-08-01 11:14:30	1	6	2128	6	             SELECT                 name,                 toJSONString(labels) as labels_serialized,                 value,                 help,                 type             FROM (                 SELECT   concat(\'clickhouse_\', system.dimensional_metrics.metric) AS name,   toFloat64(system.dime
2026-08-01 11:14:30	1	0	0	1	             SELECT                 name,                 toJSONString(labels) as labels_serialized,                 value,                 help,                 type             FROM (                 SELECT   \'ClickHouse_CustomMetric_TotalMemoryUsedByMerges\' AS name,   toFloat64(SUM(memory_usage))
2026-08-01 11:14:30	5	112	27550	112	SELECT             name,             value,             help,             JSONExtract(labels_serialized, \'Map(String, String)\') as labels,             type         FROM merge(system, \'^_custom_metrics_dictionary_.*\')         FORMAT Prometheus
2026-08-01 11:14:33	3	1	5438	1	SELECT count() FROM system.processes WHERE (initial_user NOT IN _CAST([\'backups-internal\', \'management-internal\', \'monitoring-internal\', \'observability-internal\', \'operator-internal\', \'prometheus-exporter\', \'prometheus-internal\', \'operator-cert-internal\', \'availability-monitoring-internal\', \'\'], \'Ar
2026-08-01 11:14:33	2	62	884	1	SELECT countIf(database = \'system\') as systemParts, countIf(database != \'system\') as nonSystemParts FROM system.parts where active
2026-08-01 11:14:33	2	0	0	1	SELECT countIf(database = \'system\') as systemMerges, countIf(database != \'system\') as nonSystemMerges FROM system.merges
2026-08-01 11:14:40	1	0	0	1	             SELECT                 name,                 toJSONString(labels) as labels_serialized,                 value,                 help,                 type             FROM (                 SELECT   \'ClickHouse_CustomMetric_TotalMemoryUsedByAsynchronousInserts\' AS name,   toFloat64(SUM(t
2026-08-01 11:14:40	3	6	213	0	             SELECT                 name,                 toJSONString(labels) as labels_serialized,                 value,                 help,                 type             FROM (                 SELECT   \'ClickHouse_CustomMetric_DatabaseReplicatedRecoveryTime\' as name,   toFloat64(recovery_ti
2026-08-01 11:14:43	2	2	12834	1	SELECT count() FROM system.processes WHERE (initial_user NOT IN _CAST([\'backups-internal\', \'management-internal\', \'monitoring-internal\', \'observability-internal\', \'operator-internal\', \'prometheus-exporter\', \'prometheus-internal\', \'operator-cert-internal\', \'availability-monitoring-internal\', \'\'], \'Ar
2026-08-01 11:14:43	2	74	1064	1	SELECT countIf(database = \'system\') as systemParts, countIf(database != \'system\') as nonSystemParts FROM system.parts where active
2026-08-01 11:14:43	1	0	0	1	SELECT countIf(database = \'system\') as systemMerges, countIf(database != \'system\') as nonSystemMerges FROM system.merges
2026-08-01 11:14:43	24	3127	589142	126	SELECT CAST(\'0fc3eaab-fbcb-4533-8825-9be9faaea781\', \'UUID\') AS instance_id, CAST(\'c-boneaws-al-46-server-j62zx3k-0\', \'LowCardinality(String)\') AS node_id, CAST(name, \'LowCardinality(String)\') AS metric, CAST(mapFilter((k, v) -> has(_CAST([\'remote\'], \'Array(String)\'), k), labels), \'Map(LowCardinality
2026-08-01 11:14:45	2	0	0	1	             SELECT                 name,                 toJSONString(labels) as labels_serialized,                 value,                 help,                 type             FROM (                 SELECT   \'ClickHouse_CustomMetric_TotalMemoryUsedByMerges\' AS name,   toFloat64(SUM(memory_usage))
2026-08-01 11:14:45	2	3	7527	1	             SELECT                 name,                 toJSONString(labels) as labels_serialized,                 value,                 help,                 type             FROM (                 SELECT   \'ClickHouse_CustomMetric_TotalMemoryUsedByQueries\' AS name,   toFloat64(SUM(peak_memory_u
2026-08-01 11:14:45	2	6	3896	0	             SELECT                 name,                 toJSONString(labels) as labels_serialized,                 value,                 help,                 type             FROM (                 SELECT   \'clickhouse_table_replica_readonly_start_timestamp_seconds\' as name,   toFloat64(toUnixTi
2026-08-01 11:14:50	2	15	1013	15	             SELECT                 name,                 toJSONString(labels) as labels_serialized,                 value,                 help,                 type             FROM (                 SELECT     \'ClickHouse_MetricsCollection_CustomMetricsSystemTable\' AS name,     toFloat64(1) AS va
2026-08-01 11:14:50	5	112	27550	112	SELECT             name,             value,             help,             JSONExtract(labels_serialized, \'Map(String, String)\') as labels,             type         FROM merge(system, \'^_custom_metrics_dictionary_.*\')         FORMAT Prometheus
2026-08-01 11:14:50	3	6	213	0	             SELECT                 name,                 toJSONString(labels) as labels_serialized,                 value,                 help,                 type             FROM (                 SELECT   \'ClickHouse_CustomMetric_SharedCatalogRecoveryTime\' as name,   toFloat64(recovery_time) a
2026-08-01 11:14:50	23	33464	737339	33464	SELECT `content_id`, `title`, `video_type`, `category` FROM `sony`.`content_dim`;
2026-08-01 11:14:51	5	112	27550	112	SELECT             name,             value,             help,             JSONExtract(labels_serialized, \'Map(String, String)\') as labels,             type         FROM merge(system, \'^_custom_metrics_dictionary_.*\')         FORMAT Prometheus
2026-08-01 11:14:53	3	1	5438	1	SELECT count() FROM system.processes WHERE (initial_user NOT IN _CAST([\'backups-internal\', \'management-internal\', \'monitoring-internal\', \'observability-internal\', \'operator-internal\', \'prometheus-exporter\', \'prometheus-internal\', \'operator-cert-internal\', \'availability-monitoring-internal\', \'\'], \'Ar
2026-08-01 11:14:53	2	76	1094	1	SELECT countIf(database = \'system\') as systemParts, countIf(database != \'system\') as nonSystemParts FROM system.parts where active
2026-08-01 11:14:53	1	0	0	1	SELECT countIf(database = \'system\') as systemMerges, countIf(database != \'system\') as nonSystemMerges FROM system.merges
2026-08-01 11:14:54	14	747	10227	1	SELECT avg(ProfileEvent_OSCPUWaitMicroseconds) as cpu_wait FROM  system.metric_log  WHERE event_time > now() - INTERVAL 2 MINUTE AND event_date >= yesterday()
2026-08-01 11:14:54	3	2	10208	2	SELECT count() as count, sum(elapsed) as total_elapsed, \'lh\' as usr FROM system.processes  WHERE user = \'observability-internal\' AND client_hostname LIKE \'loghouse-scraper%\'  UNION ALL SELECT count() as count, sum(elapsed) as total_elapsed, \'other\' as usr FROM system.processes  WHERE user != \'observ
2026-08-01 11:14:54	1	886	368083	1	SELECT value FROM system.asynchronous_metrics WHERE metric = \'OSMemoryAvailable\' ;
2026-08-01 11:14:55	2	0	0	0	             SELECT                 name,                 toJSONString(labels) as labels_serialized,                 value,                 help,                 type             FROM (                 SELECT   \'ClickHouse_CustomMetric_FailedMutations\' as name,   toFloat64(count()) as value,   \'The 
2026-08-01 11:15:00	1	6	2128	6	             SELECT                 name,                 toJSONString(labels) as labels_serialized,                 value,                 help,                 type             FROM (                 SELECT   concat(\'clickhouse_\', system.dimensional_metrics.metric) AS name,   toFloat64(system.dime
2026-08-01 11:15:00	2	59	472	1	             SELECT                 name,                 toJSONString(labels) as labels_serialized,                 value,                 help,                 type             FROM (                 SELECT   \'ClickHouse_CustomMetric_TotalMemoryUsedByDataSkippingIndices\' AS name,   toFloat64(SUM(d
2026-08-01 11:15:00	3	6	213	0	             SELECT                 name,                 toJSONString(labels) as labels_serialized,                 value,                 help,                 type             FROM (                 SELECT   \'ClickHouse_CustomMetric_DatabaseReplicatedRecoveryTime\' as name,   toFloat64(recovery_ti
2026-08-01 11:15:00	5	112	27550	112	SELECT             name,             value,             help,             JSONExtract(labels_serialized, \'Map(String, String)\') as labels,             type         FROM merge(system, \'^_custom_metrics_dictionary_.*\')         FORMAT Prometheus
2026-08-01 11:15:03	1	0	0	1	SELECT countIf(database = \'system\') as systemMerges, countIf(database != \'system\') as nonSystemMerges FROM system.merges
2026-08-01 11:15:03	2	77	1109	1	SELECT countIf(database = \'system\') as systemParts, countIf(database != \'system\') as nonSystemParts FROM system.parts where active
2026-08-01 11:15:03	3	2	12834	1	SELECT count() FROM system.processes WHERE (initial_user NOT IN _CAST([\'backups-internal\', \'management-internal\', \'monitoring-internal\', \'observability-internal\', \'operator-internal\', \'prometheus-exporter\', \'prometheus-internal\', \'operator-cert-internal\', \'availability-monitoring-internal\', \'\'], \'Ar
2026-08-01 11:15:03	24	3129	589496	126	SELECT CAST(\'0fc3eaab-fbcb-4533-8825-9be9faaea781\', \'UUID\') AS instance_id, CAST(\'c-boneaws-al-46-server-j62zx3k-0\', \'LowCardinality(String)\') AS node_id, CAST(name, \'LowCardinality(String)\') AS metric, CAST(mapFilter((k, v) -> has(_CAST([\'remote\'], \'Array(String)\'), k), labels), \'Map(LowCardinality
2026-08-01 11:15:03	3	1530	559331	1	SELECT count(*) FROM system.settings
2026-08-01 11:15:03	3	1530	559331	1530	SELECT  now64(6) as scrape_time_microseconds, \'j62zx3k\' AS pod_ident, \'boneaws-al-46\' AS spoken_name, \'cell-1\' AS cell, \'ap-south-1\' AS region, \'aws\' AS cloud_provider, \'26.2.1.525\' AS clickhouse_version, \'0fc3eaab-fbcb-4533-8825-9be9faaea781\' AS control_plane_id, \'aarch64\' AS system_processor, * FR
2026-08-01 11:15:10	2	0	0	1	             SELECT                 name,                 toJSONString(labels) as labels_serialized,                 value,                 help,                 type             FROM (                 SELECT   \'ClickHouse_CustomMetric_TotalMemoryUsedByMerges\' AS name,   toFloat64(SUM(memory_usage))
2026-08-01 11:15:10	2	13	6340	1	             SELECT                 name,                 toJSONString(labels) as labels_serialized,                 value,                 help,                 type             FROM (                 SELECT   \'ClickHouse_CustomMetric_TotalMemoryUsedByDictionaries\' AS name,   toFloat64(SUM(bytes_al
2026-08-01 11:15:13	3	1	5438	1	SELECT count() FROM system.processes WHERE (initial_user NOT IN _CAST([\'backups-internal\', \'management-internal\', \'monitoring-internal\', \'observability-internal\', \'operator-internal\', \'prometheus-exporter\', \'prometheus-internal\', \'operator-cert-internal\', \'availability-monitoring-internal\', \'\'], \'Ar
2026-08-01 11:15:13	2	78	1124	1	SELECT countIf(database = \'system\') as systemParts, countIf(database != \'system\') as nonSystemParts FROM system.parts where active
2026-08-01 11:15:13	2	0	0	1	SELECT countIf(database = \'system\') as systemMerges, countIf(database != \'system\') as nonSystemMerges FROM system.merges
2026-08-01 11:15:20	5	112	27555	112	SELECT             name,             value,             help,             JSONExtract(labels_serialized, \'Map(String, String)\') as labels,             type         FROM merge(system, \'^_custom_metrics_dictionary_.*\')         FORMAT Prometheus
2026-08-01 11:15:20	2	15	1013	15	             SELECT                 name,                 toJSONString(labels) as labels_serialized,                 value,                 help,                 type             FROM (                 SELECT     \'ClickHouse_MetricsCollection_CustomMetricsSystemTable\' AS name,     toFloat64(1) AS va
2026-08-01 11:15:20	2	6	3896	0	             SELECT                 name,                 toJSONString(labels) as labels_serialized,                 value,                 help,                 type             FROM (                 SELECT   \'clickhouse_table_replica_readonly_start_timestamp_seconds\' as name,   toFloat64(toUnixTi
2026-08-01 11:15:21	5	112	27555	112	SELECT             name,             value,             help,             JSONExtract(labels_serialized, \'Map(String, String)\') as labels,             type         FROM merge(system, \'^_custom_metrics_dictionary_.*\')         FORMAT Prometheus
2026-08-01 11:15:23	3	2	12834	1	SELECT count() FROM system.processes WHERE (initial_user NOT IN _CAST([\'backups-internal\', \'management-internal\', \'monitoring-internal\', \'observability-internal\', \'operator-internal\', \'prometheus-exporter\', \'prometheus-internal\', \'operator-cert-internal\', \'availability-monitoring-internal\', \'\'], \'Ar
2026-08-01 11:15:23	2	80	1154	1	SELECT countIf(database = \'system\') as systemParts, countIf(database != \'system\') as nonSystemParts FROM system.parts where active
2026-08-01 11:15:23	2	0	0	1	SELECT countIf(database = \'system\') as systemMerges, countIf(database != \'system\') as nonSystemMerges FROM system.merges
2026-08-01 11:15:23	25	3127	589147	126	SELECT CAST(\'0fc3eaab-fbcb-4533-8825-9be9faaea781\', \'UUID\') AS instance_id, CAST(\'c-boneaws-al-46-server-j62zx3k-0\', \'LowCardinality(String)\') AS node_id, CAST(name, \'LowCardinality(String)\') AS metric, CAST(mapFilter((k, v) -> has(_CAST([\'remote\'], \'Array(String)\'), k), labels), \'Map(LowCardinality
2026-08-01 11:15:24	4	2	10208	2	SELECT count() as count, sum(elapsed) as total_elapsed, \'lh\' as usr FROM system.processes  WHERE user = \'observability-internal\' AND client_hostname LIKE \'loghouse-scraper%\'  UNION ALL SELECT count() as count, sum(elapsed) as total_elapsed, \'other\' as usr FROM system.processes  WHERE user != \'observ
2026-08-01 11:15:24	16	121	1463	1	SELECT avg(ProfileEvent_OSCPUWaitMicroseconds) as cpu_wait FROM  system.metric_log  WHERE event_time > now() - INTERVAL 2 MINUTE AND event_date >= yesterday()
2026-08-01 11:15:24	1	886	368083	1	SELECT value FROM system.asynchronous_metrics WHERE metric = \'OSMemoryAvailable\' ;
2026-08-01 11:15:25	3	0	0	0	SELECT now64(6) as scrape_time_microseconds, \'j62zx3k\' AS pod_ident, \'boneaws-al-46\' AS spoken_name, \'cell-1\' AS cell, \'ap-south-1\' AS region, \'aws\' AS cloud_provider, \'26.2.1.525\' AS clickhouse_version, \'0fc3eaab-fbcb-4533-8825-9be9faaea781\' AS control_plane_id, \'aarch64\' AS system_processor, * FRO
2026-08-01 11:15:26	3	0	0	0	SELECT now64(6) as scrape_time_microseconds, \'j62zx3k\' AS pod_ident, \'boneaws-al-46\' AS spoken_name, \'cell-1\' AS cell, \'ap-south-1\' AS region, \'aws\' AS cloud_provider, \'26.2.1.525\' AS clickhouse_version, \'0fc3eaab-fbcb-4533-8825-9be9faaea781\' AS control_plane_id, \'aarch64\' AS system_processor, * FRO
2026-08-01 11:15:27	5	0	0	0	SELECT now64(6) as scrape_time_microseconds, \'j62zx3k\' AS pod_ident, \'boneaws-al-46\' AS spoken_name, \'cell-1\' AS cell, \'ap-south-1\' AS region, \'aws\' AS cloud_provider, \'26.2.1.525\' AS clickhouse_version, \'0fc3eaab-fbcb-4533-8825-9be9faaea781\' AS control_plane_id, \'aarch64\' AS system_processor, * FRO
2026-08-01 11:15:28	3	0	0	0	SELECT now64(6) as scrape_time_microseconds, \'j62zx3k\' AS pod_ident, \'boneaws-al-46\' AS spoken_name, \'cell-1\' AS cell, \'ap-south-1\' AS region, \'aws\' AS cloud_provider, \'26.2.1.525\' AS clickhouse_version, \'0fc3eaab-fbcb-4533-8825-9be9faaea781\' AS control_plane_id, \'aarch64\' AS system_processor, * FRO
2026-08-01 11:15:29	3	0	0	0	SELECT now64(6) as scrape_time_microseconds, \'j62zx3k\' AS pod_ident, \'boneaws-al-46\' AS spoken_name, \'cell-1\' AS cell, \'ap-south-1\' AS region, \'aws\' AS cloud_provider, \'26.2.1.525\' AS clickhouse_version, \'0fc3eaab-fbcb-4533-8825-9be9faaea781\' AS control_plane_id, \'aarch64\' AS system_processor, * FRO
2026-08-01 11:15:30	3	0	0	0	SELECT now64(6) as scrape_time_microseconds, \'j62zx3k\' AS pod_ident, \'boneaws-al-46\' AS spoken_name, \'cell-1\' AS cell, \'ap-south-1\' AS region, \'aws\' AS cloud_provider, \'26.2.1.525\' AS clickhouse_version, \'0fc3eaab-fbcb-4533-8825-9be9faaea781\' AS control_plane_id, \'aarch64\' AS system_processor, * FRO
2026-08-01 11:15:30	1	1	1	1	SELECT displayName(), version(), revision(), timezone()
2026-08-01 11:15:30	1	6	2128	6	             SELECT                 name,                 toJSONString(labels) as labels_serialized,                 value,                 help,                 type             FROM (                 SELECT   concat(\'clickhouse_\', system.dimensional_metrics.metric) AS name,   toFloat64(system.dime
2026-08-01 11:15:30	1	0	0	1	             SELECT                 name,                 toJSONString(labels) as labels_serialized,                 value,                 help,                 type             FROM (                 SELECT   \'ClickHouse_CustomMetric_TotalMemoryUsedByAsynchronousInserts\' AS name,   toFloat64(SUM(t
2026-08-01 11:15:30	1	1	1	1	SELECT 1;
2026-08-01 11:15:30	5	112	27555	112	SELECT             name,             value,             help,             JSONExtract(labels_serialized, \'Map(String, String)\') as labels,             type         FROM merge(system, \'^_custom_metrics_dictionary_.*\')         FORMAT Prometheus
2026-08-01 11:15:31	3	0	0	0	SELECT now64(6) as scrape_time_microseconds, \'j62zx3k\' AS pod_ident, \'boneaws-al-46\' AS spoken_name, \'cell-1\' AS cell, \'ap-south-1\' AS region, \'aws\' AS cloud_provider, \'26.2.1.525\' AS clickhouse_version, \'0fc3eaab-fbcb-4533-8825-9be9faaea781\' AS control_plane_id, \'aarch64\' AS system_processor, * FRO
2026-08-01 11:15:32	3	0	0	0	SELECT now64(6) as scrape_time_microseconds, \'j62zx3k\' AS pod_ident, \'boneaws-al-46\' AS spoken_name, \'cell-1\' AS cell, \'ap-south-1\' AS region, \'aws\' AS cloud_provider, \'26.2.1.525\' AS clickhouse_version, \'0fc3eaab-fbcb-4533-8825-9be9faaea781\' AS control_plane_id, \'aarch64\' AS system_processor, * FRO
2026-08-01 11:15:33	3	0	0	0	SELECT now64(6) as scrape_time_microseconds, \'j62zx3k\' AS pod_ident, \'boneaws-al-46\' AS spoken_name, \'cell-1\' AS cell, \'ap-south-1\' AS region, \'aws\' AS cloud_provider, \'26.2.1.525\' AS clickhouse_version, \'0fc3eaab-fbcb-4533-8825-9be9faaea781\' AS control_plane_id, \'aarch64\' AS system_processor, * FRO
2026-08-01 11:15:33	3	1	5438	1	SELECT count() FROM system.processes WHERE (initial_user NOT IN _CAST([\'backups-internal\', \'management-internal\', \'monitoring-internal\', \'observability-internal\', \'operator-internal\', \'prometheus-exporter\', \'prometheus-internal\', \'operator-cert-internal\', \'availability-monitoring-internal\', \'\'], \'Ar
2026-08-01 11:15:33	2	81	1169	1	SELECT countIf(database = \'system\') as systemParts, countIf(database != \'system\') as nonSystemParts FROM system.parts where active
2026-08-01 11:15:33	2	0	0	1	SELECT countIf(database = \'system\') as systemMerges, countIf(database != \'system\') as nonSystemMerges FROM system.merges
2026-08-01 11:15:34	6	4351	451755	442	SELECT now64(6) as scrape_time_microseconds, \'j62zx3k\' AS pod_ident, \'boneaws-al-46\' AS spoken_name, \'cell-1\' AS cell, \'ap-south-1\' AS region, \'aws\' AS cloud_provider, \'26.2.1.525\' AS clickhouse_version, \'0fc3eaab-fbcb-4533-8825-9be9faaea781\' AS control_plane_id, \'aarch64\' AS system_processor, * FRO
2026-08-01 11:15:35	79	0	0	0	SELECT now64(6) as scrape_time_microseconds, \'j62zx3k\' AS pod_ident, \'boneaws-al-46\' AS spoken_name, \'cell-1\' AS cell, \'ap-south-1\' AS region, \'aws\' AS cloud_provider, \'26.2.1.525\' AS clickhouse_version, \'0fc3eaab-fbcb-4533-8825-9be9faaea781\' AS control_plane_id, \'aarch64\' AS system_processor, * FRO
2026-08-01 11:15:35	2	15	1013	15	             SELECT                 name,                 toJSONString(labels) as labels_serialized,                 value,                 help,                 type             FROM (                 SELECT     \'ClickHouse_MetricsCollection_CustomMetricsSystemTable\' AS name,     toFloat64(1) AS va
2026-08-01 11:15:35	2	59	472	1	             SELECT                 name,                 toJSONString(labels) as labels_serialized,                 value,                 help,                 type             FROM (                 SELECT   \'ClickHouse_CustomMetric_TotalMemoryUsedByDataSkippingIndices\' AS name,   toFloat64(SUM(d
2026-08-01 11:15:35	3	6	213	0	             SELECT                 name,                 toJSONString(labels) as labels_serialized,                 value,                 help,                 type             FROM (                 SELECT   \'ClickHouse_CustomMetric_DatabaseReplicatedRecoveryTime\' as name,   toFloat64(recovery_ti
2026-08-01 11:15:36	3	0	0	0	SELECT now64(6) as scrape_time_microseconds, \'j62zx3k\' AS pod_ident, \'boneaws-al-46\' AS spoken_name, \'cell-1\' AS cell, \'ap-south-1\' AS region, \'aws\' AS cloud_provider, \'26.2.1.525\' AS clickhouse_version, \'0fc3eaab-fbcb-4533-8825-9be9faaea781\' AS control_plane_id, \'aarch64\' AS system_processor, * FRO
2026-08-01 11:15:37	6	367	238251	46	SELECT now64(6) as scrape_time_microseconds, \'j62zx3k\' AS pod_ident, \'boneaws-al-46\' AS spoken_name, \'cell-1\' AS cell, \'ap-south-1\' AS region, \'aws\' AS cloud_provider, \'26.2.1.525\' AS clickhouse_version, \'0fc3eaab-fbcb-4533-8825-9be9faaea781\' AS control_plane_id, \'aarch64\' AS system_processor, * FRO
2026-08-01 11:15:38	16	18460	4381362	4563	SELECT now64(6) as scrape_time_microseconds, \'j62zx3k\' AS pod_ident, \'boneaws-al-46\' AS spoken_name, \'cell-1\' AS cell, \'ap-south-1\' AS region, \'aws\' AS cloud_provider, \'26.2.1.525\' AS clickhouse_version, \'0fc3eaab-fbcb-4533-8825-9be9faaea781\' AS control_plane_id, \'aarch64\' AS system_processor, * FRO
2026-08-01 11:15:39	18	17945	4090091	9674	SELECT now64(6) as scrape_time_microseconds, \'j62zx3k\' AS pod_ident, \'boneaws-al-46\' AS spoken_name, \'cell-1\' AS cell, \'ap-south-1\' AS region, \'aws\' AS cloud_provider, \'26.2.1.525\' AS clickhouse_version, \'0fc3eaab-fbcb-4533-8825-9be9faaea781\' AS control_plane_id, \'aarch64\' AS system_processor, * FRO
2026-08-01 11:15:40	23	2322	4887381	324	SELECT now64(6) as scrape_time_microseconds, \'j62zx3k\' AS pod_ident, \'boneaws-al-46\' AS spoken_name, \'cell-1\' AS cell, \'ap-south-1\' AS region, \'aws\' AS cloud_provider, \'26.2.1.525\' AS clickhouse_version, \'0fc3eaab-fbcb-4533-8825-9be9faaea781\' AS control_plane_id, \'aarch64\' AS system_processor, * FRO
2026-08-01 11:15:40	2	13	6340	1	             SELECT                 name,                 toJSONString(labels) as labels_serialized,                 value,                 help,                 type             FROM (                 SELECT   \'ClickHouse_CustomMetric_TotalMemoryUsedByDictionaries\' AS name,   toFloat64(SUM(bytes_al
2026-08-01 11:15:41	177	807	2060641	120	SELECT now64(6) as scrape_time_microseconds, \'j62zx3k\' AS pod_ident, \'boneaws-al-46\' AS spoken_name, \'cell-1\' AS cell, \'ap-south-1\' AS region, \'aws\' AS cloud_provider, \'26.2.1.525\' AS clickhouse_version, \'0fc3eaab-fbcb-4533-8825-9be9faaea781\' AS control_plane_id, \'aarch64\' AS system_processor, * FRO
2026-08-01 11:15:42	8	715	469562	70	SELECT now64(6) as scrape_time_microseconds, \'j62zx3k\' AS pod_ident, \'boneaws-al-46\' AS spoken_name, \'cell-1\' AS cell, \'ap-south-1\' AS region, \'aws\' AS cloud_provider, \'26.2.1.525\' AS clickhouse_version, \'0fc3eaab-fbcb-4533-8825-9be9faaea781\' AS control_plane_id, \'aarch64\' AS system_processor, * FRO
2026-08-01 11:15:43	3	0	0	0	SELECT now64(6) as scrape_time_microseconds, \'j62zx3k\' AS pod_ident, \'boneaws-al-46\' AS spoken_name, \'cell-1\' AS cell, \'ap-south-1\' AS region, \'aws\' AS cloud_provider, \'26.2.1.525\' AS clickhouse_version, \'0fc3eaab-fbcb-4533-8825-9be9faaea781\' AS control_plane_id, \'aarch64\' AS system_processor, * FRO
2026-08-01 11:15:43	3	2	12834	1	SELECT count() FROM system.processes WHERE (initial_user NOT IN _CAST([\'backups-internal\', \'management-internal\', \'monitoring-internal\', \'observability-internal\', \'operator-internal\', \'prometheus-exporter\', \'prometheus-internal\', \'operator-cert-internal\', \'availability-monitoring-internal\', \'\'], \'Ar
2026-08-01 11:15:43	2	68	974	1	SELECT countIf(database = \'system\') as systemParts, countIf(database != \'system\') as nonSystemParts FROM system.parts where active
2026-08-01 11:15:43	2	0	0	1	SELECT countIf(database = \'system\') as systemMerges, countIf(database != \'system\') as nonSystemMerges FROM system.merges
2026-08-01 11:15:43	24	3127	589147	126	SELECT CAST(\'0fc3eaab-fbcb-4533-8825-9be9faaea781\', \'UUID\') AS instance_id, CAST(\'c-boneaws-al-46-server-j62zx3k-0\', \'LowCardinality(String)\') AS node_id, CAST(name, \'LowCardinality(String)\') AS metric, CAST(mapFilter((k, v) -> has(_CAST([\'remote\'], \'Array(String)\'), k), labels), \'Map(LowCardinality
2026-08-01 11:15:44	6	1403	428171	141	SELECT now64(6) as scrape_time_microseconds, \'j62zx3k\' AS pod_ident, \'boneaws-al-46\' AS spoken_name, \'cell-1\' AS cell, \'ap-south-1\' AS region, \'aws\' AS cloud_provider, \'26.2.1.525\' AS clickhouse_version, \'0fc3eaab-fbcb-4533-8825-9be9faaea781\' AS control_plane_id, \'aarch64\' AS system_processor, * FRO
2026-08-01 11:15:45	57	709180	11383207	106340	SELECT now64(6) as scrape_time_microseconds, \'j62zx3k\' AS pod_ident, \'boneaws-al-46\' AS spoken_name, \'cell-1\' AS cell, \'ap-south-1\' AS region, \'aws\' AS cloud_provider, \'26.2.1.525\' AS clickhouse_version, \'0fc3eaab-fbcb-4533-8825-9be9faaea781\' AS control_plane_id, \'aarch64\' AS system_processor, * FRO
2026-08-01 11:15:45	1	6	2128	6	             SELECT                 name,                 toJSONString(labels) as labels_serialized,                 value,                 help,                 type             FROM (                 SELECT   concat(\'clickhouse_\', system.dimensional_metrics.metric) AS name,   toFloat64(system.dime
2026-08-01 11:15:45	2	3	7624	1	             SELECT                 name,                 toJSONString(labels) as labels_serialized,                 value,                 help,                 type             FROM (                 SELECT   \'ClickHouse_CustomMetric_TotalMemoryUsedByQueries\' AS name,   toFloat64(SUM(peak_memory_u
2026-08-01 11:15:45	3	6	213	0	             SELECT                 name,                 toJSONString(labels) as labels_serialized,                 value,                 help,                 type             FROM (                 SELECT   \'ClickHouse_CustomMetric_SharedCatalogRecoveryTime\' as name,   toFloat64(recovery_time) a
2026-08-01 11:15:46	19	20363	5585477	7027	SELECT now64(6) as scrape_time_microseconds, \'j62zx3k\' AS pod_ident, \'boneaws-al-46\' AS spoken_name, \'cell-1\' AS cell, \'ap-south-1\' AS region, \'aws\' AS cloud_provider, \'26.2.1.525\' AS clickhouse_version, \'0fc3eaab-fbcb-4533-8825-9be9faaea781\' AS control_plane_id, \'aarch64\' AS system_processor, * FRO
2026-08-01 11:15:50	5	112	27555	112	SELECT             name,             value,             help,             JSONExtract(labels_serialized, \'Map(String, String)\') as labels,             type         FROM merge(system, \'^_custom_metrics_dictionary_.*\')         FORMAT Prometheus
2026-08-01 11:15:51	5	112	27555	112	SELECT             name,             value,             help,             JSONExtract(labels_serialized, \'Map(String, String)\') as labels,             type         FROM merge(system, \'^_custom_metrics_dictionary_.*\')         FORMAT Prometheus
2026-08-01 11:15:53	3	1	5438	1	SELECT count() FROM system.processes WHERE (initial_user NOT IN _CAST([\'backups-internal\', \'management-internal\', \'monitoring-internal\', \'observability-internal\', \'operator-internal\', \'prometheus-exporter\', \'prometheus-internal\', \'operator-cert-internal\', \'availability-monitoring-internal\', \'\'], \'Ar
2026-08-01 11:15:53	2	66	944	1	SELECT countIf(database = \'system\') as systemParts, countIf(database != \'system\') as nonSystemParts FROM system.parts where active
2026-08-01 11:15:53	2	0	0	1	SELECT countIf(database = \'system\') as systemMerges, countIf(database != \'system\') as nonSystemMerges FROM system.merges
2026-08-01 11:15:54	14	807	11298	1	SELECT avg(ProfileEvent_OSCPUWaitMicroseconds) as cpu_wait FROM  system.metric_log  WHERE event_time > now() - INTERVAL 2 MINUTE AND event_date >= yesterday()
2026-08-01 11:15:54	4	2	10208	2	SELECT count() as count, sum(elapsed) as total_elapsed, \'lh\' as usr FROM system.processes  WHERE user = \'observability-internal\' AND client_hostname LIKE \'loghouse-scraper%\'  UNION ALL SELECT count() as count, sum(elapsed) as total_elapsed, \'other\' as usr FROM system.processes  WHERE user != \'observ
2026-08-01 11:15:54	1	886	368083	1	SELECT value FROM system.asynchronous_metrics WHERE metric = \'OSMemoryAvailable\' ;
2026-08-01 11:15:55	1	0	0	1	             SELECT                 name,                 toJSONString(labels) as labels_serialized,                 value,                 help,                 type             FROM (                 SELECT   \'ClickHouse_CustomMetric_TotalMemoryUsedByAsynchronousInserts\' AS name,   toFloat64(SUM(t
2026-08-01 11:15:55	2	0	0	0	             SELECT                 name,                 toJSONString(labels) as labels_serialized,                 value,                 help,                 type             FROM (                 SELECT   \'ClickHouse_CustomMetric_FailedMutations\' as name,   toFloat64(count()) as value,   \'The 
2026-08-01 11:15:55	2	13	6340	1	             SELECT                 name,                 toJSONString(labels) as labels_serialized,                 value,                 help,                 type             FROM (                 SELECT   \'ClickHouse_CustomMetric_TotalMemoryUsedByDictionaries\' AS name,   toFloat64(SUM(bytes_al
2026-08-01 11:15:55	2	6	213	0	             SELECT                 name,                 toJSONString(labels) as labels_serialized,                 value,                 help,                 type             FROM (                 SELECT   \'ClickHouse_CustomMetric_DatabaseReplicatedRecoveryTime\' as name,   toFloat64(recovery_ti
2026-08-01 11:16:00	1	0	0	1	             SELECT                 name,                 toJSONString(labels) as labels_serialized,                 value,                 help,                 type             FROM (                 SELECT   \'ClickHouse_CustomMetric_TotalMemoryUsedByMerges\' AS name,   toFloat64(SUM(memory_usage))
2026-08-01 11:16:00	2	13	6340	1	             SELECT                 name,                 toJSONString(labels) as labels_serialized,                 value,                 help,                 type             FROM (                 SELECT   \'ClickHouse_CustomMetric_TotalMemoryUsedByDictionaries\' AS name,   toFloat64(SUM(bytes_al
2026-08-01 11:16:00	5	112	27555	112	SELECT             name,             value,             help,             JSONExtract(labels_serialized, \'Map(String, String)\') as labels,             type         FROM merge(system, \'^_custom_metrics_dictionary_.*\')         FORMAT Prometheus
2026-08-01 11:16:03	3	2	12834	1	SELECT count() FROM system.processes WHERE (initial_user NOT IN _CAST([\'backups-internal\', \'management-internal\', \'monitoring-internal\', \'observability-internal\', \'operator-internal\', \'prometheus-exporter\', \'prometheus-internal\', \'operator-cert-internal\', \'availability-monitoring-internal\', \'\'], \'Ar
2026-08-01 11:16:03	2	63	899	1	SELECT countIf(database = \'system\') as systemParts, countIf(database != \'system\') as nonSystemParts FROM system.parts where active
2026-08-01 11:16:03	2	0	0	1	SELECT countIf(database = \'system\') as systemMerges, countIf(database != \'system\') as nonSystemMerges FROM system.merges
2026-08-01 11:16:03	27	3127	589147	126	SELECT CAST(\'0fc3eaab-fbcb-4533-8825-9be9faaea781\', \'UUID\') AS instance_id, CAST(\'c-boneaws-al-46-server-j62zx3k-0\', \'LowCardinality(String)\') AS node_id, CAST(name, \'LowCardinality(String)\') AS metric, CAST(mapFilter((k, v) -> has(_CAST([\'remote\'], \'Array(String)\'), k), labels), \'Map(LowCardinality
2026-08-01 11:16:05	2	6	3896	0	             SELECT                 name,                 toJSONString(labels) as labels_serialized,                 value,                 help,                 type             FROM (                 SELECT   \'clickhouse_table_replica_readonly_start_timestamp_seconds\' as name,   toFloat64(toUnixTi
2026-08-01 11:16:05	3	6	213	0	             SELECT                 name,                 toJSONString(labels) as labels_serialized,                 value,                 help,                 type             FROM (                 SELECT   \'ClickHouse_CustomMetric_SharedCatalogRecoveryTime\' as name,   toFloat64(recovery_time) a
2026-08-01 11:16:10	3	6	213	0	             SELECT                 name,                 toJSONString(labels) as labels_serialized,                 value,                 help,                 type             FROM (                 SELECT   \'ClickHouse_CustomMetric_SharedCatalogRecoveryTime\' as name,   toFloat64(recovery_time) a
2026-08-01 11:16:13	3	1	5438	1	SELECT count() FROM system.processes WHERE (initial_user NOT IN _CAST([\'backups-internal\', \'management-internal\', \'monitoring-internal\', \'observability-internal\', \'operator-internal\', \'prometheus-exporter\', \'prometheus-internal\', \'operator-cert-internal\', \'availability-monitoring-internal\', \'\'], \'Ar
2026-08-01 11:16:13	3	60	854	1	SELECT countIf(database = \'system\') as systemParts, countIf(database != \'system\') as nonSystemParts FROM system.parts where active
2026-08-01 11:16:13	2	0	0	1	SELECT countIf(database = \'system\') as systemMerges, countIf(database != \'system\') as nonSystemMerges FROM system.merges
2026-08-01 11:16:13	1	1	1	1	SELECT displayName(), version(), revision(), timezone()
2026-08-01 11:16:13	1	1	1	1	SELECT 1;
2026-08-01 11:16:20	5	112	27555	112	SELECT             name,             value,             help,             JSONExtract(labels_serialized, \'Map(String, String)\') as labels,             type         FROM merge(system, \'^_custom_metrics_dictionary_.*\')         FORMAT Prometheus
2026-08-01 11:16:20	1	0	0	1	             SELECT                 name,                 toJSONString(labels) as labels_serialized,                 value,                 help,                 type             FROM (                 SELECT   \'ClickHouse_CustomMetric_TotalMemoryUsedByAsynchronousInserts\' AS name,   toFloat64(SUM(t
2026-08-01 11:16:21	5	107	26434	107	SELECT             name,             value,             help,             JSONExtract(labels_serialized, \'Map(String, String)\') as labels,             type         FROM merge(system, \'^_custom_metrics_dictionary_.*\')         FORMAT Prometheus
2026-08-01 11:16:23	4	0	0	0	WITH source AS (SELECT [\'matview_execution_total\', if(exception_code != 0, \'matview_execution_fail\', \'\')] AS metrics, event_time AS ts FROM system.query_views_log WHERE (status != \'QueryStart\') AND (event_date >= toDate(_CAST(\'1785582828.069\', \'DateTime64\'))) AND (event_time >= toDateTime(_CAST(\'178
2026-08-01 11:16:23	5	378	114440	5	WITH metrics AS (SELECT name AS metric, toFloat64(value) AS val, now() AS ts FROM system.server_settings WHERE multiMatchAny(name, _CAST([\'^max_database_num_to_throw$\', \'^max_database_num_to_warn$\', \'^max_table_num_to_throw$\', \'^max_table_num_to_warn$\', \'^max_concurrent_queries$\'], \'Array(String)\'))
2026-08-01 11:16:23	9	92134	1420186	1560	SELECT CAST(\'0fc3eaab-fbcb-4533-8825-9be9faaea781\', \'UUID\') AS control_plane_id, CAST(\'c-boneaws-al-46-server-j62zx3k-0\', \'LowCardinality(String)\') AS pod_id, CAST(now64(), \'DateTime64(6)\') AS scrape_ts_microseconds, CAST(event_date, \'Date\') AS event_date, CAST(event_time, \'DateTime\') AS event_time,
2026-08-01 11:16:23	10	799	11971	11	WITH metrics AS (SELECT multiIf((event_type = \'MergeParts\') AND (error = 0), \'merges_finished\', (event_type = \'MergeParts\') AND (error != 0), \'merges_failed\', (event_type = \'MutatePart\') AND (error = 0), \'mutate_part_finished\', (event_type = \'MutatePart\') AND (error != 0), \'mutate_part_failed\', NULL
2026-08-01 11:16:23	10	0	0	1	WITH failed_mutations AS (SELECT toDateTime(create_time) AS ts, count() AS val FROM system.mutations WHERE (ts > toDateTime(_CAST(\'1785582828.069\', \'DateTime64\'))) AND (ts <= toDateTime(_CAST(\'1785582948.069\', \'DateTime64\'))) AND (latest_failed_part != \'\') AND (is_done = 0) GROUP BY ts), failed_muta
2026-08-01 11:16:23	3	7	36601	1	SELECT count() FROM system.processes WHERE (initial_user NOT IN _CAST([\'backups-internal\', \'management-internal\', \'monitoring-internal\', \'observability-internal\', \'operator-internal\', \'prometheus-exporter\', \'prometheus-internal\', \'operator-cert-internal\', \'availability-monitoring-internal\', \'\'], \'Ar
2026-08-01 11:16:23	2	57	809	1	SELECT countIf(database = \'system\') as systemParts, countIf(database != \'system\') as nonSystemParts FROM system.parts where active
2026-08-01 11:16:23	2	0	0	1	SELECT countIf(database = \'system\') as systemMerges, countIf(database != \'system\') as nonSystemMerges FROM system.merges
2026-08-01 11:16:23	24	3122	588583	126	SELECT CAST(\'0fc3eaab-fbcb-4533-8825-9be9faaea781\', \'UUID\') AS instance_id, CAST(\'c-boneaws-al-46-server-j62zx3k-0\', \'LowCardinality(String)\') AS node_id, CAST(name, \'LowCardinality(String)\') AS metric, CAST(mapFilter((k, v) -> has(_CAST([\'remote\'], \'Array(String)\'), k), labels), \'Map(LowCardinality
2026-08-01 11:16:23	52	837	230416	120	SELECT CAST(\'0fc3eaab-fbcb-4533-8825-9be9faaea781\', \'UUID\') AS control_plane_id, CAST(\'c-boneaws-al-46-server-j62zx3k-0\', \'LowCardinality(String)\') AS pod_id, CAST(now64(), \'DateTime64(6)\') AS scrape_ts_microseconds, CAST(event_date, \'Date\') AS event_date, CAST(event_time, \'DateTime\') AS event_time,
2026-08-01 11:16:23	147	718	211243	10	WITH parts_agg AS (SELECT database AS agg_database, `table` AS agg_table, SUM(primary_key_size) AS primary_index_size, SUM(secondary_indices_compressed_bytes) AS secondary_index_size FROM system.parts WHERE active AND (database != \'system\') GROUP BY database, `table`), proj_agg AS (SELECT database A
2026-08-01 11:16:24	14	837	11718	1	SELECT avg(ProfileEvent_OSCPUWaitMicroseconds) as cpu_wait FROM  system.metric_log  WHERE event_time > now() - INTERVAL 2 MINUTE AND event_date >= yesterday()
2026-08-01 11:16:24	4	2	10208	2	SELECT count() as count, sum(elapsed) as total_elapsed, \'lh\' as usr FROM system.processes  WHERE user = \'observability-internal\' AND client_hostname LIKE \'loghouse-scraper%\'  UNION ALL SELECT count() as count, sum(elapsed) as total_elapsed, \'other\' as usr FROM system.processes  WHERE user != \'observ
2026-08-01 11:16:24	1	888	368445	1	SELECT value FROM system.asynchronous_metrics WHERE metric = \'OSMemoryAvailable\' ;
2026-08-01 11:16:25	2	59	472	1	             SELECT                 name,                 toJSONString(labels) as labels_serialized,                 value,                 help,                 type             FROM (                 SELECT   \'ClickHouse_CustomMetric_TotalMemoryUsedByDataSkippingIndices\' AS name,   toFloat64(SUM(d
2026-08-01 11:16:25	2	13	6340	1	             SELECT                 name,                 toJSONString(labels) as labels_serialized,                 value,                 help,                 type             FROM (                 SELECT   \'ClickHouse_CustomMetric_TotalMemoryUsedByDictionaries\' AS name,   toFloat64(SUM(bytes_al
2026-08-01 11:16:30	1	6	2128	6	             SELECT                 name,                 toJSONString(labels) as labels_serialized,                 value,                 help,                 type             FROM (                 SELECT   concat(\'clickhouse_\', system.dimensional_metrics.metric) AS name,   toFloat64(system.dime
2026-08-01 11:16:30	2	15	1013	15	             SELECT                 name,                 toJSONString(labels) as labels_serialized,                 value,                 help,                 type             FROM (                 SELECT     \'ClickHouse_MetricsCollection_CustomMetricsSystemTable\' AS name,     toFloat64(1) AS va
2026-08-01 11:16:30	2	13	6340	1	             SELECT                 name,                 toJSONString(labels) as labels_serialized,                 value,                 help,                 type             FROM (                 SELECT   \'ClickHouse_CustomMetric_TotalMemoryUsedByDictionaries\' AS name,   toFloat64(SUM(bytes_al
2026-08-01 11:16:30	5	107	26434	107	SELECT             name,             value,             help,             JSONExtract(labels_serialized, \'Map(String, String)\') as labels,             type         FROM merge(system, \'^_custom_metrics_dictionary_.*\')         FORMAT Prometheus
2026-08-01 11:16:33	3	1	5438	1	SELECT count() FROM system.processes WHERE (initial_user NOT IN _CAST([\'backups-internal\', \'management-internal\', \'monitoring-internal\', \'observability-internal\', \'operator-internal\', \'prometheus-exporter\', \'prometheus-internal\', \'operator-cert-internal\', \'availability-monitoring-internal\', \'\'], \'Ar
2026-08-01 11:16:33	2	58	824	1	SELECT countIf(database = \'system\') as systemParts, countIf(database != \'system\') as nonSystemParts FROM system.parts where active
2026-08-01 11:16:33	1	0	0	1	SELECT countIf(database = \'system\') as systemMerges, countIf(database != \'system\') as nonSystemMerges FROM system.merges
2026-08-01 11:16:40	1	0	0	1	             SELECT                 name,                 toJSONString(labels) as labels_serialized,                 value,                 help,                 type             FROM (                 SELECT   \'ClickHouse_CustomMetric_TotalMemoryUsedByMerges\' AS name,   toFloat64(SUM(memory_usage))
2026-08-01 11:16:43	2	2	12834	1	SELECT count() FROM system.processes WHERE (initial_user NOT IN _CAST([\'backups-internal\', \'management-internal\', \'monitoring-internal\', \'observability-internal\', \'operator-internal\', \'prometheus-exporter\', \'prometheus-internal\', \'operator-cert-internal\', \'availability-monitoring-internal\', \'\'], \'Ar
2026-08-01 11:16:43	2	65	929	1	SELECT countIf(database = \'system\') as systemParts, countIf(database != \'system\') as nonSystemParts FROM system.parts where active
2026-08-01 11:16:43	1	0	0	1	SELECT countIf(database = \'system\') as systemMerges, countIf(database != \'system\') as nonSystemMerges FROM system.merges
2026-08-01 11:16:43	24	3126	589299	126	SELECT CAST(\'0fc3eaab-fbcb-4533-8825-9be9faaea781\', \'UUID\') AS instance_id, CAST(\'c-boneaws-al-46-server-j62zx3k-0\', \'LowCardinality(String)\') AS node_id, CAST(name, \'LowCardinality(String)\') AS metric, CAST(mapFilter((k, v) -> has(_CAST([\'remote\'], \'Array(String)\'), k), labels), \'Map(LowCardinality
2026-08-01 11:16:45	2	3	7562	1	             SELECT                 name,                 toJSONString(labels) as labels_serialized,                 value,                 help,                 type             FROM (                 SELECT   \'ClickHouse_CustomMetric_TotalMemoryUsedByQueries\' AS name,   toFloat64(SUM(peak_memory_u
2026-08-01 11:16:45	2	59	472	1	             SELECT                 name,                 toJSONString(labels) as labels_serialized,                 value,                 help,                 type             FROM (                 SELECT   \'ClickHouse_CustomMetric_TotalMemoryUsedByDataSkippingIndices\' AS name,   toFloat64(SUM(d
2026-08-01 11:16:45	2	15	1013	15	             SELECT                 name,                 toJSONString(labels) as labels_serialized,                 value,                 help,                 type             FROM (                 SELECT     \'ClickHouse_MetricsCollection_CustomMetricsSystemTable\' AS name,     toFloat64(1) AS va
2026-08-01 11:16:46	2	0	8	1	SELECT count() FROM system.backups where status IN (0,3)
2026-08-01 11:16:46	3	1	5472	1	SELECT count() FROM system.processes WHERE (elapsed > _CAST(0, \'Int64\')) AND (initial_user NOT IN _CAST([\'backups-internal\', \'management-internal\', \'monitoring-internal\', \'observability-internal\', \'operator-internal\', \'prometheus-exporter\', \'prometheus-internal\', \'operator-cert-internal\', \'availabil
2026-08-01 11:16:47	1	1	1	1	SELECT displayName(), version(), revision(), timezone()
2026-08-01 11:16:47	1	1	1	1	SELECT 1;
2026-08-01 11:16:50	5	107	26434	107	SELECT             name,             value,             help,             JSONExtract(labels_serialized, \'Map(String, String)\') as labels,             type         FROM merge(system, \'^_custom_metrics_dictionary_.*\')         FORMAT Prometheus
2026-08-01 11:16:50	2	6	3896	0	             SELECT                 name,                 toJSONString(labels) as labels_serialized,                 value,                 help,                 type             FROM (                 SELECT   \'clickhouse_table_replica_readonly_start_timestamp_seconds\' as name,   toFloat64(toUnixTi
2026-08-01 11:16:50	3	6	213	0	             SELECT                 name,                 toJSONString(labels) as labels_serialized,                 value,                 help,                 type             FROM (                 SELECT   \'ClickHouse_CustomMetric_DatabaseReplicatedRecoveryTime\' as name,   toFloat64(recovery_ti
2026-08-01 11:16:51	5	107	26434	107	SELECT             name,             value,             help,             JSONExtract(labels_serialized, \'Map(String, String)\') as labels,             type         FROM merge(system, \'^_custom_metrics_dictionary_.*\')         FORMAT Prometheus
2026-08-01 11:16:53	3	1	5438	1	SELECT count() FROM system.processes WHERE (initial_user NOT IN _CAST([\'backups-internal\', \'management-internal\', \'monitoring-internal\', \'observability-internal\', \'operator-internal\', \'prometheus-exporter\', \'prometheus-internal\', \'operator-cert-internal\', \'availability-monitoring-internal\', \'\'], \'Ar
2026-08-01 11:16:53	2	67	959	1	SELECT countIf(database = \'system\') as systemParts, countIf(database != \'system\') as nonSystemParts FROM system.parts where active
2026-08-01 11:16:53	2	0	0	1	SELECT countIf(database = \'system\') as systemMerges, countIf(database != \'system\') as nonSystemMerges FROM system.merges
2026-08-01 11:16:54	14	868	12152	1	SELECT avg(ProfileEvent_OSCPUWaitMicroseconds) as cpu_wait FROM  system.metric_log  WHERE event_time > now() - INTERVAL 2 MINUTE AND event_date >= yesterday()
2026-08-01 11:16:54	6	2	10208	2	SELECT count() as count, sum(elapsed) as total_elapsed, \'lh\' as usr FROM system.processes  WHERE user = \'observability-internal\' AND client_hostname LIKE \'loghouse-scraper%\'  UNION ALL SELECT count() as count, sum(elapsed) as total_elapsed, \'other\' as usr FROM system.processes  WHERE user != \'observ
2026-08-01 11:16:54	1	886	368083	1	SELECT value FROM system.asynchronous_metrics WHERE metric = \'OSMemoryAvailable\' ;
2026-08-01 11:16:55	2	0	0	0	             SELECT                 name,                 toJSONString(labels) as labels_serialized,                 value,                 help,                 type             FROM (                 SELECT   \'ClickHouse_CustomMetric_FailedMutations\' as name,   toFloat64(count()) as value,   \'The 
2026-08-01 11:16:55	2	6	3896	0	             SELECT                 name,                 toJSONString(labels) as labels_serialized,                 value,                 help,                 type             FROM (                 SELECT   \'clickhouse_table_replica_readonly_start_timestamp_seconds\' as name,   toFloat64(toUnixTi
2026-08-01 11:17:00	1	6	2128	6	             SELECT                 name,                 toJSONString(labels) as labels_serialized,                 value,                 help,                 type             FROM (                 SELECT   concat(\'clickhouse_\', system.dimensional_metrics.metric) AS name,   toFloat64(system.dime
2026-08-01 11:17:00	2	0	0	1	             SELECT                 name,                 toJSONString(labels) as labels_serialized,                 value,                 help,                 type             FROM (                 SELECT   \'ClickHouse_CustomMetric_TotalMemoryUsedByMerges\' AS name,   toFloat64(SUM(memory_usage))
2026-08-01 11:17:00	2	13	6340	1	             SELECT                 name,                 toJSONString(labels) as labels_serialized,                 value,                 help,                 type             FROM (                 SELECT   \'ClickHouse_CustomMetric_TotalMemoryUsedByDictionaries\' AS name,   toFloat64(SUM(bytes_al
2026-08-01 11:17:00	2	6	3896	0	             SELECT                 name,                 toJSONString(labels) as labels_serialized,                 value,                 help,                 type             FROM (                 SELECT   \'clickhouse_table_replica_readonly_start_timestamp_seconds\' as name,   toFloat64(toUnixTi
2026-08-01 11:17:00	5	107	26434	107	SELECT             name,             value,             help,             JSONExtract(labels_serialized, \'Map(String, String)\') as labels,             type         FROM merge(system, \'^_custom_metrics_dictionary_.*\')         FORMAT Prometheus
2026-08-01 11:17:03	3	2	12834	1	SELECT count() FROM system.processes WHERE (initial_user NOT IN _CAST([\'backups-internal\', \'management-internal\', \'monitoring-internal\', \'observability-internal\', \'operator-internal\', \'prometheus-exporter\', \'prometheus-internal\', \'operator-cert-internal\', \'availability-monitoring-internal\', \'\'], \'Ar
2026-08-01 11:17:03	2	63	899	1	SELECT countIf(database = \'system\') as systemParts, countIf(database != \'system\') as nonSystemParts FROM system.parts where active
2026-08-01 11:17:03	2	0	0	1	SELECT countIf(database = \'system\') as systemMerges, countIf(database != \'system\') as nonSystemMerges FROM system.merges
2026-08-01 11:17:03	23	3122	588583	126	SELECT CAST(\'0fc3eaab-fbcb-4533-8825-9be9faaea781\', \'UUID\') AS instance_id, CAST(\'c-boneaws-al-46-server-j62zx3k-0\', \'LowCardinality(String)\') AS node_id, CAST(name, \'LowCardinality(String)\') AS metric, CAST(mapFilter((k, v) -> has(_CAST([\'remote\'], \'Array(String)\'), k), labels), \'Map(LowCardinality
2026-08-01 11:17:05	2	13	6340	1	             SELECT                 name,                 toJSONString(labels) as labels_serialized,                 value,                 help,                 type             FROM (                 SELECT   \'ClickHouse_CustomMetric_TotalMemoryUsedByDictionaries\' AS name,   toFloat64(SUM(bytes_al
2026-08-01 11:17:10	1	0	0	1	             SELECT                 name,                 toJSONString(labels) as labels_serialized,                 value,                 help,                 type             FROM (                 SELECT   \'ClickHouse_CustomMetric_TotalMemoryUsedByAsynchronousInserts\' AS name,   toFloat64(SUM(t
2026-08-01 11:17:10	3	6	213	0	             SELECT                 name,                 toJSONString(labels) as labels_serialized,                 value,                 help,                 type             FROM (                 SELECT   \'ClickHouse_CustomMetric_SharedCatalogRecoveryTime\' as name,   toFloat64(recovery_time) a
2026-08-01 11:17:13	3	1	5438	1	SELECT count() FROM system.processes WHERE (initial_user NOT IN _CAST([\'backups-internal\', \'management-internal\', \'monitoring-internal\', \'observability-internal\', \'operator-internal\', \'prometheus-exporter\', \'prometheus-internal\', \'operator-cert-internal\', \'availability-monitoring-internal\', \'\'], \'Ar
2026-08-01 11:17:13	2	74	1064	1	SELECT countIf(database = \'system\') as systemParts, countIf(database != \'system\') as nonSystemParts FROM system.parts where active
2026-08-01 11:17:13	2	0	0	1	SELECT countIf(database = \'system\') as systemMerges, countIf(database != \'system\') as nonSystemMerges FROM system.merges
2026-08-01 11:17:15	2	59	472	1	             SELECT                 name,                 toJSONString(labels) as labels_serialized,                 value,                 help,                 type             FROM (                 SELECT   \'ClickHouse_CustomMetric_TotalMemoryUsedByDataSkippingIndices\' AS name,   toFloat64(SUM(d
2026-08-01 11:17:15	2	3	7614	1	             SELECT                 name,                 toJSONString(labels) as labels_serialized,                 value,                 help,                 type             FROM (                 SELECT   \'ClickHouse_CustomMetric_TotalMemoryUsedByQueries\' AS name,   toFloat64(SUM(peak_memory_u
2026-08-01 11:17:15	2	6	3896	0	             SELECT                 name,                 toJSONString(labels) as labels_serialized,                 value,                 help,                 type             FROM (                 SELECT   \'clickhouse_table_replica_readonly_start_timestamp_seconds\' as name,   toFloat64(toUnixTi
2026-08-01 11:17:20	5	107	26434	107	SELECT             name,             value,             help,             JSONExtract(labels_serialized, \'Map(String, String)\') as labels,             type         FROM merge(system, \'^_custom_metrics_dictionary_.*\')         FORMAT Prometheus
2026-08-01 11:17:20	1	0	0	1	             SELECT                 name,                 toJSONString(labels) as labels_serialized,                 value,                 help,                 type             FROM (                 SELECT   \'ClickHouse_CustomMetric_TotalMemoryUsedByAsynchronousInserts\' AS name,   toFloat64(SUM(t
2026-08-01 11:17:20	2	15	1013	15	             SELECT                 name,                 toJSONString(labels) as labels_serialized,                 value,                 help,                 type             FROM (                 SELECT     \'ClickHouse_MetricsCollection_CustomMetricsSystemTable\' AS name,     toFloat64(1) AS va
2026-08-01 11:17:21	5	108	26710	108	SELECT             name,             value,             help,             JSONExtract(labels_serialized, \'Map(String, String)\') as labels,             type         FROM merge(system, \'^_custom_metrics_dictionary_.*\')         FORMAT Prometheus
2026-08-01 11:17:23	3	2	12834	1	SELECT count() FROM system.processes WHERE (initial_user NOT IN _CAST([\'backups-internal\', \'management-internal\', \'monitoring-internal\', \'observability-internal\', \'operator-internal\', \'prometheus-exporter\', \'prometheus-internal\', \'operator-cert-internal\', \'availability-monitoring-internal\', \'\'], \'Ar
2026-08-01 11:17:23	2	75	1079	1	SELECT countIf(database = \'system\') as systemParts, countIf(database != \'system\') as nonSystemParts FROM system.parts where active
2026-08-01 11:17:23	2	0	0	1	SELECT countIf(database = \'system\') as systemMerges, countIf(database != \'system\') as nonSystemMerges FROM system.merges
2026-08-01 11:17:23	24	3123	588721	126	SELECT CAST(\'0fc3eaab-fbcb-4533-8825-9be9faaea781\', \'UUID\') AS instance_id, CAST(\'c-boneaws-al-46-server-j62zx3k-0\', \'LowCardinality(String)\') AS node_id, CAST(name, \'LowCardinality(String)\') AS metric, CAST(mapFilter((k, v) -> has(_CAST([\'remote\'], \'Array(String)\'), k), labels), \'Map(LowCardinality
2026-08-01 11:17:24	15	898	12349	1	SELECT avg(ProfileEvent_OSCPUWaitMicroseconds) as cpu_wait FROM  system.metric_log  WHERE event_time > now() - INTERVAL 2 MINUTE AND event_date >= yesterday()
2026-08-01 11:17:24	4	2	10208	2	SELECT count() as count, sum(elapsed) as total_elapsed, \'lh\' as usr FROM system.processes  WHERE user = \'observability-internal\' AND client_hostname LIKE \'loghouse-scraper%\'  UNION ALL SELECT count() as count, sum(elapsed) as total_elapsed, \'other\' as usr FROM system.processes  WHERE user != \'observ
2026-08-01 11:17:24	1	886	368083	1	SELECT value FROM system.asynchronous_metrics WHERE metric = \'OSMemoryAvailable\' ;
2026-08-01 11:17:25	3	0	0	0	SELECT now64(6) as scrape_time_microseconds, \'j62zx3k\' AS pod_ident, \'boneaws-al-46\' AS spoken_name, \'cell-1\' AS cell, \'ap-south-1\' AS region, \'aws\' AS cloud_provider, \'26.2.1.525\' AS clickhouse_version, \'0fc3eaab-fbcb-4533-8825-9be9faaea781\' AS control_plane_id, \'aarch64\' AS system_processor, * FRO
2026-08-01 11:17:26	3	0	0	0	SELECT now64(6) as scrape_time_microseconds, \'j62zx3k\' AS pod_ident, \'boneaws-al-46\' AS spoken_name, \'cell-1\' AS cell, \'ap-south-1\' AS region, \'aws\' AS cloud_provider, \'26.2.1.525\' AS clickhouse_version, \'0fc3eaab-fbcb-4533-8825-9be9faaea781\' AS control_plane_id, \'aarch64\' AS system_processor, * FRO
2026-08-01 11:17:27	5	0	0	0	SELECT now64(6) as scrape_time_microseconds, \'j62zx3k\' AS pod_ident, \'boneaws-al-46\' AS spoken_name, \'cell-1\' AS cell, \'ap-south-1\' AS region, \'aws\' AS cloud_provider, \'26.2.1.525\' AS clickhouse_version, \'0fc3eaab-fbcb-4533-8825-9be9faaea781\' AS control_plane_id, \'aarch64\' AS system_processor, * FRO
2026-08-01 11:17:28	3	0	0	0	SELECT now64(6) as scrape_time_microseconds, \'j62zx3k\' AS pod_ident, \'boneaws-al-46\' AS spoken_name, \'cell-1\' AS cell, \'ap-south-1\' AS region, \'aws\' AS cloud_provider, \'26.2.1.525\' AS clickhouse_version, \'0fc3eaab-fbcb-4533-8825-9be9faaea781\' AS control_plane_id, \'aarch64\' AS system_processor, * FRO
2026-08-01 11:17:29	2	0	0	0	SELECT now64(6) as scrape_time_microseconds, \'j62zx3k\' AS pod_ident, \'boneaws-al-46\' AS spoken_name, \'cell-1\' AS cell, \'ap-south-1\' AS region, \'aws\' AS cloud_provider, \'26.2.1.525\' AS clickhouse_version, \'0fc3eaab-fbcb-4533-8825-9be9faaea781\' AS control_plane_id, \'aarch64\' AS system_processor, * FRO
2026-08-01 11:17:30	3	0	0	0	SELECT now64(6) as scrape_time_microseconds, \'j62zx3k\' AS pod_ident, \'boneaws-al-46\' AS spoken_name, \'cell-1\' AS cell, \'ap-south-1\' AS region, \'aws\' AS cloud_provider, \'26.2.1.525\' AS clickhouse_version, \'0fc3eaab-fbcb-4533-8825-9be9faaea781\' AS control_plane_id, \'aarch64\' AS system_processor, * FRO
2026-08-01 11:17:30	2	13	6340	1	             SELECT                 name,                 toJSONString(labels) as labels_serialized,                 value,                 help,                 type             FROM (                 SELECT   \'ClickHouse_CustomMetric_TotalMemoryUsedByDictionaries\' AS name,   toFloat64(SUM(bytes_al
2026-08-01 11:17:30	3	6	213	0	             SELECT                 name,                 toJSONString(labels) as labels_serialized,                 value,                 help,                 type             FROM (                 SELECT   \'ClickHouse_CustomMetric_DatabaseReplicatedRecoveryTime\' as name,   toFloat64(recovery_ti
2026-08-01 11:17:30	5	108	26710	108	SELECT             name,             value,             help,             JSONExtract(labels_serialized, \'Map(String, String)\') as labels,             type         FROM merge(system, \'^_custom_metrics_dictionary_.*\')         FORMAT Prometheus
2026-08-01 11:17:31	3	0	0	0	SELECT now64(6) as scrape_time_microseconds, \'j62zx3k\' AS pod_ident, \'boneaws-al-46\' AS spoken_name, \'cell-1\' AS cell, \'ap-south-1\' AS region, \'aws\' AS cloud_provider, \'26.2.1.525\' AS clickhouse_version, \'0fc3eaab-fbcb-4533-8825-9be9faaea781\' AS control_plane_id, \'aarch64\' AS system_processor, * FRO
2026-08-01 11:17:32	3	0	0	0	SELECT now64(6) as scrape_time_microseconds, \'j62zx3k\' AS pod_ident, \'boneaws-al-46\' AS spoken_name, \'cell-1\' AS cell, \'ap-south-1\' AS region, \'aws\' AS cloud_provider, \'26.2.1.525\' AS clickhouse_version, \'0fc3eaab-fbcb-4533-8825-9be9faaea781\' AS control_plane_id, \'aarch64\' AS system_processor, * FRO
2026-08-01 11:17:33	3	0	0	0	SELECT now64(6) as scrape_time_microseconds, \'j62zx3k\' AS pod_ident, \'boneaws-al-46\' AS spoken_name, \'cell-1\' AS cell, \'ap-south-1\' AS region, \'aws\' AS cloud_provider, \'26.2.1.525\' AS clickhouse_version, \'0fc3eaab-fbcb-4533-8825-9be9faaea781\' AS control_plane_id, \'aarch64\' AS system_processor, * FRO
2026-08-01 11:17:33	3	1	5438	1	SELECT count() FROM system.processes WHERE (initial_user NOT IN _CAST([\'backups-internal\', \'management-internal\', \'monitoring-internal\', \'observability-internal\', \'operator-internal\', \'prometheus-exporter\', \'prometheus-internal\', \'operator-cert-internal\', \'availability-monitoring-internal\', \'\'], \'Ar
2026-08-01 11:17:33	2	76	1094	1	SELECT countIf(database = \'system\') as systemParts, countIf(database != \'system\') as nonSystemParts FROM system.parts where active
2026-08-01 11:17:33	2	0	0	1	SELECT countIf(database = \'system\') as systemMerges, countIf(database != \'system\') as nonSystemMerges FROM system.merges
2026-08-01 11:17:34	6	5073	526902	451	SELECT now64(6) as scrape_time_microseconds, \'j62zx3k\' AS pod_ident, \'boneaws-al-46\' AS spoken_name, \'cell-1\' AS cell, \'ap-south-1\' AS region, \'aws\' AS cloud_provider, \'26.2.1.525\' AS clickhouse_version, \'0fc3eaab-fbcb-4533-8825-9be9faaea781\' AS control_plane_id, \'aarch64\' AS system_processor, * FRO
2026-08-01 11:17:35	80	0	0	0	SELECT now64(6) as scrape_time_microseconds, \'j62zx3k\' AS pod_ident, \'boneaws-al-46\' AS spoken_name, \'cell-1\' AS cell, \'ap-south-1\' AS region, \'aws\' AS cloud_provider, \'26.2.1.525\' AS clickhouse_version, \'0fc3eaab-fbcb-4533-8825-9be9faaea781\' AS control_plane_id, \'aarch64\' AS system_processor, * FRO
2026-08-01 11:17:36	3	0	0	0	SELECT now64(6) as scrape_time_microseconds, \'j62zx3k\' AS pod_ident, \'boneaws-al-46\' AS spoken_name, \'cell-1\' AS cell, \'ap-south-1\' AS region, \'aws\' AS cloud_provider, \'26.2.1.525\' AS clickhouse_version, \'0fc3eaab-fbcb-4533-8825-9be9faaea781\' AS control_plane_id, \'aarch64\' AS system_processor, * FRO
2026-08-01 11:17:37	7	525	331286	88	SELECT now64(6) as scrape_time_microseconds, \'j62zx3k\' AS pod_ident, \'boneaws-al-46\' AS spoken_name, \'cell-1\' AS cell, \'ap-south-1\' AS region, \'aws\' AS cloud_provider, \'26.2.1.525\' AS clickhouse_version, \'0fc3eaab-fbcb-4533-8825-9be9faaea781\' AS control_plane_id, \'aarch64\' AS system_processor, * FRO
2026-08-01 11:17:38	13	9986	2386170	4664	SELECT now64(6) as scrape_time_microseconds, \'j62zx3k\' AS pod_ident, \'boneaws-al-46\' AS spoken_name, \'cell-1\' AS cell, \'ap-south-1\' AS region, \'aws\' AS cloud_provider, \'26.2.1.525\' AS clickhouse_version, \'0fc3eaab-fbcb-4533-8825-9be9faaea781\' AS control_plane_id, \'aarch64\' AS system_processor, * FRO
2026-08-01 11:17:39	18	20078	4541654	9627	SELECT now64(6) as scrape_time_microseconds, \'j62zx3k\' AS pod_ident, \'boneaws-al-46\' AS spoken_name, \'cell-1\' AS cell, \'ap-south-1\' AS region, \'aws\' AS cloud_provider, \'26.2.1.525\' AS clickhouse_version, \'0fc3eaab-fbcb-4533-8825-9be9faaea781\' AS control_plane_id, \'aarch64\' AS system_processor, * FRO
2026-08-01 11:17:40	25	2742	6051731	358	SELECT now64(6) as scrape_time_microseconds, \'j62zx3k\' AS pod_ident, \'boneaws-al-46\' AS spoken_name, \'cell-1\' AS cell, \'ap-south-1\' AS region, \'aws\' AS cloud_provider, \'26.2.1.525\' AS clickhouse_version, \'0fc3eaab-fbcb-4533-8825-9be9faaea781\' AS control_plane_id, \'aarch64\' AS system_processor, * FRO
2026-08-01 11:17:40	2	13	6340	1	             SELECT                 name,                 toJSONString(labels) as labels_serialized,                 value,                 help,                 type             FROM (                 SELECT   \'ClickHouse_CustomMetric_TotalMemoryUsedByDictionaries\' AS name,   toFloat64(SUM(bytes_al
2026-08-01 11:17:41	170	807	2060641	121	SELECT now64(6) as scrape_time_microseconds, \'j62zx3k\' AS pod_ident, \'boneaws-al-46\' AS spoken_name, \'cell-1\' AS cell, \'ap-south-1\' AS region, \'aws\' AS cloud_provider, \'26.2.1.525\' AS clickhouse_version, \'0fc3eaab-fbcb-4533-8825-9be9faaea781\' AS control_plane_id, \'aarch64\' AS system_processor, * FRO
2026-08-01 11:17:42	9	900	565330	94	SELECT now64(6) as scrape_time_microseconds, \'j62zx3k\' AS pod_ident, \'boneaws-al-46\' AS spoken_name, \'cell-1\' AS cell, \'ap-south-1\' AS region, \'aws\' AS cloud_provider, \'26.2.1.525\' AS clickhouse_version, \'0fc3eaab-fbcb-4533-8825-9be9faaea781\' AS control_plane_id, \'aarch64\' AS system_processor, * FRO
2026-08-01 11:17:43	3	0	0	0	SELECT now64(6) as scrape_time_microseconds, \'j62zx3k\' AS pod_ident, \'boneaws-al-46\' AS spoken_name, \'cell-1\' AS cell, \'ap-south-1\' AS region, \'aws\' AS cloud_provider, \'26.2.1.525\' AS clickhouse_version, \'0fc3eaab-fbcb-4533-8825-9be9faaea781\' AS control_plane_id, \'aarch64\' AS system_processor, * FRO
2026-08-01 11:17:43	3	2	12834	1	SELECT count() FROM system.processes WHERE (initial_user NOT IN _CAST([\'backups-internal\', \'management-internal\', \'monitoring-internal\', \'observability-internal\', \'operator-internal\', \'prometheus-exporter\', \'prometheus-internal\', \'operator-cert-internal\', \'availability-monitoring-internal\', \'\'], \'Ar
2026-08-01 11:17:43	2	77	1109	1	SELECT countIf(database = \'system\') as systemParts, countIf(database != \'system\') as nonSystemParts FROM system.parts where active
2026-08-01 11:17:43	24	3123	588721	126	SELECT CAST(\'0fc3eaab-fbcb-4533-8825-9be9faaea781\', \'UUID\') AS instance_id, CAST(\'c-boneaws-al-46-server-j62zx3k-0\', \'LowCardinality(String)\') AS node_id, CAST(name, \'LowCardinality(String)\') AS metric, CAST(mapFilter((k, v) -> has(_CAST([\'remote\'], \'Array(String)\'), k), labels), \'Map(LowCardinality
2026-08-01 11:17:43	2	0	0	1	SELECT countIf(database = \'system\') as systemMerges, countIf(database != \'system\') as nonSystemMerges FROM system.merges
2026-08-01 11:17:44	7	1871	564599	183	SELECT now64(6) as scrape_time_microseconds, \'j62zx3k\' AS pod_ident, \'boneaws-al-46\' AS spoken_name, \'cell-1\' AS cell, \'ap-south-1\' AS region, \'aws\' AS cloud_provider, \'26.2.1.525\' AS clickhouse_version, \'0fc3eaab-fbcb-4533-8825-9be9faaea781\' AS control_plane_id, \'aarch64\' AS system_processor, * FRO
2026-08-01 11:17:45	69	709180	11383207	106330	SELECT now64(6) as scrape_time_microseconds, \'j62zx3k\' AS pod_ident, \'boneaws-al-46\' AS spoken_name, \'cell-1\' AS cell, \'ap-south-1\' AS region, \'aws\' AS cloud_provider, \'26.2.1.525\' AS clickhouse_version, \'0fc3eaab-fbcb-4533-8825-9be9faaea781\' AS control_plane_id, \'aarch64\' AS system_processor, * FRO
2026-08-01 11:17:45	2	0	0	1	             SELECT                 name,                 toJSONString(labels) as labels_serialized,                 value,                 help,                 type             FROM (                 SELECT   \'ClickHouse_CustomMetric_TotalMemoryUsedByMerges\' AS name,   toFloat64(SUM(memory_usage))
2026-08-01 11:17:46	29	19686	5330378	8852	SELECT now64(6) as scrape_time_microseconds, \'j62zx3k\' AS pod_ident, \'boneaws-al-46\' AS spoken_name, \'cell-1\' AS cell, \'ap-south-1\' AS region, \'aws\' AS cloud_provider, \'26.2.1.525\' AS clickhouse_version, \'0fc3eaab-fbcb-4533-8825-9be9faaea781\' AS control_plane_id, \'aarch64\' AS system_processor, * FRO
2026-08-01 11:17:50	5	108	26710	108	SELECT             name,             value,             help,             JSONExtract(labels_serialized, \'Map(String, String)\') as labels,             type         FROM merge(system, \'^_custom_metrics_dictionary_.*\')         FORMAT Prometheus
2026-08-01 11:17:50	2	0	0	1	             SELECT                 name,                 toJSONString(labels) as labels_serialized,                 value,                 help,                 type             FROM (                 SELECT   \'ClickHouse_CustomMetric_TotalMemoryUsedByAsynchronousInserts\' AS name,   toFloat64(SUM(t
2026-08-01 11:17:50	2	3	7605	1	             SELECT                 name,                 toJSONString(labels) as labels_serialized,                 value,                 help,                 type             FROM (                 SELECT   \'ClickHouse_CustomMetric_TotalMemoryUsedByQueries\' AS name,   toFloat64(SUM(peak_memory_u
2026-08-01 11:17:50	3	6	213	0	             SELECT                 name,                 toJSONString(labels) as labels_serialized,                 value,                 help,                 type             FROM (                 SELECT   \'ClickHouse_CustomMetric_SharedCatalogRecoveryTime\' as name,   toFloat64(recovery_time) a
2026-08-01 11:17:51	5	108	26710	108	SELECT             name,             value,             help,             JSONExtract(labels_serialized, \'Map(String, String)\') as labels,             type         FROM merge(system, \'^_custom_metrics_dictionary_.*\')         FORMAT Prometheus
2026-08-01 11:17:53	3	1	5438	1	SELECT count() FROM system.processes WHERE (initial_user NOT IN _CAST([\'backups-internal\', \'management-internal\', \'monitoring-internal\', \'observability-internal\', \'operator-internal\', \'prometheus-exporter\', \'prometheus-internal\', \'operator-cert-internal\', \'availability-monitoring-internal\', \'\'], \'Ar
2026-08-01 11:17:53	2	79	1139	1	SELECT countIf(database = \'system\') as systemParts, countIf(database != \'system\') as nonSystemParts FROM system.parts where active
2026-08-01 11:17:53	1	0	0	1	SELECT countIf(database = \'system\') as systemMerges, countIf(database != \'system\') as nonSystemMerges FROM system.merges
2026-08-01 11:17:54	16	121	1248	1	SELECT avg(ProfileEvent_OSCPUWaitMicroseconds) as cpu_wait FROM  system.metric_log  WHERE event_time > now() - INTERVAL 2 MINUTE AND event_date >= yesterday()
2026-08-01 11:17:54	4	2	10208	2	SELECT count() as count, sum(elapsed) as total_elapsed, \'lh\' as usr FROM system.processes  WHERE user = \'observability-internal\' AND client_hostname LIKE \'loghouse-scraper%\'  UNION ALL SELECT count() as count, sum(elapsed) as total_elapsed, \'other\' as usr FROM system.processes  WHERE user != \'observ
2026-08-01 11:17:54	2	886	368083	1	SELECT value FROM system.asynchronous_metrics WHERE metric = \'OSMemoryAvailable\' ;
2026-08-01 11:17:55	2	0	0	0	             SELECT                 name,                 toJSONString(labels) as labels_serialized,                 value,                 help,                 type             FROM (                 SELECT   \'ClickHouse_CustomMetric_FailedMutations\' as name,   toFloat64(count()) as value,   \'The 
2026-08-01 11:18:00	1	6	2128	6	             SELECT                 name,                 toJSONString(labels) as labels_serialized,                 value,                 help,                 type             FROM (                 SELECT   concat(\'clickhouse_\', system.dimensional_metrics.metric) AS name,   toFloat64(system.dime
2026-08-01 11:18:00	5	108	26710	108	SELECT             name,             value,             help,             JSONExtract(labels_serialized, \'Map(String, String)\') as labels,             type         FROM merge(system, \'^_custom_metrics_dictionary_.*\')         FORMAT Prometheus
2026-08-01 11:18:03	2	2	12834	1	SELECT count() FROM system.processes WHERE (initial_user NOT IN _CAST([\'backups-internal\', \'management-internal\', \'monitoring-internal\', \'observability-internal\', \'operator-internal\', \'prometheus-exporter\', \'prometheus-internal\', \'operator-cert-internal\', \'availability-monitoring-internal\', \'\'], \'Ar
2026-08-01 11:18:03	2	80	1154	1	SELECT countIf(database = \'system\') as systemParts, countIf(database != \'system\') as nonSystemParts FROM system.parts where active
2026-08-01 11:18:03	1	0	0	1	SELECT countIf(database = \'system\') as systemMerges, countIf(database != \'system\') as nonSystemMerges FROM system.merges
2026-08-01 11:18:03	26	3123	588721	126	SELECT CAST(\'0fc3eaab-fbcb-4533-8825-9be9faaea781\', \'UUID\') AS instance_id, CAST(\'c-boneaws-al-46-server-j62zx3k-0\', \'LowCardinality(String)\') AS node_id, CAST(name, \'LowCardinality(String)\') AS metric, CAST(mapFilter((k, v) -> has(_CAST([\'remote\'], \'Array(String)\'), k), labels), \'Map(LowCardinality
2026-08-01 11:18:05	2	3	7502	1	             SELECT                 name,                 toJSONString(labels) as labels_serialized,                 value,                 help,                 type             FROM (                 SELECT   \'ClickHouse_CustomMetric_TotalMemoryUsedByQueries\' AS name,   toFloat64(SUM(peak_memory_u
2026-08-01 11:18:05	2	13	6340	1	             SELECT                 name,                 toJSONString(labels) as labels_serialized,                 value,                 help,                 type             FROM (                 SELECT   \'ClickHouse_CustomMetric_TotalMemoryUsedByDictionaries\' AS name,   toFloat64(SUM(bytes_al
2026-08-01 11:18:05	2	15	1013	15	             SELECT                 name,                 toJSONString(labels) as labels_serialized,                 value,                 help,                 type             FROM (                 SELECT     \'ClickHouse_MetricsCollection_CustomMetricsSystemTable\' AS name,     toFloat64(1) AS va
2026-08-01 11:18:10	1	6	2128	6	             SELECT                 name,                 toJSONString(labels) as labels_serialized,                 value,                 help,                 type             FROM (                 SELECT   concat(\'clickhouse_\', system.dimensional_metrics.metric) AS name,   toFloat64(system.dime
2026-08-01 11:18:10	1	0	0	1	             SELECT                 name,                 toJSONString(labels) as labels_serialized,                 value,                 help,                 type             FROM (                 SELECT   \'ClickHouse_CustomMetric_TotalMemoryUsedByAsynchronousInserts\' AS name,   toFloat64(SUM(t
2026-08-01 11:18:10	2	15	1013	15	             SELECT                 name,                 toJSONString(labels) as labels_serialized,                 value,                 help,                 type             FROM (                 SELECT     \'ClickHouse_MetricsCollection_CustomMetricsSystemTable\' AS name,     toFloat64(1) AS va
2026-08-01 11:18:10	2	4	8815	1	             SELECT                 name,                 toJSONString(labels) as labels_serialized,                 value,                 help,                 type             FROM (                 SELECT   \'ClickHouse_CustomMetric_TotalMemoryUsedByQueries\' AS name,   toFloat64(SUM(peak_memory_u
2026-08-01 11:18:10	1	1	1	1	SELECT displayName(), version(), revision(), timezone()
2026-08-01 11:18:11	1	1	1	1	SELECT 1;
2026-08-01 11:18:13	3	1	5438	1	SELECT count() FROM system.processes WHERE (initial_user NOT IN _CAST([\'backups-internal\', \'management-internal\', \'monitoring-internal\', \'observability-internal\', \'operator-internal\', \'prometheus-exporter\', \'prometheus-internal\', \'operator-cert-internal\', \'availability-monitoring-internal\', \'\'], \'Ar
2026-08-01 11:18:13	2	69	989	1	SELECT countIf(database = \'system\') as systemParts, countIf(database != \'system\') as nonSystemParts FROM system.parts where active
2026-08-01 11:18:13	2	0	0	1	SELECT countIf(database = \'system\') as systemMerges, countIf(database != \'system\') as nonSystemMerges FROM system.merges
2026-08-01 11:18:15	2	59	472	1	             SELECT                 name,                 toJSONString(labels) as labels_serialized,                 value,                 help,                 type             FROM (                 SELECT   \'ClickHouse_CustomMetric_TotalMemoryUsedByDataSkippingIndices\' AS name,   toFloat64(SUM(d
2026-08-01 11:18:15	2	6	3896	0	             SELECT                 name,                 toJSONString(labels) as labels_serialized,                 value,                 help,                 type             FROM (                 SELECT   \'clickhouse_table_replica_readonly_start_timestamp_seconds\' as name,   toFloat64(toUnixTi
2026-08-01 11:18:15	3	6	213	0	             SELECT                 name,                 toJSONString(labels) as labels_serialized,                 value,                 help,                 type             FROM (                 SELECT   \'ClickHouse_CustomMetric_SharedCatalogRecoveryTime\' as name,   toFloat64(recovery_time) a
2026-08-01 11:18:20	5	108	26710	108	SELECT             name,             value,             help,             JSONExtract(labels_serialized, \'Map(String, String)\') as labels,             type         FROM merge(system, \'^_custom_metrics_dictionary_.*\')         FORMAT Prometheus
2026-08-01 11:18:20	2	13	6340	1	             SELECT                 name,                 toJSONString(labels) as labels_serialized,                 value,                 help,                 type             FROM (                 SELECT   \'ClickHouse_CustomMetric_TotalMemoryUsedByDictionaries\' AS name,   toFloat64(SUM(bytes_al
2026-08-01 11:18:21	5	108	26710	108	SELECT             name,             value,             help,             JSONExtract(labels_serialized, \'Map(String, String)\') as labels,             type         FROM merge(system, \'^_custom_metrics_dictionary_.*\')         FORMAT Prometheus
2026-08-01 11:18:23	5	378	114440	5	WITH metrics AS (SELECT name AS metric, toFloat64(value) AS val, now() AS ts FROM system.server_settings WHERE multiMatchAny(name, _CAST([\'^max_database_num_to_throw$\', \'^max_database_num_to_warn$\', \'^max_table_num_to_throw$\', \'^max_table_num_to_warn$\', \'^max_concurrent_queries$\'], \'Array(String)\'))
2026-08-01 11:18:23	4	0	0	0	WITH source AS (SELECT [\'matview_execution_total\', if(exception_code != 0, \'matview_execution_fail\', \'\')] AS metrics, event_time AS ts FROM system.query_views_log WHERE (status != \'QueryStart\') AND (event_date >= toDate(_CAST(\'1785582948.069\', \'DateTime64\'))) AND (event_time >= toDateTime(_CAST(\'178
2026-08-01 11:18:23	9	0	0	1	WITH failed_mutations AS (SELECT toDateTime(create_time) AS ts, count() AS val FROM system.mutations WHERE (ts > toDateTime(_CAST(\'1785582948.069\', \'DateTime64\'))) AND (ts <= toDateTime(_CAST(\'1785583068.069\', \'DateTime64\'))) AND (latest_failed_part != \'\') AND (is_done = 0) GROUP BY ts), failed_muta
2026-08-01 11:18:23	7	73728	1108143	1560	SELECT CAST(\'0fc3eaab-fbcb-4533-8825-9be9faaea781\', \'UUID\') AS control_plane_id, CAST(\'c-boneaws-al-46-server-j62zx3k-0\', \'LowCardinality(String)\') AS pod_id, CAST(now64(), \'DateTime64(6)\') AS scrape_ts_microseconds, CAST(event_date, \'Date\') AS event_date, CAST(event_time, \'DateTime\') AS event_time,
2026-08-01 11:18:23	11	929	13921	11	WITH metrics AS (SELECT multiIf((event_type = \'MergeParts\') AND (error = 0), \'merges_finished\', (event_type = \'MergeParts\') AND (error != 0), \'merges_failed\', (event_type = \'MutatePart\') AND (error = 0), \'mutate_part_finished\', (event_type = \'MutatePart\') AND (error != 0), \'mutate_part_failed\', NULL
2026-08-01 11:18:23	3	8	39879	1	SELECT count() FROM system.processes WHERE (initial_user NOT IN _CAST([\'backups-internal\', \'management-internal\', \'monitoring-internal\', \'observability-internal\', \'operator-internal\', \'prometheus-exporter\', \'prometheus-internal\', \'operator-cert-internal\', \'availability-monitoring-internal\', \'\'], \'Ar
2026-08-01 11:18:23	2	67	959	1	SELECT countIf(database = \'system\') as systemParts, countIf(database != \'system\') as nonSystemParts FROM system.parts where active
2026-08-01 11:18:23	25	3123	588721	126	SELECT CAST(\'0fc3eaab-fbcb-4533-8825-9be9faaea781\', \'UUID\') AS instance_id, CAST(\'c-boneaws-al-46-server-j62zx3k-0\', \'LowCardinality(String)\') AS node_id, CAST(name, \'LowCardinality(String)\') AS metric, CAST(mapFilter((k, v) -> has(_CAST([\'remote\'], \'Array(String)\'), k), labels), \'Map(LowCardinality
2026-08-01 11:18:23	1	0	0	1	SELECT countIf(database = \'system\') as systemMerges, countIf(database != \'system\') as nonSystemMerges FROM system.merges
2026-08-01 11:18:23	58	151	41591	120	SELECT CAST(\'0fc3eaab-fbcb-4533-8825-9be9faaea781\', \'UUID\') AS control_plane_id, CAST(\'c-boneaws-al-46-server-j62zx3k-0\', \'LowCardinality(String)\') AS pod_id, CAST(now64(), \'DateTime64(6)\') AS scrape_ts_microseconds, CAST(event_date, \'Date\') AS event_date, CAST(event_time, \'DateTime\') AS event_time,
2026-08-01 11:18:23	155	718	211243	10	WITH parts_agg AS (SELECT database AS agg_database, `table` AS agg_table, SUM(primary_key_size) AS primary_index_size, SUM(secondary_indices_compressed_bytes) AS secondary_index_size FROM system.parts WHERE active AND (database != \'system\') GROUP BY database, `table`), proj_agg AS (SELECT database A
2026-08-01 11:18:24	13	151	2114	1	SELECT avg(ProfileEvent_OSCPUWaitMicroseconds) as cpu_wait FROM  system.metric_log  WHERE event_time > now() - INTERVAL 2 MINUTE AND event_date >= yesterday()
2026-08-01 11:18:24	4	2	10208	2	SELECT count() as count, sum(elapsed) as total_elapsed, \'lh\' as usr FROM system.processes  WHERE user = \'observability-internal\' AND client_hostname LIKE \'loghouse-scraper%\'  UNION ALL SELECT count() as count, sum(elapsed) as total_elapsed, \'other\' as usr FROM system.processes  WHERE user != \'observ
2026-08-01 11:18:24	1	886	368083	1	SELECT value FROM system.asynchronous_metrics WHERE metric = \'OSMemoryAvailable\' ;
2026-08-01 11:18:25	2	0	0	1	             SELECT                 name,                 toJSONString(labels) as labels_serialized,                 value,                 help,                 type             FROM (                 SELECT   \'ClickHouse_CustomMetric_TotalMemoryUsedByMerges\' AS name,   toFloat64(SUM(memory_usage))
2026-08-01 11:18:30	3	6	213	0	             SELECT                 name,                 toJSONString(labels) as labels_serialized,                 value,                 help,                 type             FROM (                 SELECT   \'ClickHouse_CustomMetric_DatabaseReplicatedRecoveryTime\' as name,   toFloat64(recovery_ti
2026-08-01 11:18:30	5	103	25415	103	SELECT             name,             value,             help,             JSONExtract(labels_serialized, \'Map(String, String)\') as labels,             type         FROM merge(system, \'^_custom_metrics_dictionary_.*\')         FORMAT Prometheus
2026-08-01 11:18:33	3	1	5438	1	SELECT count() FROM system.processes WHERE (initial_user NOT IN _CAST([\'backups-internal\', \'management-internal\', \'monitoring-internal\', \'observability-internal\', \'operator-internal\', \'prometheus-exporter\', \'prometheus-internal\', \'operator-cert-internal\', \'availability-monitoring-internal\', \'\'], \'Ar
2026-08-01 11:18:33	2	68	974	1	SELECT countIf(database = \'system\') as systemParts, countIf(database != \'system\') as nonSystemParts FROM system.parts where active
2026-08-01 11:18:33	1	0	0	1	SELECT countIf(database = \'system\') as systemMerges, countIf(database != \'system\') as nonSystemMerges FROM system.merges
2026-08-01 11:18:35	2	15	1013	15	             SELECT                 name,                 toJSONString(labels) as labels_serialized,                 value,                 help,                 type             FROM (                 SELECT     \'ClickHouse_MetricsCollection_CustomMetricsSystemTable\' AS name,     toFloat64(1) AS va
2026-08-01 11:18:35	2	6	3896	0	             SELECT                 name,                 toJSONString(labels) as labels_serialized,                 value,                 help,                 type             FROM (                 SELECT   \'clickhouse_table_replica_readonly_start_timestamp_seconds\' as name,   toFloat64(toUnixTi
2026-08-01 11:18:40	1	0	0	1	             SELECT                 name,                 toJSONString(labels) as labels_serialized,                 value,                 help,                 type             FROM (                 SELECT   \'ClickHouse_CustomMetric_TotalMemoryUsedByAsynchronousInserts\' AS name,   toFloat64(SUM(t
2026-08-01 11:18:43	2	2	12834	1	SELECT count() FROM system.processes WHERE (initial_user NOT IN _CAST([\'backups-internal\', \'management-internal\', \'monitoring-internal\', \'observability-internal\', \'operator-internal\', \'prometheus-exporter\', \'prometheus-internal\', \'operator-cert-internal\', \'availability-monitoring-internal\', \'\'], \'Ar
2026-08-01 11:18:43	2	60	854	1	SELECT countIf(database = \'system\') as systemParts, countIf(database != \'system\') as nonSystemParts FROM system.parts where active
2026-08-01 11:18:43	1	0	0	1	SELECT countIf(database = \'system\') as systemMerges, countIf(database != \'system\') as nonSystemMerges FROM system.merges
2026-08-01 11:18:43	23	3118	587939	126	SELECT CAST(\'0fc3eaab-fbcb-4533-8825-9be9faaea781\', \'UUID\') AS instance_id, CAST(\'c-boneaws-al-46-server-j62zx3k-0\', \'LowCardinality(String)\') AS node_id, CAST(name, \'LowCardinality(String)\') AS metric, CAST(mapFilter((k, v) -> has(_CAST([\'remote\'], \'Array(String)\'), k), labels), \'Map(LowCardinality
2026-08-01 11:18:45	2	0	0	0	             SELECT                 name,                 toJSONString(labels) as labels_serialized,                 value,                 help,                 type             FROM (                 SELECT   \'ClickHouse_CustomMetric_FailedMutations\' as name,   toFloat64(count()) as value,   \'The 
2026-08-01 11:18:50	5	103	25415	103	SELECT             name,             value,             help,             JSONExtract(labels_serialized, \'Map(String, String)\') as labels,             type         FROM merge(system, \'^_custom_metrics_dictionary_.*\')         FORMAT Prometheus
2026-08-01 11:18:51	5	103	25415	103	SELECT             name,             value,             help,             JSONExtract(labels_serialized, \'Map(String, String)\') as labels,             type         FROM merge(system, \'^_custom_metrics_dictionary_.*\')         FORMAT Prometheus
2026-08-01 11:18:51	1	1	1	1	SELECT displayName(), version(), revision(), timezone()
2026-08-01 11:18:52	1	1	1	1	SELECT 1;
2026-08-01 11:18:53	3	1	5438	1	SELECT count() FROM system.processes WHERE (initial_user NOT IN _CAST([\'backups-internal\', \'management-internal\', \'monitoring-internal\', \'observability-internal\', \'operator-internal\', \'prometheus-exporter\', \'prometheus-internal\', \'operator-cert-internal\', \'availability-monitoring-internal\', \'\'], \'Ar
2026-08-01 11:18:53	2	58	824	1	SELECT countIf(database = \'system\') as systemParts, countIf(database != \'system\') as nonSystemParts FROM system.parts where active
2026-08-01 11:18:53	2	0	0	1	SELECT countIf(database = \'system\') as systemMerges, countIf(database != \'system\') as nonSystemMerges FROM system.merges
2026-08-01 11:18:54	14	182	2548	1	SELECT avg(ProfileEvent_OSCPUWaitMicroseconds) as cpu_wait FROM  system.metric_log  WHERE event_time > now() - INTERVAL 2 MINUTE AND event_date >= yesterday()
2026-08-01 11:18:54	4	2	10208	2	SELECT count() as count, sum(elapsed) as total_elapsed, \'lh\' as usr FROM system.processes  WHERE user = \'observability-internal\' AND client_hostname LIKE \'loghouse-scraper%\'  UNION ALL SELECT count() as count, sum(elapsed) as total_elapsed, \'other\' as usr FROM system.processes  WHERE user != \'observ
2026-08-01 11:18:54	1	886	368083	1	SELECT value FROM system.asynchronous_metrics WHERE metric = \'OSMemoryAvailable\' ;
2026-08-01 11:18:55	1	0	0	1	             SELECT                 name,                 toJSONString(labels) as labels_serialized,                 value,                 help,                 type             FROM (                 SELECT   \'ClickHouse_CustomMetric_TotalMemoryUsedByAsynchronousInserts\' AS name,   toFloat64(SUM(t
2026-08-01 11:18:55	2	6	3896	0	             SELECT                 name,                 toJSONString(labels) as labels_serialized,                 value,                 help,                 type             FROM (                 SELECT   \'clickhouse_table_replica_readonly_start_timestamp_seconds\' as name,   toFloat64(toUnixTi
2026-08-01 11:19:00	2	2	6242	1	             SELECT                 name,                 toJSONString(labels) as labels_serialized,                 value,                 help,                 type             FROM (                 SELECT   \'ClickHouse_CustomMetric_TotalMemoryUsedByQueries\' AS name,   toFloat64(SUM(peak_memory_u
2026-08-01 11:19:00	2	13	6340	1	             SELECT                 name,                 toJSONString(labels) as labels_serialized,                 value,                 help,                 type             FROM (                 SELECT   \'ClickHouse_CustomMetric_TotalMemoryUsedByDictionaries\' AS name,   toFloat64(SUM(bytes_al
2026-08-01 11:19:00	5	103	25415	103	SELECT             name,             value,             help,             JSONExtract(labels_serialized, \'Map(String, String)\') as labels,             type         FROM merge(system, \'^_custom_metrics_dictionary_.*\')         FORMAT Prometheus
2026-08-01 11:19:03	3	2	12834	1	SELECT count() FROM system.processes WHERE (initial_user NOT IN _CAST([\'backups-internal\', \'management-internal\', \'monitoring-internal\', \'observability-internal\', \'operator-internal\', \'prometheus-exporter\', \'prometheus-internal\', \'operator-cert-internal\', \'availability-monitoring-internal\', \'\'], \'Ar
2026-08-01 11:19:03	2	59	839	1	SELECT countIf(database = \'system\') as systemParts, countIf(database != \'system\') as nonSystemParts FROM system.parts where active
2026-08-01 11:19:03	2	0	0	1	SELECT countIf(database = \'system\') as systemMerges, countIf(database != \'system\') as nonSystemMerges FROM system.merges
2026-08-01 11:19:03	24	3118	587939	126	SELECT CAST(\'0fc3eaab-fbcb-4533-8825-9be9faaea781\', \'UUID\') AS instance_id, CAST(\'c-boneaws-al-46-server-j62zx3k-0\', \'LowCardinality(String)\') AS node_id, CAST(name, \'LowCardinality(String)\') AS metric, CAST(mapFilter((k, v) -> has(_CAST([\'remote\'], \'Array(String)\'), k), labels), \'Map(LowCardinality
2026-08-01 11:19:05	1	6	2128	6	             SELECT                 name,                 toJSONString(labels) as labels_serialized,                 value,                 help,                 type             FROM (                 SELECT   concat(\'clickhouse_\', system.dimensional_metrics.metric) AS name,   toFloat64(system.dime
2026-08-01 11:19:05	2	6	3896	0	             SELECT                 name,                 toJSONString(labels) as labels_serialized,                 value,                 help,                 type             FROM (                 SELECT   \'clickhouse_table_replica_readonly_start_timestamp_seconds\' as name,   toFloat64(toUnixTi
2026-08-01 11:19:05	3	6	213	0	             SELECT                 name,                 toJSONString(labels) as labels_serialized,                 value,                 help,                 type             FROM (                 SELECT   \'ClickHouse_CustomMetric_SharedCatalogRecoveryTime\' as name,   toFloat64(recovery_time) a
2026-08-01 11:19:10	2	59	472	1	             SELECT                 name,                 toJSONString(labels) as labels_serialized,                 value,                 help,                 type             FROM (                 SELECT   \'ClickHouse_CustomMetric_TotalMemoryUsedByDataSkippingIndices\' AS name,   toFloat64(SUM(d
2026-08-01 11:19:13	2	0	0	1	SELECT countIf(database = \'system\') as systemMerges, countIf(database != \'system\') as nonSystemMerges FROM system.merges
2026-08-01 11:19:13	2	64	914	1	SELECT countIf(database = \'system\') as systemParts, countIf(database != \'system\') as nonSystemParts FROM system.parts where active
2026-08-01 11:19:13	3	1	5438	1	SELECT count() FROM system.processes WHERE (initial_user NOT IN _CAST([\'backups-internal\', \'management-internal\', \'monitoring-internal\', \'observability-internal\', \'operator-internal\', \'prometheus-exporter\', \'prometheus-internal\', \'operator-cert-internal\', \'availability-monitoring-internal\', \'\'], \'Ar
2026-08-01 11:19:15	1	0	0	1	             SELECT                 name,                 toJSONString(labels) as labels_serialized,                 value,                 help,                 type             FROM (                 SELECT   \'ClickHouse_CustomMetric_TotalMemoryUsedByAsynchronousInserts\' AS name,   toFloat64(SUM(t
2026-08-01 11:19:15	2	3	7591	1	             SELECT                 name,                 toJSONString(labels) as labels_serialized,                 value,                 help,                 type             FROM (                 SELECT   \'ClickHouse_CustomMetric_TotalMemoryUsedByQueries\' AS name,   toFloat64(SUM(peak_memory_u
2026-08-01 11:19:15	2	6	3896	0	             SELECT                 name,                 toJSONString(labels) as labels_serialized,                 value,                 help,                 type             FROM (                 SELECT   \'clickhouse_table_replica_readonly_start_timestamp_seconds\' as name,   toFloat64(toUnixTi
2026-08-01 11:19:20	5	103	25415	103	SELECT             name,             value,             help,             JSONExtract(labels_serialized, \'Map(String, String)\') as labels,             type         FROM merge(system, \'^_custom_metrics_dictionary_.*\')         FORMAT Prometheus
2026-08-01 11:19:20	2	0	0	1	             SELECT                 name,                 toJSONString(labels) as labels_serialized,                 value,                 help,                 type             FROM (                 SELECT   \'ClickHouse_CustomMetric_TotalMemoryUsedByMerges\' AS name,   toFloat64(SUM(memory_usage))
2026-08-01 11:19:20	2	59	472	1	             SELECT                 name,                 toJSONString(labels) as labels_serialized,                 value,                 help,                 type             FROM (                 SELECT   \'ClickHouse_CustomMetric_TotalMemoryUsedByDataSkippingIndices\' AS name,   toFloat64(SUM(d
2026-08-01 11:19:20	3	6	213	0	             SELECT                 name,                 toJSONString(labels) as labels_serialized,                 value,                 help,                 type             FROM (                 SELECT   \'ClickHouse_CustomMetric_DatabaseReplicatedRecoveryTime\' as name,   toFloat64(recovery_ti
2026-08-01 11:19:21	5	107	26434	107	SELECT             name,             value,             help,             JSONExtract(labels_serialized, \'Map(String, String)\') as labels,             type         FROM merge(system, \'^_custom_metrics_dictionary_.*\')         FORMAT Prometheus
2026-08-01 11:19:23	2	2	12834	1	SELECT count() FROM system.processes WHERE (initial_user NOT IN _CAST([\'backups-internal\', \'management-internal\', \'monitoring-internal\', \'observability-internal\', \'operator-internal\', \'prometheus-exporter\', \'prometheus-internal\', \'operator-cert-internal\', \'availability-monitoring-internal\', \'\'], \'Ar
2026-08-01 11:19:23	2	67	959	1	SELECT countIf(database = \'system\') as systemParts, countIf(database != \'system\') as nonSystemParts FROM system.parts where active
2026-08-01 11:19:23	1	0	0	1	SELECT countIf(database = \'system\') as systemMerges, countIf(database != \'system\') as nonSystemMerges FROM system.merges
2026-08-01 11:19:23	23	3122	588583	126	SELECT CAST(\'0fc3eaab-fbcb-4533-8825-9be9faaea781\', \'UUID\') AS instance_id, CAST(\'c-boneaws-al-46-server-j62zx3k-0\', \'LowCardinality(String)\') AS node_id, CAST(name, \'LowCardinality(String)\') AS metric, CAST(mapFilter((k, v) -> has(_CAST([\'remote\'], \'Array(String)\'), k), labels), \'Map(LowCardinality
2026-08-01 11:19:24	14	213	2734	1	SELECT avg(ProfileEvent_OSCPUWaitMicroseconds) as cpu_wait FROM  system.metric_log  WHERE event_time > now() - INTERVAL 2 MINUTE AND event_date >= yesterday()
2026-08-01 11:19:24	4	2	10208	2	SELECT count() as count, sum(elapsed) as total_elapsed, \'lh\' as usr FROM system.processes  WHERE user = \'observability-internal\' AND client_hostname LIKE \'loghouse-scraper%\'  UNION ALL SELECT count() as count, sum(elapsed) as total_elapsed, \'other\' as usr FROM system.processes  WHERE user != \'observ
2026-08-01 11:19:24	1	886	368083	1	SELECT value FROM system.asynchronous_metrics WHERE metric = \'OSMemoryAvailable\' ;
2026-08-01 11:19:25	3	0	0	0	SELECT now64(6) as scrape_time_microseconds, \'j62zx3k\' AS pod_ident, \'boneaws-al-46\' AS spoken_name, \'cell-1\' AS cell, \'ap-south-1\' AS region, \'aws\' AS cloud_provider, \'26.2.1.525\' AS clickhouse_version, \'0fc3eaab-fbcb-4533-8825-9be9faaea781\' AS control_plane_id, \'aarch64\' AS system_processor, * FRO
2026-08-01 11:19:25	1	0	0	1	             SELECT                 name,                 toJSONString(labels) as labels_serialized,                 value,                 help,                 type             FROM (                 SELECT   \'ClickHouse_CustomMetric_TotalMemoryUsedByMerges\' AS name,   toFloat64(SUM(memory_usage))
2026-08-01 11:19:25	2	59	472	1	             SELECT                 name,                 toJSONString(labels) as labels_serialized,                 value,                 help,                 type             FROM (                 SELECT   \'ClickHouse_CustomMetric_TotalMemoryUsedByDataSkippingIndices\' AS name,   toFloat64(SUM(d
2026-08-01 11:19:25	2	15	1013	15	             SELECT                 name,                 toJSONString(labels) as labels_serialized,                 value,                 help,                 type             FROM (                 SELECT     \'ClickHouse_MetricsCollection_CustomMetricsSystemTable\' AS name,     toFloat64(1) AS va
2026-08-01 11:19:26	3	0	0	0	SELECT now64(6) as scrape_time_microseconds, \'j62zx3k\' AS pod_ident, \'boneaws-al-46\' AS spoken_name, \'cell-1\' AS cell, \'ap-south-1\' AS region, \'aws\' AS cloud_provider, \'26.2.1.525\' AS clickhouse_version, \'0fc3eaab-fbcb-4533-8825-9be9faaea781\' AS control_plane_id, \'aarch64\' AS system_processor, * FRO
2026-08-01 11:19:27	5	0	0	0	SELECT now64(6) as scrape_time_microseconds, \'j62zx3k\' AS pod_ident, \'boneaws-al-46\' AS spoken_name, \'cell-1\' AS cell, \'ap-south-1\' AS region, \'aws\' AS cloud_provider, \'26.2.1.525\' AS clickhouse_version, \'0fc3eaab-fbcb-4533-8825-9be9faaea781\' AS control_plane_id, \'aarch64\' AS system_processor, * FRO
2026-08-01 11:19:28	3	0	0	0	SELECT now64(6) as scrape_time_microseconds, \'j62zx3k\' AS pod_ident, \'boneaws-al-46\' AS spoken_name, \'cell-1\' AS cell, \'ap-south-1\' AS region, \'aws\' AS cloud_provider, \'26.2.1.525\' AS clickhouse_version, \'0fc3eaab-fbcb-4533-8825-9be9faaea781\' AS control_plane_id, \'aarch64\' AS system_processor, * FRO
2026-08-01 11:19:29	3	0	0	0	SELECT now64(6) as scrape_time_microseconds, \'j62zx3k\' AS pod_ident, \'boneaws-al-46\' AS spoken_name, \'cell-1\' AS cell, \'ap-south-1\' AS region, \'aws\' AS cloud_provider, \'26.2.1.525\' AS clickhouse_version, \'0fc3eaab-fbcb-4533-8825-9be9faaea781\' AS control_plane_id, \'aarch64\' AS system_processor, * FRO
2026-08-01 11:19:30	3	0	0	0	SELECT now64(6) as scrape_time_microseconds, \'j62zx3k\' AS pod_ident, \'boneaws-al-46\' AS spoken_name, \'cell-1\' AS cell, \'ap-south-1\' AS region, \'aws\' AS cloud_provider, \'26.2.1.525\' AS clickhouse_version, \'0fc3eaab-fbcb-4533-8825-9be9faaea781\' AS control_plane_id, \'aarch64\' AS system_processor, * FRO
2026-08-01 11:19:30	2	0	0	0	             SELECT                 name,                 toJSONString(labels) as labels_serialized,                 value,                 help,                 type             FROM (                 SELECT   \'ClickHouse_CustomMetric_FailedMutations\' as name,   toFloat64(count()) as value,   \'The 
2026-08-01 11:19:30	5	107	26434	107	SELECT             name,             value,             help,             JSONExtract(labels_serialized, \'Map(String, String)\') as labels,             type         FROM merge(system, \'^_custom_metrics_dictionary_.*\')         FORMAT Prometheus
2026-08-01 11:19:31	5	1	398	1	SELECT now64(6) as scrape_time_microseconds, \'j62zx3k\' AS pod_ident, \'boneaws-al-46\' AS spoken_name, \'cell-1\' AS cell, \'ap-south-1\' AS region, \'aws\' AS cloud_provider, \'26.2.1.525\' AS clickhouse_version, \'0fc3eaab-fbcb-4533-8825-9be9faaea781\' AS control_plane_id, \'aarch64\' AS system_processor, * FRO
2026-08-01 11:19:32	3	0	0	0	SELECT now64(6) as scrape_time_microseconds, \'j62zx3k\' AS pod_ident, \'boneaws-al-46\' AS spoken_name, \'cell-1\' AS cell, \'ap-south-1\' AS region, \'aws\' AS cloud_provider, \'26.2.1.525\' AS clickhouse_version, \'0fc3eaab-fbcb-4533-8825-9be9faaea781\' AS control_plane_id, \'aarch64\' AS system_processor, * FRO
2026-08-01 11:19:33	4	0	0	0	SELECT now64(6) as scrape_time_microseconds, \'j62zx3k\' AS pod_ident, \'boneaws-al-46\' AS spoken_name, \'cell-1\' AS cell, \'ap-south-1\' AS region, \'aws\' AS cloud_provider, \'26.2.1.525\' AS clickhouse_version, \'0fc3eaab-fbcb-4533-8825-9be9faaea781\' AS control_plane_id, \'aarch64\' AS system_processor, * FRO
2026-08-01 11:19:33	3	1	5438	1	SELECT count() FROM system.processes WHERE (initial_user NOT IN _CAST([\'backups-internal\', \'management-internal\', \'monitoring-internal\', \'observability-internal\', \'operator-internal\', \'prometheus-exporter\', \'prometheus-internal\', \'operator-cert-internal\', \'availability-monitoring-internal\', \'\'], \'Ar
2026-08-01 11:19:33	2	63	899	1	SELECT countIf(database = \'system\') as systemParts, countIf(database != \'system\') as nonSystemParts FROM system.parts where active
2026-08-01 11:19:33	2	0	0	1	SELECT countIf(database = \'system\') as systemMerges, countIf(database != \'system\') as nonSystemMerges FROM system.merges
2026-08-01 11:19:34	7	6063	631604	603	SELECT now64(6) as scrape_time_microseconds, \'j62zx3k\' AS pod_ident, \'boneaws-al-46\' AS spoken_name, \'cell-1\' AS cell, \'ap-south-1\' AS region, \'aws\' AS cloud_provider, \'26.2.1.525\' AS clickhouse_version, \'0fc3eaab-fbcb-4533-8825-9be9faaea781\' AS control_plane_id, \'aarch64\' AS system_processor, * FRO
2026-08-01 11:19:35	82	0	0	0	SELECT now64(6) as scrape_time_microseconds, \'j62zx3k\' AS pod_ident, \'boneaws-al-46\' AS spoken_name, \'cell-1\' AS cell, \'ap-south-1\' AS region, \'aws\' AS cloud_provider, \'26.2.1.525\' AS clickhouse_version, \'0fc3eaab-fbcb-4533-8825-9be9faaea781\' AS control_plane_id, \'aarch64\' AS system_processor, * FRO
2026-08-01 11:19:36	3	0	0	0	SELECT now64(6) as scrape_time_microseconds, \'j62zx3k\' AS pod_ident, \'boneaws-al-46\' AS spoken_name, \'cell-1\' AS cell, \'ap-south-1\' AS region, \'aws\' AS cloud_provider, \'26.2.1.525\' AS clickhouse_version, \'0fc3eaab-fbcb-4533-8825-9be9faaea781\' AS control_plane_id, \'aarch64\' AS system_processor, * FRO
2026-08-01 11:19:37	7	525	331286	58	SELECT now64(6) as scrape_time_microseconds, \'j62zx3k\' AS pod_ident, \'boneaws-al-46\' AS spoken_name, \'cell-1\' AS cell, \'ap-south-1\' AS region, \'aws\' AS cloud_provider, \'26.2.1.525\' AS clickhouse_version, \'0fc3eaab-fbcb-4533-8825-9be9faaea781\' AS control_plane_id, \'aarch64\' AS system_processor, * FRO
2026-08-01 11:19:38	17	19002	4516278	6240	SELECT now64(6) as scrape_time_microseconds, \'j62zx3k\' AS pod_ident, \'boneaws-al-46\' AS spoken_name, \'cell-1\' AS cell, \'ap-south-1\' AS region, \'aws\' AS cloud_provider, \'26.2.1.525\' AS clickhouse_version, \'0fc3eaab-fbcb-4533-8825-9be9faaea781\' AS control_plane_id, \'aarch64\' AS system_processor, * FRO
2026-08-01 11:19:39	20	20055	4687538	9648	SELECT now64(6) as scrape_time_microseconds, \'j62zx3k\' AS pod_ident, \'boneaws-al-46\' AS spoken_name, \'cell-1\' AS cell, \'ap-south-1\' AS region, \'aws\' AS cloud_provider, \'26.2.1.525\' AS clickhouse_version, \'0fc3eaab-fbcb-4533-8825-9be9faaea781\' AS control_plane_id, \'aarch64\' AS system_processor, * FRO
2026-08-01 11:19:40	26	3138	6949749	346	SELECT now64(6) as scrape_time_microseconds, \'j62zx3k\' AS pod_ident, \'boneaws-al-46\' AS spoken_name, \'cell-1\' AS cell, \'ap-south-1\' AS region, \'aws\' AS cloud_provider, \'26.2.1.525\' AS clickhouse_version, \'0fc3eaab-fbcb-4533-8825-9be9faaea781\' AS control_plane_id, \'aarch64\' AS system_processor, * FRO
2026-08-01 11:19:40	1	0	0	1	             SELECT                 name,                 toJSONString(labels) as labels_serialized,                 value,                 help,                 type             FROM (                 SELECT   \'ClickHouse_CustomMetric_TotalMemoryUsedByMerges\' AS name,   toFloat64(SUM(memory_usage))
2026-08-01 11:19:41	174	807	2090831	120	SELECT now64(6) as scrape_time_microseconds, \'j62zx3k\' AS pod_ident, \'boneaws-al-46\' AS spoken_name, \'cell-1\' AS cell, \'ap-south-1\' AS region, \'aws\' AS cloud_provider, \'26.2.1.525\' AS clickhouse_version, \'0fc3eaab-fbcb-4533-8825-9be9faaea781\' AS control_plane_id, \'aarch64\' AS system_processor, * FRO
2026-08-01 11:19:42	8	900	565330	77	SELECT now64(6) as scrape_time_microseconds, \'j62zx3k\' AS pod_ident, \'boneaws-al-46\' AS spoken_name, \'cell-1\' AS cell, \'ap-south-1\' AS region, \'aws\' AS cloud_provider, \'26.2.1.525\' AS clickhouse_version, \'0fc3eaab-fbcb-4533-8825-9be9faaea781\' AS control_plane_id, \'aarch64\' AS system_processor, * FRO
2026-08-01 11:19:43	3	0	0	0	SELECT now64(6) as scrape_time_microseconds, \'j62zx3k\' AS pod_ident, \'boneaws-al-46\' AS spoken_name, \'cell-1\' AS cell, \'ap-south-1\' AS region, \'aws\' AS cloud_provider, \'26.2.1.525\' AS clickhouse_version, \'0fc3eaab-fbcb-4533-8825-9be9faaea781\' AS control_plane_id, \'aarch64\' AS system_processor, * FRO
2026-08-01 11:19:43	3	2	12834	1	SELECT count() FROM system.processes WHERE (initial_user NOT IN _CAST([\'backups-internal\', \'management-internal\', \'monitoring-internal\', \'observability-internal\', \'operator-internal\', \'prometheus-exporter\', \'prometheus-internal\', \'operator-cert-internal\', \'availability-monitoring-internal\', \'\'], \'Ar
2026-08-01 11:19:43	2	74	1064	1	SELECT countIf(database = \'system\') as systemParts, countIf(database != \'system\') as nonSystemParts FROM system.parts where active
2026-08-01 11:19:43	23	3122	588583	126	SELECT CAST(\'0fc3eaab-fbcb-4533-8825-9be9faaea781\', \'UUID\') AS instance_id, CAST(\'c-boneaws-al-46-server-j62zx3k-0\', \'LowCardinality(String)\') AS node_id, CAST(name, \'LowCardinality(String)\') AS metric, CAST(mapFilter((k, v) -> has(_CAST([\'remote\'], \'Array(String)\'), k), labels), \'Map(LowCardinality
2026-08-01 11:19:43	2	0	0	1	SELECT countIf(database = \'system\') as systemMerges, countIf(database != \'system\') as nonSystemMerges FROM system.merges
2026-08-01 11:19:44	7	2317	697304	149	SELECT now64(6) as scrape_time_microseconds, \'j62zx3k\' AS pod_ident, \'boneaws-al-46\' AS spoken_name, \'cell-1\' AS cell, \'ap-south-1\' AS region, \'aws\' AS cloud_provider, \'26.2.1.525\' AS clickhouse_version, \'0fc3eaab-fbcb-4533-8825-9be9faaea781\' AS control_plane_id, \'aarch64\' AS system_processor, * FRO
2026-08-01 11:19:45	100	843018	13526977	106352	SELECT now64(6) as scrape_time_microseconds, \'j62zx3k\' AS pod_ident, \'boneaws-al-46\' AS spoken_name, \'cell-1\' AS cell, \'ap-south-1\' AS region, \'aws\' AS cloud_provider, \'26.2.1.525\' AS clickhouse_version, \'0fc3eaab-fbcb-4533-8825-9be9faaea781\' AS control_plane_id, \'aarch64\' AS system_processor, * FRO
2026-08-01 11:19:46	19	19446	5154248	9205	SELECT now64(6) as scrape_time_microseconds, \'j62zx3k\' AS pod_ident, \'boneaws-al-46\' AS spoken_name, \'cell-1\' AS cell, \'ap-south-1\' AS region, \'aws\' AS cloud_provider, \'26.2.1.525\' AS clickhouse_version, \'0fc3eaab-fbcb-4533-8825-9be9faaea781\' AS control_plane_id, \'aarch64\' AS system_processor, * FRO
2026-08-01 11:19:46	2	0	8	1	SELECT count() FROM system.backups where status IN (0,3)
2026-08-01 11:19:46	3	1	5472	1	SELECT count() FROM system.processes WHERE (elapsed > _CAST(0, \'Int64\')) AND (initial_user NOT IN _CAST([\'backups-internal\', \'management-internal\', \'monitoring-internal\', \'observability-internal\', \'operator-internal\', \'prometheus-exporter\', \'prometheus-internal\', \'operator-cert-internal\', \'availabil
2026-08-01 11:19:50	5	107	26434	107	SELECT             name,             value,             help,             JSONExtract(labels_serialized, \'Map(String, String)\') as labels,             type         FROM merge(system, \'^_custom_metrics_dictionary_.*\')         FORMAT Prometheus
2026-08-01 11:19:50	2	0	0	1	             SELECT                 name,                 toJSONString(labels) as labels_serialized,                 value,                 help,                 type             FROM (                 SELECT   \'ClickHouse_CustomMetric_TotalMemoryUsedByMerges\' AS name,   toFloat64(SUM(memory_usage))
2026-08-01 11:19:50	2	0	0	0	             SELECT                 name,                 toJSONString(labels) as labels_serialized,                 value,                 help,                 type             FROM (                 SELECT   \'ClickHouse_CustomMetric_FailedMutations\' as name,   toFloat64(count()) as value,   \'The 
2026-08-01 11:19:51	5	107	26434	107	SELECT             name,             value,             help,             JSONExtract(labels_serialized, \'Map(String, String)\') as labels,             type         FROM merge(system, \'^_custom_metrics_dictionary_.*\')         FORMAT Prometheus
2026-08-01 11:19:53	3	1	5438	1	SELECT count() FROM system.processes WHERE (initial_user NOT IN _CAST([\'backups-internal\', \'management-internal\', \'monitoring-internal\', \'observability-internal\', \'operator-internal\', \'prometheus-exporter\', \'prometheus-internal\', \'operator-cert-internal\', \'availability-monitoring-internal\', \'\'], \'Ar
2026-08-01 11:19:53	2	76	1094	1	SELECT countIf(database = \'system\') as systemParts, countIf(database != \'system\') as nonSystemParts FROM system.parts where active
2026-08-01 11:19:53	2	0	0	1	SELECT countIf(database = \'system\') as systemMerges, countIf(database != \'system\') as nonSystemMerges FROM system.merges
2026-08-01 11:19:54	15	243	3154	1	SELECT avg(ProfileEvent_OSCPUWaitMicroseconds) as cpu_wait FROM  system.metric_log  WHERE event_time > now() - INTERVAL 2 MINUTE AND event_date >= yesterday()
2026-08-01 11:19:54	3	2	10208	2	SELECT count() as count, sum(elapsed) as total_elapsed, \'lh\' as usr FROM system.processes  WHERE user = \'observability-internal\' AND client_hostname LIKE \'loghouse-scraper%\'  UNION ALL SELECT count() as count, sum(elapsed) as total_elapsed, \'other\' as usr FROM system.processes  WHERE user != \'observ
2026-08-01 11:19:54	1	886	368083	1	SELECT value FROM system.asynchronous_metrics WHERE metric = \'OSMemoryAvailable\' ;
2026-08-01 11:19:55	1	6	2128	6	             SELECT                 name,                 toJSONString(labels) as labels_serialized,                 value,                 help,                 type             FROM (                 SELECT   concat(\'clickhouse_\', system.dimensional_metrics.metric) AS name,   toFloat64(system.dime
2026-08-01 11:19:55	2	0	0	1	             SELECT                 name,                 toJSONString(labels) as labels_serialized,                 value,                 help,                 type             FROM (                 SELECT   \'ClickHouse_CustomMetric_TotalMemoryUsedByAsynchronousInserts\' AS name,   toFloat64(SUM(t
2026-08-01 11:19:55	2	1	1363	1	             SELECT                 name,                 toJSONString(labels) as labels_serialized,                 value,                 help,                 type             FROM (                 SELECT   \'ClickHouse_CustomMetric_TotalMemoryUsedByMerges\' AS name,   toFloat64(SUM(memory_usage))
2026-08-01 11:19:55	2	13	6340	1	             SELECT                 name,                 toJSONString(labels) as labels_serialized,                 value,                 help,                 type             FROM (                 SELECT   \'ClickHouse_CustomMetric_TotalMemoryUsedByDictionaries\' AS name,   toFloat64(SUM(bytes_al
2026-08-01 11:19:55	3	6	213	0	             SELECT                 name,                 toJSONString(labels) as labels_serialized,                 value,                 help,                 type             FROM (                 SELECT   \'ClickHouse_CustomMetric_SharedCatalogRecoveryTime\' as name,   toFloat64(recovery_time) a
2026-08-01 11:20:00	2	15	1013	15	             SELECT                 name,                 toJSONString(labels) as labels_serialized,                 value,                 help,                 type             FROM (                 SELECT     \'ClickHouse_MetricsCollection_CustomMetricsSystemTable\' AS name,     toFloat64(1) AS va
2026-08-01 11:20:00	2	2	6282	1	             SELECT                 name,                 toJSONString(labels) as labels_serialized,                 value,                 help,                 type             FROM (                 SELECT   \'ClickHouse_CustomMetric_TotalMemoryUsedByQueries\' AS name,   toFloat64(SUM(peak_memory_u
2026-08-01 11:20:00	5	107	26434	107	SELECT             name,             value,             help,             JSONExtract(labels_serialized, \'Map(String, String)\') as labels,             type         FROM merge(system, \'^_custom_metrics_dictionary_.*\')         FORMAT Prometheus
2026-08-01 11:20:03	3	2	12834	1	SELECT count() FROM system.processes WHERE (initial_user NOT IN _CAST([\'backups-internal\', \'management-internal\', \'monitoring-internal\', \'observability-internal\', \'operator-internal\', \'prometheus-exporter\', \'prometheus-internal\', \'operator-cert-internal\', \'availability-monitoring-internal\', \'\'], \'Ar
2026-08-01 11:20:03	2	73	1049	1	SELECT countIf(database = \'system\') as systemParts, countIf(database != \'system\') as nonSystemParts FROM system.parts where active
2026-08-01 11:20:03	1	0	0	1	SELECT countIf(database = \'system\') as systemMerges, countIf(database != \'system\') as nonSystemMerges FROM system.merges
2026-08-01 11:20:03	25	3122	588583	126	SELECT CAST(\'0fc3eaab-fbcb-4533-8825-9be9faaea781\', \'UUID\') AS instance_id, CAST(\'c-boneaws-al-46-server-j62zx3k-0\', \'LowCardinality(String)\') AS node_id, CAST(name, \'LowCardinality(String)\') AS metric, CAST(mapFilter((k, v) -> has(_CAST([\'remote\'], \'Array(String)\'), k), labels), \'Map(LowCardinality
2026-08-01 11:20:07	1	1	1	1	SELECT displayName(), version(), revision(), timezone()
2026-08-01 11:20:08	1	1	1	1	SELECT 1;
2026-08-01 11:20:10	2	3	7660	1	             SELECT                 name,                 toJSONString(labels) as labels_serialized,                 value,                 help,                 type             FROM (                 SELECT   \'ClickHouse_CustomMetric_TotalMemoryUsedByQueries\' AS name,   toFloat64(SUM(peak_memory_u
2026-08-01 11:20:10	2	6	3896	0	             SELECT                 name,                 toJSONString(labels) as labels_serialized,                 value,                 help,                 type             FROM (                 SELECT   \'clickhouse_table_replica_readonly_start_timestamp_seconds\' as name,   toFloat64(toUnixTi
2026-08-01 11:20:10	3	6	213	0	             SELECT                 name,                 toJSONString(labels) as labels_serialized,                 value,                 help,                 type             FROM (                 SELECT   \'ClickHouse_CustomMetric_SharedCatalogRecoveryTime\' as name,   toFloat64(recovery_time) a
2026-08-01 11:20:13	3	1	5438	1	SELECT count() FROM system.processes WHERE (initial_user NOT IN _CAST([\'backups-internal\', \'management-internal\', \'monitoring-internal\', \'observability-internal\', \'operator-internal\', \'prometheus-exporter\', \'prometheus-internal\', \'operator-cert-internal\', \'availability-monitoring-internal\', \'\'], \'Ar
2026-08-01 11:20:13	2	72	1034	1	SELECT countIf(database = \'system\') as systemParts, countIf(database != \'system\') as nonSystemParts FROM system.parts where active
2026-08-01 11:20:13	2	0	0	1	SELECT countIf(database = \'system\') as systemMerges, countIf(database != \'system\') as nonSystemMerges FROM system.merges
2026-08-01 11:20:15	1	6	2128	6	             SELECT                 name,                 toJSONString(labels) as labels_serialized,                 value,                 help,                 type             FROM (                 SELECT   concat(\'clickhouse_\', system.dimensional_metrics.metric) AS name,   toFloat64(system.dime
2026-08-01 11:20:15	2	13	6340	1	             SELECT                 name,                 toJSONString(labels) as labels_serialized,                 value,                 help,                 type             FROM (                 SELECT   \'ClickHouse_CustomMetric_TotalMemoryUsedByDictionaries\' AS name,   toFloat64(SUM(bytes_al
2026-08-01 11:20:20	6	103	25415	103	SELECT             name,             value,             help,             JSONExtract(labels_serialized, \'Map(String, String)\') as labels,             type         FROM merge(system, \'^_custom_metrics_dictionary_.*\')         FORMAT Prometheus
2026-08-01 11:20:20	2	15	1013	15	             SELECT                 name,                 toJSONString(labels) as labels_serialized,                 value,                 help,                 type             FROM (                 SELECT     \'ClickHouse_MetricsCollection_CustomMetricsSystemTable\' AS name,     toFloat64(1) AS va
2026-08-01 11:20:20	3	6	213	0	             SELECT                 name,                 toJSONString(labels) as labels_serialized,                 value,                 help,                 type             FROM (                 SELECT   \'ClickHouse_CustomMetric_DatabaseReplicatedRecoveryTime\' as name,   toFloat64(recovery_ti
2026-08-01 11:20:21	5	103	25415	103	SELECT             name,             value,             help,             JSONExtract(labels_serialized, \'Map(String, String)\') as labels,             type         FROM merge(system, \'^_custom_metrics_dictionary_.*\')         FORMAT Prometheus
2026-08-01 11:20:23	4	0	0	0	WITH source AS (SELECT [\'matview_execution_total\', if(exception_code != 0, \'matview_execution_fail\', \'\')] AS metrics, event_time AS ts FROM system.query_views_log WHERE (status != \'QueryStart\') AND (event_date >= toDate(_CAST(\'1785583068.069\', \'DateTime64\'))) AND (event_time >= toDateTime(_CAST(\'178
2026-08-01 11:20:23	5	378	114440	5	WITH metrics AS (SELECT name AS metric, toFloat64(value) AS val, now() AS ts FROM system.server_settings WHERE multiMatchAny(name, _CAST([\'^max_database_num_to_throw$\', \'^max_database_num_to_warn$\', \'^max_table_num_to_throw$\', \'^max_table_num_to_warn$\', \'^max_concurrent_queries$\'], \'Array(String)\'))
2026-08-01 11:20:23	9	148186	2367318	1560	SELECT CAST(\'0fc3eaab-fbcb-4533-8825-9be9faaea781\', \'UUID\') AS control_plane_id, CAST(\'c-boneaws-al-46-server-j62zx3k-0\', \'LowCardinality(String)\') AS pod_id, CAST(now64(), \'DateTime64(6)\') AS scrape_ts_microseconds, CAST(event_date, \'Date\') AS event_date, CAST(event_time, \'DateTime\') AS event_time,
2026-08-01 11:20:23	9	1087	16291	13	WITH metrics AS (SELECT multiIf((event_type = \'MergeParts\') AND (error = 0), \'merges_finished\', (event_type = \'MergeParts\') AND (error != 0), \'merges_failed\', (event_type = \'MutatePart\') AND (error = 0), \'mutate_part_finished\', (event_type = \'MutatePart\') AND (error != 0), \'mutate_part_failed\', NULL
2026-08-01 11:20:23	3	6	30495	1	SELECT count() FROM system.processes WHERE (initial_user NOT IN _CAST([\'backups-internal\', \'management-internal\', \'monitoring-internal\', \'observability-internal\', \'operator-internal\', \'prometheus-exporter\', \'prometheus-internal\', \'operator-cert-internal\', \'availability-monitoring-internal\', \'\'], \'Ar
2026-08-01 11:20:23	9	0	0	1	WITH failed_mutations AS (SELECT toDateTime(create_time) AS ts, count() AS val FROM system.mutations WHERE (ts > toDateTime(_CAST(\'1785583068.069\', \'DateTime64\'))) AND (ts <= toDateTime(_CAST(\'1785583188.069\', \'DateTime64\'))) AND (latest_failed_part != \'\') AND (is_done = 0) GROUP BY ts), failed_muta
2026-08-01 11:20:23	2	75	1079	1	SELECT countIf(database = \'system\') as systemParts, countIf(database != \'system\') as nonSystemParts FROM system.parts where active
2026-08-01 11:20:23	25	3118	587939	126	SELECT CAST(\'0fc3eaab-fbcb-4533-8825-9be9faaea781\', \'UUID\') AS instance_id, CAST(\'c-boneaws-al-46-server-j62zx3k-0\', \'LowCardinality(String)\') AS node_id, CAST(name, \'LowCardinality(String)\') AS metric, CAST(mapFilter((k, v) -> has(_CAST([\'remote\'], \'Array(String)\'), k), labels), \'Map(LowCardinality
2026-08-01 11:20:23	2	0	0	1	SELECT countIf(database = \'system\') as systemMerges, countIf(database != \'system\') as nonSystemMerges FROM system.merges
2026-08-01 11:20:23	58	273	77380	120	SELECT CAST(\'0fc3eaab-fbcb-4533-8825-9be9faaea781\', \'UUID\') AS control_plane_id, CAST(\'c-boneaws-al-46-server-j62zx3k-0\', \'LowCardinality(String)\') AS pod_id, CAST(now64(), \'DateTime64(6)\') AS scrape_ts_microseconds, CAST(event_date, \'Date\') AS event_date, CAST(event_time, \'DateTime\') AS event_time,
2026-08-01 11:20:23	169	718	211243	10	WITH parts_agg AS (SELECT database AS agg_database, `table` AS agg_table, SUM(primary_key_size) AS primary_index_size, SUM(secondary_indices_compressed_bytes) AS secondary_index_size FROM system.parts WHERE active AND (database != \'system\') GROUP BY database, `table`), proj_agg AS (SELECT database A
2026-08-01 11:20:24	15	122	1460	1	SELECT avg(ProfileEvent_OSCPUWaitMicroseconds) as cpu_wait FROM  system.metric_log  WHERE event_time > now() - INTERVAL 2 MINUTE AND event_date >= yesterday()
2026-08-01 11:20:24	4	2	10208	2	SELECT count() as count, sum(elapsed) as total_elapsed, \'lh\' as usr FROM system.processes  WHERE user = \'observability-internal\' AND client_hostname LIKE \'loghouse-scraper%\'  UNION ALL SELECT count() as count, sum(elapsed) as total_elapsed, \'other\' as usr FROM system.processes  WHERE user != \'observ
2026-08-01 11:20:25	1	890	368799	1	SELECT value FROM system.asynchronous_metrics WHERE metric = \'OSMemoryAvailable\' ;
2026-08-01 11:20:25	2	59	472	1	             SELECT                 name,                 toJSONString(labels) as labels_serialized,                 value,                 help,                 type             FROM (                 SELECT   \'ClickHouse_CustomMetric_TotalMemoryUsedByDataSkippingIndices\' AS name,   toFloat64(SUM(d
2026-08-01 11:20:30	2	0	0	0	             SELECT                 name,                 toJSONString(labels) as labels_serialized,                 value,                 help,                 type             FROM (                 SELECT   \'ClickHouse_CustomMetric_FailedMutations\' as name,   toFloat64(count()) as value,   \'The 
2026-08-01 11:20:30	5	103	25415	103	SELECT             name,             value,             help,             JSONExtract(labels_serialized, \'Map(String, String)\') as labels,             type         FROM merge(system, \'^_custom_metrics_dictionary_.*\')         FORMAT Prometheus
2026-08-01 11:20:33	3	1	5438	1	SELECT count() FROM system.processes WHERE (initial_user NOT IN _CAST([\'backups-internal\', \'management-internal\', \'monitoring-internal\', \'observability-internal\', \'operator-internal\', \'prometheus-exporter\', \'prometheus-internal\', \'operator-cert-internal\', \'availability-monitoring-internal\', \'\'], \'Ar
2026-08-01 11:20:33	2	76	1094	1	SELECT countIf(database = \'system\') as systemParts, countIf(database != \'system\') as nonSystemParts FROM system.parts where active
2026-08-01 11:20:33	2	0	0	1	SELECT countIf(database = \'system\') as systemMerges, countIf(database != \'system\') as nonSystemMerges FROM system.merges
2026-08-01 11:20:35	2	6	3896	0	             SELECT                 name,                 toJSONString(labels) as labels_serialized,                 value,                 help,                 type             FROM (                 SELECT   \'clickhouse_table_replica_readonly_start_timestamp_seconds\' as name,   toFloat64(toUnixTi
2026-08-01 11:20:35	3	2	6334	1	             SELECT                 name,                 toJSONString(labels) as labels_serialized,                 value,                 help,                 type             FROM (                 SELECT   \'ClickHouse_CustomMetric_TotalMemoryUsedByQueries\' AS name,   toFloat64(SUM(peak_memory_u
2026-08-01 11:20:43	3	2	12834	1	SELECT count() FROM system.processes WHERE (initial_user NOT IN _CAST([\'backups-internal\', \'management-internal\', \'monitoring-internal\', \'observability-internal\', \'operator-internal\', \'prometheus-exporter\', \'prometheus-internal\', \'operator-cert-internal\', \'availability-monitoring-internal\', \'\'], \'Ar
2026-08-01 11:20:43	2	72	1034	1	SELECT countIf(database = \'system\') as systemParts, countIf(database != \'system\') as nonSystemParts FROM system.parts where active
2026-08-01 11:20:43	2	0	0	1	SELECT countIf(database = \'system\') as systemMerges, countIf(database != \'system\') as nonSystemMerges FROM system.merges
2026-08-01 11:20:43	25	3118	587939	126	SELECT CAST(\'0fc3eaab-fbcb-4533-8825-9be9faaea781\', \'UUID\') AS instance_id, CAST(\'c-boneaws-al-46-server-j62zx3k-0\', \'LowCardinality(String)\') AS node_id, CAST(name, \'LowCardinality(String)\') AS metric, CAST(mapFilter((k, v) -> has(_CAST([\'remote\'], \'Array(String)\'), k), labels), \'Map(LowCardinality
2026-08-01 11:20:45	2	0	0	1	             SELECT                 name,                 toJSONString(labels) as labels_serialized,                 value,                 help,                 type             FROM (                 SELECT   \'ClickHouse_CustomMetric_TotalMemoryUsedByMerges\' AS name,   toFloat64(SUM(memory_usage))
2026-08-01 11:20:45	2	4	8761	1	             SELECT                 name,                 toJSONString(labels) as labels_serialized,                 value,                 help,                 type             FROM (                 SELECT   \'ClickHouse_CustomMetric_TotalMemoryUsedByQueries\' AS name,   toFloat64(SUM(peak_memory_u
2026-08-01 11:20:45	2	13	6340	1	             SELECT                 name,                 toJSONString(labels) as labels_serialized,                 value,                 help,                 type             FROM (                 SELECT   \'ClickHouse_CustomMetric_TotalMemoryUsedByDictionaries\' AS name,   toFloat64(SUM(bytes_al
2026-08-01 11:20:45	3	6	213	0	             SELECT                 name,                 toJSONString(labels) as labels_serialized,                 value,                 help,                 type             FROM (                 SELECT   \'ClickHouse_CustomMetric_SharedCatalogRecoveryTime\' as name,   toFloat64(recovery_time) a
2026-08-01 11:20:50	5	103	25415	103	SELECT             name,             value,             help,             JSONExtract(labels_serialized, \'Map(String, String)\') as labels,             type         FROM merge(system, \'^_custom_metrics_dictionary_.*\')         FORMAT Prometheus
2026-08-01 11:20:51	6	103	25415	103	SELECT             name,             value,             help,             JSONExtract(labels_serialized, \'Map(String, String)\') as labels,             type         FROM merge(system, \'^_custom_metrics_dictionary_.*\')         FORMAT Prometheus
2026-08-01 11:20:53	3	1	5438	1	SELECT count() FROM system.processes WHERE (initial_user NOT IN _CAST([\'backups-internal\', \'management-internal\', \'monitoring-internal\', \'observability-internal\', \'operator-internal\', \'prometheus-exporter\', \'prometheus-internal\', \'operator-cert-internal\', \'availability-monitoring-internal\', \'\'], \'Ar
2026-08-01 11:20:53	2	70	1004	1	SELECT countIf(database = \'system\') as systemParts, countIf(database != \'system\') as nonSystemParts FROM system.parts where active
2026-08-01 11:20:53	2	0	0	1	SELECT countIf(database = \'system\') as systemMerges, countIf(database != \'system\') as nonSystemMerges FROM system.merges
2026-08-01 11:20:55	14	303	4242	1	SELECT avg(ProfileEvent_OSCPUWaitMicroseconds) as cpu_wait FROM  system.metric_log  WHERE event_time > now() - INTERVAL 2 MINUTE AND event_date >= yesterday()
2026-08-01 11:20:55	4	2	10208	2	SELECT count() as count, sum(elapsed) as total_elapsed, \'lh\' as usr FROM system.processes  WHERE user = \'observability-internal\' AND client_hostname LIKE \'loghouse-scraper%\'  UNION ALL SELECT count() as count, sum(elapsed) as total_elapsed, \'other\' as usr FROM system.processes  WHERE user != \'observ
2026-08-01 11:20:55	1	890	368799	1	SELECT value FROM system.asynchronous_metrics WHERE metric = \'OSMemoryAvailable\' ;
2026-08-01 11:20:55	2	0	0	1	             SELECT                 name,                 toJSONString(labels) as labels_serialized,                 value,                 help,                 type             FROM (                 SELECT   \'ClickHouse_CustomMetric_TotalMemoryUsedByAsynchronousInserts\' AS name,   toFloat64(SUM(t
2026-08-01 11:21:00	5	103	25415	103	SELECT             name,             value,             help,             JSONExtract(labels_serialized, \'Map(String, String)\') as labels,             type         FROM merge(system, \'^_custom_metrics_dictionary_.*\')         FORMAT Prometheus
2026-08-01 11:21:00	1	0	0	1	             SELECT                 name,                 toJSONString(labels) as labels_serialized,                 value,                 help,                 type             FROM (                 SELECT   \'ClickHouse_CustomMetric_TotalMemoryUsedByMerges\' AS name,   toFloat64(SUM(memory_usage))
2026-08-01 11:21:00	3	6	213	0	             SELECT                 name,                 toJSONString(labels) as labels_serialized,                 value,                 help,                 type             FROM (                 SELECT   \'ClickHouse_CustomMetric_DatabaseReplicatedRecoveryTime\' as name,   toFloat64(recovery_ti
2026-08-01 11:21:00	1	6	2128	6	             SELECT                 name,                 toJSONString(labels) as labels_serialized,                 value,                 help,                 type             FROM (                 SELECT   concat(\'clickhouse_\', system.dimensional_metrics.metric) AS name,   toFloat64(system.dime
2026-08-01 11:21:03	3	2	12834	1	SELECT count() FROM system.processes WHERE (initial_user NOT IN _CAST([\'backups-internal\', \'management-internal\', \'monitoring-internal\', \'observability-internal\', \'operator-internal\', \'prometheus-exporter\', \'prometheus-internal\', \'operator-cert-internal\', \'availability-monitoring-internal\', \'\'], \'Ar
2026-08-01 11:21:03	2	71	1019	1	SELECT countIf(database = \'system\') as systemParts, countIf(database != \'system\') as nonSystemParts FROM system.parts where active
2026-08-01 11:21:03	2	0	0	1	SELECT countIf(database = \'system\') as systemMerges, countIf(database != \'system\') as nonSystemMerges FROM system.merges
2026-08-01 11:21:03	25	3118	587939	126	SELECT CAST(\'0fc3eaab-fbcb-4533-8825-9be9faaea781\', \'UUID\') AS instance_id, CAST(\'c-boneaws-al-46-server-j62zx3k-0\', \'LowCardinality(String)\') AS node_id, CAST(name, \'LowCardinality(String)\') AS metric, CAST(mapFilter((k, v) -> has(_CAST([\'remote\'], \'Array(String)\'), k), labels), \'Map(LowCardinality
2026-08-01 11:21:05	3	6	213	0	             SELECT                 name,                 toJSONString(labels) as labels_serialized,                 value,                 help,                 type             FROM (                 SELECT   \'ClickHouse_CustomMetric_DatabaseReplicatedRecoveryTime\' as name,   toFloat64(recovery_ti
2026-08-01 11:21:10	2	59	472	1	             SELECT                 name,                 toJSONString(labels) as labels_serialized,                 value,                 help,                 type             FROM (                 SELECT   \'ClickHouse_CustomMetric_TotalMemoryUsedByDataSkippingIndices\' AS name,   toFloat64(SUM(d
2026-08-01 11:21:10	2	15	1013	15	             SELECT                 name,                 toJSONString(labels) as labels_serialized,                 value,                 help,                 type             FROM (                 SELECT     \'ClickHouse_MetricsCollection_CustomMetricsSystemTable\' AS name,     toFloat64(1) AS va
2026-08-01 11:21:10	2	13	6340	1	             SELECT                 name,                 toJSONString(labels) as labels_serialized,                 value,                 help,                 type             FROM (                 SELECT   \'ClickHouse_CustomMetric_TotalMemoryUsedByDictionaries\' AS name,   toFloat64(SUM(bytes_al
2026-08-01 11:21:13	3	1	5438	1	SELECT count() FROM system.processes WHERE (initial_user NOT IN _CAST([\'backups-internal\', \'management-internal\', \'monitoring-internal\', \'observability-internal\', \'operator-internal\', \'prometheus-exporter\', \'prometheus-internal\', \'operator-cert-internal\', \'availability-monitoring-internal\', \'\'], \'Ar
2026-08-01 11:21:13	2	61	869	1	SELECT countIf(database = \'system\') as systemParts, countIf(database != \'system\') as nonSystemParts FROM system.parts where active
2026-08-01 11:21:13	2	0	0	1	SELECT countIf(database = \'system\') as systemMerges, countIf(database != \'system\') as nonSystemMerges FROM system.merges
2026-08-01 11:21:15	2	6	3896	0	             SELECT                 name,                 toJSONString(labels) as labels_serialized,                 value,                 help,                 type             FROM (                 SELECT   \'clickhouse_table_replica_readonly_start_timestamp_seconds\' as name,   toFloat64(toUnixTi
2026-08-01 11:21:15	22	33464	737339	33464	SELECT `content_id`, `title`, `video_type`, `category` FROM `sony`.`content_dim`;
2026-08-01 11:21:20	5	103	25415	103	SELECT             name,             value,             help,             JSONExtract(labels_serialized, \'Map(String, String)\') as labels,             type         FROM merge(system, \'^_custom_metrics_dictionary_.*\')         FORMAT Prometheus
2026-08-01 11:21:20	2	0	0	0	             SELECT                 name,                 toJSONString(labels) as labels_serialized,                 value,                 help,                 type             FROM (                 SELECT   \'ClickHouse_CustomMetric_FailedMutations\' as name,   toFloat64(count()) as value,   \'The 
2026-08-01 11:21:21	5	103	25415	103	SELECT             name,             value,             help,             JSONExtract(labels_serialized, \'Map(String, String)\') as labels,             type         FROM merge(system, \'^_custom_metrics_dictionary_.*\')         FORMAT Prometheus
2026-08-01 11:21:23	3	2	12834	1	SELECT count() FROM system.processes WHERE (initial_user NOT IN _CAST([\'backups-internal\', \'management-internal\', \'monitoring-internal\', \'observability-internal\', \'operator-internal\', \'prometheus-exporter\', \'prometheus-internal\', \'operator-cert-internal\', \'availability-monitoring-internal\', \'\'], \'Ar
2026-08-01 11:21:23	2	59	839	1	SELECT countIf(database = \'system\') as systemParts, countIf(database != \'system\') as nonSystemParts FROM system.parts where active
2026-08-01 11:21:23	2	0	0	1	SELECT countIf(database = \'system\') as systemMerges, countIf(database != \'system\') as nonSystemMerges FROM system.merges
2026-08-01 11:21:23	25	3118	587939	126	SELECT CAST(\'0fc3eaab-fbcb-4533-8825-9be9faaea781\', \'UUID\') AS instance_id, CAST(\'c-boneaws-al-46-server-j62zx3k-0\', \'LowCardinality(String)\') AS node_id, CAST(name, \'LowCardinality(String)\') AS metric, CAST(mapFilter((k, v) -> has(_CAST([\'remote\'], \'Array(String)\'), k), labels), \'Map(LowCardinality
2026-08-01 11:21:25	3	0	0	0	SELECT now64(6) as scrape_time_microseconds, \'j62zx3k\' AS pod_ident, \'boneaws-al-46\' AS spoken_name, \'cell-1\' AS cell, \'ap-south-1\' AS region, \'aws\' AS cloud_provider, \'26.2.1.525\' AS clickhouse_version, \'0fc3eaab-fbcb-4533-8825-9be9faaea781\' AS control_plane_id, \'aarch64\' AS system_processor, * FRO
2026-08-01 11:21:25	13	333	4662	1	SELECT avg(ProfileEvent_OSCPUWaitMicroseconds) as cpu_wait FROM  system.metric_log  WHERE event_time > now() - INTERVAL 2 MINUTE AND event_date >= yesterday()
2026-08-01 11:21:25	4	2	10208	2	SELECT count() as count, sum(elapsed) as total_elapsed, \'lh\' as usr FROM system.processes  WHERE user = \'observability-internal\' AND client_hostname LIKE \'loghouse-scraper%\'  UNION ALL SELECT count() as count, sum(elapsed) as total_elapsed, \'other\' as usr FROM system.processes  WHERE user != \'observ
2026-08-01 11:21:25	1	886	368083	1	SELECT value FROM system.asynchronous_metrics WHERE metric = \'OSMemoryAvailable\' ;
2026-08-01 11:21:25	2	15	1013	15	             SELECT                 name,                 toJSONString(labels) as labels_serialized,                 value,                 help,                 type             FROM (                 SELECT     \'ClickHouse_MetricsCollection_CustomMetricsSystemTable\' AS name,     toFloat64(1) AS va
2026-08-01 11:21:25	3	6	213	0	             SELECT                 name,                 toJSONString(labels) as labels_serialized,                 value,                 help,                 type             FROM (                 SELECT   \'ClickHouse_CustomMetric_SharedCatalogRecoveryTime\' as name,   toFloat64(recovery_time) a
2026-08-01 11:21:26	3	0	0	0	SELECT now64(6) as scrape_time_microseconds, \'j62zx3k\' AS pod_ident, \'boneaws-al-46\' AS spoken_name, \'cell-1\' AS cell, \'ap-south-1\' AS region, \'aws\' AS cloud_provider, \'26.2.1.525\' AS clickhouse_version, \'0fc3eaab-fbcb-4533-8825-9be9faaea781\' AS control_plane_id, \'aarch64\' AS system_processor, * FRO
2026-08-01 11:21:27	5	0	0	0	SELECT now64(6) as scrape_time_microseconds, \'j62zx3k\' AS pod_ident, \'boneaws-al-46\' AS spoken_name, \'cell-1\' AS cell, \'ap-south-1\' AS region, \'aws\' AS cloud_provider, \'26.2.1.525\' AS clickhouse_version, \'0fc3eaab-fbcb-4533-8825-9be9faaea781\' AS control_plane_id, \'aarch64\' AS system_processor, * FRO
2026-08-01 11:21:28	3	0	0	0	SELECT now64(6) as scrape_time_microseconds, \'j62zx3k\' AS pod_ident, \'boneaws-al-46\' AS spoken_name, \'cell-1\' AS cell, \'ap-south-1\' AS region, \'aws\' AS cloud_provider, \'26.2.1.525\' AS clickhouse_version, \'0fc3eaab-fbcb-4533-8825-9be9faaea781\' AS control_plane_id, \'aarch64\' AS system_processor, * FRO
2026-08-01 11:21:28	1	1	1	1	SELECT displayName(), version(), revision(), timezone()
2026-08-01 11:21:29	3	0	0	0	SELECT now64(6) as scrape_time_microseconds, \'j62zx3k\' AS pod_ident, \'boneaws-al-46\' AS spoken_name, \'cell-1\' AS cell, \'ap-south-1\' AS region, \'aws\' AS cloud_provider, \'26.2.1.525\' AS clickhouse_version, \'0fc3eaab-fbcb-4533-8825-9be9faaea781\' AS control_plane_id, \'aarch64\' AS system_processor, * FRO
2026-08-01 11:21:30	3	0	0	0	SELECT now64(6) as scrape_time_microseconds, \'j62zx3k\' AS pod_ident, \'boneaws-al-46\' AS spoken_name, \'cell-1\' AS cell, \'ap-south-1\' AS region, \'aws\' AS cloud_provider, \'26.2.1.525\' AS clickhouse_version, \'0fc3eaab-fbcb-4533-8825-9be9faaea781\' AS control_plane_id, \'aarch64\' AS system_processor, * FRO
2026-08-01 11:21:30	1	0	0	1	             SELECT                 name,                 toJSONString(labels) as labels_serialized,                 value,                 help,                 type             FROM (                 SELECT   \'ClickHouse_CustomMetric_TotalMemoryUsedByAsynchronousInserts\' AS name,   toFloat64(SUM(t
2026-08-01 11:21:30	2	2	6279	1	             SELECT                 name,                 toJSONString(labels) as labels_serialized,                 value,                 help,                 type             FROM (                 SELECT   \'ClickHouse_CustomMetric_TotalMemoryUsedByQueries\' AS name,   toFloat64(SUM(peak_memory_u
2026-08-01 11:21:30	5	103	25415	103	SELECT             name,             value,             help,             JSONExtract(labels_serialized, \'Map(String, String)\') as labels,             type         FROM merge(system, \'^_custom_metrics_dictionary_.*\')         FORMAT Prometheus
2026-08-01 11:21:30	1	1	1	1	SELECT 1;
2026-08-01 11:21:31	3	0	0	0	SELECT now64(6) as scrape_time_microseconds, \'j62zx3k\' AS pod_ident, \'boneaws-al-46\' AS spoken_name, \'cell-1\' AS cell, \'ap-south-1\' AS region, \'aws\' AS cloud_provider, \'26.2.1.525\' AS clickhouse_version, \'0fc3eaab-fbcb-4533-8825-9be9faaea781\' AS control_plane_id, \'aarch64\' AS system_processor, * FRO
2026-08-01 11:21:32	3	0	0	0	SELECT now64(6) as scrape_time_microseconds, \'j62zx3k\' AS pod_ident, \'boneaws-al-46\' AS spoken_name, \'cell-1\' AS cell, \'ap-south-1\' AS region, \'aws\' AS cloud_provider, \'26.2.1.525\' AS clickhouse_version, \'0fc3eaab-fbcb-4533-8825-9be9faaea781\' AS control_plane_id, \'aarch64\' AS system_processor, * FRO
2026-08-01 11:21:33	3	0	0	0	SELECT now64(6) as scrape_time_microseconds, \'j62zx3k\' AS pod_ident, \'boneaws-al-46\' AS spoken_name, \'cell-1\' AS cell, \'ap-south-1\' AS region, \'aws\' AS cloud_provider, \'26.2.1.525\' AS clickhouse_version, \'0fc3eaab-fbcb-4533-8825-9be9faaea781\' AS control_plane_id, \'aarch64\' AS system_processor, * FRO
2026-08-01 11:21:33	3	1	5438	1	SELECT count() FROM system.processes WHERE (initial_user NOT IN _CAST([\'backups-internal\', \'management-internal\', \'monitoring-internal\', \'observability-internal\', \'operator-internal\', \'prometheus-exporter\', \'prometheus-internal\', \'operator-cert-internal\', \'availability-monitoring-internal\', \'\'], \'Ar
2026-08-01 11:21:33	2	60	854	1	SELECT countIf(database = \'system\') as systemParts, countIf(database != \'system\') as nonSystemParts FROM system.parts where active
2026-08-01 11:21:33	1	0	0	1	SELECT countIf(database = \'system\') as systemMerges, countIf(database != \'system\') as nonSystemMerges FROM system.merges
2026-08-01 11:21:34	7	6762	704623	565	SELECT now64(6) as scrape_time_microseconds, \'j62zx3k\' AS pod_ident, \'boneaws-al-46\' AS spoken_name, \'cell-1\' AS cell, \'ap-south-1\' AS region, \'aws\' AS cloud_provider, \'26.2.1.525\' AS clickhouse_version, \'0fc3eaab-fbcb-4533-8825-9be9faaea781\' AS control_plane_id, \'aarch64\' AS system_processor, * FRO
2026-08-01 11:21:35	78	0	0	0	SELECT now64(6) as scrape_time_microseconds, \'j62zx3k\' AS pod_ident, \'boneaws-al-46\' AS spoken_name, \'cell-1\' AS cell, \'ap-south-1\' AS region, \'aws\' AS cloud_provider, \'26.2.1.525\' AS clickhouse_version, \'0fc3eaab-fbcb-4533-8825-9be9faaea781\' AS control_plane_id, \'aarch64\' AS system_processor, * FRO
2026-08-01 11:21:35	2	0	0	0	             SELECT                 name,                 toJSONString(labels) as labels_serialized,                 value,                 help,                 type             FROM (                 SELECT   \'ClickHouse_CustomMetric_FailedMutations\' as name,   toFloat64(count()) as value,   \'The 
2026-08-01 11:21:36	3	0	0	0	SELECT now64(6) as scrape_time_microseconds, \'j62zx3k\' AS pod_ident, \'boneaws-al-46\' AS spoken_name, \'cell-1\' AS cell, \'ap-south-1\' AS region, \'aws\' AS cloud_provider, \'26.2.1.525\' AS clickhouse_version, \'0fc3eaab-fbcb-4533-8825-9be9faaea781\' AS control_plane_id, \'aarch64\' AS system_processor, * FRO
2026-08-01 11:21:37	7	609	382850	46	SELECT now64(6) as scrape_time_microseconds, \'j62zx3k\' AS pod_ident, \'boneaws-al-46\' AS spoken_name, \'cell-1\' AS cell, \'ap-south-1\' AS region, \'aws\' AS cloud_provider, \'26.2.1.525\' AS clickhouse_version, \'0fc3eaab-fbcb-4533-8825-9be9faaea781\' AS control_plane_id, \'aarch64\' AS system_processor, * FRO
2026-08-01 11:21:38	13	9016	2130108	5251	SELECT now64(6) as scrape_time_microseconds, \'j62zx3k\' AS pod_ident, \'boneaws-al-46\' AS spoken_name, \'cell-1\' AS cell, \'ap-south-1\' AS region, \'aws\' AS cloud_provider, \'26.2.1.525\' AS clickhouse_version, \'0fc3eaab-fbcb-4533-8825-9be9faaea781\' AS control_plane_id, \'aarch64\' AS system_processor, * FRO
2026-08-01 11:21:39	17	19508	4567969	9780	SELECT now64(6) as scrape_time_microseconds, \'j62zx3k\' AS pod_ident, \'boneaws-al-46\' AS spoken_name, \'cell-1\' AS cell, \'ap-south-1\' AS region, \'aws\' AS cloud_provider, \'26.2.1.525\' AS clickhouse_version, \'0fc3eaab-fbcb-4533-8825-9be9faaea781\' AS control_plane_id, \'aarch64\' AS system_processor, * FRO
2026-08-01 11:21:40	26	3514	7802587	328	SELECT now64(6) as scrape_time_microseconds, \'j62zx3k\' AS pod_ident, \'boneaws-al-46\' AS spoken_name, \'cell-1\' AS cell, \'ap-south-1\' AS region, \'aws\' AS cloud_provider, \'26.2.1.525\' AS clickhouse_version, \'0fc3eaab-fbcb-4533-8825-9be9faaea781\' AS control_plane_id, \'aarch64\' AS system_processor, * FRO
2026-08-01 11:21:40	1	6	2128	6	             SELECT                 name,                 toJSONString(labels) as labels_serialized,                 value,                 help,                 type             FROM (                 SELECT   concat(\'clickhouse_\', system.dimensional_metrics.metric) AS name,   toFloat64(system.dime
2026-08-01 11:21:40	2	15	1013	15	             SELECT                 name,                 toJSONString(labels) as labels_serialized,                 value,                 help,                 type             FROM (                 SELECT     \'ClickHouse_MetricsCollection_CustomMetricsSystemTable\' AS name,     toFloat64(1) AS va
2026-08-01 11:21:41	171	807	2103207	120	SELECT now64(6) as scrape_time_microseconds, \'j62zx3k\' AS pod_ident, \'boneaws-al-46\' AS spoken_name, \'cell-1\' AS cell, \'ap-south-1\' AS region, \'aws\' AS cloud_provider, \'26.2.1.525\' AS clickhouse_version, \'0fc3eaab-fbcb-4533-8825-9be9faaea781\' AS control_plane_id, \'aarch64\' AS system_processor, * FRO
2026-08-01 11:21:42	8	1086	661421	125	SELECT now64(6) as scrape_time_microseconds, \'j62zx3k\' AS pod_ident, \'boneaws-al-46\' AS spoken_name, \'cell-1\' AS cell, \'ap-south-1\' AS region, \'aws\' AS cloud_provider, \'26.2.1.525\' AS clickhouse_version, \'0fc3eaab-fbcb-4533-8825-9be9faaea781\' AS control_plane_id, \'aarch64\' AS system_processor, * FRO
2026-08-01 11:21:43	3	0	0	0	SELECT now64(6) as scrape_time_microseconds, \'j62zx3k\' AS pod_ident, \'boneaws-al-46\' AS spoken_name, \'cell-1\' AS cell, \'ap-south-1\' AS region, \'aws\' AS cloud_provider, \'26.2.1.525\' AS clickhouse_version, \'0fc3eaab-fbcb-4533-8825-9be9faaea781\' AS control_plane_id, \'aarch64\' AS system_processor, * FRO
2026-08-01 11:21:43	3	2	12834	1	SELECT count() FROM system.processes WHERE (initial_user NOT IN _CAST([\'backups-internal\', \'management-internal\', \'monitoring-internal\', \'observability-internal\', \'operator-internal\', \'prometheus-exporter\', \'prometheus-internal\', \'operator-cert-internal\', \'availability-monitoring-internal\', \'\'], \'Ar
2026-08-01 11:21:43	2	61	869	1	SELECT countIf(database = \'system\') as systemParts, countIf(database != \'system\') as nonSystemParts FROM system.parts where active
2026-08-01 11:21:43	2	0	0	1	SELECT countIf(database = \'system\') as systemMerges, countIf(database != \'system\') as nonSystemMerges FROM system.merges
2026-08-01 11:21:43	24	3123	588721	126	SELECT CAST(\'0fc3eaab-fbcb-4533-8825-9be9faaea781\', \'UUID\') AS instance_id, CAST(\'c-boneaws-al-46-server-j62zx3k-0\', \'LowCardinality(String)\') AS node_id, CAST(name, \'LowCardinality(String)\') AS metric, CAST(mapFilter((k, v) -> has(_CAST([\'remote\'], \'Array(String)\'), k), labels), \'Map(LowCardinality
2026-08-01 11:21:44	7	2786	834701	296	SELECT now64(6) as scrape_time_microseconds, \'j62zx3k\' AS pod_ident, \'boneaws-al-46\' AS spoken_name, \'cell-1\' AS cell, \'ap-south-1\' AS region, \'aws\' AS cloud_provider, \'26.2.1.525\' AS clickhouse_version, \'0fc3eaab-fbcb-4533-8825-9be9faaea781\' AS control_plane_id, \'aarch64\' AS system_processor, * FRO
2026-08-01 11:21:45	98	976844	15670716	106388	SELECT now64(6) as scrape_time_microseconds, \'j62zx3k\' AS pod_ident, \'boneaws-al-46\' AS spoken_name, \'cell-1\' AS cell, \'ap-south-1\' AS region, \'aws\' AS cloud_provider, \'26.2.1.525\' AS clickhouse_version, \'0fc3eaab-fbcb-4533-8825-9be9faaea781\' AS control_plane_id, \'aarch64\' AS system_processor, * FRO
2026-08-01 11:21:45	1	0	0	1	             SELECT                 name,                 toJSONString(labels) as labels_serialized,                 value,                 help,                 type             FROM (                 SELECT   \'ClickHouse_CustomMetric_TotalMemoryUsedByAsynchronousInserts\' AS name,   toFloat64(SUM(t
2026-08-01 11:21:45	2	0	0	0	             SELECT                 name,                 toJSONString(labels) as labels_serialized,                 value,                 help,                 type             FROM (                 SELECT   \'ClickHouse_CustomMetric_FailedMutations\' as name,   toFloat64(count()) as value,   \'The 
2026-08-01 11:21:46	17	18101	4729057	8594	SELECT now64(6) as scrape_time_microseconds, \'j62zx3k\' AS pod_ident, \'boneaws-al-46\' AS spoken_name, \'cell-1\' AS cell, \'ap-south-1\' AS region, \'aws\' AS cloud_provider, \'26.2.1.525\' AS clickhouse_version, \'0fc3eaab-fbcb-4533-8825-9be9faaea781\' AS control_plane_id, \'aarch64\' AS system_processor, * FRO
2026-08-01 11:21:50	5	108	26710	108	SELECT             name,             value,             help,             JSONExtract(labels_serialized, \'Map(String, String)\') as labels,             type         FROM merge(system, \'^_custom_metrics_dictionary_.*\')         FORMAT Prometheus
2026-08-01 11:21:50	2	0	0	1	             SELECT                 name,                 toJSONString(labels) as labels_serialized,                 value,                 help,                 type             FROM (                 SELECT   \'ClickHouse_CustomMetric_TotalMemoryUsedByAsynchronousInserts\' AS name,   toFloat64(SUM(t
2026-08-01 11:21:50	2	15	1013	15	             SELECT                 name,                 toJSONString(labels) as labels_serialized,                 value,                 help,                 type             FROM (                 SELECT     \'ClickHouse_MetricsCollection_CustomMetricsSystemTable\' AS name,     toFloat64(1) AS va
2026-08-01 11:21:50	2	13	6340	1	             SELECT                 name,                 toJSONString(labels) as labels_serialized,                 value,                 help,                 type             FROM (                 SELECT   \'ClickHouse_CustomMetric_TotalMemoryUsedByDictionaries\' AS name,   toFloat64(SUM(bytes_al
2026-08-01 11:21:51	5	108	26710	108	SELECT             name,             value,             help,             JSONExtract(labels_serialized, \'Map(String, String)\') as labels,             type         FROM merge(system, \'^_custom_metrics_dictionary_.*\')         FORMAT Prometheus
2026-08-01 11:21:53	3	1	5438	1	SELECT count() FROM system.processes WHERE (initial_user NOT IN _CAST([\'backups-internal\', \'management-internal\', \'monitoring-internal\', \'observability-internal\', \'operator-internal\', \'prometheus-exporter\', \'prometheus-internal\', \'operator-cert-internal\', \'availability-monitoring-internal\', \'\'], \'Ar
2026-08-01 11:21:53	2	63	899	1	SELECT countIf(database = \'system\') as systemParts, countIf(database != \'system\') as nonSystemParts FROM system.parts where active
2026-08-01 11:21:53	2	0	0	1	SELECT countIf(database = \'system\') as systemMerges, countIf(database != \'system\') as nonSystemMerges FROM system.merges
2026-08-01 11:21:55	15	364	5096	1	SELECT avg(ProfileEvent_OSCPUWaitMicroseconds) as cpu_wait FROM  system.metric_log  WHERE event_time > now() - INTERVAL 2 MINUTE AND event_date >= yesterday()
2026-08-01 11:21:55	4	2	10208	2	SELECT count() as count, sum(elapsed) as total_elapsed, \'lh\' as usr FROM system.processes  WHERE user = \'observability-internal\' AND client_hostname LIKE \'loghouse-scraper%\'  UNION ALL SELECT count() as count, sum(elapsed) as total_elapsed, \'other\' as usr FROM system.processes  WHERE user != \'observ
2026-08-01 11:21:55	1	886	368083	1	SELECT value FROM system.asynchronous_metrics WHERE metric = \'OSMemoryAvailable\' ;
2026-08-01 11:21:55	2	59	472	1	             SELECT                 name,                 toJSONString(labels) as labels_serialized,                 value,                 help,                 type             FROM (                 SELECT   \'ClickHouse_CustomMetric_TotalMemoryUsedByDataSkippingIndices\' AS name,   toFloat64(SUM(d
2026-08-01 11:22:00	1	0	0	1	             SELECT                 name,                 toJSONString(labels) as labels_serialized,                 value,                 help,                 type             FROM (                 SELECT   \'ClickHouse_CustomMetric_TotalMemoryUsedByMerges\' AS name,   toFloat64(SUM(memory_usage))
2026-08-01 11:22:00	2	6	3896	0	             SELECT                 name,                 toJSONString(labels) as labels_serialized,                 value,                 help,                 type             FROM (                 SELECT   \'clickhouse_table_replica_readonly_start_timestamp_seconds\' as name,   toFloat64(toUnixTi
2026-08-01 11:22:00	5	108	26710	108	SELECT             name,             value,             help,             JSONExtract(labels_serialized, \'Map(String, String)\') as labels,             type         FROM merge(system, \'^_custom_metrics_dictionary_.*\')         FORMAT Prometheus
2026-08-01 11:22:03	3	2	12834	1	SELECT count() FROM system.processes WHERE (initial_user NOT IN _CAST([\'backups-internal\', \'management-internal\', \'monitoring-internal\', \'observability-internal\', \'operator-internal\', \'prometheus-exporter\', \'prometheus-internal\', \'operator-cert-internal\', \'availability-monitoring-internal\', \'\'], \'Ar
2026-08-01 11:22:03	2	60	854	1	SELECT countIf(database = \'system\') as systemParts, countIf(database != \'system\') as nonSystemParts FROM system.parts where active
2026-08-01 11:22:03	2	0	0	1	SELECT countIf(database = \'system\') as systemMerges, countIf(database != \'system\') as nonSystemMerges FROM system.merges
2026-08-01 11:22:03	23	3123	588721	126	SELECT CAST(\'0fc3eaab-fbcb-4533-8825-9be9faaea781\', \'UUID\') AS instance_id, CAST(\'c-boneaws-al-46-server-j62zx3k-0\', \'LowCardinality(String)\') AS node_id, CAST(name, \'LowCardinality(String)\') AS metric, CAST(mapFilter((k, v) -> has(_CAST([\'remote\'], \'Array(String)\'), k), labels), \'Map(LowCardinality
2026-08-01 11:22:05	1	6	2128	6	             SELECT                 name,                 toJSONString(labels) as labels_serialized,                 value,                 help,                 type             FROM (                 SELECT   concat(\'clickhouse_\', system.dimensional_metrics.metric) AS name,   toFloat64(system.dime
2026-08-01 11:22:05	2	15	1013	15	             SELECT                 name,                 toJSONString(labels) as labels_serialized,                 value,                 help,                 type             FROM (                 SELECT     \'ClickHouse_MetricsCollection_CustomMetricsSystemTable\' AS name,     toFloat64(1) AS va
2026-08-01 11:22:05	2	59	472	1	             SELECT                 name,                 toJSONString(labels) as labels_serialized,                 value,                 help,                 type             FROM (                 SELECT   \'ClickHouse_CustomMetric_TotalMemoryUsedByDataSkippingIndices\' AS name,   toFloat64(SUM(d
2026-08-01 11:22:05	3	6	213	0	             SELECT                 name,                 toJSONString(labels) as labels_serialized,                 value,                 help,                 type             FROM (                 SELECT   \'ClickHouse_CustomMetric_DatabaseReplicatedRecoveryTime\' as name,   toFloat64(recovery_ti
2026-08-01 11:22:10	2	0	0	0	             SELECT                 name,                 toJSONString(labels) as labels_serialized,                 value,                 help,                 type             FROM (                 SELECT   \'ClickHouse_CustomMetric_FailedMutations\' as name,   toFloat64(count()) as value,   \'The 
2026-08-01 11:22:10	2	4	8908	1	             SELECT                 name,                 toJSONString(labels) as labels_serialized,                 value,                 help,                 type             FROM (                 SELECT   \'ClickHouse_CustomMetric_TotalMemoryUsedByQueries\' AS name,   toFloat64(SUM(peak_memory_u
2026-08-01 11:22:10	2	59	472	1	             SELECT                 name,                 toJSONString(labels) as labels_serialized,                 value,                 help,                 type             FROM (                 SELECT   \'ClickHouse_CustomMetric_TotalMemoryUsedByDataSkippingIndices\' AS name,   toFloat64(SUM(d
2026-08-01 11:22:10	3	6	213	0	             SELECT                 name,                 toJSONString(labels) as labels_serialized,                 value,                 help,                 type             FROM (                 SELECT   \'ClickHouse_CustomMetric_SharedCatalogRecoveryTime\' as name,   toFloat64(recovery_time) a
2026-08-01 11:22:13	3	1	5438	1	SELECT count() FROM system.processes WHERE (initial_user NOT IN _CAST([\'backups-internal\', \'management-internal\', \'monitoring-internal\', \'observability-internal\', \'operator-internal\', \'prometheus-exporter\', \'prometheus-internal\', \'operator-cert-internal\', \'availability-monitoring-internal\', \'\'], \'Ar
2026-08-01 11:22:13	2	69	989	1	SELECT countIf(database = \'system\') as systemParts, countIf(database != \'system\') as nonSystemParts FROM system.parts where active
2026-08-01 11:22:13	2	0	0	1	SELECT countIf(database = \'system\') as systemMerges, countIf(database != \'system\') as nonSystemMerges FROM system.merges
2026-08-01 11:22:15	1	0	0	1	             SELECT                 name,                 toJSONString(labels) as labels_serialized,                 value,                 help,                 type             FROM (                 SELECT   \'ClickHouse_CustomMetric_TotalMemoryUsedByAsynchronousInserts\' AS name,   toFloat64(SUM(t
2026-08-01 11:22:20	5	108	26710	108	SELECT             name,             value,             help,             JSONExtract(labels_serialized, \'Map(String, String)\') as labels,             type         FROM merge(system, \'^_custom_metrics_dictionary_.*\')         FORMAT Prometheus
2026-08-01 11:22:20	1	6	2128	6	             SELECT                 name,                 toJSONString(labels) as labels_serialized,                 value,                 help,                 type             FROM (                 SELECT   concat(\'clickhouse_\', system.dimensional_metrics.metric) AS name,   toFloat64(system.dime
2026-08-01 11:22:20	3	6	213	0	             SELECT                 name,                 toJSONString(labels) as labels_serialized,                 value,                 help,                 type             FROM (                 SELECT   \'ClickHouse_CustomMetric_DatabaseReplicatedRecoveryTime\' as name,   toFloat64(recovery_ti
2026-08-01 11:22:21	5	108	26710	108	SELECT             name,             value,             help,             JSONExtract(labels_serialized, \'Map(String, String)\') as labels,             type         FROM merge(system, \'^_custom_metrics_dictionary_.*\')         FORMAT Prometheus
2026-08-01 11:22:23	4	0	0	0	WITH source AS (SELECT [\'matview_execution_total\', if(exception_code != 0, \'matview_execution_fail\', \'\')] AS metrics, event_time AS ts FROM system.query_views_log WHERE (status != \'QueryStart\') AND (event_date >= toDate(_CAST(\'1785583188.069\', \'DateTime64\'))) AND (event_time >= toDateTime(_CAST(\'178
2026-08-01 11:22:23	5	378	114440	5	WITH metrics AS (SELECT name AS metric, toFloat64(value) AS val, now() AS ts FROM system.server_settings WHERE multiMatchAny(name, _CAST([\'^max_database_num_to_throw$\', \'^max_database_num_to_warn$\', \'^max_table_num_to_throw$\', \'^max_table_num_to_warn$\', \'^max_concurrent_queries$\'], \'Array(String)\'))
2026-08-01 11:22:23	8	137996	2179210	1560	SELECT CAST(\'0fc3eaab-fbcb-4533-8825-9be9faaea781\', \'UUID\') AS control_plane_id, CAST(\'c-boneaws-al-46-server-j62zx3k-0\', \'LowCardinality(String)\') AS pod_id, CAST(now64(), \'DateTime64(6)\') AS scrape_ts_microseconds, CAST(event_date, \'Date\') AS event_date, CAST(event_time, \'DateTime\') AS event_time,
2026-08-01 11:22:23	3	7	36459	1	SELECT count() FROM system.processes WHERE (initial_user NOT IN _CAST([\'backups-internal\', \'management-internal\', \'monitoring-internal\', \'observability-internal\', \'operator-internal\', \'prometheus-exporter\', \'prometheus-internal\', \'operator-cert-internal\', \'availability-monitoring-internal\', \'\'], \'Ar
2026-08-01 11:22:23	11	1247	18493	15	WITH metrics AS (SELECT multiIf((event_type = \'MergeParts\') AND (error = 0), \'merges_finished\', (event_type = \'MergeParts\') AND (error != 0), \'merges_failed\', (event_type = \'MutatePart\') AND (error = 0), \'mutate_part_finished\', (event_type = \'MutatePart\') AND (error != 0), \'mutate_part_failed\', NULL
2026-08-01 11:22:23	12	0	0	1	WITH failed_mutations AS (SELECT toDateTime(create_time) AS ts, count() AS val FROM system.mutations WHERE (ts > toDateTime(_CAST(\'1785583188.069\', \'DateTime64\'))) AND (ts <= toDateTime(_CAST(\'1785583308.069\', \'DateTime64\'))) AND (latest_failed_part != \'\') AND (is_done = 0) GROUP BY ts), failed_muta
2026-08-01 11:22:23	2	71	1019	1	SELECT countIf(database = \'system\') as systemParts, countIf(database != \'system\') as nonSystemParts FROM system.parts where active
2026-08-01 11:22:23	2	0	0	1	SELECT countIf(database = \'system\') as systemMerges, countIf(database != \'system\') as nonSystemMerges FROM system.merges
2026-08-01 11:22:23	24	3112	587085	126	SELECT CAST(\'0fc3eaab-fbcb-4533-8825-9be9faaea781\', \'UUID\') AS instance_id, CAST(\'c-boneaws-al-46-server-j62zx3k-0\', \'LowCardinality(String)\') AS node_id, CAST(name, \'LowCardinality(String)\') AS metric, CAST(mapFilter((k, v) -> has(_CAST([\'remote\'], \'Array(String)\'), k), labels), \'Map(LowCardinality
2026-08-01 11:22:23	56	394	115073	120	SELECT CAST(\'0fc3eaab-fbcb-4533-8825-9be9faaea781\', \'UUID\') AS control_plane_id, CAST(\'c-boneaws-al-46-server-j62zx3k-0\', \'LowCardinality(String)\') AS pod_id, CAST(now64(), \'DateTime64(6)\') AS scrape_ts_microseconds, CAST(event_date, \'Date\') AS event_date, CAST(event_time, \'DateTime\') AS event_time,
2026-08-01 11:22:23	157	718	211243	10	WITH parts_agg AS (SELECT database AS agg_database, `table` AS agg_table, SUM(primary_key_size) AS primary_index_size, SUM(secondary_indices_compressed_bytes) AS secondary_index_size FROM system.parts WHERE active AND (database != \'system\') GROUP BY database, `table`), proj_agg AS (SELECT database A
2026-08-01 11:22:25	14	394	5516	1	SELECT avg(ProfileEvent_OSCPUWaitMicroseconds) as cpu_wait FROM  system.metric_log  WHERE event_time > now() - INTERVAL 2 MINUTE AND event_date >= yesterday()
2026-08-01 11:22:25	4	2	10208	2	SELECT count() as count, sum(elapsed) as total_elapsed, \'lh\' as usr FROM system.processes  WHERE user = \'observability-internal\' AND client_hostname LIKE \'loghouse-scraper%\'  UNION ALL SELECT count() as count, sum(elapsed) as total_elapsed, \'other\' as usr FROM system.processes  WHERE user != \'observ
2026-08-01 11:22:25	1	875	366447	1	SELECT value FROM system.asynchronous_metrics WHERE metric = \'OSMemoryAvailable\' ;
2026-08-01 11:22:30	1	6	2128	6	             SELECT                 name,                 toJSONString(labels) as labels_serialized,                 value,                 help,                 type             FROM (                 SELECT   concat(\'clickhouse_\', system.dimensional_metrics.metric) AS name,   toFloat64(system.dime
2026-08-01 11:22:30	5	108	26710	108	SELECT             name,             value,             help,             JSONExtract(labels_serialized, \'Map(String, String)\') as labels,             type         FROM merge(system, \'^_custom_metrics_dictionary_.*\')         FORMAT Prometheus
2026-08-01 11:22:33	3	1	5438	1	SELECT count() FROM system.processes WHERE (initial_user NOT IN _CAST([\'backups-internal\', \'management-internal\', \'monitoring-internal\', \'observability-internal\', \'operator-internal\', \'prometheus-exporter\', \'prometheus-internal\', \'operator-cert-internal\', \'availability-monitoring-internal\', \'\'], \'Ar
2026-08-01 11:22:33	2	72	1034	1	SELECT countIf(database = \'system\') as systemParts, countIf(database != \'system\') as nonSystemParts FROM system.parts where active
2026-08-01 11:22:33	2	0	0	1	SELECT countIf(database = \'system\') as systemMerges, countIf(database != \'system\') as nonSystemMerges FROM system.merges
2026-08-01 11:22:35	1	6	2128	6	             SELECT                 name,                 toJSONString(labels) as labels_serialized,                 value,                 help,                 type             FROM (                 SELECT   concat(\'clickhouse_\', system.dimensional_metrics.metric) AS name,   toFloat64(system.dime
2026-08-01 11:22:35	2	15	1013	15	             SELECT                 name,                 toJSONString(labels) as labels_serialized,                 value,                 help,                 type             FROM (                 SELECT     \'ClickHouse_MetricsCollection_CustomMetricsSystemTable\' AS name,     toFloat64(1) AS va
2026-08-01 11:22:40	1	0	0	1	             SELECT                 name,                 toJSONString(labels) as labels_serialized,                 value,                 help,                 type             FROM (                 SELECT   \'ClickHouse_CustomMetric_TotalMemoryUsedByAsynchronousInserts\' AS name,   toFloat64(SUM(t
2026-08-01 11:22:43	3	2	12834	1	SELECT count() FROM system.processes WHERE (initial_user NOT IN _CAST([\'backups-internal\', \'management-internal\', \'monitoring-internal\', \'observability-internal\', \'operator-internal\', \'prometheus-exporter\', \'prometheus-internal\', \'operator-cert-internal\', \'availability-monitoring-internal\', \'\'], \'Ar
2026-08-01 11:22:43	2	73	1049	1	SELECT countIf(database = \'system\') as systemParts, countIf(database != \'system\') as nonSystemParts FROM system.parts where active
2026-08-01 11:22:43	1	0	0	1	SELECT countIf(database = \'system\') as systemMerges, countIf(database != \'system\') as nonSystemMerges FROM system.merges
2026-08-01 11:22:43	24	3112	587085	126	SELECT CAST(\'0fc3eaab-fbcb-4533-8825-9be9faaea781\', \'UUID\') AS instance_id, CAST(\'c-boneaws-al-46-server-j62zx3k-0\', \'LowCardinality(String)\') AS node_id, CAST(name, \'LowCardinality(String)\') AS metric, CAST(mapFilter((k, v) -> has(_CAST([\'remote\'], \'Array(String)\'), k), labels), \'Map(LowCardinality
2026-08-01 11:22:45	2	0	0	0	             SELECT                 name,                 toJSONString(labels) as labels_serialized,                 value,                 help,                 type             FROM (                 SELECT   \'ClickHouse_CustomMetric_FailedMutations\' as name,   toFloat64(count()) as value,   \'The 
2026-08-01 11:22:45	2	59	472	1	             SELECT                 name,                 toJSONString(labels) as labels_serialized,                 value,                 help,                 type             FROM (                 SELECT   \'ClickHouse_CustomMetric_TotalMemoryUsedByDataSkippingIndices\' AS name,   toFloat64(SUM(d
2026-08-01 11:22:45	2	6	213	0	             SELECT                 name,                 toJSONString(labels) as labels_serialized,                 value,                 help,                 type             FROM (                 SELECT   \'ClickHouse_CustomMetric_DatabaseReplicatedRecoveryTime\' as name,   toFloat64(recovery_ti
2026-08-01 11:22:46	2	0	8	1	SELECT count() FROM system.backups where status IN (0,3)
2026-08-01 11:22:46	3	1	5472	1	SELECT count() FROM system.processes WHERE (elapsed > _CAST(0, \'Int64\')) AND (initial_user NOT IN _CAST([\'backups-internal\', \'management-internal\', \'monitoring-internal\', \'observability-internal\', \'operator-internal\', \'prometheus-exporter\', \'prometheus-internal\', \'operator-cert-internal\', \'availabil
2026-08-01 11:22:48	1	1	1	1	SELECT displayName(), version(), revision(), timezone()
2026-08-01 11:22:49	1	1	1	1	SELECT 1;
2026-08-01 11:22:50	2	15	1013	15	             SELECT                 name,                 toJSONString(labels) as labels_serialized,                 value,                 help,                 type             FROM (                 SELECT     \'ClickHouse_MetricsCollection_CustomMetricsSystemTable\' AS name,     toFloat64(1) AS va
2026-08-01 11:22:50	1	6	2128	6	             SELECT                 name,                 toJSONString(labels) as labels_serialized,                 value,                 help,                 type             FROM (                 SELECT   concat(\'clickhouse_\', system.dimensional_metrics.metric) AS name,   toFloat64(system.dime
2026-08-01 11:22:50	5	108	26710	108	SELECT             name,             value,             help,             JSONExtract(labels_serialized, \'Map(String, String)\') as labels,             type         FROM merge(system, \'^_custom_metrics_dictionary_.*\')         FORMAT Prometheus
2026-08-01 11:22:50	2	13	6340	1	             SELECT                 name,                 toJSONString(labels) as labels_serialized,                 value,                 help,                 type             FROM (                 SELECT   \'ClickHouse_CustomMetric_TotalMemoryUsedByDictionaries\' AS name,   toFloat64(SUM(bytes_al
2026-08-01 11:22:51	5	108	26710	108	SELECT             name,             value,             help,             JSONExtract(labels_serialized, \'Map(String, String)\') as labels,             type         FROM merge(system, \'^_custom_metrics_dictionary_.*\')         FORMAT Prometheus
2026-08-01 11:22:53	3	1	5438	1	SELECT count() FROM system.processes WHERE (initial_user NOT IN _CAST([\'backups-internal\', \'management-internal\', \'monitoring-internal\', \'observability-internal\', \'operator-internal\', \'prometheus-exporter\', \'prometheus-internal\', \'operator-cert-internal\', \'availability-monitoring-internal\', \'\'], \'Ar
2026-08-01 11:22:53	2	75	1079	1	SELECT countIf(database = \'system\') as systemParts, countIf(database != \'system\') as nonSystemParts FROM system.parts where active
2026-08-01 11:22:53	1	0	0	1	SELECT countIf(database = \'system\') as systemMerges, countIf(database != \'system\') as nonSystemMerges FROM system.merges
2026-08-01 11:22:55	14	121	1471	1	SELECT avg(ProfileEvent_OSCPUWaitMicroseconds) as cpu_wait FROM  system.metric_log  WHERE event_time > now() - INTERVAL 2 MINUTE AND event_date >= yesterday()
2026-08-01 11:22:55	4	2	10208	2	SELECT count() as count, sum(elapsed) as total_elapsed, \'lh\' as usr FROM system.processes  WHERE user = \'observability-internal\' AND client_hostname LIKE \'loghouse-scraper%\'  UNION ALL SELECT count() as count, sum(elapsed) as total_elapsed, \'other\' as usr FROM system.processes  WHERE user != \'observ
2026-08-01 11:22:55	1	875	366447	1	SELECT value FROM system.asynchronous_metrics WHERE metric = \'OSMemoryAvailable\' ;
2026-08-01 11:22:55	1	0	0	1	             SELECT                 name,                 toJSONString(labels) as labels_serialized,                 value,                 help,                 type             FROM (                 SELECT   \'ClickHouse_CustomMetric_TotalMemoryUsedByMerges\' AS name,   toFloat64(SUM(memory_usage))
2026-08-01 11:22:55	2	59	472	1	             SELECT                 name,                 toJSONString(labels) as labels_serialized,                 value,                 help,                 type             FROM (                 SELECT   \'ClickHouse_CustomMetric_TotalMemoryUsedByDataSkippingIndices\' AS name,   toFloat64(SUM(d
2026-08-01 11:22:55	2	6	3896	0	             SELECT                 name,                 toJSONString(labels) as labels_serialized,                 value,                 help,                 type             FROM (                 SELECT   \'clickhouse_table_replica_readonly_start_timestamp_seconds\' as name,   toFloat64(toUnixTi
2026-08-01 11:23:00	1	0	0	1	             SELECT                 name,                 toJSONString(labels) as labels_serialized,                 value,                 help,                 type             FROM (                 SELECT   \'ClickHouse_CustomMetric_TotalMemoryUsedByAsynchronousInserts\' AS name,   toFloat64(SUM(t
2026-08-01 11:23:00	2	3	7605	1	             SELECT                 name,                 toJSONString(labels) as labels_serialized,                 value,                 help,                 type             FROM (                 SELECT   \'ClickHouse_CustomMetric_TotalMemoryUsedByQueries\' AS name,   toFloat64(SUM(peak_memory_u
2026-08-01 11:23:00	3	6	213	0	             SELECT                 name,                 toJSONString(labels) as labels_serialized,                 value,                 help,                 type             FROM (                 SELECT   \'ClickHouse_CustomMetric_SharedCatalogRecoveryTime\' as name,   toFloat64(recovery_time) a
2026-08-01 11:23:00	5	108	26710	108	SELECT             name,             value,             help,             JSONExtract(labels_serialized, \'Map(String, String)\') as labels,             type         FROM merge(system, \'^_custom_metrics_dictionary_.*\')         FORMAT Prometheus
2026-08-01 11:23:03	3	2	12834	1	SELECT count() FROM system.processes WHERE (initial_user NOT IN _CAST([\'backups-internal\', \'management-internal\', \'monitoring-internal\', \'observability-internal\', \'operator-internal\', \'prometheus-exporter\', \'prometheus-internal\', \'operator-cert-internal\', \'availability-monitoring-internal\', \'\'], \'Ar
2026-08-01 11:23:03	2	77	1109	1	SELECT countIf(database = \'system\') as systemParts, countIf(database != \'system\') as nonSystemParts FROM system.parts where active
2026-08-01 11:23:03	2	0	0	1	SELECT countIf(database = \'system\') as systemMerges, countIf(database != \'system\') as nonSystemMerges FROM system.merges
2026-08-01 11:23:03	27	3112	587085	126	SELECT CAST(\'0fc3eaab-fbcb-4533-8825-9be9faaea781\', \'UUID\') AS instance_id, CAST(\'c-boneaws-al-46-server-j62zx3k-0\', \'LowCardinality(String)\') AS node_id, CAST(name, \'LowCardinality(String)\') AS metric, CAST(mapFilter((k, v) -> has(_CAST([\'remote\'], \'Array(String)\'), k), labels), \'Map(LowCardinality
2026-08-01 11:23:10	2	0	0	0	             SELECT                 name,                 toJSONString(labels) as labels_serialized,                 value,                 help,                 type             FROM (                 SELECT   \'ClickHouse_CustomMetric_FailedMutations\' as name,   toFloat64(count()) as value,   \'The 
2026-08-01 11:23:10	3	6	213	0	             SELECT                 name,                 toJSONString(labels) as labels_serialized,                 value,                 help,                 type             FROM (                 SELECT   \'ClickHouse_CustomMetric_SharedCatalogRecoveryTime\' as name,   toFloat64(recovery_time) a
2026-08-01 11:23:13	3	1	5438	1	SELECT count() FROM system.processes WHERE (initial_user NOT IN _CAST([\'backups-internal\', \'management-internal\', \'monitoring-internal\', \'observability-internal\', \'operator-internal\', \'prometheus-exporter\', \'prometheus-internal\', \'operator-cert-internal\', \'availability-monitoring-internal\', \'\'], \'Ar
2026-08-01 11:23:13	2	76	1094	1	SELECT countIf(database = \'system\') as systemParts, countIf(database != \'system\') as nonSystemParts FROM system.parts where active
2026-08-01 11:23:13	1	0	0	1	SELECT countIf(database = \'system\') as systemMerges, countIf(database != \'system\') as nonSystemMerges FROM system.merges
2026-08-01 11:23:15	1	0	0	1	             SELECT                 name,                 toJSONString(labels) as labels_serialized,                 value,                 help,                 type             FROM (                 SELECT   \'ClickHouse_CustomMetric_TotalMemoryUsedByMerges\' AS name,   toFloat64(SUM(memory_usage))
2026-08-01 11:23:15	2	13	6340	1	             SELECT                 name,                 toJSONString(labels) as labels_serialized,                 value,                 help,                 type             FROM (                 SELECT   \'ClickHouse_CustomMetric_TotalMemoryUsedByDictionaries\' AS name,   toFloat64(SUM(bytes_al
2026-08-01 11:23:20	5	104	25691	104	SELECT             name,             value,             help,             JSONExtract(labels_serialized, \'Map(String, String)\') as labels,             type         FROM merge(system, \'^_custom_metrics_dictionary_.*\')         FORMAT Prometheus
2026-08-01 11:23:20	2	0	0	0	             SELECT                 name,                 toJSONString(labels) as labels_serialized,                 value,                 help,                 type             FROM (                 SELECT   \'ClickHouse_CustomMetric_FailedMutations\' as name,   toFloat64(count()) as value,   \'The 
2026-08-01 11:23:20	2	3	7591	1	             SELECT                 name,                 toJSONString(labels) as labels_serialized,                 value,                 help,                 type             FROM (                 SELECT   \'ClickHouse_CustomMetric_TotalMemoryUsedByQueries\' AS name,   toFloat64(SUM(peak_memory_u
2026-08-01 11:23:20	2	59	472	1	             SELECT                 name,                 toJSONString(labels) as labels_serialized,                 value,                 help,                 type             FROM (                 SELECT   \'ClickHouse_CustomMetric_TotalMemoryUsedByDataSkippingIndices\' AS name,   toFloat64(SUM(d
2026-08-01 11:23:21	5	104	25691	104	SELECT             name,             value,             help,             JSONExtract(labels_serialized, \'Map(String, String)\') as labels,             type         FROM merge(system, \'^_custom_metrics_dictionary_.*\')         FORMAT Prometheus
2026-08-01 11:23:23	3	2	12834	1	SELECT count() FROM system.processes WHERE (initial_user NOT IN _CAST([\'backups-internal\', \'management-internal\', \'monitoring-internal\', \'observability-internal\', \'operator-internal\', \'prometheus-exporter\', \'prometheus-internal\', \'operator-cert-internal\', \'availability-monitoring-internal\', \'\'], \'Ar
2026-08-01 11:23:23	2	73	1049	1	SELECT countIf(database = \'system\') as systemParts, countIf(database != \'system\') as nonSystemParts FROM system.parts where active
2026-08-01 11:23:23	2	0	0	1	SELECT countIf(database = \'system\') as systemMerges, countIf(database != \'system\') as nonSystemMerges FROM system.merges
2026-08-01 11:23:23	29	3108	586441	126	SELECT CAST(\'0fc3eaab-fbcb-4533-8825-9be9faaea781\', \'UUID\') AS instance_id, CAST(\'c-boneaws-al-46-server-j62zx3k-0\', \'LowCardinality(String)\') AS node_id, CAST(name, \'LowCardinality(String)\') AS metric, CAST(mapFilter((k, v) -> has(_CAST([\'remote\'], \'Array(String)\'), k), labels), \'Map(LowCardinality
2026-08-01 11:23:25	3	0	0	0	SELECT now64(6) as scrape_time_microseconds, \'j62zx3k\' AS pod_ident, \'boneaws-al-46\' AS spoken_name, \'cell-1\' AS cell, \'ap-south-1\' AS region, \'aws\' AS cloud_provider, \'26.2.1.525\' AS clickhouse_version, \'0fc3eaab-fbcb-4533-8825-9be9faaea781\' AS control_plane_id, \'aarch64\' AS system_processor, * FRO
2026-08-01 11:23:25	13	455	6370	1	SELECT avg(ProfileEvent_OSCPUWaitMicroseconds) as cpu_wait FROM  system.metric_log  WHERE event_time > now() - INTERVAL 2 MINUTE AND event_date >= yesterday()
2026-08-01 11:23:25	3	2	10208	2	SELECT count() as count, sum(elapsed) as total_elapsed, \'lh\' as usr FROM system.processes  WHERE user = \'observability-internal\' AND client_hostname LIKE \'loghouse-scraper%\'  UNION ALL SELECT count() as count, sum(elapsed) as total_elapsed, \'other\' as usr FROM system.processes  WHERE user != \'observ
2026-08-01 11:23:25	1	875	366447	1	SELECT value FROM system.asynchronous_metrics WHERE metric = \'OSMemoryAvailable\' ;
2026-08-01 11:23:25	2	15	1013	15	             SELECT                 name,                 toJSONString(labels) as labels_serialized,                 value,                 help,                 type             FROM (                 SELECT     \'ClickHouse_MetricsCollection_CustomMetricsSystemTable\' AS name,     toFloat64(1) AS va
2026-08-01 11:23:25	3	6	213	0	             SELECT                 name,                 toJSONString(labels) as labels_serialized,                 value,                 help,                 type             FROM (                 SELECT   \'ClickHouse_CustomMetric_DatabaseReplicatedRecoveryTime\' as name,   toFloat64(recovery_ti
2026-08-01 11:23:26	3	0	0	0	SELECT now64(6) as scrape_time_microseconds, \'j62zx3k\' AS pod_ident, \'boneaws-al-46\' AS spoken_name, \'cell-1\' AS cell, \'ap-south-1\' AS region, \'aws\' AS cloud_provider, \'26.2.1.525\' AS clickhouse_version, \'0fc3eaab-fbcb-4533-8825-9be9faaea781\' AS control_plane_id, \'aarch64\' AS system_processor, * FRO
2026-08-01 11:23:27	5	0	0	0	SELECT now64(6) as scrape_time_microseconds, \'j62zx3k\' AS pod_ident, \'boneaws-al-46\' AS spoken_name, \'cell-1\' AS cell, \'ap-south-1\' AS region, \'aws\' AS cloud_provider, \'26.2.1.525\' AS clickhouse_version, \'0fc3eaab-fbcb-4533-8825-9be9faaea781\' AS control_plane_id, \'aarch64\' AS system_processor, * FRO
2026-08-01 11:23:28	3	0	0	0	SELECT now64(6) as scrape_time_microseconds, \'j62zx3k\' AS pod_ident, \'boneaws-al-46\' AS spoken_name, \'cell-1\' AS cell, \'ap-south-1\' AS region, \'aws\' AS cloud_provider, \'26.2.1.525\' AS clickhouse_version, \'0fc3eaab-fbcb-4533-8825-9be9faaea781\' AS control_plane_id, \'aarch64\' AS system_processor, * FRO
2026-08-01 11:23:29	3	0	0	0	SELECT now64(6) as scrape_time_microseconds, \'j62zx3k\' AS pod_ident, \'boneaws-al-46\' AS spoken_name, \'cell-1\' AS cell, \'ap-south-1\' AS region, \'aws\' AS cloud_provider, \'26.2.1.525\' AS clickhouse_version, \'0fc3eaab-fbcb-4533-8825-9be9faaea781\' AS control_plane_id, \'aarch64\' AS system_processor, * FRO
2026-08-01 11:23:30	3	0	0	0	SELECT now64(6) as scrape_time_microseconds, \'j62zx3k\' AS pod_ident, \'boneaws-al-46\' AS spoken_name, \'cell-1\' AS cell, \'ap-south-1\' AS region, \'aws\' AS cloud_provider, \'26.2.1.525\' AS clickhouse_version, \'0fc3eaab-fbcb-4533-8825-9be9faaea781\' AS control_plane_id, \'aarch64\' AS system_processor, * FRO
2026-08-01 11:23:30	1	6	2128	6	             SELECT                 name,                 toJSONString(labels) as labels_serialized,                 value,                 help,                 type             FROM (                 SELECT   concat(\'clickhouse_\', system.dimensional_metrics.metric) AS name,   toFloat64(system.dime
2026-08-01 11:23:30	2	6	3896	0	             SELECT                 name,                 toJSONString(labels) as labels_serialized,                 value,                 help,                 type             FROM (                 SELECT   \'clickhouse_table_replica_readonly_start_timestamp_seconds\' as name,   toFloat64(toUnixTi
2026-08-01 11:23:30	5	104	25691	104	SELECT             name,             value,             help,             JSONExtract(labels_serialized, \'Map(String, String)\') as labels,             type         FROM merge(system, \'^_custom_metrics_dictionary_.*\')         FORMAT Prometheus
2026-08-01 11:23:31	3	0	0	0	SELECT now64(6) as scrape_time_microseconds, \'j62zx3k\' AS pod_ident, \'boneaws-al-46\' AS spoken_name, \'cell-1\' AS cell, \'ap-south-1\' AS region, \'aws\' AS cloud_provider, \'26.2.1.525\' AS clickhouse_version, \'0fc3eaab-fbcb-4533-8825-9be9faaea781\' AS control_plane_id, \'aarch64\' AS system_processor, * FRO
2026-08-01 11:23:32	3	0	0	0	SELECT now64(6) as scrape_time_microseconds, \'j62zx3k\' AS pod_ident, \'boneaws-al-46\' AS spoken_name, \'cell-1\' AS cell, \'ap-south-1\' AS region, \'aws\' AS cloud_provider, \'26.2.1.525\' AS clickhouse_version, \'0fc3eaab-fbcb-4533-8825-9be9faaea781\' AS control_plane_id, \'aarch64\' AS system_processor, * FRO
2026-08-01 11:23:33	3	0	0	0	SELECT now64(6) as scrape_time_microseconds, \'j62zx3k\' AS pod_ident, \'boneaws-al-46\' AS spoken_name, \'cell-1\' AS cell, \'ap-south-1\' AS region, \'aws\' AS cloud_provider, \'26.2.1.525\' AS clickhouse_version, \'0fc3eaab-fbcb-4533-8825-9be9faaea781\' AS control_plane_id, \'aarch64\' AS system_processor, * FRO
2026-08-01 11:23:33	3	1	5438	1	SELECT count() FROM system.processes WHERE (initial_user NOT IN _CAST([\'backups-internal\', \'management-internal\', \'monitoring-internal\', \'observability-internal\', \'operator-internal\', \'prometheus-exporter\', \'prometheus-internal\', \'operator-cert-internal\', \'availability-monitoring-internal\', \'\'], \'Ar
2026-08-01 11:23:33	2	71	1019	1	SELECT countIf(database = \'system\') as systemParts, countIf(database != \'system\') as nonSystemParts FROM system.parts where active
2026-08-01 11:23:33	1	0	0	1	SELECT countIf(database = \'system\') as systemMerges, countIf(database != \'system\') as nonSystemMerges FROM system.merges
2026-08-01 11:23:34	7	7528	785181	1040	SELECT now64(6) as scrape_time_microseconds, \'j62zx3k\' AS pod_ident, \'boneaws-al-46\' AS spoken_name, \'cell-1\' AS cell, \'ap-south-1\' AS region, \'aws\' AS cloud_provider, \'26.2.1.525\' AS clickhouse_version, \'0fc3eaab-fbcb-4533-8825-9be9faaea781\' AS control_plane_id, \'aarch64\' AS system_processor, * FRO
2026-08-01 11:23:35	77	0	0	0	SELECT now64(6) as scrape_time_microseconds, \'j62zx3k\' AS pod_ident, \'boneaws-al-46\' AS spoken_name, \'cell-1\' AS cell, \'ap-south-1\' AS region, \'aws\' AS cloud_provider, \'26.2.1.525\' AS clickhouse_version, \'0fc3eaab-fbcb-4533-8825-9be9faaea781\' AS control_plane_id, \'aarch64\' AS system_processor, * FRO
2026-08-01 11:23:35	1	0	0	1	             SELECT                 name,                 toJSONString(labels) as labels_serialized,                 value,                 help,                 type             FROM (                 SELECT   \'ClickHouse_CustomMetric_TotalMemoryUsedByAsynchronousInserts\' AS name,   toFloat64(SUM(t
2026-08-01 11:23:36	3	0	0	0	SELECT now64(6) as scrape_time_microseconds, \'j62zx3k\' AS pod_ident, \'boneaws-al-46\' AS spoken_name, \'cell-1\' AS cell, \'ap-south-1\' AS region, \'aws\' AS cloud_provider, \'26.2.1.525\' AS clickhouse_version, \'0fc3eaab-fbcb-4533-8825-9be9faaea781\' AS control_plane_id, \'aarch64\' AS system_processor, * FRO
2026-08-01 11:23:37	7	609	382850	120	SELECT now64(6) as scrape_time_microseconds, \'j62zx3k\' AS pod_ident, \'boneaws-al-46\' AS spoken_name, \'cell-1\' AS cell, \'ap-south-1\' AS region, \'aws\' AS cloud_provider, \'26.2.1.525\' AS clickhouse_version, \'0fc3eaab-fbcb-4533-8825-9be9faaea781\' AS control_plane_id, \'aarch64\' AS system_processor, * FRO
2026-08-01 11:23:38	17	17553	4213301	7246	SELECT now64(6) as scrape_time_microseconds, \'j62zx3k\' AS pod_ident, \'boneaws-al-46\' AS spoken_name, \'cell-1\' AS cell, \'ap-south-1\' AS region, \'aws\' AS cloud_provider, \'26.2.1.525\' AS clickhouse_version, \'0fc3eaab-fbcb-4533-8825-9be9faaea781\' AS control_plane_id, \'aarch64\' AS system_processor, * FRO
2026-08-01 11:23:39	19	28250	6733114	10765	SELECT now64(6) as scrape_time_microseconds, \'j62zx3k\' AS pod_ident, \'boneaws-al-46\' AS spoken_name, \'cell-1\' AS cell, \'ap-south-1\' AS region, \'aws\' AS cloud_provider, \'26.2.1.525\' AS clickhouse_version, \'0fc3eaab-fbcb-4533-8825-9be9faaea781\' AS control_plane_id, \'aarch64\' AS system_processor, * FRO
2026-08-01 11:23:40	3	6	213	0	             SELECT                 name,                 toJSONString(labels) as labels_serialized,                 value,                 help,                 type             FROM (                 SELECT   \'ClickHouse_CustomMetric_DatabaseReplicatedRecoveryTime\' as name,   toFloat64(recovery_ti
2026-08-01 11:23:40	2	59	472	1	             SELECT                 name,                 toJSONString(labels) as labels_serialized,                 value,                 help,                 type             FROM (                 SELECT   \'ClickHouse_CustomMetric_TotalMemoryUsedByDataSkippingIndices\' AS name,   toFloat64(SUM(d
2026-08-01 11:23:40	26	3514	7802587	394	SELECT now64(6) as scrape_time_microseconds, \'j62zx3k\' AS pod_ident, \'boneaws-al-46\' AS spoken_name, \'cell-1\' AS cell, \'ap-south-1\' AS region, \'aws\' AS cloud_provider, \'26.2.1.525\' AS clickhouse_version, \'0fc3eaab-fbcb-4533-8825-9be9faaea781\' AS control_plane_id, \'aarch64\' AS system_processor, * FRO
2026-08-01 11:23:40	3	6	213	0	             SELECT                 name,                 toJSONString(labels) as labels_serialized,                 value,                 help,                 type             FROM (                 SELECT   \'ClickHouse_CustomMetric_SharedCatalogRecoveryTime\' as name,   toFloat64(recovery_time) a
2026-08-01 11:23:41	168	807	2097159	120	SELECT now64(6) as scrape_time_microseconds, \'j62zx3k\' AS pod_ident, \'boneaws-al-46\' AS spoken_name, \'cell-1\' AS cell, \'ap-south-1\' AS region, \'aws\' AS cloud_provider, \'26.2.1.525\' AS clickhouse_version, \'0fc3eaab-fbcb-4533-8825-9be9faaea781\' AS control_plane_id, \'aarch64\' AS system_processor, * FRO
2026-08-01 11:23:42	9	1268	756443	146	SELECT now64(6) as scrape_time_microseconds, \'j62zx3k\' AS pod_ident, \'boneaws-al-46\' AS spoken_name, \'cell-1\' AS cell, \'ap-south-1\' AS region, \'aws\' AS cloud_provider, \'26.2.1.525\' AS clickhouse_version, \'0fc3eaab-fbcb-4533-8825-9be9faaea781\' AS control_plane_id, \'aarch64\' AS system_processor, * FRO
2026-08-01 11:23:43	3	0	0	0	SELECT now64(6) as scrape_time_microseconds, \'j62zx3k\' AS pod_ident, \'boneaws-al-46\' AS spoken_name, \'cell-1\' AS cell, \'ap-south-1\' AS region, \'aws\' AS cloud_provider, \'26.2.1.525\' AS clickhouse_version, \'0fc3eaab-fbcb-4533-8825-9be9faaea781\' AS control_plane_id, \'aarch64\' AS system_processor, * FRO
2026-08-01 11:23:43	2	2	12834	1	SELECT count() FROM system.processes WHERE (initial_user NOT IN _CAST([\'backups-internal\', \'management-internal\', \'monitoring-internal\', \'observability-internal\', \'operator-internal\', \'prometheus-exporter\', \'prometheus-internal\', \'operator-cert-internal\', \'availability-monitoring-internal\', \'\'], \'Ar
2026-08-01 11:23:43	2	68	974	1	SELECT countIf(database = \'system\') as systemParts, countIf(database != \'system\') as nonSystemParts FROM system.parts where active
2026-08-01 11:23:43	2	0	0	1	SELECT countIf(database = \'system\') as systemMerges, countIf(database != \'system\') as nonSystemMerges FROM system.merges
2026-08-01 11:23:43	23	3108	586441	126	SELECT CAST(\'0fc3eaab-fbcb-4533-8825-9be9faaea781\', \'UUID\') AS instance_id, CAST(\'c-boneaws-al-46-server-j62zx3k-0\', \'LowCardinality(String)\') AS node_id, CAST(name, \'LowCardinality(String)\') AS metric, CAST(mapFilter((k, v) -> has(_CAST([\'remote\'], \'Array(String)\'), k), labels), \'Map(LowCardinality
2026-08-01 11:23:44	6	2786	834701	304	SELECT now64(6) as scrape_time_microseconds, \'j62zx3k\' AS pod_ident, \'boneaws-al-46\' AS spoken_name, \'cell-1\' AS cell, \'ap-south-1\' AS region, \'aws\' AS cloud_provider, \'26.2.1.525\' AS clickhouse_version, \'0fc3eaab-fbcb-4533-8825-9be9faaea781\' AS control_plane_id, \'aarch64\' AS system_processor, * FRO
2026-08-01 11:23:45	111	1110051	17804462	106409	SELECT now64(6) as scrape_time_microseconds, \'j62zx3k\' AS pod_ident, \'boneaws-al-46\' AS spoken_name, \'cell-1\' AS cell, \'ap-south-1\' AS region, \'aws\' AS cloud_provider, \'26.2.1.525\' AS clickhouse_version, \'0fc3eaab-fbcb-4533-8825-9be9faaea781\' AS control_plane_id, \'aarch64\' AS system_processor, * FRO
2026-08-01 11:23:45	2	15	1013	15	             SELECT                 name,                 toJSONString(labels) as labels_serialized,                 value,                 help,                 type             FROM (                 SELECT     \'ClickHouse_MetricsCollection_CustomMetricsSystemTable\' AS name,     toFloat64(1) AS va
2026-08-01 11:23:45	2	13	6340	1	             SELECT                 name,                 toJSONString(labels) as labels_serialized,                 value,                 help,                 type             FROM (                 SELECT   \'ClickHouse_CustomMetric_TotalMemoryUsedByDictionaries\' AS name,   toFloat64(SUM(bytes_al
2026-08-01 11:23:45	3	6	213	0	             SELECT                 name,                 toJSONString(labels) as labels_serialized,                 value,                 help,                 type             FROM (                 SELECT   \'ClickHouse_CustomMetric_SharedCatalogRecoveryTime\' as name,   toFloat64(recovery_time) a
2026-08-01 11:23:46	25	24848	6256895	14421	SELECT now64(6) as scrape_time_microseconds, \'j62zx3k\' AS pod_ident, \'boneaws-al-46\' AS spoken_name, \'cell-1\' AS cell, \'ap-south-1\' AS region, \'aws\' AS cloud_provider, \'26.2.1.525\' AS clickhouse_version, \'0fc3eaab-fbcb-4533-8825-9be9faaea781\' AS control_plane_id, \'aarch64\' AS system_processor, * FRO
2026-08-01 11:23:50	5	104	25691	104	SELECT             name,             value,             help,             JSONExtract(labels_serialized, \'Map(String, String)\') as labels,             type         FROM merge(system, \'^_custom_metrics_dictionary_.*\')         FORMAT Prometheus
2026-08-01 11:23:50	2	0	0	1	             SELECT                 name,                 toJSONString(labels) as labels_serialized,                 value,                 help,                 type             FROM (                 SELECT   \'ClickHouse_CustomMetric_TotalMemoryUsedByMerges\' AS name,   toFloat64(SUM(memory_usage))
2026-08-01 11:23:50	2	3	7426	1	             SELECT                 name,                 toJSONString(labels) as labels_serialized,                 value,                 help,                 type             FROM (                 SELECT   \'ClickHouse_CustomMetric_TotalMemoryUsedByQueries\' AS name,   toFloat64(SUM(peak_memory_u
2026-08-01 11:23:50	2	13	6340	1	             SELECT                 name,                 toJSONString(labels) as labels_serialized,                 value,                 help,                 type             FROM (                 SELECT   \'ClickHouse_CustomMetric_TotalMemoryUsedByDictionaries\' AS name,   toFloat64(SUM(bytes_al
2026-08-01 11:23:51	5	104	25691	104	SELECT             name,             value,             help,             JSONExtract(labels_serialized, \'Map(String, String)\') as labels,             type         FROM merge(system, \'^_custom_metrics_dictionary_.*\')         FORMAT Prometheus
2026-08-01 11:23:53	3	1	5438	1	SELECT count() FROM system.processes WHERE (initial_user NOT IN _CAST([\'backups-internal\', \'management-internal\', \'monitoring-internal\', \'observability-internal\', \'operator-internal\', \'prometheus-exporter\', \'prometheus-internal\', \'operator-cert-internal\', \'availability-monitoring-internal\', \'\'], \'Ar
2026-08-01 11:23:53	2	65	929	1	SELECT countIf(database = \'system\') as systemParts, countIf(database != \'system\') as nonSystemParts FROM system.parts where active
2026-08-01 11:23:53	2	0	0	1	SELECT countIf(database = \'system\') as systemMerges, countIf(database != \'system\') as nonSystemMerges FROM system.merges
2026-08-01 11:23:55	15	485	6567	1	SELECT avg(ProfileEvent_OSCPUWaitMicroseconds) as cpu_wait FROM  system.metric_log  WHERE event_time > now() - INTERVAL 2 MINUTE AND event_date >= yesterday()
2026-08-01 11:23:55	4	2	10208	2	SELECT count() as count, sum(elapsed) as total_elapsed, \'lh\' as usr FROM system.processes  WHERE user = \'observability-internal\' AND client_hostname LIKE \'loghouse-scraper%\'  UNION ALL SELECT count() as count, sum(elapsed) as total_elapsed, \'other\' as usr FROM system.processes  WHERE user != \'observ
2026-08-01 11:23:55	1	875	366447	1	SELECT value FROM system.asynchronous_metrics WHERE metric = \'OSMemoryAvailable\' ;
2026-08-01 11:23:55	2	13	6340	1	             SELECT                 name,                 toJSONString(labels) as labels_serialized,                 value,                 help,                 type             FROM (                 SELECT   \'ClickHouse_CustomMetric_TotalMemoryUsedByDictionaries\' AS name,   toFloat64(SUM(bytes_al
2026-08-01 11:23:55	2	6	3896	0	             SELECT                 name,                 toJSONString(labels) as labels_serialized,                 value,                 help,                 type             FROM (                 SELECT   \'clickhouse_table_replica_readonly_start_timestamp_seconds\' as name,   toFloat64(toUnixTi
2026-08-01 11:24:00	2	6	3896	0	             SELECT                 name,                 toJSONString(labels) as labels_serialized,                 value,                 help,                 type             FROM (                 SELECT   \'clickhouse_table_replica_readonly_start_timestamp_seconds\' as name,   toFloat64(toUnixTi
2026-08-01 11:24:00	3	6	213	0	             SELECT                 name,                 toJSONString(labels) as labels_serialized,                 value,                 help,                 type             FROM (                 SELECT   \'ClickHouse_CustomMetric_DatabaseReplicatedRecoveryTime\' as name,   toFloat64(recovery_ti
2026-08-01 11:24:00	5	104	25691	104	SELECT             name,             value,             help,             JSONExtract(labels_serialized, \'Map(String, String)\') as labels,             type         FROM merge(system, \'^_custom_metrics_dictionary_.*\')         FORMAT Prometheus
2026-08-01 11:24:03	1	0	0	1	SELECT countIf(database = \'system\') as systemMerges, countIf(database != \'system\') as nonSystemMerges FROM system.merges
2026-08-01 11:24:03	2	63	899	1	SELECT countIf(database = \'system\') as systemParts, countIf(database != \'system\') as nonSystemParts FROM system.parts where active
2026-08-01 11:24:03	3	2	12834	1	SELECT count() FROM system.processes WHERE (initial_user NOT IN _CAST([\'backups-internal\', \'management-internal\', \'monitoring-internal\', \'observability-internal\', \'operator-internal\', \'prometheus-exporter\', \'prometheus-internal\', \'operator-cert-internal\', \'availability-monitoring-internal\', \'\'], \'Ar
2026-08-01 11:24:03	23	3108	586441	126	SELECT CAST(\'0fc3eaab-fbcb-4533-8825-9be9faaea781\', \'UUID\') AS instance_id, CAST(\'c-boneaws-al-46-server-j62zx3k-0\', \'LowCardinality(String)\') AS node_id, CAST(name, \'LowCardinality(String)\') AS metric, CAST(mapFilter((k, v) -> has(_CAST([\'remote\'], \'Array(String)\'), k), labels), \'Map(LowCardinality
2026-08-01 11:24:05	1	6	2128	6	             SELECT                 name,                 toJSONString(labels) as labels_serialized,                 value,                 help,                 type             FROM (                 SELECT   concat(\'clickhouse_\', system.dimensional_metrics.metric) AS name,   toFloat64(system.dime
2026-08-01 11:24:05	1	0	0	1	             SELECT                 name,                 toJSONString(labels) as labels_serialized,                 value,                 help,                 type             FROM (                 SELECT   \'ClickHouse_CustomMetric_TotalMemoryUsedByAsynchronousInserts\' AS name,   toFloat64(SUM(t
2026-08-01 11:24:05	2	6	3896	0	             SELECT                 name,                 toJSONString(labels) as labels_serialized,                 value,                 help,                 type             FROM (                 SELECT   \'clickhouse_table_replica_readonly_start_timestamp_seconds\' as name,   toFloat64(toUnixTi
2026-08-01 11:24:12	1	4	235	4	SELECT name FROM system.roles
2026-08-01 11:24:12	22	5	233	5	SELECT name, engine, engine_full AS "engineFull"   FROM system.databases   SETTINGS     show_data_lake_catalogs_in_system_tables=1,     database_datalake_require_metadata_access=0,     log_comment=\'sql console internal query\'
2026-08-01 11:24:13	3	1	5438	1	SELECT count() FROM system.processes WHERE (initial_user NOT IN _CAST([\'backups-internal\', \'management-internal\', \'monitoring-internal\', \'observability-internal\', \'operator-internal\', \'prometheus-exporter\', \'prometheus-internal\', \'operator-cert-internal\', \'availability-monitoring-internal\', \'\'], \'Ar
2026-08-01 11:24:13	2	64	914	1	SELECT countIf(database = \'system\') as systemParts, countIf(database != \'system\') as nonSystemParts FROM system.parts where active
2026-08-01 11:24:13	1	0	0	1	SELECT countIf(database = \'system\') as systemMerges, countIf(database != \'system\') as nonSystemMerges FROM system.merges
2026-08-01 11:24:15	2	0	0	0	             SELECT                 name,                 toJSONString(labels) as labels_serialized,                 value,                 help,                 type             FROM (                 SELECT   \'ClickHouse_CustomMetric_FailedMutations\' as name,   toFloat64(count()) as value,   \'The 
2026-08-01 11:24:15	3	6	213	0	             SELECT                 name,                 toJSONString(labels) as labels_serialized,                 value,                 help,                 type             FROM (                 SELECT   \'ClickHouse_CustomMetric_DatabaseReplicatedRecoveryTime\' as name,   toFloat64(recovery_ti
2026-08-01 11:24:20	5	104	25691	104	SELECT             name,             value,             help,             JSONExtract(labels_serialized, \'Map(String, String)\') as labels,             type         FROM merge(system, \'^_custom_metrics_dictionary_.*\')         FORMAT Prometheus
2026-08-01 11:24:20	2	2	6347	1	             SELECT                 name,                 toJSONString(labels) as labels_serialized,                 value,                 help,                 type             FROM (                 SELECT   \'ClickHouse_CustomMetric_TotalMemoryUsedByQueries\' AS name,   toFloat64(SUM(peak_memory_u
2026-08-01 11:24:20	3	6	213	0	             SELECT                 name,                 toJSONString(labels) as labels_serialized,                 value,                 help,                 type             FROM (                 SELECT   \'ClickHouse_CustomMetric_DatabaseReplicatedRecoveryTime\' as name,   toFloat64(recovery_ti
2026-08-01 11:24:21	6	103	25415	103	SELECT             name,             value,             help,             JSONExtract(labels_serialized, \'Map(String, String)\') as labels,             type         FROM merge(system, \'^_custom_metrics_dictionary_.*\')         FORMAT Prometheus
2026-08-01 11:24:23	4	0	0	0	WITH source AS (SELECT [\'matview_execution_total\', if(exception_code != 0, \'matview_execution_fail\', \'\')] AS metrics, event_time AS ts FROM system.query_views_log WHERE (status != \'QueryStart\') AND (event_date >= toDate(_CAST(\'1785583308.069\', \'DateTime64\'))) AND (event_time >= toDateTime(_CAST(\'178
2026-08-01 11:24:23	5	378	114440	5	WITH metrics AS (SELECT name AS metric, toFloat64(value) AS val, now() AS ts FROM system.server_settings WHERE multiMatchAny(name, _CAST([\'^max_database_num_to_throw$\', \'^max_database_num_to_warn$\', \'^max_table_num_to_throw$\', \'^max_table_num_to_warn$\', \'^max_concurrent_queries$\'], \'Array(String)\'))
2026-08-01 11:24:23	3	9	40475	1	SELECT count() FROM system.processes WHERE (initial_user NOT IN _CAST([\'backups-internal\', \'management-internal\', \'monitoring-internal\', \'observability-internal\', \'operator-internal\', \'prometheus-exporter\', \'prometheus-internal\', \'operator-cert-internal\', \'availability-monitoring-internal\', \'\'], \'Ar
2026-08-01 11:24:23	8	110748	1733294	1560	SELECT CAST(\'0fc3eaab-fbcb-4533-8825-9be9faaea781\', \'UUID\') AS control_plane_id, CAST(\'c-boneaws-al-46-server-j62zx3k-0\', \'LowCardinality(String)\') AS pod_id, CAST(now64(), \'DateTime64(6)\') AS scrape_ts_microseconds, CAST(event_date, \'Date\') AS event_date, CAST(event_time, \'DateTime\') AS event_time,
2026-08-01 11:24:23	11	1396	20926	11	WITH metrics AS (SELECT multiIf((event_type = \'MergeParts\') AND (error = 0), \'merges_finished\', (event_type = \'MergeParts\') AND (error != 0), \'merges_failed\', (event_type = \'MutatePart\') AND (error = 0), \'mutate_part_finished\', (event_type = \'MutatePart\') AND (error != 0), \'mutate_part_failed\', NULL
2026-08-01 11:24:23	9	0	0	1	WITH failed_mutations AS (SELECT toDateTime(create_time) AS ts, count() AS val FROM system.mutations WHERE (ts > toDateTime(_CAST(\'1785583308.069\', \'DateTime64\'))) AND (ts <= toDateTime(_CAST(\'1785583428.069\', \'DateTime64\'))) AND (latest_failed_part != \'\') AND (is_done = 0) GROUP BY ts), failed_muta
2026-08-01 11:24:23	2	66	944	1	SELECT countIf(database = \'system\') as systemParts, countIf(database != \'system\') as nonSystemParts FROM system.parts where active
2026-08-01 11:24:23	2	0	0	1	SELECT countIf(database = \'system\') as systemMerges, countIf(database != \'system\') as nonSystemMerges FROM system.merges
2026-08-01 11:24:23	25	3107	586303	126	SELECT CAST(\'0fc3eaab-fbcb-4533-8825-9be9faaea781\', \'UUID\') AS instance_id, CAST(\'c-boneaws-al-46-server-j62zx3k-0\', \'LowCardinality(String)\') AS node_id, CAST(name, \'LowCardinality(String)\') AS metric, CAST(mapFilter((k, v) -> has(_CAST([\'remote\'], \'Array(String)\'), k), labels), \'Map(LowCardinality
2026-08-01 11:24:23	54	515	149283	120	SELECT CAST(\'0fc3eaab-fbcb-4533-8825-9be9faaea781\', \'UUID\') AS control_plane_id, CAST(\'c-boneaws-al-46-server-j62zx3k-0\', \'LowCardinality(String)\') AS pod_id, CAST(now64(), \'DateTime64(6)\') AS scrape_ts_microseconds, CAST(event_date, \'Date\') AS event_date, CAST(event_time, \'DateTime\') AS event_time,
2026-08-01 11:24:23	155	718	211243	10	WITH parts_agg AS (SELECT database AS agg_database, `table` AS agg_table, SUM(primary_key_size) AS primary_index_size, SUM(secondary_indices_compressed_bytes) AS secondary_index_size FROM system.parts WHERE active AND (database != \'system\') GROUP BY database, `table`), proj_agg AS (SELECT database A
2026-08-01 11:24:25	14	515	6987	1	SELECT avg(ProfileEvent_OSCPUWaitMicroseconds) as cpu_wait FROM  system.metric_log  WHERE event_time > now() - INTERVAL 2 MINUTE AND event_date >= yesterday()
2026-08-01 11:24:25	4	2	10208	2	SELECT count() as count, sum(elapsed) as total_elapsed, \'lh\' as usr FROM system.processes  WHERE user = \'observability-internal\' AND client_hostname LIKE \'loghouse-scraper%\'  UNION ALL SELECT count() as count, sum(elapsed) as total_elapsed, \'other\' as usr FROM system.processes  WHERE user != \'observ
2026-08-01 11:24:25	1	879	367163	1	SELECT value FROM system.asynchronous_metrics WHERE metric = \'OSMemoryAvailable\' ;
2026-08-01 11:24:25	2	0	0	1	             SELECT                 name,                 toJSONString(labels) as labels_serialized,                 value,                 help,                 type             FROM (                 SELECT   \'ClickHouse_CustomMetric_TotalMemoryUsedByMerges\' AS name,   toFloat64(SUM(memory_usage))
2026-08-01 11:24:25	2	4	8821	1	             SELECT                 name,                 toJSONString(labels) as labels_serialized,                 value,                 help,                 type             FROM (                 SELECT   \'ClickHouse_CustomMetric_TotalMemoryUsedByQueries\' AS name,   toFloat64(SUM(peak_memory_u
2026-08-01 11:24:25	2	59	472	1	             SELECT                 name,                 toJSONString(labels) as labels_serialized,                 value,                 help,                 type             FROM (                 SELECT   \'ClickHouse_CustomMetric_TotalMemoryUsedByDataSkippingIndices\' AS name,   toFloat64(SUM(d
2026-08-01 11:24:25	3	6	213	0	             SELECT                 name,                 toJSONString(labels) as labels_serialized,                 value,                 help,                 type             FROM (                 SELECT   \'ClickHouse_CustomMetric_SharedCatalogRecoveryTime\' as name,   toFloat64(recovery_time) a
2026-08-01 11:24:26	8	35901	2834631	1	SELECT video_type, count() FROM sony.session_active_intervals FINAL GROUP BY video_type ORDER BY 2 DESC LIMIT 5 FORMAT TabSeparated 
2026-08-01 11:24:26	3	13	6340	1	SELECT concat(status,\' elements=\',toString(element_count)) FROM system.dictionaries WHERE name=\'content_dict\' FORMAT TabSeparated 
2026-08-01 11:24:27	3	33464	33495	1	SELECT count() FROM sony.content_dim WHERE video_type=\'live\' FORMAT TabSeparated 
2026-08-01 11:24:30	2	13	6340	1	             SELECT                 name,                 toJSONString(labels) as labels_serialized,                 value,                 help,                 type             FROM (                 SELECT   \'ClickHouse_CustomMetric_TotalMemoryUsedByDictionaries\' AS name,   toFloat64(SUM(bytes_al
2026-08-01 11:24:30	5	103	25415	103	SELECT             name,             value,             help,             JSONExtract(labels_serialized, \'Map(String, String)\') as labels,             type         FROM merge(system, \'^_custom_metrics_dictionary_.*\')         FORMAT Prometheus
2026-08-01 11:24:33	3	1	5438	1	SELECT count() FROM system.processes WHERE (initial_user NOT IN _CAST([\'backups-internal\', \'management-internal\', \'monitoring-internal\', \'observability-internal\', \'operator-internal\', \'prometheus-exporter\', \'prometheus-internal\', \'operator-cert-internal\', \'availability-monitoring-internal\', \'\'], \'Ar
2026-08-01 11:24:33	2	63	899	1	SELECT countIf(database = \'system\') as systemParts, countIf(database != \'system\') as nonSystemParts FROM system.parts where active
2026-08-01 11:24:33	2	0	0	1	SELECT countIf(database = \'system\') as systemMerges, countIf(database != \'system\') as nonSystemMerges FROM system.merges
2026-08-01 11:24:40	2	15	1013	15	             SELECT                 name,                 toJSONString(labels) as labels_serialized,                 value,                 help,                 type             FROM (                 SELECT     \'ClickHouse_MetricsCollection_CustomMetricsSystemTable\' AS name,     toFloat64(1) AS va
2026-08-01 11:24:40	2	6	3896	0	             SELECT                 name,                 toJSONString(labels) as labels_serialized,                 value,                 help,                 type             FROM (                 SELECT   \'clickhouse_table_replica_readonly_start_timestamp_seconds\' as name,   toFloat64(toUnixTi
2026-08-01 11:24:43	3	2	12834	1	SELECT count() FROM system.processes WHERE (initial_user NOT IN _CAST([\'backups-internal\', \'management-internal\', \'monitoring-internal\', \'observability-internal\', \'operator-internal\', \'prometheus-exporter\', \'prometheus-internal\', \'operator-cert-internal\', \'availability-monitoring-internal\', \'\'], \'Ar
2026-08-01 11:24:43	2	74	1064	1	SELECT countIf(database = \'system\') as systemParts, countIf(database != \'system\') as nonSystemParts FROM system.parts where active
2026-08-01 11:24:43	24	3107	586303	126	SELECT CAST(\'0fc3eaab-fbcb-4533-8825-9be9faaea781\', \'UUID\') AS instance_id, CAST(\'c-boneaws-al-46-server-j62zx3k-0\', \'LowCardinality(String)\') AS node_id, CAST(name, \'LowCardinality(String)\') AS metric, CAST(mapFilter((k, v) -> has(_CAST([\'remote\'], \'Array(String)\'), k), labels), \'Map(LowCardinality
2026-08-01 11:24:43	2	0	0	1	SELECT countIf(database = \'system\') as systemMerges, countIf(database != \'system\') as nonSystemMerges FROM system.merges
2026-08-01 11:24:45	2	6	3896	0	             SELECT                 name,                 toJSONString(labels) as labels_serialized,                 value,                 help,                 type             FROM (                 SELECT   \'clickhouse_table_replica_readonly_start_timestamp_seconds\' as name,   toFloat64(toUnixTi
2026-08-01 11:24:50	5	103	25415	103	SELECT             name,             value,             help,             JSONExtract(labels_serialized, \'Map(String, String)\') as labels,             type         FROM merge(system, \'^_custom_metrics_dictionary_.*\')         FORMAT Prometheus
2026-08-01 11:24:51	5	103	25415	103	SELECT             name,             value,             help,             JSONExtract(labels_serialized, \'Map(String, String)\') as labels,             type         FROM merge(system, \'^_custom_metrics_dictionary_.*\')         FORMAT Prometheus
2026-08-01 11:24:53	3	1	5438	1	SELECT count() FROM system.processes WHERE (initial_user NOT IN _CAST([\'backups-internal\', \'management-internal\', \'monitoring-internal\', \'observability-internal\', \'operator-internal\', \'prometheus-exporter\', \'prometheus-internal\', \'operator-cert-internal\', \'availability-monitoring-internal\', \'\'], \'Ar
2026-08-01 11:24:53	2	76	1094	1	SELECT countIf(database = \'system\') as systemParts, countIf(database != \'system\') as nonSystemParts FROM system.parts where active
2026-08-01 11:24:53	2	0	0	1	SELECT countIf(database = \'system\') as systemMerges, countIf(database != \'system\') as nonSystemMerges FROM system.merges
2026-08-01 11:24:55	15	545	7407	1	SELECT avg(ProfileEvent_OSCPUWaitMicroseconds) as cpu_wait FROM  system.metric_log  WHERE event_time > now() - INTERVAL 2 MINUTE AND event_date >= yesterday()
2026-08-01 11:24:55	4	2	10208	2	SELECT count() as count, sum(elapsed) as total_elapsed, \'lh\' as usr FROM system.processes  WHERE user = \'observability-internal\' AND client_hostname LIKE \'loghouse-scraper%\'  UNION ALL SELECT count() as count, sum(elapsed) as total_elapsed, \'other\' as usr FROM system.processes  WHERE user != \'observ
2026-08-01 11:24:55	1	875	366447	1	SELECT value FROM system.asynchronous_metrics WHERE metric = \'OSMemoryAvailable\' ;
2026-08-01 11:24:55	1	6	2128	6	             SELECT                 name,                 toJSONString(labels) as labels_serialized,                 value,                 help,                 type             FROM (                 SELECT   concat(\'clickhouse_\', system.dimensional_metrics.metric) AS name,   toFloat64(system.dime
2026-08-01 11:24:55	1	0	0	1	             SELECT                 name,                 toJSONString(labels) as labels_serialized,                 value,                 help,                 type             FROM (                 SELECT   \'ClickHouse_CustomMetric_TotalMemoryUsedByMerges\' AS name,   toFloat64(SUM(memory_usage))
2026-08-01 11:24:55	2	15	1013	15	             SELECT                 name,                 toJSONString(labels) as labels_serialized,                 value,                 help,                 type             FROM (                 SELECT     \'ClickHouse_MetricsCollection_CustomMetricsSystemTable\' AS name,     toFloat64(1) AS va
2026-08-01 11:25:00	1	0	0	1	             SELECT                 name,                 toJSONString(labels) as labels_serialized,                 value,                 help,                 type             FROM (                 SELECT   \'ClickHouse_CustomMetric_TotalMemoryUsedByAsynchronousInserts\' AS name,   toFloat64(SUM(t
2026-08-01 11:25:00	2	3	7499	1	             SELECT                 name,                 toJSONString(labels) as labels_serialized,                 value,                 help,                 type             FROM (                 SELECT   \'ClickHouse_CustomMetric_TotalMemoryUsedByQueries\' AS name,   toFloat64(SUM(peak_memory_u
2026-08-01 11:25:00	2	13	6340	1	             SELECT                 name,                 toJSONString(labels) as labels_serialized,                 value,                 help,                 type             FROM (                 SELECT   \'ClickHouse_CustomMetric_TotalMemoryUsedByDictionaries\' AS name,   toFloat64(SUM(bytes_al
2026-08-01 11:25:00	26	905558	75554313	3	SELECT content_id, dictGetOrDefault(\'sony.content_dict\',\'video_type\',tuple(content_id),\'MISS\') AS vt FROM (SELECT argMin(content_id, event_timestamp_ms) AS content_id FROM sony.raw_events GROUP BY video_session_id LIMIT 3) FORMAT TabSeparated 
2026-08-01 11:25:00	5	103	25415	103	SELECT             name,             value,             help,             JSONExtract(labels_serialized, \'Map(String, String)\') as labels,             type         FROM merge(system, \'^_custom_metrics_dictionary_.*\')         FORMAT Prometheus
2026-08-01 11:25:00	23	905558	75554313	4	SELECT content_id, dictGetOrDefault(\'sony.content_dict\',\'video_type\',tuple(content_id),\'MISS\') AS vt, iv FROM (SELECT argMin(content_id, event_timestamp_ms) AS content_id, [1,2] AS arr FROM sony.raw_events GROUP BY video_session_id LIMIT 2) ARRAY JOIN arr AS iv FORMAT TabSeparated 
2026-08-01 11:25:03	3	2	12834	1	SELECT count() FROM system.processes WHERE (initial_user NOT IN _CAST([\'backups-internal\', \'management-internal\', \'monitoring-internal\', \'observability-internal\', \'operator-internal\', \'prometheus-exporter\', \'prometheus-internal\', \'operator-cert-internal\', \'availability-monitoring-internal\', \'\'], \'Ar
2026-08-01 11:25:03	2	77	1109	1	SELECT countIf(database = \'system\') as systemParts, countIf(database != \'system\') as nonSystemParts FROM system.parts where active
2026-08-01 11:25:03	1	0	0	1	SELECT countIf(database = \'system\') as systemMerges, countIf(database != \'system\') as nonSystemMerges FROM system.merges
2026-08-01 11:25:03	24	3107	586303	126	SELECT CAST(\'0fc3eaab-fbcb-4533-8825-9be9faaea781\', \'UUID\') AS instance_id, CAST(\'c-boneaws-al-46-server-j62zx3k-0\', \'LowCardinality(String)\') AS node_id, CAST(name, \'LowCardinality(String)\') AS metric, CAST(mapFilter((k, v) -> has(_CAST([\'remote\'], \'Array(String)\'), k), labels), \'Map(LowCardinality
2026-08-01 11:25:05	2	0	0	0	             SELECT                 name,                 toJSONString(labels) as labels_serialized,                 value,                 help,                 type             FROM (                 SELECT   \'ClickHouse_CustomMetric_FailedMutations\' as name,   toFloat64(count()) as value,   \'The 
2026-08-01 11:25:05	2	15	1013	15	             SELECT                 name,                 toJSONString(labels) as labels_serialized,                 value,                 help,                 type             FROM (                 SELECT     \'ClickHouse_MetricsCollection_CustomMetricsSystemTable\' AS name,     toFloat64(1) AS va
2026-08-01 11:25:10	1	0	0	1	             SELECT                 name,                 toJSONString(labels) as labels_serialized,                 value,                 help,                 type             FROM (                 SELECT   \'ClickHouse_CustomMetric_TotalMemoryUsedByAsynchronousInserts\' AS name,   toFloat64(SUM(t
2026-08-01 11:25:10	3	6	213	0	             SELECT                 name,                 toJSONString(labels) as labels_serialized,                 value,                 help,                 type             FROM (                 SELECT   \'ClickHouse_CustomMetric_DatabaseReplicatedRecoveryTime\' as name,   toFloat64(recovery_ti
2026-08-01 11:25:13	3	1	5438	1	SELECT count() FROM system.processes WHERE (initial_user NOT IN _CAST([\'backups-internal\', \'management-internal\', \'monitoring-internal\', \'observability-internal\', \'operator-internal\', \'prometheus-exporter\', \'prometheus-internal\', \'operator-cert-internal\', \'availability-monitoring-internal\', \'\'], \'Ar
2026-08-01 11:25:13	2	76	1094	1	SELECT countIf(database = \'system\') as systemParts, countIf(database != \'system\') as nonSystemParts FROM system.parts where active
2026-08-01 11:25:13	1	0	0	1	SELECT countIf(database = \'system\') as systemMerges, countIf(database != \'system\') as nonSystemMerges FROM system.merges
2026-08-01 11:25:15	1	6	2128	6	             SELECT                 name,                 toJSONString(labels) as labels_serialized,                 value,                 help,                 type             FROM (                 SELECT   concat(\'clickhouse_\', system.dimensional_metrics.metric) AS name,   toFloat64(system.dime
2026-08-01 11:25:15	2	0	0	1	             SELECT                 name,                 toJSONString(labels) as labels_serialized,                 value,                 help,                 type             FROM (                 SELECT   \'ClickHouse_CustomMetric_TotalMemoryUsedByMerges\' AS name,   toFloat64(SUM(memory_usage))
2026-08-01 11:25:20	5	103	25415	103	SELECT             name,             value,             help,             JSONExtract(labels_serialized, \'Map(String, String)\') as labels,             type         FROM merge(system, \'^_custom_metrics_dictionary_.*\')         FORMAT Prometheus
2026-08-01 11:25:20	1	0	0	1	             SELECT                 name,                 toJSONString(labels) as labels_serialized,                 value,                 help,                 type             FROM (                 SELECT   \'ClickHouse_CustomMetric_TotalMemoryUsedByMerges\' AS name,   toFloat64(SUM(memory_usage))
2026-08-01 11:25:20	2	6	3896	0	             SELECT                 name,                 toJSONString(labels) as labels_serialized,                 value,                 help,                 type             FROM (                 SELECT   \'clickhouse_table_replica_readonly_start_timestamp_seconds\' as name,   toFloat64(toUnixTi
2026-08-01 11:25:20	3	6	213	0	             SELECT                 name,                 toJSONString(labels) as labels_serialized,                 value,                 help,                 type             FROM (                 SELECT   \'ClickHouse_CustomMetric_SharedCatalogRecoveryTime\' as name,   toFloat64(recovery_time) a
2026-08-01 11:25:21	5	103	25415	103	SELECT             name,             value,             help,             JSONExtract(labels_serialized, \'Map(String, String)\') as labels,             type         FROM merge(system, \'^_custom_metrics_dictionary_.*\')         FORMAT Prometheus
2026-08-01 11:25:23	1	5	5	1	SELECT count(*) FROM system.databases
2026-08-01 11:25:23	25	5	591	5	SELECT  now64(6) as scrape_time_microseconds, \'j62zx3k\' AS pod_ident, \'boneaws-al-46\' AS spoken_name, \'cell-1\' AS cell, \'ap-south-1\' AS region, \'aws\' AS cloud_provider, \'26.2.1.525\' AS clickhouse_version, \'0fc3eaab-fbcb-4533-8825-9be9faaea781\' AS control_plane_id, \'aarch64\' AS system_processor, * FR
2026-08-01 11:25:23	3	2	12834	1	SELECT count() FROM system.processes WHERE (initial_user NOT IN _CAST([\'backups-internal\', \'management-internal\', \'monitoring-internal\', \'observability-internal\', \'operator-internal\', \'prometheus-exporter\', \'prometheus-internal\', \'operator-cert-internal\', \'availability-monitoring-internal\', \'\'], \'Ar
2026-08-01 11:25:23	2	78	1124	1	SELECT countIf(database = \'system\') as systemParts, countIf(database != \'system\') as nonSystemParts FROM system.parts where active
2026-08-01 11:25:23	23	3107	586303	126	SELECT CAST(\'0fc3eaab-fbcb-4533-8825-9be9faaea781\', \'UUID\') AS instance_id, CAST(\'c-boneaws-al-46-server-j62zx3k-0\', \'LowCardinality(String)\') AS node_id, CAST(name, \'LowCardinality(String)\') AS metric, CAST(mapFilter((k, v) -> has(_CAST([\'remote\'], \'Array(String)\'), k), labels), \'Map(LowCardinality
2026-08-01 11:25:23	2	0	0	1	SELECT countIf(database = \'system\') as systemMerges, countIf(database != \'system\') as nonSystemMerges FROM system.merges
2026-08-01 11:25:25	3	0	0	0	SELECT now64(6) as scrape_time_microseconds, \'j62zx3k\' AS pod_ident, \'boneaws-al-46\' AS spoken_name, \'cell-1\' AS cell, \'ap-south-1\' AS region, \'aws\' AS cloud_provider, \'26.2.1.525\' AS clickhouse_version, \'0fc3eaab-fbcb-4533-8825-9be9faaea781\' AS control_plane_id, \'aarch64\' AS system_processor, * FRO
2026-08-01 11:25:25	2	59	472	1	             SELECT                 name,                 toJSONString(labels) as labels_serialized,                 value,                 help,                 type             FROM (                 SELECT   \'ClickHouse_CustomMetric_TotalMemoryUsedByDataSkippingIndices\' AS name,   toFloat64(SUM(d
2026-08-01 11:25:25	2	13	6340	1	             SELECT                 name,                 toJSONString(labels) as labels_serialized,                 value,                 help,                 type             FROM (                 SELECT   \'ClickHouse_CustomMetric_TotalMemoryUsedByDictionaries\' AS name,   toFloat64(SUM(bytes_al
2026-08-01 11:25:25	14	120	1234	1	SELECT avg(ProfileEvent_OSCPUWaitMicroseconds) as cpu_wait FROM  system.metric_log  WHERE event_time > now() - INTERVAL 2 MINUTE AND event_date >= yesterday()
2026-08-01 11:25:25	4	2	10208	2	SELECT count() as count, sum(elapsed) as total_elapsed, \'lh\' as usr FROM system.processes  WHERE user = \'observability-internal\' AND client_hostname LIKE \'loghouse-scraper%\'  UNION ALL SELECT count() as count, sum(elapsed) as total_elapsed, \'other\' as usr FROM system.processes  WHERE user != \'observ
2026-08-01 11:25:25	1	875	366447	1	SELECT value FROM system.asynchronous_metrics WHERE metric = \'OSMemoryAvailable\' ;
2026-08-01 11:25:26	3	0	0	0	SELECT now64(6) as scrape_time_microseconds, \'j62zx3k\' AS pod_ident, \'boneaws-al-46\' AS spoken_name, \'cell-1\' AS cell, \'ap-south-1\' AS region, \'aws\' AS cloud_provider, \'26.2.1.525\' AS clickhouse_version, \'0fc3eaab-fbcb-4533-8825-9be9faaea781\' AS control_plane_id, \'aarch64\' AS system_processor, * FRO
2026-08-01 11:25:27	5	0	0	0	SELECT now64(6) as scrape_time_microseconds, \'j62zx3k\' AS pod_ident, \'boneaws-al-46\' AS spoken_name, \'cell-1\' AS cell, \'ap-south-1\' AS region, \'aws\' AS cloud_provider, \'26.2.1.525\' AS clickhouse_version, \'0fc3eaab-fbcb-4533-8825-9be9faaea781\' AS control_plane_id, \'aarch64\' AS system_processor, * FRO
2026-08-01 11:25:28	3	0	0	0	SELECT now64(6) as scrape_time_microseconds, \'j62zx3k\' AS pod_ident, \'boneaws-al-46\' AS spoken_name, \'cell-1\' AS cell, \'ap-south-1\' AS region, \'aws\' AS cloud_provider, \'26.2.1.525\' AS clickhouse_version, \'0fc3eaab-fbcb-4533-8825-9be9faaea781\' AS control_plane_id, \'aarch64\' AS system_processor, * FRO
2026-08-01 11:25:29	2	0	0	0	SELECT now64(6) as scrape_time_microseconds, \'j62zx3k\' AS pod_ident, \'boneaws-al-46\' AS spoken_name, \'cell-1\' AS cell, \'ap-south-1\' AS region, \'aws\' AS cloud_provider, \'26.2.1.525\' AS clickhouse_version, \'0fc3eaab-fbcb-4533-8825-9be9faaea781\' AS control_plane_id, \'aarch64\' AS system_processor, * FRO
2026-08-01 11:25:29	1	1	1	1	SELECT displayName(), version(), revision(), timezone()
2026-08-01 11:25:29	1	1	1	1	SELECT 1;
2026-08-01 11:25:30	3	0	0	0	SELECT now64(6) as scrape_time_microseconds, \'j62zx3k\' AS pod_ident, \'boneaws-al-46\' AS spoken_name, \'cell-1\' AS cell, \'ap-south-1\' AS region, \'aws\' AS cloud_provider, \'26.2.1.525\' AS clickhouse_version, \'0fc3eaab-fbcb-4533-8825-9be9faaea781\' AS control_plane_id, \'aarch64\' AS system_processor, * FRO
2026-08-01 11:25:30	2	0	0	0	             SELECT                 name,                 toJSONString(labels) as labels_serialized,                 value,                 help,                 type             FROM (                 SELECT   \'ClickHouse_CustomMetric_FailedMutations\' as name,   toFloat64(count()) as value,   \'The 
2026-08-01 11:25:30	2	2	6302	1	             SELECT                 name,                 toJSONString(labels) as labels_serialized,                 value,                 help,                 type             FROM (                 SELECT   \'ClickHouse_CustomMetric_TotalMemoryUsedByQueries\' AS name,   toFloat64(SUM(peak_memory_u
2026-08-01 11:25:30	5	103	25415	103	SELECT             name,             value,             help,             JSONExtract(labels_serialized, \'Map(String, String)\') as labels,             type         FROM merge(system, \'^_custom_metrics_dictionary_.*\')         FORMAT Prometheus
2026-08-01 11:25:31	3	0	0	0	SELECT now64(6) as scrape_time_microseconds, \'j62zx3k\' AS pod_ident, \'boneaws-al-46\' AS spoken_name, \'cell-1\' AS cell, \'ap-south-1\' AS region, \'aws\' AS cloud_provider, \'26.2.1.525\' AS clickhouse_version, \'0fc3eaab-fbcb-4533-8825-9be9faaea781\' AS control_plane_id, \'aarch64\' AS system_processor, * FRO
2026-08-01 11:25:32	3	0	0	0	SELECT now64(6) as scrape_time_microseconds, \'j62zx3k\' AS pod_ident, \'boneaws-al-46\' AS spoken_name, \'cell-1\' AS cell, \'ap-south-1\' AS region, \'aws\' AS cloud_provider, \'26.2.1.525\' AS clickhouse_version, \'0fc3eaab-fbcb-4533-8825-9be9faaea781\' AS control_plane_id, \'aarch64\' AS system_processor, * FRO
2026-08-01 11:25:33	3	0	0	0	SELECT now64(6) as scrape_time_microseconds, \'j62zx3k\' AS pod_ident, \'boneaws-al-46\' AS spoken_name, \'cell-1\' AS cell, \'ap-south-1\' AS region, \'aws\' AS cloud_provider, \'26.2.1.525\' AS clickhouse_version, \'0fc3eaab-fbcb-4533-8825-9be9faaea781\' AS control_plane_id, \'aarch64\' AS system_processor, * FRO
2026-08-01 11:25:33	3	1	5438	1	SELECT count() FROM system.processes WHERE (initial_user NOT IN _CAST([\'backups-internal\', \'management-internal\', \'monitoring-internal\', \'observability-internal\', \'operator-internal\', \'prometheus-exporter\', \'prometheus-internal\', \'operator-cert-internal\', \'availability-monitoring-internal\', \'\'], \'Ar
2026-08-01 11:25:33	2	80	1154	1	SELECT countIf(database = \'system\') as systemParts, countIf(database != \'system\') as nonSystemParts FROM system.parts where active
2026-08-01 11:25:33	1	0	0	1	SELECT countIf(database = \'system\') as systemMerges, countIf(database != \'system\') as nonSystemMerges FROM system.merges
2026-08-01 11:25:34	7	8192	854479	788	SELECT now64(6) as scrape_time_microseconds, \'j62zx3k\' AS pod_ident, \'boneaws-al-46\' AS spoken_name, \'cell-1\' AS cell, \'ap-south-1\' AS region, \'aws\' AS cloud_provider, \'26.2.1.525\' AS clickhouse_version, \'0fc3eaab-fbcb-4533-8825-9be9faaea781\' AS control_plane_id, \'aarch64\' AS system_processor, * FRO
2026-08-01 11:25:35	78	0	0	0	SELECT now64(6) as scrape_time_microseconds, \'j62zx3k\' AS pod_ident, \'boneaws-al-46\' AS spoken_name, \'cell-1\' AS cell, \'ap-south-1\' AS region, \'aws\' AS cloud_provider, \'26.2.1.525\' AS clickhouse_version, \'0fc3eaab-fbcb-4533-8825-9be9faaea781\' AS control_plane_id, \'aarch64\' AS system_processor, * FRO
2026-08-01 11:25:35	2	59	472	1	             SELECT                 name,                 toJSONString(labels) as labels_serialized,                 value,                 help,                 type             FROM (                 SELECT   \'ClickHouse_CustomMetric_TotalMemoryUsedByDataSkippingIndices\' AS name,   toFloat64(SUM(d
2026-08-01 11:25:36	3	0	0	0	SELECT now64(6) as scrape_time_microseconds, \'j62zx3k\' AS pod_ident, \'boneaws-al-46\' AS spoken_name, \'cell-1\' AS cell, \'ap-south-1\' AS region, \'aws\' AS cloud_provider, \'26.2.1.525\' AS clickhouse_version, \'0fc3eaab-fbcb-4533-8825-9be9faaea781\' AS control_plane_id, \'aarch64\' AS system_processor, * FRO
2026-08-01 11:25:37	7	689	432070	38	SELECT now64(6) as scrape_time_microseconds, \'j62zx3k\' AS pod_ident, \'boneaws-al-46\' AS spoken_name, \'cell-1\' AS cell, \'ap-south-1\' AS region, \'aws\' AS cloud_provider, \'26.2.1.525\' AS clickhouse_version, \'0fc3eaab-fbcb-4533-8825-9be9faaea781\' AS control_plane_id, \'aarch64\' AS system_processor, * FRO
2026-08-01 11:25:37	1142	905558	142309209	35901	INSERT INTO sony.session_active_intervals WITH                    toInt64(120000) AS gap_timeout,     toInt64(0)   AS gap_grace,     toInt64(1785065404847)   AS watermark SELECT     video_session_id,     (iv.1) AS interval_seq,     fromUnixTimestamp64Milli(iv.2, \'UTC\')  AS active_start,     fromUni
2026-08-01 11:25:38	18	16834	4082243	8281	SELECT now64(6) as scrape_time_microseconds, \'j62zx3k\' AS pod_ident, \'boneaws-al-46\' AS spoken_name, \'cell-1\' AS cell, \'ap-south-1\' AS region, \'aws\' AS cloud_provider, \'26.2.1.525\' AS clickhouse_version, \'0fc3eaab-fbcb-4533-8825-9be9faaea781\' AS control_plane_id, \'aarch64\' AS system_processor, * FRO
2026-08-01 11:25:39	17	20078	4660017	10072	SELECT now64(6) as scrape_time_microseconds, \'j62zx3k\' AS pod_ident, \'boneaws-al-46\' AS spoken_name, \'cell-1\' AS cell, \'ap-south-1\' AS region, \'aws\' AS cloud_provider, \'26.2.1.525\' AS clickhouse_version, \'0fc3eaab-fbcb-4533-8825-9be9faaea781\' AS control_plane_id, \'aarch64\' AS system_processor, * FRO
2026-08-01 11:25:40	28	3944	8670198	328	SELECT now64(6) as scrape_time_microseconds, \'j62zx3k\' AS pod_ident, \'boneaws-al-46\' AS spoken_name, \'cell-1\' AS cell, \'ap-south-1\' AS region, \'aws\' AS cloud_provider, \'26.2.1.525\' AS clickhouse_version, \'0fc3eaab-fbcb-4533-8825-9be9faaea781\' AS control_plane_id, \'aarch64\' AS system_processor, * FRO
2026-08-01 11:25:40	1	0	0	1	             SELECT                 name,                 toJSONString(labels) as labels_serialized,                 value,                 help,                 type             FROM (                 SELECT   \'ClickHouse_CustomMetric_TotalMemoryUsedByAsynchronousInserts\' AS name,   toFloat64(SUM(t
2026-08-01 11:25:40	2	59	472	1	             SELECT                 name,                 toJSONString(labels) as labels_serialized,                 value,                 help,                 type             FROM (                 SELECT   \'ClickHouse_CustomMetric_TotalMemoryUsedByDataSkippingIndices\' AS name,   toFloat64(SUM(d
2026-08-01 11:25:40	3	6	213	0	             SELECT                 name,                 toJSONString(labels) as labels_serialized,                 value,                 help,                 type             FROM (                 SELECT   \'ClickHouse_CustomMetric_SharedCatalogRecoveryTime\' as name,   toFloat64(recovery_time) a
2026-08-01 11:25:40	3	6	213	0	             SELECT                 name,                 toJSONString(labels) as labels_serialized,                 value,                 help,                 type             FROM (                 SELECT   \'ClickHouse_CustomMetric_DatabaseReplicatedRecoveryTime\' as name,   toFloat64(recovery_ti
2026-08-01 11:25:41	216	1262	3276447	120	SELECT now64(6) as scrape_time_microseconds, \'j62zx3k\' AS pod_ident, \'boneaws-al-46\' AS spoken_name, \'cell-1\' AS cell, \'ap-south-1\' AS region, \'aws\' AS cloud_provider, \'26.2.1.525\' AS clickhouse_version, \'0fc3eaab-fbcb-4533-8825-9be9faaea781\' AS control_plane_id, \'aarch64\' AS system_processor, * FRO
2026-08-01 11:25:42	8	1452	817423	161	SELECT now64(6) as scrape_time_microseconds, \'j62zx3k\' AS pod_ident, \'boneaws-al-46\' AS spoken_name, \'cell-1\' AS cell, \'ap-south-1\' AS region, \'aws\' AS cloud_provider, \'26.2.1.525\' AS clickhouse_version, \'0fc3eaab-fbcb-4533-8825-9be9faaea781\' AS control_plane_id, \'aarch64\' AS system_processor, * FRO
2026-08-01 11:25:43	3	0	0	0	SELECT now64(6) as scrape_time_microseconds, \'j62zx3k\' AS pod_ident, \'boneaws-al-46\' AS spoken_name, \'cell-1\' AS cell, \'ap-south-1\' AS region, \'aws\' AS cloud_provider, \'26.2.1.525\' AS clickhouse_version, \'0fc3eaab-fbcb-4533-8825-9be9faaea781\' AS control_plane_id, \'aarch64\' AS system_processor, * FRO
2026-08-01 11:25:43	3	2	12834	1	SELECT count() FROM system.processes WHERE (initial_user NOT IN _CAST([\'backups-internal\', \'management-internal\', \'monitoring-internal\', \'observability-internal\', \'operator-internal\', \'prometheus-exporter\', \'prometheus-internal\', \'operator-cert-internal\', \'availability-monitoring-internal\', \'\'], \'Ar
2026-08-01 11:25:43	2	71	1019	1	SELECT countIf(database = \'system\') as systemParts, countIf(database != \'system\') as nonSystemParts FROM system.parts where active
2026-08-01 11:25:43	24	3127	589261	126	SELECT CAST(\'0fc3eaab-fbcb-4533-8825-9be9faaea781\', \'UUID\') AS instance_id, CAST(\'c-boneaws-al-46-server-j62zx3k-0\', \'LowCardinality(String)\') AS node_id, CAST(name, \'LowCardinality(String)\') AS metric, CAST(mapFilter((k, v) -> has(_CAST([\'remote\'], \'Array(String)\'), k), labels), \'Map(LowCardinality
2026-08-01 11:25:43	2	0	0	1	SELECT countIf(database = \'system\') as systemMerges, countIf(database != \'system\') as nonSystemMerges FROM system.merges
2026-08-01 11:25:44	7	3219	961452	381	SELECT now64(6) as scrape_time_microseconds, \'j62zx3k\' AS pod_ident, \'boneaws-al-46\' AS spoken_name, \'cell-1\' AS cell, \'ap-south-1\' AS region, \'aws\' AS cloud_provider, \'26.2.1.525\' AS clickhouse_version, \'0fc3eaab-fbcb-4533-8825-9be9faaea781\' AS control_plane_id, \'aarch64\' AS system_processor, * FRO
2026-08-01 11:25:45	86	1242266	19922304	106330	SELECT now64(6) as scrape_time_microseconds, \'j62zx3k\' AS pod_ident, \'boneaws-al-46\' AS spoken_name, \'cell-1\' AS cell, \'ap-south-1\' AS region, \'aws\' AS cloud_provider, \'26.2.1.525\' AS clickhouse_version, \'0fc3eaab-fbcb-4533-8825-9be9faaea781\' AS control_plane_id, \'aarch64\' AS system_processor, * FRO
2026-08-01 11:25:45	1	6	2128	6	             SELECT                 name,                 toJSONString(labels) as labels_serialized,                 value,                 help,                 type             FROM (                 SELECT   concat(\'clickhouse_\', system.dimensional_metrics.metric) AS name,   toFloat64(system.dime
2026-08-01 11:25:45	1	0	0	1	             SELECT                 name,                 toJSONString(labels) as labels_serialized,                 value,                 help,                 type             FROM (                 SELECT   \'ClickHouse_CustomMetric_TotalMemoryUsedByMerges\' AS name,   toFloat64(SUM(memory_usage))
2026-08-01 11:25:45	2	59	472	1	             SELECT                 name,                 toJSONString(labels) as labels_serialized,                 value,                 help,                 type             FROM (                 SELECT   \'ClickHouse_CustomMetric_TotalMemoryUsedByDataSkippingIndices\' AS name,   toFloat64(SUM(d
2026-08-01 11:25:46	21	18311	4648142	14995	SELECT now64(6) as scrape_time_microseconds, \'j62zx3k\' AS pod_ident, \'boneaws-al-46\' AS spoken_name, \'cell-1\' AS cell, \'ap-south-1\' AS region, \'aws\' AS cloud_provider, \'26.2.1.525\' AS clickhouse_version, \'0fc3eaab-fbcb-4533-8825-9be9faaea781\' AS control_plane_id, \'aarch64\' AS system_processor, * FRO
2026-08-01 11:25:46	2	0	8	1	SELECT count() FROM system.backups where status IN (0,3)
2026-08-01 11:25:46	3	1	5472	1	SELECT count() FROM system.processes WHERE (elapsed > _CAST(0, \'Int64\')) AND (initial_user NOT IN _CAST([\'backups-internal\', \'management-internal\', \'monitoring-internal\', \'observability-internal\', \'operator-internal\', \'prometheus-exporter\', \'prometheus-internal\', \'operator-cert-internal\', \'availabil
2026-08-01 11:25:50	5	121	29804	121	SELECT             name,             value,             help,             JSONExtract(labels_serialized, \'Map(String, String)\') as labels,             type         FROM merge(system, \'^_custom_metrics_dictionary_.*\')         FORMAT Prometheus
2026-08-01 11:25:50	2	13	6340	1	             SELECT                 name,                 toJSONString(labels) as labels_serialized,                 value,                 help,                 type             FROM (                 SELECT   \'ClickHouse_CustomMetric_TotalMemoryUsedByDictionaries\' AS name,   toFloat64(SUM(bytes_al
2026-08-01 11:25:51	5	121	29804	121	SELECT             name,             value,             help,             JSONExtract(labels_serialized, \'Map(String, String)\') as labels,             type         FROM merge(system, \'^_custom_metrics_dictionary_.*\')         FORMAT Prometheus
2026-08-01 11:25:53	3	1	5438	1	SELECT count() FROM system.processes WHERE (initial_user NOT IN _CAST([\'backups-internal\', \'management-internal\', \'monitoring-internal\', \'observability-internal\', \'operator-internal\', \'prometheus-exporter\', \'prometheus-internal\', \'operator-cert-internal\', \'availability-monitoring-internal\', \'\'], \'Ar
2026-08-01 11:25:53	2	68	974	1	SELECT countIf(database = \'system\') as systemParts, countIf(database != \'system\') as nonSystemParts FROM system.parts where active
2026-08-01 11:25:53	2	0	0	1	SELECT countIf(database = \'system\') as systemMerges, countIf(database != \'system\') as nonSystemMerges FROM system.merges
2026-08-01 11:25:55	2	1	5022	1	             SELECT                 name,                 toJSONString(labels) as labels_serialized,                 value,                 help,                 type             FROM (                 SELECT   \'ClickHouse_CustomMetric_TotalMemoryUsedByQueries\' AS name,   toFloat64(SUM(peak_memory_u
2026-08-01 11:25:55	14	605	8470	1	SELECT avg(ProfileEvent_OSCPUWaitMicroseconds) as cpu_wait FROM  system.metric_log  WHERE event_time > now() - INTERVAL 2 MINUTE AND event_date >= yesterday()
2026-08-01 11:25:55	3	2	10208	2	SELECT count() as count, sum(elapsed) as total_elapsed, \'lh\' as usr FROM system.processes  WHERE user = \'observability-internal\' AND client_hostname LIKE \'loghouse-scraper%\'  UNION ALL SELECT count() as count, sum(elapsed) as total_elapsed, \'other\' as usr FROM system.processes  WHERE user != \'observ
2026-08-01 11:25:55	1	876	366589	1	SELECT value FROM system.asynchronous_metrics WHERE metric = \'OSMemoryAvailable\' ;
2026-08-01 11:26:00	2	15	1013	15	             SELECT                 name,                 toJSONString(labels) as labels_serialized,                 value,                 help,                 type             FROM (                 SELECT     \'ClickHouse_MetricsCollection_CustomMetricsSystemTable\' AS name,     toFloat64(1) AS va
2026-08-01 11:26:00	5	121	29804	121	SELECT             name,             value,             help,             JSONExtract(labels_serialized, \'Map(String, String)\') as labels,             type         FROM merge(system, \'^_custom_metrics_dictionary_.*\')         FORMAT Prometheus
2026-08-01 11:26:03	3	2	12834	1	SELECT count() FROM system.processes WHERE (initial_user NOT IN _CAST([\'backups-internal\', \'management-internal\', \'monitoring-internal\', \'observability-internal\', \'operator-internal\', \'prometheus-exporter\', \'prometheus-internal\', \'operator-cert-internal\', \'availability-monitoring-internal\', \'\'], \'Ar
2026-08-01 11:26:03	2	71	1019	1	SELECT countIf(database = \'system\') as systemParts, countIf(database != \'system\') as nonSystemParts FROM system.parts where active
2026-08-01 11:26:03	1	0	0	1	SELECT countIf(database = \'system\') as systemMerges, countIf(database != \'system\') as nonSystemMerges FROM system.merges
2026-08-01 11:26:03	30	3128	589403	126	SELECT CAST(\'0fc3eaab-fbcb-4533-8825-9be9faaea781\', \'UUID\') AS instance_id, CAST(\'c-boneaws-al-46-server-j62zx3k-0\', \'LowCardinality(String)\') AS node_id, CAST(name, \'LowCardinality(String)\') AS metric, CAST(mapFilter((k, v) -> has(_CAST([\'remote\'], \'Array(String)\'), k), labels), \'Map(LowCardinality
2026-08-01 11:26:03	2	355	355	1	SELECT count(*) FROM system.parts
2026-08-01 11:26:03	9	355	321827	355	SELECT  now64(6) as scrape_time_microseconds, \'j62zx3k\' AS pod_ident, \'boneaws-al-46\' AS spoken_name, \'cell-1\' AS cell, \'ap-south-1\' AS region, \'aws\' AS cloud_provider, \'26.2.1.525\' AS clickhouse_version, \'0fc3eaab-fbcb-4533-8825-9be9faaea781\' AS control_plane_id, \'aarch64\' AS system_processor, * FR
2026-08-01 11:26:05	2	0	0	1	             SELECT                 name,                 toJSONString(labels) as labels_serialized,                 value,                 help,                 type             FROM (                 SELECT   \'ClickHouse_CustomMetric_TotalMemoryUsedByAsynchronousInserts\' AS name,   toFloat64(SUM(t
2026-08-01 11:26:05	3	6	213	0	             SELECT                 name,                 toJSONString(labels) as labels_serialized,                 value,                 help,                 type             FROM (                 SELECT   \'ClickHouse_CustomMetric_DatabaseReplicatedRecoveryTime\' as name,   toFloat64(recovery_ti
2026-08-01 11:26:09	1	1	1	1	SELECT displayName(), version(), revision(), timezone()
2026-08-01 11:26:09	1	1	1	1	SELECT 1;
2026-08-01 11:26:13	3	1	5438	1	SELECT count() FROM system.processes WHERE (initial_user NOT IN _CAST([\'backups-internal\', \'management-internal\', \'monitoring-internal\', \'observability-internal\', \'operator-internal\', \'prometheus-exporter\', \'prometheus-internal\', \'operator-cert-internal\', \'availability-monitoring-internal\', \'\'], \'Ar
2026-08-01 11:26:13	2	62	884	1	SELECT countIf(database = \'system\') as systemParts, countIf(database != \'system\') as nonSystemParts FROM system.parts where active
2026-08-01 11:26:13	1	0	0	1	SELECT countIf(database = \'system\') as systemMerges, countIf(database != \'system\') as nonSystemMerges FROM system.merges
2026-08-01 11:26:15	2	0	0	1	             SELECT                 name,                 toJSONString(labels) as labels_serialized,                 value,                 help,                 type             FROM (                 SELECT   \'ClickHouse_CustomMetric_TotalMemoryUsedByMerges\' AS name,   toFloat64(SUM(memory_usage))
2026-08-01 11:26:15	2	0	0	0	             SELECT                 name,                 toJSONString(labels) as labels_serialized,                 value,                 help,                 type             FROM (                 SELECT   \'ClickHouse_CustomMetric_FailedMutations\' as name,   toFloat64(count()) as value,   \'The 
2026-08-01 11:26:15	2	6	3896	0	             SELECT                 name,                 toJSONString(labels) as labels_serialized,                 value,                 help,                 type             FROM (                 SELECT   \'clickhouse_table_replica_readonly_start_timestamp_seconds\' as name,   toFloat64(toUnixTi
2026-08-01 11:26:20	6	121	29804	121	SELECT             name,             value,             help,             JSONExtract(labels_serialized, \'Map(String, String)\') as labels,             type         FROM merge(system, \'^_custom_metrics_dictionary_.*\')         FORMAT Prometheus
2026-08-01 11:26:21	6	121	29804	121	SELECT             name,             value,             help,             JSONExtract(labels_serialized, \'Map(String, String)\') as labels,             type         FROM merge(system, \'^_custom_metrics_dictionary_.*\')         FORMAT Prometheus
2026-08-01 11:26:23	2	59	839	1	SELECT countIf(database = \'system\') as systemParts, countIf(database != \'system\') as nonSystemParts FROM system.parts where active
2026-08-01 11:26:23	4	0	0	0	WITH source AS (SELECT [\'matview_execution_total\', if(exception_code != 0, \'matview_execution_fail\', \'\')] AS metrics, event_time AS ts FROM system.query_views_log WHERE (status != \'QueryStart\') AND (event_date >= toDate(_CAST(\'1785583428.069\', \'DateTime64\'))) AND (event_time >= toDateTime(_CAST(\'178
2026-08-01 11:26:23	9	108210	1659861	1560	SELECT CAST(\'0fc3eaab-fbcb-4533-8825-9be9faaea781\', \'UUID\') AS control_plane_id, CAST(\'c-boneaws-al-46-server-j62zx3k-0\', \'LowCardinality(String)\') AS pod_id, CAST(now64(), \'DateTime64(6)\') AS scrape_ts_microseconds, CAST(event_date, \'Date\') AS event_date, CAST(event_time, \'DateTime\') AS event_time,
2026-08-01 11:26:23	9	0	0	1	WITH failed_mutations AS (SELECT toDateTime(create_time) AS ts, count() AS val FROM system.mutations WHERE (ts > toDateTime(_CAST(\'1785583428.069\', \'DateTime64\'))) AND (ts <= toDateTime(_CAST(\'1785583548.069\', \'DateTime64\'))) AND (latest_failed_part != \'\') AND (is_done = 0) GROUP BY ts), failed_muta
2026-08-01 11:26:23	10	1531	22951	13	WITH metrics AS (SELECT multiIf((event_type = \'MergeParts\') AND (error = 0), \'merges_finished\', (event_type = \'MergeParts\') AND (error != 0), \'merges_failed\', (event_type = \'MutatePart\') AND (error = 0), \'mutate_part_finished\', (event_type = \'MutatePart\') AND (error != 0), \'mutate_part_failed\', NULL
2026-08-01 11:26:23	4	6	33838	1	SELECT count() FROM system.processes WHERE (initial_user NOT IN _CAST([\'backups-internal\', \'management-internal\', \'monitoring-internal\', \'observability-internal\', \'operator-internal\', \'prometheus-exporter\', \'prometheus-internal\', \'operator-cert-internal\', \'availability-monitoring-internal\', \'\'], \'Ar
2026-08-01 11:26:23	5	378	114440	5	WITH metrics AS (SELECT name AS metric, toFloat64(value) AS val, now() AS ts FROM system.server_settings WHERE multiMatchAny(name, _CAST([\'^max_database_num_to_throw$\', \'^max_database_num_to_warn$\', \'^max_table_num_to_throw$\', \'^max_table_num_to_warn$\', \'^max_concurrent_queries$\'], \'Array(String)\'))
2026-08-01 11:26:23	2	0	0	1	SELECT countIf(database = \'system\') as systemMerges, countIf(database != \'system\') as nonSystemMerges FROM system.merges
2026-08-01 11:26:23	27	3129	589546	126	SELECT CAST(\'0fc3eaab-fbcb-4533-8825-9be9faaea781\', \'UUID\') AS instance_id, CAST(\'c-boneaws-al-46-server-j62zx3k-0\', \'LowCardinality(String)\') AS node_id, CAST(name, \'LowCardinality(String)\') AS metric, CAST(mapFilter((k, v) -> has(_CAST([\'remote\'], \'Array(String)\'), k), labels), \'Map(LowCardinality
2026-08-01 11:26:23	51	636	184287	120	SELECT CAST(\'0fc3eaab-fbcb-4533-8825-9be9faaea781\', \'UUID\') AS control_plane_id, CAST(\'c-boneaws-al-46-server-j62zx3k-0\', \'LowCardinality(String)\') AS pod_id, CAST(now64(), \'DateTime64(6)\') AS scrape_ts_microseconds, CAST(event_date, \'Date\') AS event_date, CAST(event_time, \'DateTime\') AS event_time,
2026-08-01 11:26:23	153	718	211243	10	WITH parts_agg AS (SELECT database AS agg_database, `table` AS agg_table, SUM(primary_key_size) AS primary_index_size, SUM(secondary_indices_compressed_bytes) AS secondary_index_size FROM system.parts WHERE active AND (database != \'system\') GROUP BY database, `table`), proj_agg AS (SELECT database A
2026-08-01 11:26:25	1	0	0	1	             SELECT                 name,                 toJSONString(labels) as labels_serialized,                 value,                 help,                 type             FROM (                 SELECT   \'ClickHouse_CustomMetric_TotalMemoryUsedByAsynchronousInserts\' AS name,   toFloat64(SUM(t
2026-08-01 11:26:25	13	636	8904	1	SELECT avg(ProfileEvent_OSCPUWaitMicroseconds) as cpu_wait FROM  system.metric_log  WHERE event_time > now() - INTERVAL 2 MINUTE AND event_date >= yesterday()
2026-08-01 11:26:25	3	2	10208	2	SELECT count() as count, sum(elapsed) as total_elapsed, \'lh\' as usr FROM system.processes  WHERE user = \'observability-internal\' AND client_hostname LIKE \'loghouse-scraper%\'  UNION ALL SELECT count() as count, sum(elapsed) as total_elapsed, \'other\' as usr FROM system.processes  WHERE user != \'observ
2026-08-01 11:26:25	1	877	366732	1	SELECT value FROM system.asynchronous_metrics WHERE metric = \'OSMemoryAvailable\' ;
2026-08-01 11:26:30	5	121	29804	121	SELECT             name,             value,             help,             JSONExtract(labels_serialized, \'Map(String, String)\') as labels,             type         FROM merge(system, \'^_custom_metrics_dictionary_.*\')         FORMAT Prometheus
2026-08-01 11:26:33	3	1	5438	1	SELECT count() FROM system.processes WHERE (initial_user NOT IN _CAST([\'backups-internal\', \'management-internal\', \'monitoring-internal\', \'observability-internal\', \'operator-internal\', \'prometheus-exporter\', \'prometheus-internal\', \'operator-cert-internal\', \'availability-monitoring-internal\', \'\'], \'Ar
2026-08-01 11:26:33	2	57	809	1	SELECT countIf(database = \'system\') as systemParts, countIf(database != \'system\') as nonSystemParts FROM system.parts where active
2026-08-01 11:26:33	2	0	0	1	SELECT countIf(database = \'system\') as systemMerges, countIf(database != \'system\') as nonSystemMerges FROM system.merges
2026-08-01 11:26:35	1	6	2128	6	             SELECT                 name,                 toJSONString(labels) as labels_serialized,                 value,                 help,                 type             FROM (                 SELECT   concat(\'clickhouse_\', system.dimensional_metrics.metric) AS name,   toFloat64(system.dime
2026-08-01 11:26:40	3	6	213	0	             SELECT                 name,                 toJSONString(labels) as labels_serialized,                 value,                 help,                 type             FROM (                 SELECT   \'ClickHouse_CustomMetric_SharedCatalogRecoveryTime\' as name,   toFloat64(recovery_time) a
2026-08-01 11:26:43	2	2	12834	1	SELECT count() FROM system.processes WHERE (initial_user NOT IN _CAST([\'backups-internal\', \'management-internal\', \'monitoring-internal\', \'observability-internal\', \'operator-internal\', \'prometheus-exporter\', \'prometheus-internal\', \'operator-cert-internal\', \'availability-monitoring-internal\', \'\'], \'Ar
2026-08-01 11:26:43	2	63	899	1	SELECT countIf(database = \'system\') as systemParts, countIf(database != \'system\') as nonSystemParts FROM system.parts where active
2026-08-01 11:26:43	1	0	0	1	SELECT countIf(database = \'system\') as systemMerges, countIf(database != \'system\') as nonSystemMerges FROM system.merges
2026-08-01 11:26:43	23	3126	589085	126	SELECT CAST(\'0fc3eaab-fbcb-4533-8825-9be9faaea781\', \'UUID\') AS instance_id, CAST(\'c-boneaws-al-46-server-j62zx3k-0\', \'LowCardinality(String)\') AS node_id, CAST(name, \'LowCardinality(String)\') AS metric, CAST(mapFilter((k, v) -> has(_CAST([\'remote\'], \'Array(String)\'), k), labels), \'Map(LowCardinality
2026-08-01 11:26:45	2	0	0	0	             SELECT                 name,                 toJSONString(labels) as labels_serialized,                 value,                 help,                 type             FROM (                 SELECT   \'ClickHouse_CustomMetric_FailedMutations\' as name,   toFloat64(count()) as value,   \'The 
2026-08-01 11:26:45	2	15	1013	15	             SELECT                 name,                 toJSONString(labels) as labels_serialized,                 value,                 help,                 type             FROM (                 SELECT     \'ClickHouse_MetricsCollection_CustomMetricsSystemTable\' AS name,     toFloat64(1) AS va
2026-08-01 11:26:45	2	59	472	1	             SELECT                 name,                 toJSONString(labels) as labels_serialized,                 value,                 help,                 type             FROM (                 SELECT   \'ClickHouse_CustomMetric_TotalMemoryUsedByDataSkippingIndices\' AS name,   toFloat64(SUM(d
2026-08-01 11:26:45	2	13	6340	1	             SELECT                 name,                 toJSONString(labels) as labels_serialized,                 value,                 help,                 type             FROM (                 SELECT   \'ClickHouse_CustomMetric_TotalMemoryUsedByDictionaries\' AS name,   toFloat64(SUM(bytes_al
2026-08-01 11:26:45	2	5	10071	1	             SELECT                 name,                 toJSONString(labels) as labels_serialized,                 value,                 help,                 type             FROM (                 SELECT   \'ClickHouse_CustomMetric_TotalMemoryUsedByQueries\' AS name,   toFloat64(SUM(peak_memory_u
2026-08-01 11:26:48	1	1	1	1	SELECT displayName(), version(), revision(), timezone()
2026-08-01 11:26:49	1	1	1	1	SELECT 1;
2026-08-01 11:26:50	5	118	29026	118	SELECT             name,             value,             help,             JSONExtract(labels_serialized, \'Map(String, String)\') as labels,             type         FROM merge(system, \'^_custom_metrics_dictionary_.*\')         FORMAT Prometheus
2026-08-01 11:26:51	5	118	29026	118	SELECT             name,             value,             help,             JSONExtract(labels_serialized, \'Map(String, String)\') as labels,             type         FROM merge(system, \'^_custom_metrics_dictionary_.*\')         FORMAT Prometheus
2026-08-01 11:26:53	3	1	5438	1	SELECT count() FROM system.processes WHERE (initial_user NOT IN _CAST([\'backups-internal\', \'management-internal\', \'monitoring-internal\', \'observability-internal\', \'operator-internal\', \'prometheus-exporter\', \'prometheus-internal\', \'operator-cert-internal\', \'availability-monitoring-internal\', \'\'], \'Ar
2026-08-01 11:26:53	2	64	914	1	SELECT countIf(database = \'system\') as systemParts, countIf(database != \'system\') as nonSystemParts FROM system.parts where active
2026-08-01 11:26:53	2	0	0	1	SELECT countIf(database = \'system\') as systemMerges, countIf(database != \'system\') as nonSystemMerges FROM system.merges
2026-08-01 11:26:55	1	6	2128	6	             SELECT                 name,                 toJSONString(labels) as labels_serialized,                 value,                 help,                 type             FROM (                 SELECT   concat(\'clickhouse_\', system.dimensional_metrics.metric) AS name,   toFloat64(system.dime
2026-08-01 11:26:55	3	6	213	0	             SELECT                 name,                 toJSONString(labels) as labels_serialized,                 value,                 help,                 type             FROM (                 SELECT   \'ClickHouse_CustomMetric_DatabaseReplicatedRecoveryTime\' as name,   toFloat64(recovery_ti
2026-08-01 11:26:55	14	666	9324	1	SELECT avg(ProfileEvent_OSCPUWaitMicroseconds) as cpu_wait FROM  system.metric_log  WHERE event_time > now() - INTERVAL 2 MINUTE AND event_date >= yesterday()
2026-08-01 11:26:55	4	2	10208	2	SELECT count() as count, sum(elapsed) as total_elapsed, \'lh\' as usr FROM system.processes  WHERE user = \'observability-internal\' AND client_hostname LIKE \'loghouse-scraper%\'  UNION ALL SELECT count() as count, sum(elapsed) as total_elapsed, \'other\' as usr FROM system.processes  WHERE user != \'observ
2026-08-01 11:26:55	1	876	366590	1	SELECT value FROM system.asynchronous_metrics WHERE metric = \'OSMemoryAvailable\' ;
2026-08-01 11:27:00	2	6	3896	0	             SELECT                 name,                 toJSONString(labels) as labels_serialized,                 value,                 help,                 type             FROM (                 SELECT   \'clickhouse_table_replica_readonly_start_timestamp_seconds\' as name,   toFloat64(toUnixTi
2026-08-01 11:27:00	5	118	29026	118	SELECT             name,             value,             help,             JSONExtract(labels_serialized, \'Map(String, String)\') as labels,             type         FROM merge(system, \'^_custom_metrics_dictionary_.*\')         FORMAT Prometheus
2026-08-01 11:27:03	3	2	12834	1	SELECT count() FROM system.processes WHERE (initial_user NOT IN _CAST([\'backups-internal\', \'management-internal\', \'monitoring-internal\', \'observability-internal\', \'operator-internal\', \'prometheus-exporter\', \'prometheus-internal\', \'operator-cert-internal\', \'availability-monitoring-internal\', \'\'], \'Ar
2026-08-01 11:27:03	2	62	884	1	SELECT countIf(database = \'system\') as systemParts, countIf(database != \'system\') as nonSystemParts FROM system.parts where active
2026-08-01 11:27:03	1	0	0	1	SELECT countIf(database = \'system\') as systemMerges, countIf(database != \'system\') as nonSystemMerges FROM system.merges
2026-08-01 11:27:03	23	3125	588943	126	SELECT CAST(\'0fc3eaab-fbcb-4533-8825-9be9faaea781\', \'UUID\') AS instance_id, CAST(\'c-boneaws-al-46-server-j62zx3k-0\', \'LowCardinality(String)\') AS node_id, CAST(name, \'LowCardinality(String)\') AS metric, CAST(mapFilter((k, v) -> has(_CAST([\'remote\'], \'Array(String)\'), k), labels), \'Map(LowCardinality
2026-08-01 11:27:05	2	1	5022	1	             SELECT                 name,                 toJSONString(labels) as labels_serialized,                 value,                 help,                 type             FROM (                 SELECT   \'ClickHouse_CustomMetric_TotalMemoryUsedByQueries\' AS name,   toFloat64(SUM(peak_memory_u
2026-08-01 11:27:10	2	13	6340	1	             SELECT                 name,                 toJSONString(labels) as labels_serialized,                 value,                 help,                 type             FROM (                 SELECT   \'ClickHouse_CustomMetric_TotalMemoryUsedByDictionaries\' AS name,   toFloat64(SUM(bytes_al
2026-08-01 11:27:13	3	1	5438	1	SELECT count() FROM system.processes WHERE (initial_user NOT IN _CAST([\'backups-internal\', \'management-internal\', \'monitoring-internal\', \'observability-internal\', \'operator-internal\', \'prometheus-exporter\', \'prometheus-internal\', \'operator-cert-internal\', \'availability-monitoring-internal\', \'\'], \'Ar
2026-08-01 11:27:13	2	72	1034	1	SELECT countIf(database = \'system\') as systemParts, countIf(database != \'system\') as nonSystemParts FROM system.parts where active
2026-08-01 11:27:13	1	0	0	1	SELECT countIf(database = \'system\') as systemMerges, countIf(database != \'system\') as nonSystemMerges FROM system.merges
2026-08-01 11:27:15	1	0	0	1	             SELECT                 name,                 toJSONString(labels) as labels_serialized,                 value,                 help,                 type             FROM (                 SELECT   \'ClickHouse_CustomMetric_TotalMemoryUsedByMerges\' AS name,   toFloat64(SUM(memory_usage))
2026-08-01 11:27:20	5	108	26710	108	SELECT             name,             value,             help,             JSONExtract(labels_serialized, \'Map(String, String)\') as labels,             type         FROM merge(system, \'^_custom_metrics_dictionary_.*\')         FORMAT Prometheus
2026-08-01 11:27:20	2	0	0	0	             SELECT                 name,                 toJSONString(labels) as labels_serialized,                 value,                 help,                 type             FROM (                 SELECT   \'ClickHouse_CustomMetric_FailedMutations\' as name,   toFloat64(count()) as value,   \'The 
2026-08-01 11:27:21	5	108	26710	108	SELECT             name,             value,             help,             JSONExtract(labels_serialized, \'Map(String, String)\') as labels,             type         FROM merge(system, \'^_custom_metrics_dictionary_.*\')         FORMAT Prometheus
2026-08-01 11:27:23	2	2	12834	1	SELECT count() FROM system.processes WHERE (initial_user NOT IN _CAST([\'backups-internal\', \'management-internal\', \'monitoring-internal\', \'observability-internal\', \'operator-internal\', \'prometheus-exporter\', \'prometheus-internal\', \'operator-cert-internal\', \'availability-monitoring-internal\', \'\'], \'Ar
2026-08-01 11:27:23	2	73	1049	1	SELECT countIf(database = \'system\') as systemParts, countIf(database != \'system\') as nonSystemParts FROM system.parts where active
2026-08-01 11:27:23	1	0	0	1	SELECT countIf(database = \'system\') as systemMerges, countIf(database != \'system\') as nonSystemMerges FROM system.merges
2026-08-01 11:27:23	23	3115	587617	126	SELECT CAST(\'0fc3eaab-fbcb-4533-8825-9be9faaea781\', \'UUID\') AS instance_id, CAST(\'c-boneaws-al-46-server-j62zx3k-0\', \'LowCardinality(String)\') AS node_id, CAST(name, \'LowCardinality(String)\') AS metric, CAST(mapFilter((k, v) -> has(_CAST([\'remote\'], \'Array(String)\'), k), labels), \'Map(LowCardinality
2026-08-01 11:27:25	3	0	0	0	SELECT now64(6) as scrape_time_microseconds, \'j62zx3k\' AS pod_ident, \'boneaws-al-46\' AS spoken_name, \'cell-1\' AS cell, \'ap-south-1\' AS region, \'aws\' AS cloud_provider, \'26.2.1.525\' AS clickhouse_version, \'0fc3eaab-fbcb-4533-8825-9be9faaea781\' AS control_plane_id, \'aarch64\' AS system_processor, * FRO
2026-08-01 11:27:25	2	0	0	1	             SELECT                 name,                 toJSONString(labels) as labels_serialized,                 value,                 help,                 type             FROM (                 SELECT   \'ClickHouse_CustomMetric_TotalMemoryUsedByAsynchronousInserts\' AS name,   toFloat64(SUM(t
2026-08-01 11:27:25	2	15	1013	15	             SELECT                 name,                 toJSONString(labels) as labels_serialized,                 value,                 help,                 type             FROM (                 SELECT     \'ClickHouse_MetricsCollection_CustomMetricsSystemTable\' AS name,     toFloat64(1) AS va
2026-08-01 11:27:25	3	6	213	0	             SELECT                 name,                 toJSONString(labels) as labels_serialized,                 value,                 help,                 type             FROM (                 SELECT   \'ClickHouse_CustomMetric_DatabaseReplicatedRecoveryTime\' as name,   toFloat64(recovery_ti
2026-08-01 11:27:25	14	696	9521	1	SELECT avg(ProfileEvent_OSCPUWaitMicroseconds) as cpu_wait FROM  system.metric_log  WHERE event_time > now() - INTERVAL 2 MINUTE AND event_date >= yesterday()
2026-08-01 11:27:25	4	2	10208	2	SELECT count() as count, sum(elapsed) as total_elapsed, \'lh\' as usr FROM system.processes  WHERE user = \'observability-internal\' AND client_hostname LIKE \'loghouse-scraper%\'  UNION ALL SELECT count() as count, sum(elapsed) as total_elapsed, \'other\' as usr FROM system.processes  WHERE user != \'observ
2026-08-01 11:27:25	1	875	366447	1	SELECT value FROM system.asynchronous_metrics WHERE metric = \'OSMemoryAvailable\' ;
2026-08-01 11:27:26	3	0	0	0	SELECT now64(6) as scrape_time_microseconds, \'j62zx3k\' AS pod_ident, \'boneaws-al-46\' AS spoken_name, \'cell-1\' AS cell, \'ap-south-1\' AS region, \'aws\' AS cloud_provider, \'26.2.1.525\' AS clickhouse_version, \'0fc3eaab-fbcb-4533-8825-9be9faaea781\' AS control_plane_id, \'aarch64\' AS system_processor, * FRO
2026-08-01 11:27:27	5	0	0	0	SELECT now64(6) as scrape_time_microseconds, \'j62zx3k\' AS pod_ident, \'boneaws-al-46\' AS spoken_name, \'cell-1\' AS cell, \'ap-south-1\' AS region, \'aws\' AS cloud_provider, \'26.2.1.525\' AS clickhouse_version, \'0fc3eaab-fbcb-4533-8825-9be9faaea781\' AS control_plane_id, \'aarch64\' AS system_processor, * FRO
2026-08-01 11:27:28	3	0	0	0	SELECT now64(6) as scrape_time_microseconds, \'j62zx3k\' AS pod_ident, \'boneaws-al-46\' AS spoken_name, \'cell-1\' AS cell, \'ap-south-1\' AS region, \'aws\' AS cloud_provider, \'26.2.1.525\' AS clickhouse_version, \'0fc3eaab-fbcb-4533-8825-9be9faaea781\' AS control_plane_id, \'aarch64\' AS system_processor, * FRO
2026-08-01 11:27:29	3	0	0	0	SELECT now64(6) as scrape_time_microseconds, \'j62zx3k\' AS pod_ident, \'boneaws-al-46\' AS spoken_name, \'cell-1\' AS cell, \'ap-south-1\' AS region, \'aws\' AS cloud_provider, \'26.2.1.525\' AS clickhouse_version, \'0fc3eaab-fbcb-4533-8825-9be9faaea781\' AS control_plane_id, \'aarch64\' AS system_processor, * FRO
2026-08-01 11:27:30	3	0	0	0	SELECT now64(6) as scrape_time_microseconds, \'j62zx3k\' AS pod_ident, \'boneaws-al-46\' AS spoken_name, \'cell-1\' AS cell, \'ap-south-1\' AS region, \'aws\' AS cloud_provider, \'26.2.1.525\' AS clickhouse_version, \'0fc3eaab-fbcb-4533-8825-9be9faaea781\' AS control_plane_id, \'aarch64\' AS system_processor, * FRO
2026-08-01 11:27:30	3	6	213	0	             SELECT                 name,                 toJSONString(labels) as labels_serialized,                 value,                 help,                 type             FROM (                 SELECT   \'ClickHouse_CustomMetric_SharedCatalogRecoveryTime\' as name,   toFloat64(recovery_time) a
2026-08-01 11:27:30	5	108	26710	108	SELECT             name,             value,             help,             JSONExtract(labels_serialized, \'Map(String, String)\') as labels,             type         FROM merge(system, \'^_custom_metrics_dictionary_.*\')         FORMAT Prometheus
2026-08-01 11:27:31	4	8	32	0	SELECT now64(6) as scrape_time_microseconds, \'j62zx3k\' AS pod_ident, \'boneaws-al-46\' AS spoken_name, \'cell-1\' AS cell, \'ap-south-1\' AS region, \'aws\' AS cloud_provider, \'26.2.1.525\' AS clickhouse_version, \'0fc3eaab-fbcb-4533-8825-9be9faaea781\' AS control_plane_id, \'aarch64\' AS system_processor, * FRO
2026-08-01 11:27:31	1	1	1	1	SELECT displayName(), version(), revision(), timezone()
2026-08-01 11:27:31	1	1	1	1	SELECT 1;
2026-08-01 11:27:32	3	0	0	0	SELECT now64(6) as scrape_time_microseconds, \'j62zx3k\' AS pod_ident, \'boneaws-al-46\' AS spoken_name, \'cell-1\' AS cell, \'ap-south-1\' AS region, \'aws\' AS cloud_provider, \'26.2.1.525\' AS clickhouse_version, \'0fc3eaab-fbcb-4533-8825-9be9faaea781\' AS control_plane_id, \'aarch64\' AS system_processor, * FRO
2026-08-01 11:27:33	3	0	0	0	SELECT now64(6) as scrape_time_microseconds, \'j62zx3k\' AS pod_ident, \'boneaws-al-46\' AS spoken_name, \'cell-1\' AS cell, \'ap-south-1\' AS region, \'aws\' AS cloud_provider, \'26.2.1.525\' AS clickhouse_version, \'0fc3eaab-fbcb-4533-8825-9be9faaea781\' AS control_plane_id, \'aarch64\' AS system_processor, * FRO
2026-08-01 11:27:33	3	1	5438	1	SELECT count() FROM system.processes WHERE (initial_user NOT IN _CAST([\'backups-internal\', \'management-internal\', \'monitoring-internal\', \'observability-internal\', \'operator-internal\', \'prometheus-exporter\', \'prometheus-internal\', \'operator-cert-internal\', \'availability-monitoring-internal\', \'\'], \'Ar
2026-08-01 11:27:33	2	75	1079	1	SELECT countIf(database = \'system\') as systemParts, countIf(database != \'system\') as nonSystemParts FROM system.parts where active
2026-08-01 11:27:33	1	0	0	1	SELECT countIf(database = \'system\') as systemMerges, countIf(database != \'system\') as nonSystemMerges FROM system.merges
2026-08-01 11:27:34	7	8192	854479	831	SELECT now64(6) as scrape_time_microseconds, \'j62zx3k\' AS pod_ident, \'boneaws-al-46\' AS spoken_name, \'cell-1\' AS cell, \'ap-south-1\' AS region, \'aws\' AS cloud_provider, \'26.2.1.525\' AS clickhouse_version, \'0fc3eaab-fbcb-4533-8825-9be9faaea781\' AS control_plane_id, \'aarch64\' AS system_processor, * FRO
2026-08-01 11:27:35	80	0	0	0	SELECT now64(6) as scrape_time_microseconds, \'j62zx3k\' AS pod_ident, \'boneaws-al-46\' AS spoken_name, \'cell-1\' AS cell, \'ap-south-1\' AS region, \'aws\' AS cloud_provider, \'26.2.1.525\' AS clickhouse_version, \'0fc3eaab-fbcb-4533-8825-9be9faaea781\' AS control_plane_id, \'aarch64\' AS system_processor, * FRO
2026-08-01 11:27:35	2	59	472	1	             SELECT                 name,                 toJSONString(labels) as labels_serialized,                 value,                 help,                 type             FROM (                 SELECT   \'ClickHouse_CustomMetric_TotalMemoryUsedByDataSkippingIndices\' AS name,   toFloat64(SUM(d
2026-08-01 11:27:36	3	0	0	0	SELECT now64(6) as scrape_time_microseconds, \'j62zx3k\' AS pod_ident, \'boneaws-al-46\' AS spoken_name, \'cell-1\' AS cell, \'ap-south-1\' AS region, \'aws\' AS cloud_provider, \'26.2.1.525\' AS clickhouse_version, \'0fc3eaab-fbcb-4533-8825-9be9faaea781\' AS control_plane_id, \'aarch64\' AS system_processor, * FRO
2026-08-01 11:27:37	7	689	432070	42	SELECT now64(6) as scrape_time_microseconds, \'j62zx3k\' AS pod_ident, \'boneaws-al-46\' AS spoken_name, \'cell-1\' AS cell, \'ap-south-1\' AS region, \'aws\' AS cloud_provider, \'26.2.1.525\' AS clickhouse_version, \'0fc3eaab-fbcb-4533-8825-9be9faaea781\' AS control_plane_id, \'aarch64\' AS system_processor, * FRO
2026-08-01 11:27:38	16	17228	4122212	5928	SELECT now64(6) as scrape_time_microseconds, \'j62zx3k\' AS pod_ident, \'boneaws-al-46\' AS spoken_name, \'cell-1\' AS cell, \'ap-south-1\' AS region, \'aws\' AS cloud_provider, \'26.2.1.525\' AS clickhouse_version, \'0fc3eaab-fbcb-4533-8825-9be9faaea781\' AS control_plane_id, \'aarch64\' AS system_processor, * FRO
2026-08-01 11:27:38	24	5	233	5	SELECT name, engine, engine_full AS "engineFull"   FROM system.databases   SETTINGS     show_data_lake_catalogs_in_system_tables=1,     database_datalake_require_metadata_access=0,     log_comment=\'sql console internal query\'
2026-08-01 11:27:38	29	3	16540	1	select     count() from     clusterAllReplicas(default, \'system.processes\') where     user not in (\'monitoring-internal\',\'management-internal\',\'prometheus-internal\',\'observability-internal\',\'operator-internal\',\'backups-internal\',\'sql-console\')     and is_initial_query = 1     and Settings[\'log_comme
2026-08-01 11:27:39	16	20066	4833248	9857	SELECT now64(6) as scrape_time_microseconds, \'j62zx3k\' AS pod_ident, \'boneaws-al-46\' AS spoken_name, \'cell-1\' AS cell, \'ap-south-1\' AS region, \'aws\' AS cloud_provider, \'26.2.1.525\' AS clickhouse_version, \'0fc3eaab-fbcb-4533-8825-9be9faaea781\' AS control_plane_id, \'aarch64\' AS system_processor, * FRO
2026-08-01 11:27:40	28	4366	9493646	318	SELECT now64(6) as scrape_time_microseconds, \'j62zx3k\' AS pod_ident, \'boneaws-al-46\' AS spoken_name, \'cell-1\' AS cell, \'ap-south-1\' AS region, \'aws\' AS cloud_provider, \'26.2.1.525\' AS clickhouse_version, \'0fc3eaab-fbcb-4533-8825-9be9faaea781\' AS control_plane_id, \'aarch64\' AS system_processor, * FRO
2026-08-01 11:27:41	172	605	1568946	120	SELECT now64(6) as scrape_time_microseconds, \'j62zx3k\' AS pod_ident, \'boneaws-al-46\' AS spoken_name, \'cell-1\' AS cell, \'ap-south-1\' AS region, \'aws\' AS cloud_provider, \'26.2.1.525\' AS clickhouse_version, \'0fc3eaab-fbcb-4533-8825-9be9faaea781\' AS control_plane_id, \'aarch64\' AS system_processor, * FRO
2026-08-01 11:27:42	9	1646	951985	143	SELECT now64(6) as scrape_time_microseconds, \'j62zx3k\' AS pod_ident, \'boneaws-al-46\' AS spoken_name, \'cell-1\' AS cell, \'ap-south-1\' AS region, \'aws\' AS cloud_provider, \'26.2.1.525\' AS clickhouse_version, \'0fc3eaab-fbcb-4533-8825-9be9faaea781\' AS control_plane_id, \'aarch64\' AS system_processor, * FRO
2026-08-01 11:27:43	3	0	0	0	SELECT now64(6) as scrape_time_microseconds, \'j62zx3k\' AS pod_ident, \'boneaws-al-46\' AS spoken_name, \'cell-1\' AS cell, \'ap-south-1\' AS region, \'aws\' AS cloud_provider, \'26.2.1.525\' AS clickhouse_version, \'0fc3eaab-fbcb-4533-8825-9be9faaea781\' AS control_plane_id, \'aarch64\' AS system_processor, * FRO
2026-08-01 11:27:43	3	2	12834	1	SELECT count() FROM system.processes WHERE (initial_user NOT IN _CAST([\'backups-internal\', \'management-internal\', \'monitoring-internal\', \'observability-internal\', \'operator-internal\', \'prometheus-exporter\', \'prometheus-internal\', \'operator-cert-internal\', \'availability-monitoring-internal\', \'\'], \'Ar
2026-08-01 11:27:43	2	75	1079	1	SELECT countIf(database = \'system\') as systemParts, countIf(database != \'system\') as nonSystemParts FROM system.parts where active
2026-08-01 11:27:43	1	0	0	1	SELECT countIf(database = \'system\') as systemMerges, countIf(database != \'system\') as nonSystemMerges FROM system.merges
2026-08-01 11:27:43	28	3114	587474	126	SELECT CAST(\'0fc3eaab-fbcb-4533-8825-9be9faaea781\', \'UUID\') AS instance_id, CAST(\'c-boneaws-al-46-server-j62zx3k-0\', \'LowCardinality(String)\') AS node_id, CAST(name, \'LowCardinality(String)\') AS metric, CAST(mapFilter((k, v) -> has(_CAST([\'remote\'], \'Array(String)\'), k), labels), \'Map(LowCardinality
2026-08-01 11:27:44	7	3701	1107061	356	SELECT now64(6) as scrape_time_microseconds, \'j62zx3k\' AS pod_ident, \'boneaws-al-46\' AS spoken_name, \'cell-1\' AS cell, \'ap-south-1\' AS region, \'aws\' AS cloud_provider, \'26.2.1.525\' AS clickhouse_version, \'0fc3eaab-fbcb-4533-8825-9be9faaea781\' AS control_plane_id, \'aarch64\' AS system_processor, * FRO
2026-08-01 11:27:45	113	1242266	19922304	106368	SELECT now64(6) as scrape_time_microseconds, \'j62zx3k\' AS pod_ident, \'boneaws-al-46\' AS spoken_name, \'cell-1\' AS cell, \'ap-south-1\' AS region, \'aws\' AS cloud_provider, \'26.2.1.525\' AS clickhouse_version, \'0fc3eaab-fbcb-4533-8825-9be9faaea781\' AS control_plane_id, \'aarch64\' AS system_processor, * FRO
2026-08-01 11:27:45	1	6	2128	6	             SELECT                 name,                 toJSONString(labels) as labels_serialized,                 value,                 help,                 type             FROM (                 SELECT   concat(\'clickhouse_\', system.dimensional_metrics.metric) AS name,   toFloat64(system.dime
2026-08-01 11:27:46	19	29094	7261550	10809	SELECT now64(6) as scrape_time_microseconds, \'j62zx3k\' AS pod_ident, \'boneaws-al-46\' AS spoken_name, \'cell-1\' AS cell, \'ap-south-1\' AS region, \'aws\' AS cloud_provider, \'26.2.1.525\' AS clickhouse_version, \'0fc3eaab-fbcb-4533-8825-9be9faaea781\' AS control_plane_id, \'aarch64\' AS system_processor, * FRO
2026-08-01 11:27:50	5	108	26710	108	SELECT             name,             value,             help,             JSONExtract(labels_serialized, \'Map(String, String)\') as labels,             type         FROM merge(system, \'^_custom_metrics_dictionary_.*\')         FORMAT Prometheus
2026-08-01 11:27:50	2	1	5022	1	             SELECT                 name,                 toJSONString(labels) as labels_serialized,                 value,                 help,                 type             FROM (                 SELECT   \'ClickHouse_CustomMetric_TotalMemoryUsedByQueries\' AS name,   toFloat64(SUM(peak_memory_u
2026-08-01 11:27:51	5	108	26710	108	SELECT             name,             value,             help,             JSONExtract(labels_serialized, \'Map(String, String)\') as labels,             type         FROM merge(system, \'^_custom_metrics_dictionary_.*\')         FORMAT Prometheus
2026-08-01 11:27:53	3	1	5438	1	SELECT count() FROM system.processes WHERE (initial_user NOT IN _CAST([\'backups-internal\', \'management-internal\', \'monitoring-internal\', \'observability-internal\', \'operator-internal\', \'prometheus-exporter\', \'prometheus-internal\', \'operator-cert-internal\', \'availability-monitoring-internal\', \'\'], \'Ar
2026-08-01 11:27:53	2	76	1094	1	SELECT countIf(database = \'system\') as systemParts, countIf(database != \'system\') as nonSystemParts FROM system.parts where active
2026-08-01 11:27:53	1	0	0	1	SELECT countIf(database = \'system\') as systemMerges, countIf(database != \'system\') as nonSystemMerges FROM system.merges
2026-08-01 11:27:55	2	0	0	1	             SELECT                 name,                 toJSONString(labels) as labels_serialized,                 value,                 help,                 type             FROM (                 SELECT   \'ClickHouse_CustomMetric_TotalMemoryUsedByMerges\' AS name,   toFloat64(SUM(memory_usage))
2026-08-01 11:27:55	2	0	0	1	             SELECT                 name,                 toJSONString(labels) as labels_serialized,                 value,                 help,                 type             FROM (                 SELECT   \'ClickHouse_CustomMetric_TotalMemoryUsedByAsynchronousInserts\' AS name,   toFloat64(SUM(t
2026-08-01 11:27:55	2	6	3896	0	             SELECT                 name,                 toJSONString(labels) as labels_serialized,                 value,                 help,                 type             FROM (                 SELECT   \'clickhouse_table_replica_readonly_start_timestamp_seconds\' as name,   toFloat64(toUnixTi
2026-08-01 11:27:55	3	6	213	0	             SELECT                 name,                 toJSONString(labels) as labels_serialized,                 value,                 help,                 type             FROM (                 SELECT   \'ClickHouse_CustomMetric_SharedCatalogRecoveryTime\' as name,   toFloat64(recovery_time) a
2026-08-01 11:27:55	15	121	1471	1	SELECT avg(ProfileEvent_OSCPUWaitMicroseconds) as cpu_wait FROM  system.metric_log  WHERE event_time > now() - INTERVAL 2 MINUTE AND event_date >= yesterday()
2026-08-01 11:27:55	4	2	10208	2	SELECT count() as count, sum(elapsed) as total_elapsed, \'lh\' as usr FROM system.processes  WHERE user = \'observability-internal\' AND client_hostname LIKE \'loghouse-scraper%\'  UNION ALL SELECT count() as count, sum(elapsed) as total_elapsed, \'other\' as usr FROM system.processes  WHERE user != \'observ
2026-08-01 11:27:55	1	875	366447	1	SELECT value FROM system.asynchronous_metrics WHERE metric = \'OSMemoryAvailable\' ;
2026-08-01 11:28:00	2	13	6340	1	             SELECT                 name,                 toJSONString(labels) as labels_serialized,                 value,                 help,                 type             FROM (                 SELECT   \'ClickHouse_CustomMetric_TotalMemoryUsedByDictionaries\' AS name,   toFloat64(SUM(bytes_al
2026-08-01 11:28:00	5	108	26710	108	SELECT             name,             value,             help,             JSONExtract(labels_serialized, \'Map(String, String)\') as labels,             type         FROM merge(system, \'^_custom_metrics_dictionary_.*\')         FORMAT Prometheus
2026-08-01 11:28:03	2	2	12834	1	SELECT count() FROM system.processes WHERE (initial_user NOT IN _CAST([\'backups-internal\', \'management-internal\', \'monitoring-internal\', \'observability-internal\', \'operator-internal\', \'prometheus-exporter\', \'prometheus-internal\', \'operator-cert-internal\', \'availability-monitoring-internal\', \'\'], \'Ar
2026-08-01 11:28:03	2	75	1079	1	SELECT countIf(database = \'system\') as systemParts, countIf(database != \'system\') as nonSystemParts FROM system.parts where active
2026-08-01 11:28:03	1	0	0	1	SELECT countIf(database = \'system\') as systemMerges, countIf(database != \'system\') as nonSystemMerges FROM system.merges
2026-08-01 11:28:03	23	3114	587474	126	SELECT CAST(\'0fc3eaab-fbcb-4533-8825-9be9faaea781\', \'UUID\') AS instance_id, CAST(\'c-boneaws-al-46-server-j62zx3k-0\', \'LowCardinality(String)\') AS node_id, CAST(name, \'LowCardinality(String)\') AS metric, CAST(mapFilter((k, v) -> has(_CAST([\'remote\'], \'Array(String)\'), k), labels), \'Map(LowCardinality
2026-08-01 11:28:05	2	59	472	1	             SELECT                 name,                 toJSONString(labels) as labels_serialized,                 value,                 help,                 type             FROM (                 SELECT   \'ClickHouse_CustomMetric_TotalMemoryUsedByDataSkippingIndices\' AS name,   toFloat64(SUM(d
2026-08-01 11:28:05	3	6	213	0	             SELECT                 name,                 toJSONString(labels) as labels_serialized,                 value,                 help,                 type             FROM (                 SELECT   \'ClickHouse_CustomMetric_DatabaseReplicatedRecoveryTime\' as name,   toFloat64(recovery_ti
2026-08-01 11:28:05	23	33464	737339	33464	SELECT `content_id`, `title`, `video_type`, `category` FROM `sony`.`content_dim`;
2026-08-01 11:28:13	3	1	5438	1	SELECT count() FROM system.processes WHERE (initial_user NOT IN _CAST([\'backups-internal\', \'management-internal\', \'monitoring-internal\', \'observability-internal\', \'operator-internal\', \'prometheus-exporter\', \'prometheus-internal\', \'operator-cert-internal\', \'availability-monitoring-internal\', \'\'], \'Ar
2026-08-01 11:28:13	2	80	1154	1	SELECT countIf(database = \'system\') as systemParts, countIf(database != \'system\') as nonSystemParts FROM system.parts where active
2026-08-01 11:28:13	2	1	1558	1	SELECT countIf(database = \'system\') as systemMerges, countIf(database != \'system\') as nonSystemMerges FROM system.merges
2026-08-01 11:28:15	2	0	0	0	             SELECT                 name,                 toJSONString(labels) as labels_serialized,                 value,                 help,                 type             FROM (                 SELECT   \'ClickHouse_CustomMetric_FailedMutations\' as name,   toFloat64(count()) as value,   \'The 
2026-08-01 11:28:15	2	15	1013	15	             SELECT                 name,                 toJSONString(labels) as labels_serialized,                 value,                 help,                 type             FROM (                 SELECT     \'ClickHouse_MetricsCollection_CustomMetricsSystemTable\' AS name,     toFloat64(1) AS va
2026-08-01 11:28:20	5	108	26710	108	SELECT             name,             value,             help,             JSONExtract(labels_serialized, \'Map(String, String)\') as labels,             type         FROM merge(system, \'^_custom_metrics_dictionary_.*\')         FORMAT Prometheus
2026-08-01 11:28:20	1	0	0	1	             SELECT                 name,                 toJSONString(labels) as labels_serialized,                 value,                 help,                 type             FROM (                 SELECT   \'ClickHouse_CustomMetric_TotalMemoryUsedByAsynchronousInserts\' AS name,   toFloat64(SUM(t
2026-08-01 11:28:21	6	108	26710	108	SELECT             name,             value,             help,             JSONExtract(labels_serialized, \'Map(String, String)\') as labels,             type         FROM merge(system, \'^_custom_metrics_dictionary_.*\')         FORMAT Prometheus
2026-08-01 11:28:23	4	378	114440	5	WITH metrics AS (SELECT name AS metric, toFloat64(value) AS val, now() AS ts FROM system.server_settings WHERE multiMatchAny(name, _CAST([\'^max_database_num_to_throw$\', \'^max_database_num_to_warn$\', \'^max_table_num_to_throw$\', \'^max_table_num_to_warn$\', \'^max_concurrent_queries$\'], \'Array(String)\'))
2026-08-01 11:28:23	4	0	0	0	WITH source AS (SELECT [\'matview_execution_total\', if(exception_code != 0, \'matview_execution_fail\', \'\')] AS metrics, event_time AS ts FROM system.query_views_log WHERE (status != \'QueryStart\') AND (event_date >= toDate(_CAST(\'1785583548.069\', \'DateTime64\'))) AND (event_time >= toDateTime(_CAST(\'178
2026-08-01 11:28:23	8	90112	1353484	1560	SELECT CAST(\'0fc3eaab-fbcb-4533-8825-9be9faaea781\', \'UUID\') AS control_plane_id, CAST(\'c-boneaws-al-46-server-j62zx3k-0\', \'LowCardinality(String)\') AS pod_id, CAST(now64(), \'DateTime64(6)\') AS scrape_ts_microseconds, CAST(event_date, \'Date\') AS event_date, CAST(event_time, \'DateTime\') AS event_time,
2026-08-01 11:28:23	10	0	0	1	WITH failed_mutations AS (SELECT toDateTime(create_time) AS ts, count() AS val FROM system.mutations WHERE (ts > toDateTime(_CAST(\'1785583548.069\', \'DateTime64\'))) AND (ts <= toDateTime(_CAST(\'1785583668.069\', \'DateTime64\'))) AND (latest_failed_part != \'\') AND (is_done = 0) GROUP BY ts), failed_muta
2026-08-01 11:28:23	10	1675	25111	11	WITH metrics AS (SELECT multiIf((event_type = \'MergeParts\') AND (error = 0), \'merges_finished\', (event_type = \'MergeParts\') AND (error != 0), \'merges_failed\', (event_type = \'MutatePart\') AND (error = 0), \'mutate_part_finished\', (event_type = \'MutatePart\') AND (error != 0), \'mutate_part_failed\', NULL
2026-08-01 11:28:23	3	7	36513	1	SELECT count() FROM system.processes WHERE (initial_user NOT IN _CAST([\'backups-internal\', \'management-internal\', \'monitoring-internal\', \'observability-internal\', \'operator-internal\', \'prometheus-exporter\', \'prometheus-internal\', \'operator-cert-internal\', \'availability-monitoring-internal\', \'\'], \'Ar
2026-08-01 11:28:23	2	71	1019	1	SELECT countIf(database = \'system\') as systemParts, countIf(database != \'system\') as nonSystemParts FROM system.parts where active
2026-08-01 11:28:23	24	3115	587617	126	SELECT CAST(\'0fc3eaab-fbcb-4533-8825-9be9faaea781\', \'UUID\') AS instance_id, CAST(\'c-boneaws-al-46-server-j62zx3k-0\', \'LowCardinality(String)\') AS node_id, CAST(name, \'LowCardinality(String)\') AS metric, CAST(mapFilter((k, v) -> has(_CAST([\'remote\'], \'Array(String)\'), k), labels), \'Map(LowCardinality
2026-08-01 11:28:23	2	0	0	1	SELECT countIf(database = \'system\') as systemMerges, countIf(database != \'system\') as nonSystemMerges FROM system.merges
2026-08-01 11:28:23	50	756	229064	120	SELECT CAST(\'0fc3eaab-fbcb-4533-8825-9be9faaea781\', \'UUID\') AS control_plane_id, CAST(\'c-boneaws-al-46-server-j62zx3k-0\', \'LowCardinality(String)\') AS pod_id, CAST(now64(), \'DateTime64(6)\') AS scrape_ts_microseconds, CAST(event_date, \'Date\') AS event_date, CAST(event_time, \'DateTime\') AS event_time,
2026-08-01 11:28:23	156	718	211243	10	WITH parts_agg AS (SELECT database AS agg_database, `table` AS agg_table, SUM(primary_key_size) AS primary_index_size, SUM(secondary_indices_compressed_bytes) AS secondary_index_size FROM system.parts WHERE active AND (database != \'system\') GROUP BY database, `table`), proj_agg AS (SELECT database A
2026-08-01 11:28:25	2	6	3896	0	             SELECT                 name,                 toJSONString(labels) as labels_serialized,                 value,                 help,                 type             FROM (                 SELECT   \'clickhouse_table_replica_readonly_start_timestamp_seconds\' as name,   toFloat64(toUnixTi
2026-08-01 11:28:25	3	6	213	0	             SELECT                 name,                 toJSONString(labels) as labels_serialized,                 value,                 help,                 type             FROM (                 SELECT   \'ClickHouse_CustomMetric_DatabaseReplicatedRecoveryTime\' as name,   toFloat64(recovery_ti
2026-08-01 11:28:25	13	756	10584	1	SELECT avg(ProfileEvent_OSCPUWaitMicroseconds) as cpu_wait FROM  system.metric_log  WHERE event_time > now() - INTERVAL 2 MINUTE AND event_date >= yesterday()
2026-08-01 11:28:25	4	4	69719	2	SELECT count() as count, sum(elapsed) as total_elapsed, \'lh\' as usr FROM system.processes  WHERE user = \'observability-internal\' AND client_hostname LIKE \'loghouse-scraper%\'  UNION ALL SELECT count() as count, sum(elapsed) as total_elapsed, \'other\' as usr FROM system.processes  WHERE user != \'observ
2026-08-01 11:28:25	1	875	366447	1	SELECT value FROM system.asynchronous_metrics WHERE metric = \'OSMemoryAvailable\' ;
2026-08-01 11:28:30	1	6	2128	6	             SELECT                 name,                 toJSONString(labels) as labels_serialized,                 value,                 help,                 type             FROM (                 SELECT   concat(\'clickhouse_\', system.dimensional_metrics.metric) AS name,   toFloat64(system.dime
2026-08-01 11:28:30	1	0	0	1	             SELECT                 name,                 toJSONString(labels) as labels_serialized,                 value,                 help,                 type             FROM (                 SELECT   \'ClickHouse_CustomMetric_TotalMemoryUsedByMerges\' AS name,   toFloat64(SUM(memory_usage))
2026-08-01 11:28:30	5	117	28895	117	SELECT             name,             value,             help,             JSONExtract(labels_serialized, \'Map(String, String)\') as labels,             type         FROM merge(system, \'^_custom_metrics_dictionary_.*\')         FORMAT Prometheus
2026-08-01 11:28:33	3	1	5438	1	SELECT count() FROM system.processes WHERE (initial_user NOT IN _CAST([\'backups-internal\', \'management-internal\', \'monitoring-internal\', \'observability-internal\', \'operator-internal\', \'prometheus-exporter\', \'prometheus-internal\', \'operator-cert-internal\', \'availability-monitoring-internal\', \'\'], \'Ar
2026-08-01 11:28:33	2	70	1004	1	SELECT countIf(database = \'system\') as systemParts, countIf(database != \'system\') as nonSystemParts FROM system.parts where active
2026-08-01 11:28:33	1	0	0	1	SELECT countIf(database = \'system\') as systemMerges, countIf(database != \'system\') as nonSystemMerges FROM system.merges
2026-08-01 11:28:35	3	6	213	0	             SELECT                 name,                 toJSONString(labels) as labels_serialized,                 value,                 help,                 type             FROM (                 SELECT   \'ClickHouse_CustomMetric_SharedCatalogRecoveryTime\' as name,   toFloat64(recovery_time) a
2026-08-01 11:28:43	3	2	12834	1	SELECT count() FROM system.processes WHERE (initial_user NOT IN _CAST([\'backups-internal\', \'management-internal\', \'monitoring-internal\', \'observability-internal\', \'operator-internal\', \'prometheus-exporter\', \'prometheus-internal\', \'operator-cert-internal\', \'availability-monitoring-internal\', \'\'], \'Ar
2026-08-01 11:28:43	2	57	809	1	SELECT countIf(database = \'system\') as systemParts, countIf(database != \'system\') as nonSystemParts FROM system.parts where active
2026-08-01 11:28:43	2	0	0	1	SELECT countIf(database = \'system\') as systemMerges, countIf(database != \'system\') as nonSystemMerges FROM system.merges
2026-08-01 11:28:43	24	3123	588815	126	SELECT CAST(\'0fc3eaab-fbcb-4533-8825-9be9faaea781\', \'UUID\') AS instance_id, CAST(\'c-boneaws-al-46-server-j62zx3k-0\', \'LowCardinality(String)\') AS node_id, CAST(name, \'LowCardinality(String)\') AS metric, CAST(mapFilter((k, v) -> has(_CAST([\'remote\'], \'Array(String)\'), k), labels), \'Map(LowCardinality
2026-08-01 11:28:45	2	1	5022	1	             SELECT                 name,                 toJSONString(labels) as labels_serialized,                 value,                 help,                 type             FROM (                 SELECT   \'ClickHouse_CustomMetric_TotalMemoryUsedByQueries\' AS name,   toFloat64(SUM(peak_memory_u
2026-08-01 11:28:46	2	0	8	1	SELECT count() FROM system.backups where status IN (0,3)
2026-08-01 11:28:46	3	1	5472	1	SELECT count() FROM system.processes WHERE (elapsed > _CAST(0, \'Int64\')) AND (initial_user NOT IN _CAST([\'backups-internal\', \'management-internal\', \'monitoring-internal\', \'observability-internal\', \'operator-internal\', \'prometheus-exporter\', \'prometheus-internal\', \'operator-cert-internal\', \'availabil
2026-08-01 11:28:48	1	1	1	1	SELECT displayName(), version(), revision(), timezone()
2026-08-01 11:28:49	1	1	1	1	SELECT 1;
2026-08-01 11:28:50	6	117	28895	117	SELECT             name,             value,             help,             JSONExtract(labels_serialized, \'Map(String, String)\') as labels,             type         FROM merge(system, \'^_custom_metrics_dictionary_.*\')         FORMAT Prometheus
2026-08-01 11:28:50	2	0	0	1	             SELECT                 name,                 toJSONString(labels) as labels_serialized,                 value,                 help,                 type             FROM (                 SELECT   \'ClickHouse_CustomMetric_TotalMemoryUsedByAsynchronousInserts\' AS name,   toFloat64(SUM(t
2026-08-01 11:28:50	2	13	6340	1	             SELECT                 name,                 toJSONString(labels) as labels_serialized,                 value,                 help,                 type             FROM (                 SELECT   \'ClickHouse_CustomMetric_TotalMemoryUsedByDictionaries\' AS name,   toFloat64(SUM(bytes_al
2026-08-01 11:28:50	2	5	10137	1	             SELECT                 name,                 toJSONString(labels) as labels_serialized,                 value,                 help,                 type             FROM (                 SELECT   \'ClickHouse_CustomMetric_TotalMemoryUsedByQueries\' AS name,   toFloat64(SUM(peak_memory_u
2026-08-01 11:28:50	3	6	213	0	             SELECT                 name,                 toJSONString(labels) as labels_serialized,                 value,                 help,                 type             FROM (                 SELECT   \'ClickHouse_CustomMetric_SharedCatalogRecoveryTime\' as name,   toFloat64(recovery_time) a
2026-08-01 11:28:50	3	6	3896	0	             SELECT                 name,                 toJSONString(labels) as labels_serialized,                 value,                 help,                 type             FROM (                 SELECT   \'clickhouse_table_replica_readonly_start_timestamp_seconds\' as name,   toFloat64(toUnixTi
2026-08-01 11:28:51	6	117	28895	117	SELECT             name,             value,             help,             JSONExtract(labels_serialized, \'Map(String, String)\') as labels,             type         FROM merge(system, \'^_custom_metrics_dictionary_.*\')         FORMAT Prometheus
2026-08-01 11:28:51	6	6037	6037	1	SELECT count(*) FROM system.columns
2026-08-01 11:28:51	14	6037	1722775	6037	SELECT  now64(6) as scrape_time_microseconds, \'j62zx3k\' AS pod_ident, \'boneaws-al-46\' AS spoken_name, \'cell-1\' AS cell, \'ap-south-1\' AS region, \'aws\' AS cloud_provider, \'26.2.1.525\' AS clickhouse_version, \'0fc3eaab-fbcb-4533-8825-9be9faaea781\' AS control_plane_id, \'aarch64\' AS system_processor, * FR
2026-08-01 11:28:53	3	1	5438	1	SELECT count() FROM system.processes WHERE (initial_user NOT IN _CAST([\'backups-internal\', \'management-internal\', \'monitoring-internal\', \'observability-internal\', \'operator-internal\', \'prometheus-exporter\', \'prometheus-internal\', \'operator-cert-internal\', \'availability-monitoring-internal\', \'\'], \'Ar
2026-08-01 11:28:53	3	58	824	1	SELECT countIf(database = \'system\') as systemParts, countIf(database != \'system\') as nonSystemParts FROM system.parts where active
2026-08-01 11:28:53	1	0	0	1	SELECT countIf(database = \'system\') as systemMerges, countIf(database != \'system\') as nonSystemMerges FROM system.merges
2026-08-01 11:28:55	1	6	2128	6	             SELECT                 name,                 toJSONString(labels) as labels_serialized,                 value,                 help,                 type             FROM (                 SELECT   concat(\'clickhouse_\', system.dimensional_metrics.metric) AS name,   toFloat64(system.dime
2026-08-01 11:28:55	2	0	0	1	             SELECT                 name,                 toJSONString(labels) as labels_serialized,                 value,                 help,                 type             FROM (                 SELECT   \'ClickHouse_CustomMetric_TotalMemoryUsedByMerges\' AS name,   toFloat64(SUM(memory_usage))
2026-08-01 11:28:55	2	6	3896	0	             SELECT                 name,                 toJSONString(labels) as labels_serialized,                 value,                 help,                 type             FROM (                 SELECT   \'clickhouse_table_replica_readonly_start_timestamp_seconds\' as name,   toFloat64(toUnixTi
2026-08-01 11:28:55	13	787	11018	1	SELECT avg(ProfileEvent_OSCPUWaitMicroseconds) as cpu_wait FROM  system.metric_log  WHERE event_time > now() - INTERVAL 2 MINUTE AND event_date >= yesterday()
2026-08-01 11:28:55	4	2	10208	2	SELECT count() as count, sum(elapsed) as total_elapsed, \'lh\' as usr FROM system.processes  WHERE user = \'observability-internal\' AND client_hostname LIKE \'loghouse-scraper%\'  UNION ALL SELECT count() as count, sum(elapsed) as total_elapsed, \'other\' as usr FROM system.processes  WHERE user != \'observ
2026-08-01 11:28:55	1	875	366447	1	SELECT value FROM system.asynchronous_metrics WHERE metric = \'OSMemoryAvailable\' ;
2026-08-01 11:29:00	5	117	28895	117	SELECT             name,             value,             help,             JSONExtract(labels_serialized, \'Map(String, String)\') as labels,             type         FROM merge(system, \'^_custom_metrics_dictionary_.*\')         FORMAT Prometheus
2026-08-01 11:29:03	2	2	12878	1	SELECT count() FROM system.processes WHERE (initial_user NOT IN _CAST([\'backups-internal\', \'management-internal\', \'monitoring-internal\', \'observability-internal\', \'operator-internal\', \'prometheus-exporter\', \'prometheus-internal\', \'operator-cert-internal\', \'availability-monitoring-internal\', \'\'], \'Ar
2026-08-01 11:29:03	2	56	794	1	SELECT countIf(database = \'system\') as systemParts, countIf(database != \'system\') as nonSystemParts FROM system.parts where active
2026-08-01 11:29:03	2	0	0	1	SELECT countIf(database = \'system\') as systemMerges, countIf(database != \'system\') as nonSystemMerges FROM system.merges
2026-08-01 11:29:03	30	3123	588815	126	SELECT CAST(\'0fc3eaab-fbcb-4533-8825-9be9faaea781\', \'UUID\') AS instance_id, CAST(\'c-boneaws-al-46-server-j62zx3k-0\', \'LowCardinality(String)\') AS node_id, CAST(name, \'LowCardinality(String)\') AS metric, CAST(mapFilter((k, v) -> has(_CAST([\'remote\'], \'Array(String)\'), k), labels), \'Map(LowCardinality
2026-08-01 11:29:05	2	0	0	0	             SELECT                 name,                 toJSONString(labels) as labels_serialized,                 value,                 help,                 type             FROM (                 SELECT   \'ClickHouse_CustomMetric_FailedMutations\' as name,   toFloat64(count()) as value,   \'The 
2026-08-01 11:29:05	2	4	8793	1	             SELECT                 name,                 toJSONString(labels) as labels_serialized,                 value,                 help,                 type             FROM (                 SELECT   \'ClickHouse_CustomMetric_TotalMemoryUsedByQueries\' AS name,   toFloat64(SUM(peak_memory_u
2026-08-01 11:29:05	2	59	472	1	             SELECT                 name,                 toJSONString(labels) as labels_serialized,                 value,                 help,                 type             FROM (                 SELECT   \'ClickHouse_CustomMetric_TotalMemoryUsedByDataSkippingIndices\' AS name,   toFloat64(SUM(d
2026-08-01 11:29:05	2	13	6340	1	             SELECT                 name,                 toJSONString(labels) as labels_serialized,                 value,                 help,                 type             FROM (                 SELECT   \'ClickHouse_CustomMetric_TotalMemoryUsedByDictionaries\' AS name,   toFloat64(SUM(bytes_al
2026-08-01 11:29:10	1	6	2128	6	             SELECT                 name,                 toJSONString(labels) as labels_serialized,                 value,                 help,                 type             FROM (                 SELECT   concat(\'clickhouse_\', system.dimensional_metrics.metric) AS name,   toFloat64(system.dime
2026-08-01 11:29:10	2	15	1013	15	             SELECT                 name,                 toJSONString(labels) as labels_serialized,                 value,                 help,                 type             FROM (                 SELECT     \'ClickHouse_MetricsCollection_CustomMetricsSystemTable\' AS name,     toFloat64(1) AS va
2026-08-01 11:29:10	3	6	213	0	             SELECT                 name,                 toJSONString(labels) as labels_serialized,                 value,                 help,                 type             FROM (                 SELECT   \'ClickHouse_CustomMetric_DatabaseReplicatedRecoveryTime\' as name,   toFloat64(recovery_ti
2026-08-01 11:29:13	1	59	59	1	SELECT count(*) FROM system.data_skipping_indices
2026-08-01 11:29:13	2	59	9077	59	SELECT  now64(6) as scrape_time_microseconds, \'j62zx3k\' AS pod_ident, \'boneaws-al-46\' AS spoken_name, \'cell-1\' AS cell, \'ap-south-1\' AS region, \'aws\' AS cloud_provider, \'26.2.1.525\' AS clickhouse_version, \'0fc3eaab-fbcb-4533-8825-9be9faaea781\' AS control_plane_id, \'aarch64\' AS system_processor, * FR
2026-08-01 11:29:13	3	1	5438	1	SELECT count() FROM system.processes WHERE (initial_user NOT IN _CAST([\'backups-internal\', \'management-internal\', \'monitoring-internal\', \'observability-internal\', \'operator-internal\', \'prometheus-exporter\', \'prometheus-internal\', \'operator-cert-internal\', \'availability-monitoring-internal\', \'\'], \'Ar
2026-08-01 11:29:13	3	59	839	1	SELECT countIf(database = \'system\') as systemParts, countIf(database != \'system\') as nonSystemParts FROM system.parts where active
2026-08-01 11:29:13	1	0	0	1	SELECT countIf(database = \'system\') as systemMerges, countIf(database != \'system\') as nonSystemMerges FROM system.merges
2026-08-01 11:29:17	1	0	0	1	SELECT count(*) FROM system.mutations
2026-08-01 11:29:20	5	117	28895	117	SELECT             name,             value,             help,             JSONExtract(labels_serialized, \'Map(String, String)\') as labels,             type         FROM merge(system, \'^_custom_metrics_dictionary_.*\')         FORMAT Prometheus
2026-08-01 11:29:21	5	115	28298	115	SELECT             name,             value,             help,             JSONExtract(labels_serialized, \'Map(String, String)\') as labels,             type         FROM merge(system, \'^_custom_metrics_dictionary_.*\')         FORMAT Prometheus
2026-08-01 11:29:23	2	2	12834	1	SELECT count() FROM system.processes WHERE (initial_user NOT IN _CAST([\'backups-internal\', \'management-internal\', \'monitoring-internal\', \'observability-internal\', \'operator-internal\', \'prometheus-exporter\', \'prometheus-internal\', \'operator-cert-internal\', \'availability-monitoring-internal\', \'\'], \'Ar
2026-08-01 11:29:23	2	61	869	1	SELECT countIf(database = \'system\') as systemParts, countIf(database != \'system\') as nonSystemParts FROM system.parts where active
2026-08-01 11:29:23	2	0	0	1	SELECT countIf(database = \'system\') as systemMerges, countIf(database != \'system\') as nonSystemMerges FROM system.merges
2026-08-01 11:29:23	25	3121	588406	126	SELECT CAST(\'0fc3eaab-fbcb-4533-8825-9be9faaea781\', \'UUID\') AS instance_id, CAST(\'c-boneaws-al-46-server-j62zx3k-0\', \'LowCardinality(String)\') AS node_id, CAST(name, \'LowCardinality(String)\') AS metric, CAST(mapFilter((k, v) -> has(_CAST([\'remote\'], \'Array(String)\'), k), labels), \'Map(LowCardinality
2026-08-01 11:29:25	3	0	0	0	SELECT now64(6) as scrape_time_microseconds, \'j62zx3k\' AS pod_ident, \'boneaws-al-46\' AS spoken_name, \'cell-1\' AS cell, \'ap-south-1\' AS region, \'aws\' AS cloud_provider, \'26.2.1.525\' AS clickhouse_version, \'0fc3eaab-fbcb-4533-8825-9be9faaea781\' AS control_plane_id, \'aarch64\' AS system_processor, * FRO
2026-08-01 11:29:25	1	6	2128	6	             SELECT                 name,                 toJSONString(labels) as labels_serialized,                 value,                 help,                 type             FROM (                 SELECT   concat(\'clickhouse_\', system.dimensional_metrics.metric) AS name,   toFloat64(system.dime
2026-08-01 11:29:25	2	3	7578	1	             SELECT                 name,                 toJSONString(labels) as labels_serialized,                 value,                 help,                 type             FROM (                 SELECT   \'ClickHouse_CustomMetric_TotalMemoryUsedByQueries\' AS name,   toFloat64(SUM(peak_memory_u
2026-08-01 11:29:25	2	59	472	1	             SELECT                 name,                 toJSONString(labels) as labels_serialized,                 value,                 help,                 type             FROM (                 SELECT   \'ClickHouse_CustomMetric_TotalMemoryUsedByDataSkippingIndices\' AS name,   toFloat64(SUM(d
2026-08-01 11:29:25	14	817	11438	1	SELECT avg(ProfileEvent_OSCPUWaitMicroseconds) as cpu_wait FROM  system.metric_log  WHERE event_time > now() - INTERVAL 2 MINUTE AND event_date >= yesterday()
2026-08-01 11:29:25	4	2	10208	2	SELECT count() as count, sum(elapsed) as total_elapsed, \'lh\' as usr FROM system.processes  WHERE user = \'observability-internal\' AND client_hostname LIKE \'loghouse-scraper%\'  UNION ALL SELECT count() as count, sum(elapsed) as total_elapsed, \'other\' as usr FROM system.processes  WHERE user != \'observ
2026-08-01 11:29:25	1	875	366447	1	SELECT value FROM system.asynchronous_metrics WHERE metric = \'OSMemoryAvailable\' ;
2026-08-01 11:29:26	3	0	0	0	SELECT now64(6) as scrape_time_microseconds, \'j62zx3k\' AS pod_ident, \'boneaws-al-46\' AS spoken_name, \'cell-1\' AS cell, \'ap-south-1\' AS region, \'aws\' AS cloud_provider, \'26.2.1.525\' AS clickhouse_version, \'0fc3eaab-fbcb-4533-8825-9be9faaea781\' AS control_plane_id, \'aarch64\' AS system_processor, * FRO
2026-08-01 11:29:27	5	0	0	0	SELECT now64(6) as scrape_time_microseconds, \'j62zx3k\' AS pod_ident, \'boneaws-al-46\' AS spoken_name, \'cell-1\' AS cell, \'ap-south-1\' AS region, \'aws\' AS cloud_provider, \'26.2.1.525\' AS clickhouse_version, \'0fc3eaab-fbcb-4533-8825-9be9faaea781\' AS control_plane_id, \'aarch64\' AS system_processor, * FRO
2026-08-01 11:29:28	3	0	0	0	SELECT now64(6) as scrape_time_microseconds, \'j62zx3k\' AS pod_ident, \'boneaws-al-46\' AS spoken_name, \'cell-1\' AS cell, \'ap-south-1\' AS region, \'aws\' AS cloud_provider, \'26.2.1.525\' AS clickhouse_version, \'0fc3eaab-fbcb-4533-8825-9be9faaea781\' AS control_plane_id, \'aarch64\' AS system_processor, * FRO
2026-08-01 11:29:29	3	0	0	0	SELECT now64(6) as scrape_time_microseconds, \'j62zx3k\' AS pod_ident, \'boneaws-al-46\' AS spoken_name, \'cell-1\' AS cell, \'ap-south-1\' AS region, \'aws\' AS cloud_provider, \'26.2.1.525\' AS clickhouse_version, \'0fc3eaab-fbcb-4533-8825-9be9faaea781\' AS control_plane_id, \'aarch64\' AS system_processor, * FRO
2026-08-01 11:29:30	3	0	0	0	SELECT now64(6) as scrape_time_microseconds, \'j62zx3k\' AS pod_ident, \'boneaws-al-46\' AS spoken_name, \'cell-1\' AS cell, \'ap-south-1\' AS region, \'aws\' AS cloud_provider, \'26.2.1.525\' AS clickhouse_version, \'0fc3eaab-fbcb-4533-8825-9be9faaea781\' AS control_plane_id, \'aarch64\' AS system_processor, * FRO
2026-08-01 11:29:30	2	0	0	0	             SELECT                 name,                 toJSONString(labels) as labels_serialized,                 value,                 help,                 type             FROM (                 SELECT   \'ClickHouse_CustomMetric_FailedMutations\' as name,   toFloat64(count()) as value,   \'The 
2026-08-01 11:29:30	5	115	28298	115	SELECT             name,             value,             help,             JSONExtract(labels_serialized, \'Map(String, String)\') as labels,             type         FROM merge(system, \'^_custom_metrics_dictionary_.*\')         FORMAT Prometheus
2026-08-01 11:29:31	4	8	32	0	SELECT now64(6) as scrape_time_microseconds, \'j62zx3k\' AS pod_ident, \'boneaws-al-46\' AS spoken_name, \'cell-1\' AS cell, \'ap-south-1\' AS region, \'aws\' AS cloud_provider, \'26.2.1.525\' AS clickhouse_version, \'0fc3eaab-fbcb-4533-8825-9be9faaea781\' AS control_plane_id, \'aarch64\' AS system_processor, * FRO
2026-08-01 11:29:32	3	0	0	0	SELECT now64(6) as scrape_time_microseconds, \'j62zx3k\' AS pod_ident, \'boneaws-al-46\' AS spoken_name, \'cell-1\' AS cell, \'ap-south-1\' AS region, \'aws\' AS cloud_provider, \'26.2.1.525\' AS clickhouse_version, \'0fc3eaab-fbcb-4533-8825-9be9faaea781\' AS control_plane_id, \'aarch64\' AS system_processor, * FRO
2026-08-01 11:29:33	3	0	0	0	SELECT now64(6) as scrape_time_microseconds, \'j62zx3k\' AS pod_ident, \'boneaws-al-46\' AS spoken_name, \'cell-1\' AS cell, \'ap-south-1\' AS region, \'aws\' AS cloud_provider, \'26.2.1.525\' AS clickhouse_version, \'0fc3eaab-fbcb-4533-8825-9be9faaea781\' AS control_plane_id, \'aarch64\' AS system_processor, * FRO
2026-08-01 11:29:33	3	1	5438	1	SELECT count() FROM system.processes WHERE (initial_user NOT IN _CAST([\'backups-internal\', \'management-internal\', \'monitoring-internal\', \'observability-internal\', \'operator-internal\', \'prometheus-exporter\', \'prometheus-internal\', \'operator-cert-internal\', \'availability-monitoring-internal\', \'\'], \'Ar
2026-08-01 11:29:33	2	59	839	1	SELECT countIf(database = \'system\') as systemParts, countIf(database != \'system\') as nonSystemParts FROM system.parts where active
2026-08-01 11:29:33	1	0	0	1	SELECT countIf(database = \'system\') as systemMerges, countIf(database != \'system\') as nonSystemMerges FROM system.merges
2026-08-01 11:29:34	7	8192	854479	743	SELECT now64(6) as scrape_time_microseconds, \'j62zx3k\' AS pod_ident, \'boneaws-al-46\' AS spoken_name, \'cell-1\' AS cell, \'ap-south-1\' AS region, \'aws\' AS cloud_provider, \'26.2.1.525\' AS clickhouse_version, \'0fc3eaab-fbcb-4533-8825-9be9faaea781\' AS control_plane_id, \'aarch64\' AS system_processor, * FRO
2026-08-01 11:29:35	78	0	0	0	SELECT now64(6) as scrape_time_microseconds, \'j62zx3k\' AS pod_ident, \'boneaws-al-46\' AS spoken_name, \'cell-1\' AS cell, \'ap-south-1\' AS region, \'aws\' AS cloud_provider, \'26.2.1.525\' AS clickhouse_version, \'0fc3eaab-fbcb-4533-8825-9be9faaea781\' AS control_plane_id, \'aarch64\' AS system_processor, * FRO
2026-08-01 11:29:35	1	6	2128	6	             SELECT                 name,                 toJSONString(labels) as labels_serialized,                 value,                 help,                 type             FROM (                 SELECT   concat(\'clickhouse_\', system.dimensional_metrics.metric) AS name,   toFloat64(system.dime
2026-08-01 11:29:35	1	0	0	1	             SELECT                 name,                 toJSONString(labels) as labels_serialized,                 value,                 help,                 type             FROM (                 SELECT   \'ClickHouse_CustomMetric_TotalMemoryUsedByMerges\' AS name,   toFloat64(SUM(memory_usage))
2026-08-01 11:29:35	2	13	6340	1	             SELECT                 name,                 toJSONString(labels) as labels_serialized,                 value,                 help,                 type             FROM (                 SELECT   \'ClickHouse_CustomMetric_TotalMemoryUsedByDictionaries\' AS name,   toFloat64(SUM(bytes_al
2026-08-01 11:29:35	2	6	3896	0	             SELECT                 name,                 toJSONString(labels) as labels_serialized,                 value,                 help,                 type             FROM (                 SELECT   \'clickhouse_table_replica_readonly_start_timestamp_seconds\' as name,   toFloat64(toUnixTi
2026-08-01 11:29:35	3	6	213	0	             SELECT                 name,                 toJSONString(labels) as labels_serialized,                 value,                 help,                 type             FROM (                 SELECT   \'ClickHouse_CustomMetric_DatabaseReplicatedRecoveryTime\' as name,   toFloat64(recovery_ti
2026-08-01 11:29:36	3	0	0	0	SELECT now64(6) as scrape_time_microseconds, \'j62zx3k\' AS pod_ident, \'boneaws-al-46\' AS spoken_name, \'cell-1\' AS cell, \'ap-south-1\' AS region, \'aws\' AS cloud_provider, \'26.2.1.525\' AS clickhouse_version, \'0fc3eaab-fbcb-4533-8825-9be9faaea781\' AS control_plane_id, \'aarch64\' AS system_processor, * FRO
2026-08-01 11:29:37	7	787	492099	42	SELECT now64(6) as scrape_time_microseconds, \'j62zx3k\' AS pod_ident, \'boneaws-al-46\' AS spoken_name, \'cell-1\' AS cell, \'ap-south-1\' AS region, \'aws\' AS cloud_provider, \'26.2.1.525\' AS clickhouse_version, \'0fc3eaab-fbcb-4533-8825-9be9faaea781\' AS control_plane_id, \'aarch64\' AS system_processor, * FRO
2026-08-01 11:29:38	12	8931	2123162	4469	SELECT now64(6) as scrape_time_microseconds, \'j62zx3k\' AS pod_ident, \'boneaws-al-46\' AS spoken_name, \'cell-1\' AS cell, \'ap-south-1\' AS region, \'aws\' AS cloud_provider, \'26.2.1.525\' AS clickhouse_version, \'0fc3eaab-fbcb-4533-8825-9be9faaea781\' AS control_plane_id, \'aarch64\' AS system_processor, * FRO
2026-08-01 11:29:39	15	18198	4405992	9854	SELECT now64(6) as scrape_time_microseconds, \'j62zx3k\' AS pod_ident, \'boneaws-al-46\' AS spoken_name, \'cell-1\' AS cell, \'ap-south-1\' AS region, \'aws\' AS cloud_provider, \'26.2.1.525\' AS clickhouse_version, \'0fc3eaab-fbcb-4533-8825-9be9faaea781\' AS control_plane_id, \'aarch64\' AS system_processor, * FRO
2026-08-01 11:29:40	30	4596	10052740	312	SELECT now64(6) as scrape_time_microseconds, \'j62zx3k\' AS pod_ident, \'boneaws-al-46\' AS spoken_name, \'cell-1\' AS cell, \'ap-south-1\' AS region, \'aws\' AS cloud_provider, \'26.2.1.525\' AS clickhouse_version, \'0fc3eaab-fbcb-4533-8825-9be9faaea781\' AS control_plane_id, \'aarch64\' AS system_processor, * FRO
2026-08-01 11:29:40	1	0	0	1	             SELECT                 name,                 toJSONString(labels) as labels_serialized,                 value,                 help,                 type             FROM (                 SELECT   \'ClickHouse_CustomMetric_TotalMemoryUsedByMerges\' AS name,   toFloat64(SUM(memory_usage))
2026-08-01 11:29:40	2	0	0	0	             SELECT                 name,                 toJSONString(labels) as labels_serialized,                 value,                 help,                 type             FROM (                 SELECT   \'ClickHouse_CustomMetric_FailedMutations\' as name,   toFloat64(count()) as value,   \'The 
2026-08-01 11:29:41	181	756	1981875	120	SELECT now64(6) as scrape_time_microseconds, \'j62zx3k\' AS pod_ident, \'boneaws-al-46\' AS spoken_name, \'cell-1\' AS cell, \'ap-south-1\' AS region, \'aws\' AS cloud_provider, \'26.2.1.525\' AS clickhouse_version, \'0fc3eaab-fbcb-4533-8825-9be9faaea781\' AS control_plane_id, \'aarch64\' AS system_processor, * FRO
2026-08-01 11:29:42	8	1646	951985	152	SELECT now64(6) as scrape_time_microseconds, \'j62zx3k\' AS pod_ident, \'boneaws-al-46\' AS spoken_name, \'cell-1\' AS cell, \'ap-south-1\' AS region, \'aws\' AS cloud_provider, \'26.2.1.525\' AS clickhouse_version, \'0fc3eaab-fbcb-4533-8825-9be9faaea781\' AS control_plane_id, \'aarch64\' AS system_processor, * FRO
2026-08-01 11:29:43	3	0	0	0	SELECT now64(6) as scrape_time_microseconds, \'j62zx3k\' AS pod_ident, \'boneaws-al-46\' AS spoken_name, \'cell-1\' AS cell, \'ap-south-1\' AS region, \'aws\' AS cloud_provider, \'26.2.1.525\' AS clickhouse_version, \'0fc3eaab-fbcb-4533-8825-9be9faaea781\' AS control_plane_id, \'aarch64\' AS system_processor, * FRO
2026-08-01 11:29:43	2	2	12834	1	SELECT count() FROM system.processes WHERE (initial_user NOT IN _CAST([\'backups-internal\', \'management-internal\', \'monitoring-internal\', \'observability-internal\', \'operator-internal\', \'prometheus-exporter\', \'prometheus-internal\', \'operator-cert-internal\', \'availability-monitoring-internal\', \'\'], \'Ar
2026-08-01 11:29:43	2	68	974	1	SELECT countIf(database = \'system\') as systemParts, countIf(database != \'system\') as nonSystemParts FROM system.parts where active
2026-08-01 11:29:43	24	3121	588406	126	SELECT CAST(\'0fc3eaab-fbcb-4533-8825-9be9faaea781\', \'UUID\') AS instance_id, CAST(\'c-boneaws-al-46-server-j62zx3k-0\', \'LowCardinality(String)\') AS node_id, CAST(name, \'LowCardinality(String)\') AS metric, CAST(mapFilter((k, v) -> has(_CAST([\'remote\'], \'Array(String)\'), k), labels), \'Map(LowCardinality
2026-08-01 11:29:43	2	0	0	1	SELECT countIf(database = \'system\') as systemMerges, countIf(database != \'system\') as nonSystemMerges FROM system.merges
2026-08-01 11:29:44	8	4129	1233397	383	SELECT now64(6) as scrape_time_microseconds, \'j62zx3k\' AS pod_ident, \'boneaws-al-46\' AS spoken_name, \'cell-1\' AS cell, \'ap-south-1\' AS region, \'aws\' AS cloud_provider, \'26.2.1.525\' AS clickhouse_version, \'0fc3eaab-fbcb-4533-8825-9be9faaea781\' AS control_plane_id, \'aarch64\' AS system_processor, * FRO
2026-08-01 11:29:45	141	1374609	22042129	106344	SELECT now64(6) as scrape_time_microseconds, \'j62zx3k\' AS pod_ident, \'boneaws-al-46\' AS spoken_name, \'cell-1\' AS cell, \'ap-south-1\' AS region, \'aws\' AS cloud_provider, \'26.2.1.525\' AS clickhouse_version, \'0fc3eaab-fbcb-4533-8825-9be9faaea781\' AS control_plane_id, \'aarch64\' AS system_processor, * FRO
2026-08-01 11:29:45	3	6	213	0	             SELECT                 name,                 toJSONString(labels) as labels_serialized,                 value,                 help,                 type             FROM (                 SELECT   \'ClickHouse_CustomMetric_SharedCatalogRecoveryTime\' as name,   toFloat64(recovery_time) a
2026-08-01 11:29:46	16	19385	4817372	10298	SELECT now64(6) as scrape_time_microseconds, \'j62zx3k\' AS pod_ident, \'boneaws-al-46\' AS spoken_name, \'cell-1\' AS cell, \'ap-south-1\' AS region, \'aws\' AS cloud_provider, \'26.2.1.525\' AS clickhouse_version, \'0fc3eaab-fbcb-4533-8825-9be9faaea781\' AS control_plane_id, \'aarch64\' AS system_processor, * FRO
2026-08-01 11:29:50	5	115	28298	115	SELECT             name,             value,             help,             JSONExtract(labels_serialized, \'Map(String, String)\') as labels,             type         FROM merge(system, \'^_custom_metrics_dictionary_.*\')         FORMAT Prometheus
2026-08-01 11:29:50	1	0	0	1	             SELECT                 name,                 toJSONString(labels) as labels_serialized,                 value,                 help,                 type             FROM (                 SELECT   \'ClickHouse_CustomMetric_TotalMemoryUsedByAsynchronousInserts\' AS name,   toFloat64(SUM(t
2026-08-01 11:29:50	3	6	213	0	             SELECT                 name,                 toJSONString(labels) as labels_serialized,                 value,                 help,                 type             FROM (                 SELECT   \'ClickHouse_CustomMetric_DatabaseReplicatedRecoveryTime\' as name,   toFloat64(recovery_ti
2026-08-01 11:29:51	6	115	28298	115	SELECT             name,             value,             help,             JSONExtract(labels_serialized, \'Map(String, String)\') as labels,             type         FROM merge(system, \'^_custom_metrics_dictionary_.*\')         FORMAT Prometheus
2026-08-01 11:29:53	3	1	5438	1	SELECT count() FROM system.processes WHERE (initial_user NOT IN _CAST([\'backups-internal\', \'management-internal\', \'monitoring-internal\', \'observability-internal\', \'operator-internal\', \'prometheus-exporter\', \'prometheus-internal\', \'operator-cert-internal\', \'availability-monitoring-internal\', \'\'], \'Ar
2026-08-01 11:29:53	2	71	1019	1	SELECT countIf(database = \'system\') as systemParts, countIf(database != \'system\') as nonSystemParts FROM system.parts where active
2026-08-01 11:29:53	2	0	0	1	SELECT countIf(database = \'system\') as systemMerges, countIf(database != \'system\') as nonSystemMerges FROM system.merges
2026-08-01 11:29:55	2	1	5022	1	             SELECT                 name,                 toJSONString(labels) as labels_serialized,                 value,                 help,                 type             FROM (                 SELECT   \'ClickHouse_CustomMetric_TotalMemoryUsedByQueries\' AS name,   toFloat64(SUM(peak_memory_u
2026-08-01 11:29:55	15	847	11858	1	SELECT avg(ProfileEvent_OSCPUWaitMicroseconds) as cpu_wait FROM  system.metric_log  WHERE event_time > now() - INTERVAL 2 MINUTE AND event_date >= yesterday()
2026-08-01 11:29:55	4	2	10208	2	SELECT count() as count, sum(elapsed) as total_elapsed, \'lh\' as usr FROM system.processes  WHERE user = \'observability-internal\' AND client_hostname LIKE \'loghouse-scraper%\'  UNION ALL SELECT count() as count, sum(elapsed) as total_elapsed, \'other\' as usr FROM system.processes  WHERE user != \'observ
2026-08-01 11:29:55	1	875	366447	1	SELECT value FROM system.asynchronous_metrics WHERE metric = \'OSMemoryAvailable\' ;
2026-08-01 11:30:00	2	15	1013	15	             SELECT                 name,                 toJSONString(labels) as labels_serialized,                 value,                 help,                 type             FROM (                 SELECT     \'ClickHouse_MetricsCollection_CustomMetricsSystemTable\' AS name,     toFloat64(1) AS va
2026-08-01 11:30:00	5	115	28298	115	SELECT             name,             value,             help,             JSONExtract(labels_serialized, \'Map(String, String)\') as labels,             type         FROM merge(system, \'^_custom_metrics_dictionary_.*\')         FORMAT Prometheus
2026-08-01 11:30:03	2	2	12834	1	SELECT count() FROM system.processes WHERE (initial_user NOT IN _CAST([\'backups-internal\', \'management-internal\', \'monitoring-internal\', \'observability-internal\', \'operator-internal\', \'prometheus-exporter\', \'prometheus-internal\', \'operator-cert-internal\', \'availability-monitoring-internal\', \'\'], \'Ar
2026-08-01 11:30:03	2	73	1049	1	SELECT countIf(database = \'system\') as systemParts, countIf(database != \'system\') as nonSystemParts FROM system.parts where active
2026-08-01 11:30:03	23	3121	588406	126	SELECT CAST(\'0fc3eaab-fbcb-4533-8825-9be9faaea781\', \'UUID\') AS instance_id, CAST(\'c-boneaws-al-46-server-j62zx3k-0\', \'LowCardinality(String)\') AS node_id, CAST(name, \'LowCardinality(String)\') AS metric, CAST(mapFilter((k, v) -> has(_CAST([\'remote\'], \'Array(String)\'), k), labels), \'Map(LowCardinality
2026-08-01 11:30:03	2	0	0	1	SELECT countIf(database = \'system\') as systemMerges, countIf(database != \'system\') as nonSystemMerges FROM system.merges
2026-08-01 11:30:05	2	0	0	1	             SELECT                 name,                 toJSONString(labels) as labels_serialized,                 value,                 help,                 type             FROM (                 SELECT   \'ClickHouse_CustomMetric_TotalMemoryUsedByMerges\' AS name,   toFloat64(SUM(memory_usage))
2026-08-01 11:30:05	2	59	472	1	             SELECT                 name,                 toJSONString(labels) as labels_serialized,                 value,                 help,                 type             FROM (                 SELECT   \'ClickHouse_CustomMetric_TotalMemoryUsedByDataSkippingIndices\' AS name,   toFloat64(SUM(d
2026-08-01 11:30:10	1	6	2128	6	             SELECT                 name,                 toJSONString(labels) as labels_serialized,                 value,                 help,                 type             FROM (                 SELECT   concat(\'clickhouse_\', system.dimensional_metrics.metric) AS name,   toFloat64(system.dime
2026-08-01 11:30:10	3	6	213	0	             SELECT                 name,                 toJSONString(labels) as labels_serialized,                 value,                 help,                 type             FROM (                 SELECT   \'ClickHouse_CustomMetric_SharedCatalogRecoveryTime\' as name,   toFloat64(recovery_time) a
2026-08-01 11:30:13	3	1	5438	1	SELECT count() FROM system.processes WHERE (initial_user NOT IN _CAST([\'backups-internal\', \'management-internal\', \'monitoring-internal\', \'observability-internal\', \'operator-internal\', \'prometheus-exporter\', \'prometheus-internal\', \'operator-cert-internal\', \'availability-monitoring-internal\', \'\'], \'Ar
2026-08-01 11:30:13	2	71	1019	1	SELECT countIf(database = \'system\') as systemParts, countIf(database != \'system\') as nonSystemParts FROM system.parts where active
2026-08-01 11:30:13	2	0	0	1	SELECT countIf(database = \'system\') as systemMerges, countIf(database != \'system\') as nonSystemMerges FROM system.merges
2026-08-01 11:30:15	2	0	0	0	             SELECT                 name,                 toJSONString(labels) as labels_serialized,                 value,                 help,                 type             FROM (                 SELECT   \'ClickHouse_CustomMetric_FailedMutations\' as name,   toFloat64(count()) as value,   \'The 
2026-08-01 11:30:20	6	115	28298	115	SELECT             name,             value,             help,             JSONExtract(labels_serialized, \'Map(String, String)\') as labels,             type         FROM merge(system, \'^_custom_metrics_dictionary_.*\')         FORMAT Prometheus
2026-08-01 11:30:20	3	6	213	0	             SELECT                 name,                 toJSONString(labels) as labels_serialized,                 value,                 help,                 type             FROM (                 SELECT   \'ClickHouse_CustomMetric_DatabaseReplicatedRecoveryTime\' as name,   toFloat64(recovery_ti
2026-08-01 11:30:20	3	6	213	0	             SELECT                 name,                 toJSONString(labels) as labels_serialized,                 value,                 help,                 type             FROM (                 SELECT   \'ClickHouse_CustomMetric_SharedCatalogRecoveryTime\' as name,   toFloat64(recovery_time) a
2026-08-01 11:30:21	6	115	28298	115	SELECT             name,             value,             help,             JSONExtract(labels_serialized, \'Map(String, String)\') as labels,             type         FROM merge(system, \'^_custom_metrics_dictionary_.*\')         FORMAT Prometheus
2026-08-01 11:30:21	2	13	6340	1	SELECT count(*) FROM system.dictionaries
2026-08-01 11:30:21	3	13	6340	13	SELECT  now64(6) as scrape_time_microseconds, \'j62zx3k\' AS pod_ident, \'boneaws-al-46\' AS spoken_name, \'cell-1\' AS cell, \'ap-south-1\' AS region, \'aws\' AS cloud_provider, \'26.2.1.525\' AS clickhouse_version, \'0fc3eaab-fbcb-4533-8825-9be9faaea781\' AS control_plane_id, \'aarch64\' AS system_processor, * FR
2026-08-01 11:30:23	5	378	114440	5	WITH metrics AS (SELECT name AS metric, toFloat64(value) AS val, now() AS ts FROM system.server_settings WHERE multiMatchAny(name, _CAST([\'^max_database_num_to_throw$\', \'^max_database_num_to_warn$\', \'^max_table_num_to_throw$\', \'^max_table_num_to_warn$\', \'^max_concurrent_queries$\'], \'Array(String)\'))
2026-08-01 11:30:23	4	0	0	0	WITH source AS (SELECT [\'matview_execution_total\', if(exception_code != 0, \'matview_execution_fail\', \'\')] AS metrics, event_time AS ts FROM system.query_views_log WHERE (status != \'QueryStart\') AND (event_date >= toDate(_CAST(\'1785583668.069\', \'DateTime64\'))) AND (event_time >= toDateTime(_CAST(\'178
2026-08-01 11:30:23	9	162397	2575960	1560	SELECT CAST(\'0fc3eaab-fbcb-4533-8825-9be9faaea781\', \'UUID\') AS control_plane_id, CAST(\'c-boneaws-al-46-server-j62zx3k-0\', \'LowCardinality(String)\') AS pod_id, CAST(now64(), \'DateTime64(6)\') AS scrape_ts_microseconds, CAST(event_date, \'Date\') AS event_date, CAST(event_time, \'DateTime\') AS event_time,
2026-08-01 11:30:23	9	1836	27526	14	WITH metrics AS (SELECT multiIf((event_type = \'MergeParts\') AND (error = 0), \'merges_finished\', (event_type = \'MergeParts\') AND (error != 0), \'merges_failed\', (event_type = \'MutatePart\') AND (error = 0), \'mutate_part_finished\', (event_type = \'MutatePart\') AND (error != 0), \'mutate_part_failed\', NULL
2026-08-01 11:30:23	3	7	36166	1	SELECT count() FROM system.processes WHERE (initial_user NOT IN _CAST([\'backups-internal\', \'management-internal\', \'monitoring-internal\', \'observability-internal\', \'operator-internal\', \'prometheus-exporter\', \'prometheus-internal\', \'operator-cert-internal\', \'availability-monitoring-internal\', \'\'], \'Ar
2026-08-01 11:30:23	10	0	0	1	WITH failed_mutations AS (SELECT toDateTime(create_time) AS ts, count() AS val FROM system.mutations WHERE (ts > toDateTime(_CAST(\'1785583668.069\', \'DateTime64\'))) AND (ts <= toDateTime(_CAST(\'1785583788.069\', \'DateTime64\'))) AND (latest_failed_part != \'\') AND (is_done = 0) GROUP BY ts), failed_muta
2026-08-01 11:30:23	2	74	1064	1	SELECT countIf(database = \'system\') as systemParts, countIf(database != \'system\') as nonSystemParts FROM system.parts where active
2026-08-01 11:30:23	25	3122	588549	126	SELECT CAST(\'0fc3eaab-fbcb-4533-8825-9be9faaea781\', \'UUID\') AS instance_id, CAST(\'c-boneaws-al-46-server-j62zx3k-0\', \'LowCardinality(String)\') AS node_id, CAST(name, \'LowCardinality(String)\') AS metric, CAST(mapFilter((k, v) -> has(_CAST([\'remote\'], \'Array(String)\'), k), labels), \'Map(LowCardinality
2026-08-01 11:30:23	2	0	0	1	SELECT countIf(database = \'system\') as systemMerges, countIf(database != \'system\') as nonSystemMerges FROM system.merges
2026-08-01 11:30:23	63	877	264576	120	SELECT CAST(\'0fc3eaab-fbcb-4533-8825-9be9faaea781\', \'UUID\') AS control_plane_id, CAST(\'c-boneaws-al-46-server-j62zx3k-0\', \'LowCardinality(String)\') AS pod_id, CAST(now64(), \'DateTime64(6)\') AS scrape_ts_microseconds, CAST(event_date, \'Date\') AS event_date, CAST(event_time, \'DateTime\') AS event_time,
2026-08-01 11:30:23	155	718	211243	10	WITH parts_agg AS (SELECT database AS agg_database, `table` AS agg_table, SUM(primary_key_size) AS primary_index_size, SUM(secondary_indices_compressed_bytes) AS secondary_index_size FROM system.parts WHERE active AND (database != \'system\') GROUP BY database, `table`), proj_agg AS (SELECT database A
2026-08-01 11:30:25	2	0	0	1	             SELECT                 name,                 toJSONString(labels) as labels_serialized,                 value,                 help,                 type             FROM (                 SELECT   \'ClickHouse_CustomMetric_TotalMemoryUsedByMerges\' AS name,   toFloat64(SUM(memory_usage))
2026-08-01 11:30:25	14	121	1471	1	SELECT avg(ProfileEvent_OSCPUWaitMicroseconds) as cpu_wait FROM  system.metric_log  WHERE event_time > now() - INTERVAL 2 MINUTE AND event_date >= yesterday()
2026-08-01 11:30:25	4	2	10208	2	SELECT count() as count, sum(elapsed) as total_elapsed, \'lh\' as usr FROM system.processes  WHERE user = \'observability-internal\' AND client_hostname LIKE \'loghouse-scraper%\'  UNION ALL SELECT count() as count, sum(elapsed) as total_elapsed, \'other\' as usr FROM system.processes  WHERE user != \'observ
2026-08-01 11:30:25	1	875	366447	1	SELECT value FROM system.asynchronous_metrics WHERE metric = \'OSMemoryAvailable\' ;
2026-08-01 11:30:30	2	1	5022	1	             SELECT                 name,                 toJSONString(labels) as labels_serialized,                 value,                 help,                 type             FROM (                 SELECT   \'ClickHouse_CustomMetric_TotalMemoryUsedByQueries\' AS name,   toFloat64(SUM(peak_memory_u
2026-08-01 11:30:30	5	115	28298	115	SELECT             name,             value,             help,             JSONExtract(labels_serialized, \'Map(String, String)\') as labels,             type         FROM merge(system, \'^_custom_metrics_dictionary_.*\')         FORMAT Prometheus
2026-08-01 11:30:33	3	1	5438	1	SELECT count() FROM system.processes WHERE (initial_user NOT IN _CAST([\'backups-internal\', \'management-internal\', \'monitoring-internal\', \'observability-internal\', \'operator-internal\', \'prometheus-exporter\', \'prometheus-internal\', \'operator-cert-internal\', \'availability-monitoring-internal\', \'\'], \'Ar
2026-08-01 11:30:33	2	77	1109	1	SELECT countIf(database = \'system\') as systemParts, countIf(database != \'system\') as nonSystemParts FROM system.parts where active
2026-08-01 11:30:33	2	0	0	1	SELECT countIf(database = \'system\') as systemMerges, countIf(database != \'system\') as nonSystemMerges FROM system.merges
2026-08-01 11:30:35	1	0	0	1	             SELECT                 name,                 toJSONString(labels) as labels_serialized,                 value,                 help,                 type             FROM (                 SELECT   \'ClickHouse_CustomMetric_TotalMemoryUsedByAsynchronousInserts\' AS name,   toFloat64(SUM(t
2026-08-01 11:30:35	2	13	6340	1	             SELECT                 name,                 toJSONString(labels) as labels_serialized,                 value,                 help,                 type             FROM (                 SELECT   \'ClickHouse_CustomMetric_TotalMemoryUsedByDictionaries\' AS name,   toFloat64(SUM(bytes_al
2026-08-01 11:30:35	2	6	3896	0	             SELECT                 name,                 toJSONString(labels) as labels_serialized,                 value,                 help,                 type             FROM (                 SELECT   \'clickhouse_table_replica_readonly_start_timestamp_seconds\' as name,   toFloat64(toUnixTi
2026-08-01 11:30:35	3	6	213	0	             SELECT                 name,                 toJSONString(labels) as labels_serialized,                 value,                 help,                 type             FROM (                 SELECT   \'ClickHouse_CustomMetric_DatabaseReplicatedRecoveryTime\' as name,   toFloat64(recovery_ti
2026-08-01 11:30:36	1	1	1	1	SELECT count(*) FROM system.projections
2026-08-01 11:30:36	2	1	292	1	SELECT  now64(6) as scrape_time_microseconds, \'j62zx3k\' AS pod_ident, \'boneaws-al-46\' AS spoken_name, \'cell-1\' AS cell, \'ap-south-1\' AS region, \'aws\' AS cloud_provider, \'26.2.1.525\' AS clickhouse_version, \'0fc3eaab-fbcb-4533-8825-9be9faaea781\' AS control_plane_id, \'aarch64\' AS system_processor, * FR
2026-08-01 11:30:43	3	2	12834	1	SELECT count() FROM system.processes WHERE (initial_user NOT IN _CAST([\'backups-internal\', \'management-internal\', \'monitoring-internal\', \'observability-internal\', \'operator-internal\', \'prometheus-exporter\', \'prometheus-internal\', \'operator-cert-internal\', \'availability-monitoring-internal\', \'\'], \'Ar
2026-08-01 11:30:43	3	81	1169	1	SELECT countIf(database = \'system\') as systemParts, countIf(database != \'system\') as nonSystemParts FROM system.parts where active
2026-08-01 11:30:43	2	0	0	1	SELECT countIf(database = \'system\') as systemMerges, countIf(database != \'system\') as nonSystemMerges FROM system.merges
2026-08-01 11:30:43	29	3121	588406	126	SELECT CAST(\'0fc3eaab-fbcb-4533-8825-9be9faaea781\', \'UUID\') AS instance_id, CAST(\'c-boneaws-al-46-server-j62zx3k-0\', \'LowCardinality(String)\') AS node_id, CAST(name, \'LowCardinality(String)\') AS metric, CAST(mapFilter((k, v) -> has(_CAST([\'remote\'], \'Array(String)\'), k), labels), \'Map(LowCardinality
2026-08-01 11:30:45	3	6	213	0	             SELECT                 name,                 toJSONString(labels) as labels_serialized,                 value,                 help,                 type             FROM (                 SELECT   \'ClickHouse_CustomMetric_DatabaseReplicatedRecoveryTime\' as name,   toFloat64(recovery_ti
2026-08-01 11:30:50	6	115	28298	115	SELECT             name,             value,             help,             JSONExtract(labels_serialized, \'Map(String, String)\') as labels,             type         FROM merge(system, \'^_custom_metrics_dictionary_.*\')         FORMAT Prometheus
2026-08-01 11:30:50	3	6	213	0	             SELECT                 name,                 toJSONString(labels) as labels_serialized,                 value,                 help,                 type             FROM (                 SELECT   \'ClickHouse_CustomMetric_SharedCatalogRecoveryTime\' as name,   toFloat64(recovery_time) a
2026-08-01 11:30:51	5	115	28298	115	SELECT             name,             value,             help,             JSONExtract(labels_serialized, \'Map(String, String)\') as labels,             type         FROM merge(system, \'^_custom_metrics_dictionary_.*\')         FORMAT Prometheus
2026-08-01 11:30:53	3	1	5438	1	SELECT count() FROM system.processes WHERE (initial_user NOT IN _CAST([\'backups-internal\', \'management-internal\', \'monitoring-internal\', \'observability-internal\', \'operator-internal\', \'prometheus-exporter\', \'prometheus-internal\', \'operator-cert-internal\', \'availability-monitoring-internal\', \'\'], \'Ar
2026-08-01 11:30:53	2	68	974	1	SELECT countIf(database = \'system\') as systemParts, countIf(database != \'system\') as nonSystemParts FROM system.parts where active
2026-08-01 11:30:53	2	0	0	1	SELECT countIf(database = \'system\') as systemMerges, countIf(database != \'system\') as nonSystemMerges FROM system.merges
2026-08-01 11:30:55	2	59	472	1	             SELECT                 name,                 toJSONString(labels) as labels_serialized,                 value,                 help,                 type             FROM (                 SELECT   \'ClickHouse_CustomMetric_TotalMemoryUsedByDataSkippingIndices\' AS name,   toFloat64(SUM(d
2026-08-01 11:30:55	15	120	1680	1	SELECT avg(ProfileEvent_OSCPUWaitMicroseconds) as cpu_wait FROM  system.metric_log  WHERE event_time > now() - INTERVAL 2 MINUTE AND event_date >= yesterday()
2026-08-01 11:30:55	4	2	10208	2	SELECT count() as count, sum(elapsed) as total_elapsed, \'lh\' as usr FROM system.processes  WHERE user = \'observability-internal\' AND client_hostname LIKE \'loghouse-scraper%\'  UNION ALL SELECT count() as count, sum(elapsed) as total_elapsed, \'other\' as usr FROM system.processes  WHERE user != \'observ
2026-08-01 11:30:55	2	875	366447	1	SELECT value FROM system.asynchronous_metrics WHERE metric = \'OSMemoryAvailable\' ;
2026-08-01 11:30:58	3	378	114440	1	SELECT count(*) FROM system.server_settings
2026-08-01 11:30:58	3	378	114440	378	SELECT  now64(6) as scrape_time_microseconds, \'j62zx3k\' AS pod_ident, \'boneaws-al-46\' AS spoken_name, \'cell-1\' AS cell, \'ap-south-1\' AS region, \'aws\' AS cloud_provider, \'26.2.1.525\' AS clickhouse_version, \'0fc3eaab-fbcb-4533-8825-9be9faaea781\' AS control_plane_id, \'aarch64\' AS system_processor, * FR
2026-08-01 11:31:00	1	316	114923	1	SELECT count(*) FROM system.shared_merge_tree_settings
2026-08-01 11:31:00	2	316	114923	316	SELECT  now64(6) as scrape_time_microseconds, \'j62zx3k\' AS pod_ident, \'boneaws-al-46\' AS spoken_name, \'cell-1\' AS cell, \'ap-south-1\' AS region, \'aws\' AS cloud_provider, \'26.2.1.525\' AS clickhouse_version, \'0fc3eaab-fbcb-4533-8825-9be9faaea781\' AS control_plane_id, \'aarch64\' AS system_processor, * FR
2026-08-01 11:31:00	2	15	1013	15	             SELECT                 name,                 toJSONString(labels) as labels_serialized,                 value,                 help,                 type             FROM (                 SELECT     \'ClickHouse_MetricsCollection_CustomMetricsSystemTable\' AS name,     toFloat64(1) AS va
2026-08-01 11:31:00	5	104	25691	104	SELECT             name,             value,             help,             JSONExtract(labels_serialized, \'Map(String, String)\') as labels,             type         FROM merge(system, \'^_custom_metrics_dictionary_.*\')         FORMAT Prometheus
2026-08-01 11:31:03	3	2	12834	1	SELECT count() FROM system.processes WHERE (initial_user NOT IN _CAST([\'backups-internal\', \'management-internal\', \'monitoring-internal\', \'observability-internal\', \'operator-internal\', \'prometheus-exporter\', \'prometheus-internal\', \'operator-cert-internal\', \'availability-monitoring-internal\', \'\'], \'Ar
2026-08-01 11:31:03	2	71	1019	1	SELECT countIf(database = \'system\') as systemParts, countIf(database != \'system\') as nonSystemParts FROM system.parts where active
2026-08-01 11:31:03	24	3110	586830	126	SELECT CAST(\'0fc3eaab-fbcb-4533-8825-9be9faaea781\', \'UUID\') AS instance_id, CAST(\'c-boneaws-al-46-server-j62zx3k-0\', \'LowCardinality(String)\') AS node_id, CAST(name, \'LowCardinality(String)\') AS metric, CAST(mapFilter((k, v) -> has(_CAST([\'remote\'], \'Array(String)\'), k), labels), \'Map(LowCardinality
2026-08-01 11:31:03	2	0	0	1	SELECT countIf(database = \'system\') as systemMerges, countIf(database != \'system\') as nonSystemMerges FROM system.merges
2026-08-01 11:31:05	1	6	2128	6	             SELECT                 name,                 toJSONString(labels) as labels_serialized,                 value,                 help,                 type             FROM (                 SELECT   concat(\'clickhouse_\', system.dimensional_metrics.metric) AS name,   toFloat64(system.dime
2026-08-01 11:31:05	2	59	472	1	             SELECT                 name,                 toJSONString(labels) as labels_serialized,                 value,                 help,                 type             FROM (                 SELECT   \'ClickHouse_CustomMetric_TotalMemoryUsedByDataSkippingIndices\' AS name,   toFloat64(SUM(d
2026-08-01 11:31:05	2	0	0	0	             SELECT                 name,                 toJSONString(labels) as labels_serialized,                 value,                 help,                 type             FROM (                 SELECT   \'ClickHouse_CustomMetric_FailedMutations\' as name,   toFloat64(count()) as value,   \'The 
2026-08-01 11:31:05	2	13	6340	1	             SELECT                 name,                 toJSONString(labels) as labels_serialized,                 value,                 help,                 type             FROM (                 SELECT   \'ClickHouse_CustomMetric_TotalMemoryUsedByDictionaries\' AS name,   toFloat64(SUM(bytes_al
2026-08-01 11:31:05	3	6	213	0	             SELECT                 name,                 toJSONString(labels) as labels_serialized,                 value,                 help,                 type             FROM (                 SELECT   \'ClickHouse_CustomMetric_SharedCatalogRecoveryTime\' as name,   toFloat64(recovery_time) a
2026-08-01 11:31:13	3	1	5438	1	SELECT count() FROM system.processes WHERE (initial_user NOT IN _CAST([\'backups-internal\', \'management-internal\', \'monitoring-internal\', \'observability-internal\', \'operator-internal\', \'prometheus-exporter\', \'prometheus-internal\', \'operator-cert-internal\', \'availability-monitoring-internal\', \'\'], \'Ar
2026-08-01 11:31:13	3	72	1034	1	SELECT countIf(database = \'system\') as systemParts, countIf(database != \'system\') as nonSystemParts FROM system.parts where active
2026-08-01 11:31:13	2	0	0	1	SELECT countIf(database = \'system\') as systemMerges, countIf(database != \'system\') as nonSystemMerges FROM system.merges
2026-08-01 11:31:15	2	0	0	1	             SELECT                 name,                 toJSONString(labels) as labels_serialized,                 value,                 help,                 type             FROM (                 SELECT   \'ClickHouse_CustomMetric_TotalMemoryUsedByAsynchronousInserts\' AS name,   toFloat64(SUM(t
2026-08-01 11:31:15	2	15	1013	15	             SELECT                 name,                 toJSONString(labels) as labels_serialized,                 value,                 help,                 type             FROM (                 SELECT     \'ClickHouse_MetricsCollection_CustomMetricsSystemTable\' AS name,     toFloat64(1) AS va
2026-08-01 11:31:15	2	4	8819	1	             SELECT                 name,                 toJSONString(labels) as labels_serialized,                 value,                 help,                 type             FROM (                 SELECT   \'ClickHouse_CustomMetric_TotalMemoryUsedByQueries\' AS name,   toFloat64(SUM(peak_memory_u
2026-08-01 11:31:15	2	59	472	1	             SELECT                 name,                 toJSONString(labels) as labels_serialized,                 value,                 help,                 type             FROM (                 SELECT   \'ClickHouse_CustomMetric_TotalMemoryUsedByDataSkippingIndices\' AS name,   toFloat64(SUM(d
2026-08-01 11:31:20	5	104	25691	104	SELECT             name,             value,             help,             JSONExtract(labels_serialized, \'Map(String, String)\') as labels,             type         FROM merge(system, \'^_custom_metrics_dictionary_.*\')         FORMAT Prometheus
2026-08-01 11:31:20	2	6	3896	0	             SELECT                 name,                 toJSONString(labels) as labels_serialized,                 value,                 help,                 type             FROM (                 SELECT   \'clickhouse_table_replica_readonly_start_timestamp_seconds\' as name,   toFloat64(toUnixTi
2026-08-01 11:31:21	7	104	25691	104	SELECT             name,             value,             help,             JSONExtract(labels_serialized, \'Map(String, String)\') as labels,             type         FROM merge(system, \'^_custom_metrics_dictionary_.*\')         FORMAT Prometheus
2026-08-01 11:31:23	3	2	12834	1	SELECT count() FROM system.processes WHERE (initial_user NOT IN _CAST([\'backups-internal\', \'management-internal\', \'monitoring-internal\', \'observability-internal\', \'operator-internal\', \'prometheus-exporter\', \'prometheus-internal\', \'operator-cert-internal\', \'availability-monitoring-internal\', \'\'], \'Ar
2026-08-01 11:31:23	3	67	959	1	SELECT countIf(database = \'system\') as systemParts, countIf(database != \'system\') as nonSystemParts FROM system.parts where active
2026-08-01 11:31:23	2	0	0	1	SELECT countIf(database = \'system\') as systemMerges, countIf(database != \'system\') as nonSystemMerges FROM system.merges
2026-08-01 11:31:23	25	3111	586973	126	SELECT CAST(\'0fc3eaab-fbcb-4533-8825-9be9faaea781\', \'UUID\') AS instance_id, CAST(\'c-boneaws-al-46-server-j62zx3k-0\', \'LowCardinality(String)\') AS node_id, CAST(name, \'LowCardinality(String)\') AS metric, CAST(mapFilter((k, v) -> has(_CAST([\'remote\'], \'Array(String)\'), k), labels), \'Map(LowCardinality
2026-08-01 11:31:25	3	0	0	0	SELECT now64(6) as scrape_time_microseconds, \'j62zx3k\' AS pod_ident, \'boneaws-al-46\' AS spoken_name, \'cell-1\' AS cell, \'ap-south-1\' AS region, \'aws\' AS cloud_provider, \'26.2.1.525\' AS clickhouse_version, \'0fc3eaab-fbcb-4533-8825-9be9faaea781\' AS control_plane_id, \'aarch64\' AS system_processor, * FRO
2026-08-01 11:31:25	2	0	0	1	             SELECT                 name,                 toJSONString(labels) as labels_serialized,                 value,                 help,                 type             FROM (                 SELECT   \'ClickHouse_CustomMetric_TotalMemoryUsedByAsynchronousInserts\' AS name,   toFloat64(SUM(t
2026-08-01 11:31:25	2	0	0	1	             SELECT                 name,                 toJSONString(labels) as labels_serialized,                 value,                 help,                 type             FROM (                 SELECT   \'ClickHouse_CustomMetric_TotalMemoryUsedByMerges\' AS name,   toFloat64(SUM(memory_usage))
2026-08-01 11:31:25	2	59	472	1	             SELECT                 name,                 toJSONString(labels) as labels_serialized,                 value,                 help,                 type             FROM (                 SELECT   \'ClickHouse_CustomMetric_TotalMemoryUsedByDataSkippingIndices\' AS name,   toFloat64(SUM(d
2026-08-01 11:31:25	3	6	213	0	             SELECT                 name,                 toJSONString(labels) as labels_serialized,                 value,                 help,                 type             FROM (                 SELECT   \'ClickHouse_CustomMetric_DatabaseReplicatedRecoveryTime\' as name,   toFloat64(recovery_ti
2026-08-01 11:31:25	13	151	2114	1	SELECT avg(ProfileEvent_OSCPUWaitMicroseconds) as cpu_wait FROM  system.metric_log  WHERE event_time > now() - INTERVAL 2 MINUTE AND event_date >= yesterday()
2026-08-01 11:31:25	4	2	10208	2	SELECT count() as count, sum(elapsed) as total_elapsed, \'lh\' as usr FROM system.processes  WHERE user = \'observability-internal\' AND client_hostname LIKE \'loghouse-scraper%\'  UNION ALL SELECT count() as count, sum(elapsed) as total_elapsed, \'other\' as usr FROM system.processes  WHERE user != \'observ
2026-08-01 11:31:25	1	882	367668	1	SELECT value FROM system.asynchronous_metrics WHERE metric = \'OSMemoryAvailable\' ;
2026-08-01 11:31:26	3	0	0	0	SELECT now64(6) as scrape_time_microseconds, \'j62zx3k\' AS pod_ident, \'boneaws-al-46\' AS spoken_name, \'cell-1\' AS cell, \'ap-south-1\' AS region, \'aws\' AS cloud_provider, \'26.2.1.525\' AS clickhouse_version, \'0fc3eaab-fbcb-4533-8825-9be9faaea781\' AS control_plane_id, \'aarch64\' AS system_processor, * FRO
2026-08-01 11:31:27	4	0	0	0	SELECT now64(6) as scrape_time_microseconds, \'j62zx3k\' AS pod_ident, \'boneaws-al-46\' AS spoken_name, \'cell-1\' AS cell, \'ap-south-1\' AS region, \'aws\' AS cloud_provider, \'26.2.1.525\' AS clickhouse_version, \'0fc3eaab-fbcb-4533-8825-9be9faaea781\' AS control_plane_id, \'aarch64\' AS system_processor, * FRO
2026-08-01 11:31:27	1091	939022	142644980	35901	INSERT INTO sony.session_active_intervals WITH                    toInt64(120000) AS gap_timeout,     toInt64(0)   AS gap_grace,     toInt64(1785065404847)   AS watermark SELECT     video_session_id,     (iv.1) AS interval_seq,     fromUnixTimestamp64Milli(iv.2, \'UTC\')  AS active_start,     fromUni
2026-08-01 11:31:28	3	0	0	0	SELECT now64(6) as scrape_time_microseconds, \'j62zx3k\' AS pod_ident, \'boneaws-al-46\' AS spoken_name, \'cell-1\' AS cell, \'ap-south-1\' AS region, \'aws\' AS cloud_provider, \'26.2.1.525\' AS clickhouse_version, \'0fc3eaab-fbcb-4533-8825-9be9faaea781\' AS control_plane_id, \'aarch64\' AS system_processor, * FRO
2026-08-01 11:31:29	2	0	0	0	SELECT now64(6) as scrape_time_microseconds, \'j62zx3k\' AS pod_ident, \'boneaws-al-46\' AS spoken_name, \'cell-1\' AS cell, \'ap-south-1\' AS region, \'aws\' AS cloud_provider, \'26.2.1.525\' AS clickhouse_version, \'0fc3eaab-fbcb-4533-8825-9be9faaea781\' AS control_plane_id, \'aarch64\' AS system_processor, * FRO
2026-08-01 11:31:30	3	0	0	0	SELECT now64(6) as scrape_time_microseconds, \'j62zx3k\' AS pod_ident, \'boneaws-al-46\' AS spoken_name, \'cell-1\' AS cell, \'ap-south-1\' AS region, \'aws\' AS cloud_provider, \'26.2.1.525\' AS clickhouse_version, \'0fc3eaab-fbcb-4533-8825-9be9faaea781\' AS control_plane_id, \'aarch64\' AS system_processor, * FRO
2026-08-01 11:31:30	5	104	25691	104	SELECT             name,             value,             help,             JSONExtract(labels_serialized, \'Map(String, String)\') as labels,             type         FROM merge(system, \'^_custom_metrics_dictionary_.*\')         FORMAT Prometheus
2026-08-01 11:31:31	4	8	32	0	SELECT now64(6) as scrape_time_microseconds, \'j62zx3k\' AS pod_ident, \'boneaws-al-46\' AS spoken_name, \'cell-1\' AS cell, \'ap-south-1\' AS region, \'aws\' AS cloud_provider, \'26.2.1.525\' AS clickhouse_version, \'0fc3eaab-fbcb-4533-8825-9be9faaea781\' AS control_plane_id, \'aarch64\' AS system_processor, * FRO
2026-08-01 11:31:32	3	0	0	0	SELECT now64(6) as scrape_time_microseconds, \'j62zx3k\' AS pod_ident, \'boneaws-al-46\' AS spoken_name, \'cell-1\' AS cell, \'ap-south-1\' AS region, \'aws\' AS cloud_provider, \'26.2.1.525\' AS clickhouse_version, \'0fc3eaab-fbcb-4533-8825-9be9faaea781\' AS control_plane_id, \'aarch64\' AS system_processor, * FRO
2026-08-01 11:31:33	3	0	0	0	SELECT now64(6) as scrape_time_microseconds, \'j62zx3k\' AS pod_ident, \'boneaws-al-46\' AS spoken_name, \'cell-1\' AS cell, \'ap-south-1\' AS region, \'aws\' AS cloud_provider, \'26.2.1.525\' AS clickhouse_version, \'0fc3eaab-fbcb-4533-8825-9be9faaea781\' AS control_plane_id, \'aarch64\' AS system_processor, * FRO
2026-08-01 11:31:33	3	1	5438	1	SELECT count() FROM system.processes WHERE (initial_user NOT IN _CAST([\'backups-internal\', \'management-internal\', \'monitoring-internal\', \'observability-internal\', \'operator-internal\', \'prometheus-exporter\', \'prometheus-internal\', \'operator-cert-internal\', \'availability-monitoring-internal\', \'\'], \'Ar
2026-08-01 11:31:33	22	63	899	1	SELECT countIf(database = \'system\') as systemParts, countIf(database != \'system\') as nonSystemParts FROM system.parts where active
2026-08-01 11:31:33	2	0	0	1	SELECT countIf(database = \'system\') as systemMerges, countIf(database != \'system\') as nonSystemMerges FROM system.merges
2026-08-01 11:31:34	7	8192	854479	746	SELECT now64(6) as scrape_time_microseconds, \'j62zx3k\' AS pod_ident, \'boneaws-al-46\' AS spoken_name, \'cell-1\' AS cell, \'ap-south-1\' AS region, \'aws\' AS cloud_provider, \'26.2.1.525\' AS clickhouse_version, \'0fc3eaab-fbcb-4533-8825-9be9faaea781\' AS control_plane_id, \'aarch64\' AS system_processor, * FRO
2026-08-01 11:31:35	78	0	0	0	SELECT now64(6) as scrape_time_microseconds, \'j62zx3k\' AS pod_ident, \'boneaws-al-46\' AS spoken_name, \'cell-1\' AS cell, \'ap-south-1\' AS region, \'aws\' AS cloud_provider, \'26.2.1.525\' AS clickhouse_version, \'0fc3eaab-fbcb-4533-8825-9be9faaea781\' AS control_plane_id, \'aarch64\' AS system_processor, * FRO
2026-08-01 11:31:35	2	2	6242	1	             SELECT                 name,                 toJSONString(labels) as labels_serialized,                 value,                 help,                 type             FROM (                 SELECT   \'ClickHouse_CustomMetric_TotalMemoryUsedByQueries\' AS name,   toFloat64(SUM(peak_memory_u
2026-08-01 11:31:35	2	13	6340	1	             SELECT                 name,                 toJSONString(labels) as labels_serialized,                 value,                 help,                 type             FROM (                 SELECT   \'ClickHouse_CustomMetric_TotalMemoryUsedByDictionaries\' AS name,   toFloat64(SUM(bytes_al
2026-08-01 11:31:36	3	0	0	0	SELECT now64(6) as scrape_time_microseconds, \'j62zx3k\' AS pod_ident, \'boneaws-al-46\' AS spoken_name, \'cell-1\' AS cell, \'ap-south-1\' AS region, \'aws\' AS cloud_provider, \'26.2.1.525\' AS clickhouse_version, \'0fc3eaab-fbcb-4533-8825-9be9faaea781\' AS control_plane_id, \'aarch64\' AS system_processor, * FRO
2026-08-01 11:31:37	7	787	492099	42	SELECT now64(6) as scrape_time_microseconds, \'j62zx3k\' AS pod_ident, \'boneaws-al-46\' AS spoken_name, \'cell-1\' AS cell, \'ap-south-1\' AS region, \'aws\' AS cloud_provider, \'26.2.1.525\' AS clickhouse_version, \'0fc3eaab-fbcb-4533-8825-9be9faaea781\' AS control_plane_id, \'aarch64\' AS system_processor, * FRO
2026-08-01 11:31:38	16	17137	4078255	6011	SELECT now64(6) as scrape_time_microseconds, \'j62zx3k\' AS pod_ident, \'boneaws-al-46\' AS spoken_name, \'cell-1\' AS cell, \'ap-south-1\' AS region, \'aws\' AS cloud_provider, \'26.2.1.525\' AS clickhouse_version, \'0fc3eaab-fbcb-4533-8825-9be9faaea781\' AS control_plane_id, \'aarch64\' AS system_processor, * FRO
2026-08-01 11:31:39	16	16384	3871011	9994	SELECT now64(6) as scrape_time_microseconds, \'j62zx3k\' AS pod_ident, \'boneaws-al-46\' AS spoken_name, \'cell-1\' AS cell, \'ap-south-1\' AS region, \'aws\' AS cloud_provider, \'26.2.1.525\' AS clickhouse_version, \'0fc3eaab-fbcb-4533-8825-9be9faaea781\' AS control_plane_id, \'aarch64\' AS system_processor, * FRO
2026-08-01 11:31:40	31	4596	10052740	318	SELECT now64(6) as scrape_time_microseconds, \'j62zx3k\' AS pod_ident, \'boneaws-al-46\' AS spoken_name, \'cell-1\' AS cell, \'ap-south-1\' AS region, \'aws\' AS cloud_provider, \'26.2.1.525\' AS clickhouse_version, \'0fc3eaab-fbcb-4533-8825-9be9faaea781\' AS control_plane_id, \'aarch64\' AS system_processor, * FRO
2026-08-01 11:31:40	1	6	2128	6	             SELECT                 name,                 toJSONString(labels) as labels_serialized,                 value,                 help,                 type             FROM (                 SELECT   concat(\'clickhouse_\', system.dimensional_metrics.metric) AS name,   toFloat64(system.dime
2026-08-01 11:31:41	168	787	2051906	120	SELECT now64(6) as scrape_time_microseconds, \'j62zx3k\' AS pod_ident, \'boneaws-al-46\' AS spoken_name, \'cell-1\' AS cell, \'ap-south-1\' AS region, \'aws\' AS cloud_provider, \'26.2.1.525\' AS clickhouse_version, \'0fc3eaab-fbcb-4533-8825-9be9faaea781\' AS control_plane_id, \'aarch64\' AS system_processor, * FRO
2026-08-01 11:31:42	9	1835	1047903	165	SELECT now64(6) as scrape_time_microseconds, \'j62zx3k\' AS pod_ident, \'boneaws-al-46\' AS spoken_name, \'cell-1\' AS cell, \'ap-south-1\' AS region, \'aws\' AS cloud_provider, \'26.2.1.525\' AS clickhouse_version, \'0fc3eaab-fbcb-4533-8825-9be9faaea781\' AS control_plane_id, \'aarch64\' AS system_processor, * FRO
2026-08-01 11:31:42	1	1	1	1	SELECT version() FORMAT TabSeparated 
2026-08-01 11:31:43	3	0	0	0	SELECT now64(6) as scrape_time_microseconds, \'j62zx3k\' AS pod_ident, \'boneaws-al-46\' AS spoken_name, \'cell-1\' AS cell, \'ap-south-1\' AS region, \'aws\' AS cloud_provider, \'26.2.1.525\' AS clickhouse_version, \'0fc3eaab-fbcb-4533-8825-9be9faaea781\' AS control_plane_id, \'aarch64\' AS system_processor, * FRO
2026-08-01 11:31:43	2	2	12834	1	SELECT count() FROM system.processes WHERE (initial_user NOT IN _CAST([\'backups-internal\', \'management-internal\', \'monitoring-internal\', \'observability-internal\', \'operator-internal\', \'prometheus-exporter\', \'prometheus-internal\', \'operator-cert-internal\', \'availability-monitoring-internal\', \'\'], \'Ar
2026-08-01 11:31:43	2	64	914	1	SELECT countIf(database = \'system\') as systemParts, countIf(database != \'system\') as nonSystemParts FROM system.parts where active
2026-08-01 11:31:43	23	3113	587257	126	SELECT CAST(\'0fc3eaab-fbcb-4533-8825-9be9faaea781\', \'UUID\') AS instance_id, CAST(\'c-boneaws-al-46-server-j62zx3k-0\', \'LowCardinality(String)\') AS node_id, CAST(name, \'LowCardinality(String)\') AS metric, CAST(mapFilter((k, v) -> has(_CAST([\'remote\'], \'Array(String)\'), k), labels), \'Map(LowCardinality
2026-08-01 11:31:43	2	0	0	1	SELECT countIf(database = \'system\') as systemMerges, countIf(database != \'system\') as nonSystemMerges FROM system.merges
2026-08-01 11:31:44	8	4584	1367523	426	SELECT now64(6) as scrape_time_microseconds, \'j62zx3k\' AS pod_ident, \'boneaws-al-46\' AS spoken_name, \'cell-1\' AS cell, \'ap-south-1\' AS region, \'aws\' AS cloud_provider, \'26.2.1.525\' AS clickhouse_version, \'0fc3eaab-fbcb-4533-8825-9be9faaea781\' AS control_plane_id, \'aarch64\' AS system_processor, * FRO
2026-08-01 11:31:44	0	0	0	0	CREATE DATABASE IF NOT EXISTS sony 
2026-08-01 11:31:44	1	0	0	0	CREATE TABLE IF NOT EXISTS sony.raw_events UUID \'92a71cee-26d7-412a-9b6e-1efa2107c3ca\' (`content_id` Int64, `video_session_id` String CODEC(ZSTD(3)), `user_id` String CODEC(ZSTD(3)), `event_type` LowCardinality(String), `event` LowCardinality(String), `event_timestamp_ms` Int64 CODEC(DoubleDelta, ZS
2026-08-01 11:31:44	3	0	0	0	CREATE TABLE IF NOT EXISTS sony.raw_events (                              content_id           Int64,     video_session_id     String              CODEC(ZSTD(3)),     user_id              String              CODEC(ZSTD(3)),     event_type           LowCardinality(String),     event                Lo
2026-08-01 11:31:45	135	1506826	24160005	106352	SELECT now64(6) as scrape_time_microseconds, \'j62zx3k\' AS pod_ident, \'boneaws-al-46\' AS spoken_name, \'cell-1\' AS cell, \'ap-south-1\' AS region, \'aws\' AS cloud_provider, \'26.2.1.525\' AS clickhouse_version, \'0fc3eaab-fbcb-4533-8825-9be9faaea781\' AS control_plane_id, \'aarch64\' AS system_processor, * FRO
2026-08-01 11:31:45	66	0	0	0	TRUNCATE TABLE IF EXISTS sony.raw_events
2026-08-01 11:31:45	67	0	0	0	TRUNCATE TABLE IF EXISTS sony.raw_events 
2026-08-01 11:31:45	1	0	0	1	             SELECT                 name,                 toJSONString(labels) as labels_serialized,                 value,                 help,                 type             FROM (                 SELECT   \'ClickHouse_CustomMetric_TotalMemoryUsedByAsynchronousInserts\' AS name,   toFloat64(SUM(t
2026-08-01 11:31:45	2	0	0	0	             SELECT                 name,                 toJSONString(labels) as labels_serialized,                 value,                 help,                 type             FROM (                 SELECT   \'ClickHouse_CustomMetric_FailedMutations\' as name,   toFloat64(count()) as value,   \'The 
2026-08-01 11:31:45	63	0	0	0	TRUNCATE TABLE IF EXISTS sony.concurrency_minute_delta
2026-08-01 11:31:45	63	0	0	0	TRUNCATE TABLE IF EXISTS sony.concurrency_minute_delta 
2026-08-01 11:31:45	15	0	0	0	TRUNCATE TABLE IF EXISTS sony.concurrency_hourly_checkpoint
2026-08-01 11:31:45	16	0	0	0	TRUNCATE TABLE IF EXISTS sony.concurrency_hourly_checkpoint 
2026-08-01 11:31:46	23	19811	4918603	12087	SELECT now64(6) as scrape_time_microseconds, \'j62zx3k\' AS pod_ident, \'boneaws-al-46\' AS spoken_name, \'cell-1\' AS cell, \'ap-south-1\' AS region, \'aws\' AS cloud_provider, \'26.2.1.525\' AS clickhouse_version, \'0fc3eaab-fbcb-4533-8825-9be9faaea781\' AS control_plane_id, \'aarch64\' AS system_processor, * FRO
2026-08-01 11:31:46	2	0	8	1	SELECT count() FROM system.backups where status IN (0,3)
2026-08-01 11:31:46	3	2	6393	1	SELECT count() FROM system.processes WHERE (elapsed > _CAST(0, \'Int64\')) AND (initial_user NOT IN _CAST([\'backups-internal\', \'management-internal\', \'monitoring-internal\', \'observability-internal\', \'operator-internal\', \'prometheus-exporter\', \'prometheus-internal\', \'operator-cert-internal\', \'availabil
2026-08-01 11:31:46	89	0	0	33464	INSERT INTO sony.content_dim (content_id, title, video_type, category) FORMAT CSV
2026-08-01 11:31:46	691	33464	1181455	33464	INSERT INTO sony.content_dim (content_id, title, video_type, category) FORMAT CSV 
2026-08-01 11:31:47	2	1	16	1	SELECT count() FROM sony.content_dim FORMAT TabSeparated 
2026-08-01 11:31:50	5	104	25691	104	SELECT             name,             value,             help,             JSONExtract(labels_serialized, \'Map(String, String)\') as labels,             type         FROM merge(system, \'^_custom_metrics_dictionary_.*\')         FORMAT Prometheus
2026-08-01 11:31:50	2	0	0	1	             SELECT                 name,                 toJSONString(labels) as labels_serialized,                 value,                 help,                 type             FROM (                 SELECT   \'ClickHouse_CustomMetric_TotalMemoryUsedByAsynchronousInserts\' AS name,   toFloat64(SUM(t
2026-08-01 11:31:50	3	6	213	0	             SELECT                 name,                 toJSONString(labels) as labels_serialized,                 value,                 help,                 type             FROM (                 SELECT   \'ClickHouse_CustomMetric_SharedCatalogRecoveryTime\' as name,   toFloat64(recovery_time) a
2026-08-01 11:31:50	3	6	213	0	             SELECT                 name,                 toJSONString(labels) as labels_serialized,                 value,                 help,                 type             FROM (                 SELECT   \'ClickHouse_CustomMetric_DatabaseReplicatedRecoveryTime\' as name,   toFloat64(recovery_ti
2026-08-01 11:31:51	6	104	25691	104	SELECT             name,             value,             help,             JSONExtract(labels_serialized, \'Map(String, String)\') as labels,             type         FROM merge(system, \'^_custom_metrics_dictionary_.*\')         FORMAT Prometheus
2026-08-01 11:31:53	3	1	5438	1	SELECT count() FROM system.processes WHERE (initial_user NOT IN _CAST([\'backups-internal\', \'management-internal\', \'monitoring-internal\', \'observability-internal\', \'operator-internal\', \'prometheus-exporter\', \'prometheus-internal\', \'operator-cert-internal\', \'availability-monitoring-internal\', \'\'], \'Ar
2026-08-01 11:31:53	2	47	703	1	SELECT countIf(database = \'system\') as systemParts, countIf(database != \'system\') as nonSystemParts FROM system.parts where active
2026-08-01 11:31:53	2	0	0	1	SELECT countIf(database = \'system\') as systemMerges, countIf(database != \'system\') as nonSystemMerges FROM system.merges
2026-08-01 11:31:55	2	0	0	1	             SELECT                 name,                 toJSONString(labels) as labels_serialized,                 value,                 help,                 type             FROM (                 SELECT   \'ClickHouse_CustomMetric_TotalMemoryUsedByMerges\' AS name,   toFloat64(SUM(memory_usage))
2026-08-01 11:31:55	2	15	1013	15	             SELECT                 name,                 toJSONString(labels) as labels_serialized,                 value,                 help,                 type             FROM (                 SELECT     \'ClickHouse_MetricsCollection_CustomMetricsSystemTable\' AS name,     toFloat64(1) AS va
2026-08-01 11:31:55	3	6	213	0	             SELECT                 name,                 toJSONString(labels) as labels_serialized,                 value,                 help,                 type             FROM (                 SELECT   \'ClickHouse_CustomMetric_SharedCatalogRecoveryTime\' as name,   toFloat64(recovery_time) a
2026-08-01 11:31:55	15	181	2534	1	SELECT avg(ProfileEvent_OSCPUWaitMicroseconds) as cpu_wait FROM  system.metric_log  WHERE event_time > now() - INTERVAL 2 MINUTE AND event_date >= yesterday()
2026-08-01 11:31:55	4	2	10208	2	SELECT count() as count, sum(elapsed) as total_elapsed, \'lh\' as usr FROM system.processes  WHERE user = \'observability-internal\' AND client_hostname LIKE \'loghouse-scraper%\'  UNION ALL SELECT count() as count, sum(elapsed) as total_elapsed, \'other\' as usr FROM system.processes  WHERE user != \'observ
2026-08-01 11:31:55	1	886	368083	1	SELECT value FROM system.asynchronous_metrics WHERE metric = \'OSMemoryAvailable\' ;
2026-08-01 11:32:00	2	2	6334	1	             SELECT                 name,                 toJSONString(labels) as labels_serialized,                 value,                 help,                 type             FROM (                 SELECT   \'ClickHouse_CustomMetric_TotalMemoryUsedByQueries\' AS name,   toFloat64(SUM(peak_memory_u
2026-08-01 11:32:00	2	6	3896	0	             SELECT                 name,                 toJSONString(labels) as labels_serialized,                 value,                 help,                 type             FROM (                 SELECT   \'clickhouse_table_replica_readonly_start_timestamp_seconds\' as name,   toFloat64(toUnixTi
2026-08-01 11:32:00	5	104	25691	104	SELECT             name,             value,             help,             JSONExtract(labels_serialized, \'Map(String, String)\') as labels,             type         FROM merge(system, \'^_custom_metrics_dictionary_.*\')         FORMAT Prometheus
2026-08-01 11:32:03	2	2	12834	1	SELECT count() FROM system.processes WHERE (initial_user NOT IN _CAST([\'backups-internal\', \'management-internal\', \'monitoring-internal\', \'observability-internal\', \'operator-internal\', \'prometheus-exporter\', \'prometheus-internal\', \'operator-cert-internal\', \'availability-monitoring-internal\', \'\'], \'Ar
2026-08-01 11:32:03	3	41	613	1	SELECT countIf(database = \'system\') as systemParts, countIf(database != \'system\') as nonSystemParts FROM system.parts where active
2026-08-01 11:32:03	1	0	0	1	SELECT countIf(database = \'system\') as systemMerges, countIf(database != \'system\') as nonSystemMerges FROM system.merges
2026-08-01 11:32:03	24	3131	589630	129	SELECT CAST(\'0fc3eaab-fbcb-4533-8825-9be9faaea781\', \'UUID\') AS instance_id, CAST(\'c-boneaws-al-46-server-j62zx3k-0\', \'LowCardinality(String)\') AS node_id, CAST(name, \'LowCardinality(String)\') AS metric, CAST(mapFilter((k, v) -> has(_CAST([\'remote\'], \'Array(String)\'), k), labels), \'Map(LowCardinality
2026-08-01 11:32:05	2	0	0	0	             SELECT                 name,                 toJSONString(labels) as labels_serialized,                 value,                 help,                 type             FROM (                 SELECT   \'ClickHouse_CustomMetric_FailedMutations\' as name,   toFloat64(count()) as value,   \'The 
2026-08-01 11:32:10	2	0	0	1	             SELECT                 name,                 toJSONString(labels) as labels_serialized,                 value,                 help,                 type             FROM (                 SELECT   \'ClickHouse_CustomMetric_TotalMemoryUsedByAsynchronousInserts\' AS name,   toFloat64(SUM(t
2026-08-01 11:32:12	1	0	0	1	SELECT count(*) FROM system.row_policies
2026-08-01 11:32:13	3	1	5438	1	SELECT count() FROM system.processes WHERE (initial_user NOT IN _CAST([\'backups-internal\', \'management-internal\', \'monitoring-internal\', \'observability-internal\', \'operator-internal\', \'prometheus-exporter\', \'prometheus-internal\', \'operator-cert-internal\', \'availability-monitoring-internal\', \'\'], \'Ar
2026-08-01 11:32:13	2	47	703	1	SELECT countIf(database = \'system\') as systemParts, countIf(database != \'system\') as nonSystemParts FROM system.parts where active
2026-08-01 11:32:13	2	0	0	1	SELECT countIf(database = \'system\') as systemMerges, countIf(database != \'system\') as nonSystemMerges FROM system.merges
2026-08-01 11:32:15	2	59	472	1	             SELECT                 name,                 toJSONString(labels) as labels_serialized,                 value,                 help,                 type             FROM (                 SELECT   \'ClickHouse_CustomMetric_TotalMemoryUsedByDataSkippingIndices\' AS name,   toFloat64(SUM(d
2026-08-01 11:32:15	2	13	6340	1	             SELECT                 name,                 toJSONString(labels) as labels_serialized,                 value,                 help,                 type             FROM (                 SELECT   \'ClickHouse_CustomMetric_TotalMemoryUsedByDictionaries\' AS name,   toFloat64(SUM(bytes_al
2026-08-01 11:32:15	3	6	213	0	             SELECT                 name,                 toJSONString(labels) as labels_serialized,                 value,                 help,                 type             FROM (                 SELECT   \'ClickHouse_CustomMetric_SharedCatalogRecoveryTime\' as name,   toFloat64(recovery_time) a
2026-08-01 11:32:15	3	6	213	0	             SELECT                 name,                 toJSONString(labels) as labels_serialized,                 value,                 help,                 type             FROM (                 SELECT   \'ClickHouse_CustomMetric_DatabaseReplicatedRecoveryTime\' as name,   toFloat64(recovery_ti
2026-08-01 11:32:20	5	115	28282	115	SELECT             name,             value,             help,             JSONExtract(labels_serialized, \'Map(String, String)\') as labels,             type         FROM merge(system, \'^_custom_metrics_dictionary_.*\')         FORMAT Prometheus
2026-08-01 11:32:20	1	6	2128	6	             SELECT                 name,                 toJSONString(labels) as labels_serialized,                 value,                 help,                 type             FROM (                 SELECT   concat(\'clickhouse_\', system.dimensional_metrics.metric) AS name,   toFloat64(system.dime
2026-08-01 11:32:21	5	115	28282	115	SELECT             name,             value,             help,             JSONExtract(labels_serialized, \'Map(String, String)\') as labels,             type         FROM merge(system, \'^_custom_metrics_dictionary_.*\')         FORMAT Prometheus
2026-08-01 11:32:23	5	378	114440	5	WITH metrics AS (SELECT name AS metric, toFloat64(value) AS val, now() AS ts FROM system.server_settings WHERE multiMatchAny(name, _CAST([\'^max_database_num_to_throw$\', \'^max_database_num_to_warn$\', \'^max_table_num_to_throw$\', \'^max_table_num_to_warn$\', \'^max_concurrent_queries$\'], \'Array(String)\'))
2026-08-01 11:32:23	5	0	0	0	WITH source AS (SELECT [\'matview_execution_total\', if(exception_code != 0, \'matview_execution_fail\', \'\')] AS metrics, event_time AS ts FROM system.query_views_log WHERE (status != \'QueryStart\') AND (event_date >= toDate(_CAST(\'1785583788.069\', \'DateTime64\'))) AND (event_time >= toDateTime(_CAST(\'178
2026-08-01 11:32:23	9	0	0	1	WITH failed_mutations AS (SELECT toDateTime(create_time) AS ts, count() AS val FROM system.mutations WHERE (ts > toDateTime(_CAST(\'1785583788.069\', \'DateTime64\'))) AND (ts <= toDateTime(_CAST(\'1785583908.069\', \'DateTime64\'))) AND (latest_failed_part != \'\') AND (is_done = 0) GROUP BY ts), failed_muta
2026-08-01 11:32:23	8	136494	2153758	1560	SELECT CAST(\'0fc3eaab-fbcb-4533-8825-9be9faaea781\', \'UUID\') AS control_plane_id, CAST(\'c-boneaws-al-46-server-j62zx3k-0\', \'LowCardinality(String)\') AS pod_id, CAST(now64(), \'DateTime64(6)\') AS scrape_ts_microseconds, CAST(event_date, \'Date\') AS event_date, CAST(event_time, \'DateTime\') AS event_time,
2026-08-01 11:32:23	11	1997	29689	13	WITH metrics AS (SELECT multiIf((event_type = \'MergeParts\') AND (error = 0), \'merges_finished\', (event_type = \'MergeParts\') AND (error != 0), \'merges_failed\', (event_type = \'MutatePart\') AND (error = 0), \'mutate_part_finished\', (event_type = \'MutatePart\') AND (error != 0), \'mutate_part_failed\', NULL
2026-08-01 11:32:23	3	7	37306	1	SELECT count() FROM system.processes WHERE (initial_user NOT IN _CAST([\'backups-internal\', \'management-internal\', \'monitoring-internal\', \'observability-internal\', \'operator-internal\', \'prometheus-exporter\', \'prometheus-internal\', \'operator-cert-internal\', \'availability-monitoring-internal\', \'\'], \'Ar
2026-08-01 11:32:23	2	53	793	1	SELECT countIf(database = \'system\') as systemParts, countIf(database != \'system\') as nonSystemParts FROM system.parts where active
2026-08-01 11:32:23	1	0	0	1	SELECT countIf(database = \'system\') as systemMerges, countIf(database != \'system\') as nonSystemMerges FROM system.merges
2026-08-01 11:32:23	28	3131	589458	129	SELECT CAST(\'0fc3eaab-fbcb-4533-8825-9be9faaea781\', \'UUID\') AS instance_id, CAST(\'c-boneaws-al-46-server-j62zx3k-0\', \'LowCardinality(String)\') AS node_id, CAST(name, \'LowCardinality(String)\') AS metric, CAST(mapFilter((k, v) -> has(_CAST([\'remote\'], \'Array(String)\'), k), labels), \'Map(LowCardinality
2026-08-01 11:32:23	56	211	63502	120	SELECT CAST(\'0fc3eaab-fbcb-4533-8825-9be9faaea781\', \'UUID\') AS control_plane_id, CAST(\'c-boneaws-al-46-server-j62zx3k-0\', \'LowCardinality(String)\') AS pod_id, CAST(now64(), \'DateTime64(6)\') AS scrape_ts_microseconds, CAST(event_date, \'Date\') AS event_date, CAST(event_time, \'DateTime\') AS event_time,
2026-08-01 11:32:23	162	689	209623	10	WITH parts_agg AS (SELECT database AS agg_database, `table` AS agg_table, SUM(primary_key_size) AS primary_index_size, SUM(secondary_indices_compressed_bytes) AS secondary_index_size FROM system.parts WHERE active AND (database != \'system\') GROUP BY database, `table`), proj_agg AS (SELECT database A
2026-08-01 11:32:23	627	63	466508	22	SELECT name, cityHash64(replaceAll(create_table_query, name, \'__table_name__\')) as hash, primary_key, sorting_key, partition_key, comment FROM system.tables LEFT OUTER JOIN ( SELECT table, max(max_date) AS max_date FROM system.parts WHERE database = \'system\' AND active GROUP BY table ) AS parts 
2026-08-01 11:32:25	2	59	472	1	             SELECT                 name,                 toJSONString(labels) as labels_serialized,                 value,                 help,                 type             FROM (                 SELECT   \'ClickHouse_CustomMetric_TotalMemoryUsedByDataSkippingIndices\' AS name,   toFloat64(SUM(d
2026-08-01 11:32:25	2	6	213	0	             SELECT                 name,                 toJSONString(labels) as labels_serialized,                 value,                 help,                 type             FROM (                 SELECT   \'ClickHouse_CustomMetric_DatabaseReplicatedRecoveryTime\' as name,   toFloat64(recovery_ti
2026-08-01 11:32:25	14	211	2954	1	SELECT avg(ProfileEvent_OSCPUWaitMicroseconds) as cpu_wait FROM  system.metric_log  WHERE event_time > now() - INTERVAL 2 MINUTE AND event_date >= yesterday()
2026-08-01 11:32:25	4	2	10208	2	SELECT count() as count, sum(elapsed) as total_elapsed, \'lh\' as usr FROM system.processes  WHERE user = \'observability-internal\' AND client_hostname LIKE \'loghouse-scraper%\'  UNION ALL SELECT count() as count, sum(elapsed) as total_elapsed, \'other\' as usr FROM system.processes  WHERE user != \'observ
2026-08-01 11:32:25	1	875	366447	1	SELECT value FROM system.asynchronous_metrics WHERE metric = \'OSMemoryAvailable\' ;
2026-08-01 11:32:30	3	6	213	0	             SELECT                 name,                 toJSONString(labels) as labels_serialized,                 value,                 help,                 type             FROM (                 SELECT   \'ClickHouse_CustomMetric_SharedCatalogRecoveryTime\' as name,   toFloat64(recovery_time) a
2026-08-01 11:32:30	5	115	28282	115	SELECT             name,             value,             help,             JSONExtract(labels_serialized, \'Map(String, String)\') as labels,             type         FROM merge(system, \'^_custom_metrics_dictionary_.*\')         FORMAT Prometheus
2026-08-01 11:32:33	3	1	5438	1	SELECT count() FROM system.processes WHERE (initial_user NOT IN _CAST([\'backups-internal\', \'management-internal\', \'monitoring-internal\', \'observability-internal\', \'operator-internal\', \'prometheus-exporter\', \'prometheus-internal\', \'operator-cert-internal\', \'availability-monitoring-internal\', \'\'], \'Ar
2026-08-01 11:32:33	2	55	823	1	SELECT countIf(database = \'system\') as systemParts, countIf(database != \'system\') as nonSystemParts FROM system.parts where active
2026-08-01 11:32:33	1	0	0	1	SELECT countIf(database = \'system\') as systemMerges, countIf(database != \'system\') as nonSystemMerges FROM system.merges
2026-08-01 11:32:35	2	1	5022	1	             SELECT                 name,                 toJSONString(labels) as labels_serialized,                 value,                 help,                 type             FROM (                 SELECT   \'ClickHouse_CustomMetric_TotalMemoryUsedByQueries\' AS name,   toFloat64(SUM(peak_memory_u
2026-08-01 11:32:43	3	2	12834	1	SELECT count() FROM system.processes WHERE (initial_user NOT IN _CAST([\'backups-internal\', \'management-internal\', \'monitoring-internal\', \'observability-internal\', \'operator-internal\', \'prometheus-exporter\', \'prometheus-internal\', \'operator-cert-internal\', \'availability-monitoring-internal\', \'\'], \'Ar
2026-08-01 11:32:43	2	47	703	1	SELECT countIf(database = \'system\') as systemParts, countIf(database != \'system\') as nonSystemParts FROM system.parts where active
2026-08-01 11:32:43	1	0	0	1	SELECT countIf(database = \'system\') as systemMerges, countIf(database != \'system\') as nonSystemMerges FROM system.merges
2026-08-01 11:32:43	26	3130	589315	129	SELECT CAST(\'0fc3eaab-fbcb-4533-8825-9be9faaea781\', \'UUID\') AS instance_id, CAST(\'c-boneaws-al-46-server-j62zx3k-0\', \'LowCardinality(String)\') AS node_id, CAST(name, \'LowCardinality(String)\') AS metric, CAST(mapFilter((k, v) -> has(_CAST([\'remote\'], \'Array(String)\'), k), labels), \'Map(LowCardinality
2026-08-01 11:32:45	2	0	0	1	             SELECT                 name,                 toJSONString(labels) as labels_serialized,                 value,                 help,                 type             FROM (                 SELECT   \'ClickHouse_CustomMetric_TotalMemoryUsedByMerges\' AS name,   toFloat64(SUM(memory_usage))
2026-08-01 11:32:45	2	13	6340	1	             SELECT                 name,                 toJSONString(labels) as labels_serialized,                 value,                 help,                 type             FROM (                 SELECT   \'ClickHouse_CustomMetric_TotalMemoryUsedByDictionaries\' AS name,   toFloat64(SUM(bytes_al
2026-08-01 11:32:49	1	1	1	1	SELECT displayName(), version(), revision(), timezone()
2026-08-01 11:32:50	5	115	28282	115	SELECT             name,             value,             help,             JSONExtract(labels_serialized, \'Map(String, String)\') as labels,             type         FROM merge(system, \'^_custom_metrics_dictionary_.*\')         FORMAT Prometheus
2026-08-01 11:32:50	2	15	1013	15	             SELECT                 name,                 toJSONString(labels) as labels_serialized,                 value,                 help,                 type             FROM (                 SELECT     \'ClickHouse_MetricsCollection_CustomMetricsSystemTable\' AS name,     toFloat64(1) AS va
2026-08-01 11:32:50	2	6	3896	0	             SELECT                 name,                 toJSONString(labels) as labels_serialized,                 value,                 help,                 type             FROM (                 SELECT   \'clickhouse_table_replica_readonly_start_timestamp_seconds\' as name,   toFloat64(toUnixTi
2026-08-01 11:32:50	1	1	1	1	SELECT 1;
2026-08-01 11:32:51	5	115	28282	115	SELECT             name,             value,             help,             JSONExtract(labels_serialized, \'Map(String, String)\') as labels,             type         FROM merge(system, \'^_custom_metrics_dictionary_.*\')         FORMAT Prometheus
2026-08-01 11:32:53	3	1	5438	1	SELECT count() FROM system.processes WHERE (initial_user NOT IN _CAST([\'backups-internal\', \'management-internal\', \'monitoring-internal\', \'observability-internal\', \'operator-internal\', \'prometheus-exporter\', \'prometheus-internal\', \'operator-cert-internal\', \'availability-monitoring-internal\', \'\'], \'Ar
2026-08-01 11:32:53	2	52	778	1	SELECT countIf(database = \'system\') as systemParts, countIf(database != \'system\') as nonSystemParts FROM system.parts where active
2026-08-01 11:32:53	2	0	0	1	SELECT countIf(database = \'system\') as systemMerges, countIf(database != \'system\') as nonSystemMerges FROM system.merges
2026-08-01 11:32:55	3	6	213	0	             SELECT                 name,                 toJSONString(labels) as labels_serialized,                 value,                 help,                 type             FROM (                 SELECT   \'ClickHouse_CustomMetric_DatabaseReplicatedRecoveryTime\' as name,   toFloat64(recovery_ti
2026-08-01 11:32:55	16	121	1694	1	SELECT avg(ProfileEvent_OSCPUWaitMicroseconds) as cpu_wait FROM  system.metric_log  WHERE event_time > now() - INTERVAL 2 MINUTE AND event_date >= yesterday()
2026-08-01 11:32:55	4	2	10208	2	SELECT count() as count, sum(elapsed) as total_elapsed, \'lh\' as usr FROM system.processes  WHERE user = \'observability-internal\' AND client_hostname LIKE \'loghouse-scraper%\'  UNION ALL SELECT count() as count, sum(elapsed) as total_elapsed, \'other\' as usr FROM system.processes  WHERE user != \'observ
2026-08-01 11:32:55	1	875	366447	1	SELECT value FROM system.asynchronous_metrics WHERE metric = \'OSMemoryAvailable\' ;
2026-08-01 11:33:00	2	0	0	1	             SELECT                 name,                 toJSONString(labels) as labels_serialized,                 value,                 help,                 type             FROM (                 SELECT   \'ClickHouse_CustomMetric_TotalMemoryUsedByAsynchronousInserts\' AS name,   toFloat64(SUM(t
2026-08-01 11:33:00	2	0	0	0	             SELECT                 name,                 toJSONString(labels) as labels_serialized,                 value,                 help,                 type             FROM (                 SELECT   \'ClickHouse_CustomMetric_FailedMutations\' as name,   toFloat64(count()) as value,   \'The 
2026-08-01 11:33:00	6	115	28282	115	SELECT             name,             value,             help,             JSONExtract(labels_serialized, \'Map(String, String)\') as labels,             type         FROM merge(system, \'^_custom_metrics_dictionary_.*\')         FORMAT Prometheus
2026-08-01 11:33:03	3	2	12834	1	SELECT count() FROM system.processes WHERE (initial_user NOT IN _CAST([\'backups-internal\', \'management-internal\', \'monitoring-internal\', \'observability-internal\', \'operator-internal\', \'prometheus-exporter\', \'prometheus-internal\', \'operator-cert-internal\', \'availability-monitoring-internal\', \'\'], \'Ar
2026-08-01 11:33:03	2	55	823	1	SELECT countIf(database = \'system\') as systemParts, countIf(database != \'system\') as nonSystemParts FROM system.parts where active
2026-08-01 11:33:03	1	0	0	1	SELECT countIf(database = \'system\') as systemMerges, countIf(database != \'system\') as nonSystemMerges FROM system.merges
2026-08-01 11:33:03	24	3132	589577	129	SELECT CAST(\'0fc3eaab-fbcb-4533-8825-9be9faaea781\', \'UUID\') AS instance_id, CAST(\'c-boneaws-al-46-server-j62zx3k-0\', \'LowCardinality(String)\') AS node_id, CAST(name, \'LowCardinality(String)\') AS metric, CAST(mapFilter((k, v) -> has(_CAST([\'remote\'], \'Array(String)\'), k), labels), \'Map(LowCardinality
2026-08-01 11:33:05	2	1	5022	1	             SELECT                 name,                 toJSONString(labels) as labels_serialized,                 value,                 help,                 type             FROM (                 SELECT   \'ClickHouse_CustomMetric_TotalMemoryUsedByQueries\' AS name,   toFloat64(SUM(peak_memory_u
2026-08-01 11:33:10	2	6	2128	6	             SELECT                 name,                 toJSONString(labels) as labels_serialized,                 value,                 help,                 type             FROM (                 SELECT   concat(\'clickhouse_\', system.dimensional_metrics.metric) AS name,   toFloat64(system.dime
2026-08-01 11:33:10	2	15	1013	15	             SELECT                 name,                 toJSONString(labels) as labels_serialized,                 value,                 help,                 type             FROM (                 SELECT     \'ClickHouse_MetricsCollection_CustomMetricsSystemTable\' AS name,     toFloat64(1) AS va
2026-08-01 11:33:13	3	1	5438	1	SELECT count() FROM system.processes WHERE (initial_user NOT IN _CAST([\'backups-internal\', \'management-internal\', \'monitoring-internal\', \'observability-internal\', \'operator-internal\', \'prometheus-exporter\', \'prometheus-internal\', \'operator-cert-internal\', \'availability-monitoring-internal\', \'\'], \'Ar
2026-08-01 11:33:13	2	56	838	1	SELECT countIf(database = \'system\') as systemParts, countIf(database != \'system\') as nonSystemParts FROM system.parts where active
2026-08-01 11:33:13	2	0	0	1	SELECT countIf(database = \'system\') as systemMerges, countIf(database != \'system\') as nonSystemMerges FROM system.merges
2026-08-01 11:33:20	5	115	28282	115	SELECT             name,             value,             help,             JSONExtract(labels_serialized, \'Map(String, String)\') as labels,             type         FROM merge(system, \'^_custom_metrics_dictionary_.*\')         FORMAT Prometheus
2026-08-01 11:33:20	2	59	472	1	             SELECT                 name,                 toJSONString(labels) as labels_serialized,                 value,                 help,                 type             FROM (                 SELECT   \'ClickHouse_CustomMetric_TotalMemoryUsedByDataSkippingIndices\' AS name,   toFloat64(SUM(d
2026-08-01 11:33:20	2	13	6340	1	             SELECT                 name,                 toJSONString(labels) as labels_serialized,                 value,                 help,                 type             FROM (                 SELECT   \'ClickHouse_CustomMetric_TotalMemoryUsedByDictionaries\' AS name,   toFloat64(SUM(bytes_al
2026-08-01 11:33:21	6	115	28282	115	SELECT             name,             value,             help,             JSONExtract(labels_serialized, \'Map(String, String)\') as labels,             type         FROM merge(system, \'^_custom_metrics_dictionary_.*\')         FORMAT Prometheus
2026-08-01 11:33:23	3	2	12834	1	SELECT count() FROM system.processes WHERE (initial_user NOT IN _CAST([\'backups-internal\', \'management-internal\', \'monitoring-internal\', \'observability-internal\', \'operator-internal\', \'prometheus-exporter\', \'prometheus-internal\', \'operator-cert-internal\', \'availability-monitoring-internal\', \'\'], \'Ar
2026-08-01 11:33:23	2	51	763	1	SELECT countIf(database = \'system\') as systemParts, countIf(database != \'system\') as nonSystemParts FROM system.parts where active
2026-08-01 11:33:23	2	0	0	1	SELECT countIf(database = \'system\') as systemMerges, countIf(database != \'system\') as nonSystemMerges FROM system.merges
2026-08-01 11:33:23	25	3132	589577	129	SELECT CAST(\'0fc3eaab-fbcb-4533-8825-9be9faaea781\', \'UUID\') AS instance_id, CAST(\'c-boneaws-al-46-server-j62zx3k-0\', \'LowCardinality(String)\') AS node_id, CAST(name, \'LowCardinality(String)\') AS metric, CAST(mapFilter((k, v) -> has(_CAST([\'remote\'], \'Array(String)\'), k), labels), \'Map(LowCardinality
2026-08-01 11:33:25	3	0	0	0	SELECT now64(6) as scrape_time_microseconds, \'j62zx3k\' AS pod_ident, \'boneaws-al-46\' AS spoken_name, \'cell-1\' AS cell, \'ap-south-1\' AS region, \'aws\' AS cloud_provider, \'26.2.1.525\' AS clickhouse_version, \'0fc3eaab-fbcb-4533-8825-9be9faaea781\' AS control_plane_id, \'aarch64\' AS system_processor, * FRO
2026-08-01 11:33:25	1	0	0	1	             SELECT                 name,                 toJSONString(labels) as labels_serialized,                 value,                 help,                 type             FROM (                 SELECT   \'ClickHouse_CustomMetric_TotalMemoryUsedByAsynchronousInserts\' AS name,   toFloat64(SUM(t
2026-08-01 11:33:25	2	0	0	0	             SELECT                 name,                 toJSONString(labels) as labels_serialized,                 value,                 help,                 type             FROM (                 SELECT   \'ClickHouse_CustomMetric_FailedMutations\' as name,   toFloat64(count()) as value,   \'The 
2026-08-01 11:33:25	3	6	213	0	             SELECT                 name,                 toJSONString(labels) as labels_serialized,                 value,                 help,                 type             FROM (                 SELECT   \'ClickHouse_CustomMetric_SharedCatalogRecoveryTime\' as name,   toFloat64(recovery_time) a
2026-08-01 11:33:25	13	271	3794	1	SELECT avg(ProfileEvent_OSCPUWaitMicroseconds) as cpu_wait FROM  system.metric_log  WHERE event_time > now() - INTERVAL 2 MINUTE AND event_date >= yesterday()
2026-08-01 11:33:25	4	2	10208	2	SELECT count() as count, sum(elapsed) as total_elapsed, \'lh\' as usr FROM system.processes  WHERE user = \'observability-internal\' AND client_hostname LIKE \'loghouse-scraper%\'  UNION ALL SELECT count() as count, sum(elapsed) as total_elapsed, \'other\' as usr FROM system.processes  WHERE user != \'observ
2026-08-01 11:33:25	1	876	366589	1	SELECT value FROM system.asynchronous_metrics WHERE metric = \'OSMemoryAvailable\' ;
2026-08-01 11:33:26	3	0	0	0	SELECT now64(6) as scrape_time_microseconds, \'j62zx3k\' AS pod_ident, \'boneaws-al-46\' AS spoken_name, \'cell-1\' AS cell, \'ap-south-1\' AS region, \'aws\' AS cloud_provider, \'26.2.1.525\' AS clickhouse_version, \'0fc3eaab-fbcb-4533-8825-9be9faaea781\' AS control_plane_id, \'aarch64\' AS system_processor, * FRO
2026-08-01 11:33:27	5	0	0	0	SELECT now64(6) as scrape_time_microseconds, \'j62zx3k\' AS pod_ident, \'boneaws-al-46\' AS spoken_name, \'cell-1\' AS cell, \'ap-south-1\' AS region, \'aws\' AS cloud_provider, \'26.2.1.525\' AS clickhouse_version, \'0fc3eaab-fbcb-4533-8825-9be9faaea781\' AS control_plane_id, \'aarch64\' AS system_processor, * FRO
2026-08-01 11:33:28	3	0	0	0	SELECT now64(6) as scrape_time_microseconds, \'j62zx3k\' AS pod_ident, \'boneaws-al-46\' AS spoken_name, \'cell-1\' AS cell, \'ap-south-1\' AS region, \'aws\' AS cloud_provider, \'26.2.1.525\' AS clickhouse_version, \'0fc3eaab-fbcb-4533-8825-9be9faaea781\' AS control_plane_id, \'aarch64\' AS system_processor, * FRO
2026-08-01 11:33:29	3	0	0	0	SELECT now64(6) as scrape_time_microseconds, \'j62zx3k\' AS pod_ident, \'boneaws-al-46\' AS spoken_name, \'cell-1\' AS cell, \'ap-south-1\' AS region, \'aws\' AS cloud_provider, \'26.2.1.525\' AS clickhouse_version, \'0fc3eaab-fbcb-4533-8825-9be9faaea781\' AS control_plane_id, \'aarch64\' AS system_processor, * FRO
2026-08-01 11:33:30	3	0	0	0	SELECT now64(6) as scrape_time_microseconds, \'j62zx3k\' AS pod_ident, \'boneaws-al-46\' AS spoken_name, \'cell-1\' AS cell, \'ap-south-1\' AS region, \'aws\' AS cloud_provider, \'26.2.1.525\' AS clickhouse_version, \'0fc3eaab-fbcb-4533-8825-9be9faaea781\' AS control_plane_id, \'aarch64\' AS system_processor, * FRO
2026-08-01 11:33:30	3	6	213	0	             SELECT                 name,                 toJSONString(labels) as labels_serialized,                 value,                 help,                 type             FROM (                 SELECT   \'ClickHouse_CustomMetric_SharedCatalogRecoveryTime\' as name,   toFloat64(recovery_time) a
2026-08-01 11:33:30	5	109	26980	109	SELECT             name,             value,             help,             JSONExtract(labels_serialized, \'Map(String, String)\') as labels,             type         FROM merge(system, \'^_custom_metrics_dictionary_.*\')         FORMAT Prometheus
2026-08-01 11:33:31	4	8	32	0	SELECT now64(6) as scrape_time_microseconds, \'j62zx3k\' AS pod_ident, \'boneaws-al-46\' AS spoken_name, \'cell-1\' AS cell, \'ap-south-1\' AS region, \'aws\' AS cloud_provider, \'26.2.1.525\' AS clickhouse_version, \'0fc3eaab-fbcb-4533-8825-9be9faaea781\' AS control_plane_id, \'aarch64\' AS system_processor, * FRO
2026-08-01 11:33:31	1	1	1	1	SELECT displayName(), version(), revision(), timezone()
2026-08-01 11:33:31	1	1	1	1	SELECT 1;
2026-08-01 11:33:32	3	0	0	0	SELECT now64(6) as scrape_time_microseconds, \'j62zx3k\' AS pod_ident, \'boneaws-al-46\' AS spoken_name, \'cell-1\' AS cell, \'ap-south-1\' AS region, \'aws\' AS cloud_provider, \'26.2.1.525\' AS clickhouse_version, \'0fc3eaab-fbcb-4533-8825-9be9faaea781\' AS control_plane_id, \'aarch64\' AS system_processor, * FRO
2026-08-01 11:33:33	3	0	0	0	SELECT now64(6) as scrape_time_microseconds, \'j62zx3k\' AS pod_ident, \'boneaws-al-46\' AS spoken_name, \'cell-1\' AS cell, \'ap-south-1\' AS region, \'aws\' AS cloud_provider, \'26.2.1.525\' AS clickhouse_version, \'0fc3eaab-fbcb-4533-8825-9be9faaea781\' AS control_plane_id, \'aarch64\' AS system_processor, * FRO
2026-08-01 11:33:33	3	1	5438	1	SELECT count() FROM system.processes WHERE (initial_user NOT IN _CAST([\'backups-internal\', \'management-internal\', \'monitoring-internal\', \'observability-internal\', \'operator-internal\', \'prometheus-exporter\', \'prometheus-internal\', \'operator-cert-internal\', \'availability-monitoring-internal\', \'\'], \'Ar
2026-08-01 11:33:33	2	54	808	1	SELECT countIf(database = \'system\') as systemParts, countIf(database != \'system\') as nonSystemParts FROM system.parts where active
2026-08-01 11:33:33	2	0	0	1	SELECT countIf(database = \'system\') as systemMerges, countIf(database != \'system\') as nonSystemMerges FROM system.merges
2026-08-01 11:33:34	7	8192	854479	796	SELECT now64(6) as scrape_time_microseconds, \'j62zx3k\' AS pod_ident, \'boneaws-al-46\' AS spoken_name, \'cell-1\' AS cell, \'ap-south-1\' AS region, \'aws\' AS cloud_provider, \'26.2.1.525\' AS clickhouse_version, \'0fc3eaab-fbcb-4533-8825-9be9faaea781\' AS control_plane_id, \'aarch64\' AS system_processor, * FRO
2026-08-01 11:33:35	77	0	0	0	SELECT now64(6) as scrape_time_microseconds, \'j62zx3k\' AS pod_ident, \'boneaws-al-46\' AS spoken_name, \'cell-1\' AS cell, \'ap-south-1\' AS region, \'aws\' AS cloud_provider, \'26.2.1.525\' AS clickhouse_version, \'0fc3eaab-fbcb-4533-8825-9be9faaea781\' AS control_plane_id, \'aarch64\' AS system_processor, * FRO
2026-08-01 11:33:35	2	3	7554	1	             SELECT                 name,                 toJSONString(labels) as labels_serialized,                 value,                 help,                 type             FROM (                 SELECT   \'ClickHouse_CustomMetric_TotalMemoryUsedByQueries\' AS name,   toFloat64(SUM(peak_memory_u
2026-08-01 11:33:35	2	13	6340	1	             SELECT                 name,                 toJSONString(labels) as labels_serialized,                 value,                 help,                 type             FROM (                 SELECT   \'ClickHouse_CustomMetric_TotalMemoryUsedByDictionaries\' AS name,   toFloat64(SUM(bytes_al
2026-08-01 11:33:35	2	6	3896	0	             SELECT                 name,                 toJSONString(labels) as labels_serialized,                 value,                 help,                 type             FROM (                 SELECT   \'clickhouse_table_replica_readonly_start_timestamp_seconds\' as name,   toFloat64(toUnixTi
2026-08-01 11:33:36	4	0	0	0	SELECT now64(6) as scrape_time_microseconds, \'j62zx3k\' AS pod_ident, \'boneaws-al-46\' AS spoken_name, \'cell-1\' AS cell, \'ap-south-1\' AS region, \'aws\' AS cloud_provider, \'26.2.1.525\' AS clickhouse_version, \'0fc3eaab-fbcb-4533-8825-9be9faaea781\' AS control_plane_id, \'aarch64\' AS system_processor, * FRO
2026-08-01 11:33:37	7	865	540282	38	SELECT now64(6) as scrape_time_microseconds, \'j62zx3k\' AS pod_ident, \'boneaws-al-46\' AS spoken_name, \'cell-1\' AS cell, \'ap-south-1\' AS region, \'aws\' AS cloud_provider, \'26.2.1.525\' AS clickhouse_version, \'0fc3eaab-fbcb-4533-8825-9be9faaea781\' AS control_plane_id, \'aarch64\' AS system_processor, * FRO
2026-08-01 11:33:38	15	16551	3923402	4475	SELECT now64(6) as scrape_time_microseconds, \'j62zx3k\' AS pod_ident, \'boneaws-al-46\' AS spoken_name, \'cell-1\' AS cell, \'ap-south-1\' AS region, \'aws\' AS cloud_provider, \'26.2.1.525\' AS clickhouse_version, \'0fc3eaab-fbcb-4533-8825-9be9faaea781\' AS control_plane_id, \'aarch64\' AS system_processor, * FRO
2026-08-01 11:33:39	17	16991	4037786	9878	SELECT now64(6) as scrape_time_microseconds, \'j62zx3k\' AS pod_ident, \'boneaws-al-46\' AS spoken_name, \'cell-1\' AS cell, \'ap-south-1\' AS region, \'aws\' AS cloud_provider, \'26.2.1.525\' AS clickhouse_version, \'0fc3eaab-fbcb-4533-8825-9be9faaea781\' AS control_plane_id, \'aarch64\' AS system_processor, * FRO
2026-08-01 11:33:40	30	4596	10052740	326	SELECT now64(6) as scrape_time_microseconds, \'j62zx3k\' AS pod_ident, \'boneaws-al-46\' AS spoken_name, \'cell-1\' AS cell, \'ap-south-1\' AS region, \'aws\' AS cloud_provider, \'26.2.1.525\' AS clickhouse_version, \'0fc3eaab-fbcb-4533-8825-9be9faaea781\' AS control_plane_id, \'aarch64\' AS system_processor, * FRO
2026-08-01 11:33:41	171	787	2057584	120	SELECT now64(6) as scrape_time_microseconds, \'j62zx3k\' AS pod_ident, \'boneaws-al-46\' AS spoken_name, \'cell-1\' AS cell, \'ap-south-1\' AS region, \'aws\' AS cloud_provider, \'26.2.1.525\' AS clickhouse_version, \'0fc3eaab-fbcb-4533-8825-9be9faaea781\' AS control_plane_id, \'aarch64\' AS system_processor, * FRO
2026-08-01 11:33:42	10	2026	1150361	129	SELECT now64(6) as scrape_time_microseconds, \'j62zx3k\' AS pod_ident, \'boneaws-al-46\' AS spoken_name, \'cell-1\' AS cell, \'ap-south-1\' AS region, \'aws\' AS cloud_provider, \'26.2.1.525\' AS clickhouse_version, \'0fc3eaab-fbcb-4533-8825-9be9faaea781\' AS control_plane_id, \'aarch64\' AS system_processor, * FRO
2026-08-01 11:33:43	3	0	0	0	SELECT now64(6) as scrape_time_microseconds, \'j62zx3k\' AS pod_ident, \'boneaws-al-46\' AS spoken_name, \'cell-1\' AS cell, \'ap-south-1\' AS region, \'aws\' AS cloud_provider, \'26.2.1.525\' AS clickhouse_version, \'0fc3eaab-fbcb-4533-8825-9be9faaea781\' AS control_plane_id, \'aarch64\' AS system_processor, * FRO
2026-08-01 11:33:43	3	2	12834	1	SELECT count() FROM system.processes WHERE (initial_user NOT IN _CAST([\'backups-internal\', \'management-internal\', \'monitoring-internal\', \'observability-internal\', \'operator-internal\', \'prometheus-exporter\', \'prometheus-internal\', \'operator-cert-internal\', \'availability-monitoring-internal\', \'\'], \'Ar
2026-08-01 11:33:43	2	47	703	1	SELECT countIf(database = \'system\') as systemParts, countIf(database != \'system\') as nonSystemParts FROM system.parts where active
2026-08-01 11:33:43	2	0	0	1	SELECT countIf(database = \'system\') as systemMerges, countIf(database != \'system\') as nonSystemMerges FROM system.merges
2026-08-01 11:33:43	24	3126	588897	129	SELECT CAST(\'0fc3eaab-fbcb-4533-8825-9be9faaea781\', \'UUID\') AS instance_id, CAST(\'c-boneaws-al-46-server-j62zx3k-0\', \'LowCardinality(String)\') AS node_id, CAST(name, \'LowCardinality(String)\') AS metric, CAST(mapFilter((k, v) -> has(_CAST([\'remote\'], \'Array(String)\'), k), labels), \'Map(LowCardinality
2026-08-01 11:33:44	8	4584	1367523	305	SELECT now64(6) as scrape_time_microseconds, \'j62zx3k\' AS pod_ident, \'boneaws-al-46\' AS spoken_name, \'cell-1\' AS cell, \'ap-south-1\' AS region, \'aws\' AS cloud_provider, \'26.2.1.525\' AS clickhouse_version, \'0fc3eaab-fbcb-4533-8825-9be9faaea781\' AS control_plane_id, \'aarch64\' AS system_processor, * FRO
2026-08-01 11:33:45	110	1638400	26267571	105343	SELECT now64(6) as scrape_time_microseconds, \'j62zx3k\' AS pod_ident, \'boneaws-al-46\' AS spoken_name, \'cell-1\' AS cell, \'ap-south-1\' AS region, \'aws\' AS cloud_provider, \'26.2.1.525\' AS clickhouse_version, \'0fc3eaab-fbcb-4533-8825-9be9faaea781\' AS control_plane_id, \'aarch64\' AS system_processor, * FRO
2026-08-01 11:33:45	1	0	0	1	             SELECT                 name,                 toJSONString(labels) as labels_serialized,                 value,                 help,                 type             FROM (                 SELECT   \'ClickHouse_CustomMetric_TotalMemoryUsedByMerges\' AS name,   toFloat64(SUM(memory_usage))
2026-08-01 11:33:45	2	59	472	1	             SELECT                 name,                 toJSONString(labels) as labels_serialized,                 value,                 help,                 type             FROM (                 SELECT   \'ClickHouse_CustomMetric_TotalMemoryUsedByDataSkippingIndices\' AS name,   toFloat64(SUM(d
2026-08-01 11:33:45	2	6	3896	0	             SELECT                 name,                 toJSONString(labels) as labels_serialized,                 value,                 help,                 type             FROM (                 SELECT   \'clickhouse_table_replica_readonly_start_timestamp_seconds\' as name,   toFloat64(toUnixTi
2026-08-01 11:33:46	17	20771	5160801	10195	SELECT now64(6) as scrape_time_microseconds, \'j62zx3k\' AS pod_ident, \'boneaws-al-46\' AS spoken_name, \'cell-1\' AS cell, \'ap-south-1\' AS region, \'aws\' AS cloud_provider, \'26.2.1.525\' AS clickhouse_version, \'0fc3eaab-fbcb-4533-8825-9be9faaea781\' AS control_plane_id, \'aarch64\' AS system_processor, * FRO
2026-08-01 11:33:50	6	109	26980	109	SELECT             name,             value,             help,             JSONExtract(labels_serialized, \'Map(String, String)\') as labels,             type         FROM merge(system, \'^_custom_metrics_dictionary_.*\')         FORMAT Prometheus
2026-08-01 11:33:50	3	6	213	0	             SELECT                 name,                 toJSONString(labels) as labels_serialized,                 value,                 help,                 type             FROM (                 SELECT   \'ClickHouse_CustomMetric_DatabaseReplicatedRecoveryTime\' as name,   toFloat64(recovery_ti
2026-08-01 11:33:51	6	109	26980	109	SELECT             name,             value,             help,             JSONExtract(labels_serialized, \'Map(String, String)\') as labels,             type         FROM merge(system, \'^_custom_metrics_dictionary_.*\')         FORMAT Prometheus
2026-08-01 11:33:53	3	1	5438	1	SELECT count() FROM system.processes WHERE (initial_user NOT IN _CAST([\'backups-internal\', \'management-internal\', \'monitoring-internal\', \'observability-internal\', \'operator-internal\', \'prometheus-exporter\', \'prometheus-internal\', \'operator-cert-internal\', \'availability-monitoring-internal\', \'\'], \'Ar
2026-08-01 11:33:53	2	41	613	1	SELECT countIf(database = \'system\') as systemParts, countIf(database != \'system\') as nonSystemParts FROM system.parts where active
2026-08-01 11:33:53	2	0	0	1	SELECT countIf(database = \'system\') as systemMerges, countIf(database != \'system\') as nonSystemMerges FROM system.merges
2026-08-01 11:33:55	4	2	10208	2	SELECT count() as count, sum(elapsed) as total_elapsed, \'lh\' as usr FROM system.processes  WHERE user = \'observability-internal\' AND client_hostname LIKE \'loghouse-scraper%\'  UNION ALL SELECT count() as count, sum(elapsed) as total_elapsed, \'other\' as usr FROM system.processes  WHERE user != \'observ
2026-08-01 11:33:55	2	3	7539	1	             SELECT                 name,                 toJSONString(labels) as labels_serialized,                 value,                 help,                 type             FROM (                 SELECT   \'ClickHouse_CustomMetric_TotalMemoryUsedByQueries\' AS name,   toFloat64(SUM(peak_memory_u
2026-08-01 11:33:55	2	15	1013	15	             SELECT                 name,                 toJSONString(labels) as labels_serialized,                 value,                 help,                 type             FROM (                 SELECT     \'ClickHouse_MetricsCollection_CustomMetricsSystemTable\' AS name,     toFloat64(1) AS va
2026-08-01 11:33:55	14	302	4228	1	SELECT avg(ProfileEvent_OSCPUWaitMicroseconds) as cpu_wait FROM  system.metric_log  WHERE event_time > now() - INTERVAL 2 MINUTE AND event_date >= yesterday()
2026-08-01 11:33:55	1	0	0	1	             SELECT                 name,                 toJSONString(labels) as labels_serialized,                 value,                 help,                 type             FROM (                 SELECT   \'ClickHouse_CustomMetric_TotalMemoryUsedByAsynchronousInserts\' AS name,   toFloat64(SUM(t
2026-08-01 11:33:55	1	876	366589	1	SELECT value FROM system.asynchronous_metrics WHERE metric = \'OSMemoryAvailable\' ;
2026-08-01 11:34:00	6	109	26980	109	SELECT             name,             value,             help,             JSONExtract(labels_serialized, \'Map(String, String)\') as labels,             type         FROM merge(system, \'^_custom_metrics_dictionary_.*\')         FORMAT Prometheus
2026-08-01 11:34:03	2	2	12834	1	SELECT count() FROM system.processes WHERE (initial_user NOT IN _CAST([\'backups-internal\', \'management-internal\', \'monitoring-internal\', \'observability-internal\', \'operator-internal\', \'prometheus-exporter\', \'prometheus-internal\', \'operator-cert-internal\', \'availability-monitoring-internal\', \'\'], \'Ar
2026-08-01 11:34:03	2	39	583	1	SELECT countIf(database = \'system\') as systemParts, countIf(database != \'system\') as nonSystemParts FROM system.parts where active
2026-08-01 11:34:03	2	0	0	1	SELECT countIf(database = \'system\') as systemMerges, countIf(database != \'system\') as nonSystemMerges FROM system.merges
2026-08-01 11:34:03	24	3126	588897	129	SELECT CAST(\'0fc3eaab-fbcb-4533-8825-9be9faaea781\', \'UUID\') AS instance_id, CAST(\'c-boneaws-al-46-server-j62zx3k-0\', \'LowCardinality(String)\') AS node_id, CAST(name, \'LowCardinality(String)\') AS metric, CAST(mapFilter((k, v) -> has(_CAST([\'remote\'], \'Array(String)\'), k), labels), \'Map(LowCardinality
2026-08-01 11:34:05	1	6	2128	6	             SELECT                 name,                 toJSONString(labels) as labels_serialized,                 value,                 help,                 type             FROM (                 SELECT   concat(\'clickhouse_\', system.dimensional_metrics.metric) AS name,   toFloat64(system.dime
2026-08-01 11:34:05	2	0	0	1	             SELECT                 name,                 toJSONString(labels) as labels_serialized,                 value,                 help,                 type             FROM (                 SELECT   \'ClickHouse_CustomMetric_TotalMemoryUsedByMerges\' AS name,   toFloat64(SUM(memory_usage))
2026-08-01 11:34:05	2	13	6340	1	             SELECT                 name,                 toJSONString(labels) as labels_serialized,                 value,                 help,                 type             FROM (                 SELECT   \'ClickHouse_CustomMetric_TotalMemoryUsedByDictionaries\' AS name,   toFloat64(SUM(bytes_al
2026-08-01 11:34:05	3	6	213	0	             SELECT                 name,                 toJSONString(labels) as labels_serialized,                 value,                 help,                 type             FROM (                 SELECT   \'ClickHouse_CustomMetric_SharedCatalogRecoveryTime\' as name,   toFloat64(recovery_time) a
2026-08-01 11:34:10	1	6	2128	6	             SELECT                 name,                 toJSONString(labels) as labels_serialized,                 value,                 help,                 type             FROM (                 SELECT   concat(\'clickhouse_\', system.dimensional_metrics.metric) AS name,   toFloat64(system.dime
2026-08-01 11:34:10	2	13	6340	1	             SELECT                 name,                 toJSONString(labels) as labels_serialized,                 value,                 help,                 type             FROM (                 SELECT   \'ClickHouse_CustomMetric_TotalMemoryUsedByDictionaries\' AS name,   toFloat64(SUM(bytes_al
2026-08-01 11:34:13	3	1	5438	1	SELECT count() FROM system.processes WHERE (initial_user NOT IN _CAST([\'backups-internal\', \'management-internal\', \'monitoring-internal\', \'observability-internal\', \'operator-internal\', \'prometheus-exporter\', \'prometheus-internal\', \'operator-cert-internal\', \'availability-monitoring-internal\', \'\'], \'Ar
2026-08-01 11:34:13	2	40	598	1	SELECT countIf(database = \'system\') as systemParts, countIf(database != \'system\') as nonSystemParts FROM system.parts where active
2026-08-01 11:34:13	2	0	0	1	SELECT countIf(database = \'system\') as systemMerges, countIf(database != \'system\') as nonSystemMerges FROM system.merges
2026-08-01 11:34:14	1	1	16	1	SELECT count() FROM sony.raw_events FORMAT TabSeparated 
2026-08-01 11:34:15	35	905558	909125	1	SELECT arrayStringConcat(groupUniqArray(event_type), \',\') FROM sony.raw_events WHERE event_type NOT IN (\'VideoSessionStart\',\'VideoPlay\',\'VideoHeartbeat\',\'AppBackgrounded\',\'AppForegrounded\',\'VideoSessionEnd\',\'VideoError\') FORMAT TabSeparated 
2026-08-01 11:34:17	1081	939022	142644980	35901	INSERT INTO sony.session_active_intervals WITH                    toInt64(120000) AS gap_timeout,     toInt64(0)   AS gap_grace,     toInt64(1785065404847)   AS watermark SELECT     video_session_id,     (iv.1) AS interval_seq,     fromUnixTimestamp64Milli(iv.2, \'UTC\')  AS active_start,     fromUni
2026-08-01 11:34:18	9	35901	2798674	1	SELECT countIf(is_open) FROM sony.session_active_intervals FINAL FORMAT TabSeparated 
2026-08-01 11:34:18	9	35901	3085882	1	SELECT round(sum(duration_ms)/3600000,2) FROM sony.session_active_intervals FINAL FORMAT TabSeparated 
2026-08-01 11:34:19	644	71802	6894952	35692	INSERT INTO sony.concurrency_minute_delta SELECT platform, country, video_type, content_id, minute, sum(d) AS delta FROM (     SELECT platform, country, video_type, content_id,            toDateTime(intDiv(active_start_ms, 60000) * 60, \'UTC\') AS minute,            1 AS d     FROM sony.session_active
2026-08-01 11:34:20	5	109	26980	109	SELECT             name,             value,             help,             JSONExtract(labels_serialized, \'Map(String, String)\') as labels,             type         FROM merge(system, \'^_custom_metrics_dictionary_.*\')         FORMAT Prometheus
2026-08-01 11:34:20	1	0	0	1	             SELECT                 name,                 toJSONString(labels) as labels_serialized,                 value,                 help,                 type             FROM (                 SELECT   \'ClickHouse_CustomMetric_TotalMemoryUsedByAsynchronousInserts\' AS name,   toFloat64(SUM(t
2026-08-01 11:34:20	2	0	0	0	             SELECT                 name,                 toJSONString(labels) as labels_serialized,                 value,                 help,                 type             FROM (                 SELECT   \'ClickHouse_CustomMetric_FailedMutations\' as name,   toFloat64(count()) as value,   \'The 
2026-08-01 11:34:20	2	15	1013	15	             SELECT                 name,                 toJSONString(labels) as labels_serialized,                 value,                 help,                 type             FROM (                 SELECT     \'ClickHouse_MetricsCollection_CustomMetricsSystemTable\' AS name,     toFloat64(1) AS va
2026-08-01 11:34:20	2	5	10099	1	             SELECT                 name,                 toJSONString(labels) as labels_serialized,                 value,                 help,                 type             FROM (                 SELECT   \'ClickHouse_CustomMetric_TotalMemoryUsedByQueries\' AS name,   toFloat64(SUM(peak_memory_u
2026-08-01 11:34:20	2	59	472	1	             SELECT                 name,                 toJSONString(labels) as labels_serialized,                 value,                 help,                 type             FROM (                 SELECT   \'ClickHouse_CustomMetric_TotalMemoryUsedByDataSkippingIndices\' AS name,   toFloat64(SUM(d
2026-08-01 11:34:20	2	1	16	1	SELECT count() FROM sony.concurrency_hourly_checkpoint FORMAT TabSeparated 
2026-08-01 11:34:21	5	109	26980	109	SELECT             name,             value,             help,             JSONExtract(labels_serialized, \'Map(String, String)\') as labels,             type         FROM merge(system, \'^_custom_metrics_dictionary_.*\')         FORMAT Prometheus
2026-08-01 11:34:21	9	35901	3085882	1	SELECT toString(toDateTime(intDiv(min(active_start_ms),60000)*60,\'UTC\')) FROM sony.session_active_intervals FINAL FORMAT TabSeparated 
2026-08-01 11:34:21	2	7	168	1	SELECT toString(min(minute)) FROM sony.concurrency_minute_delta FORMAT TabSeparated 
2026-08-01 11:34:22	4	31522	252176	1	SELECT toString(toDate(argMax(minute, delta))) FROM sony.concurrency_minute_delta FORMAT TabSeparated 
2026-08-01 11:34:23	4	0	0	0	WITH source AS (SELECT [\'matview_execution_total\', if(exception_code != 0, \'matview_execution_fail\', \'\')] AS metrics, event_time AS ts FROM system.query_views_log WHERE (status != \'QueryStart\') AND (event_date >= toDate(_CAST(\'1785583908.069\', \'DateTime64\'))) AND (event_time >= toDateTime(_CAST(\'178
2026-08-01 11:34:23	5	378	114440	5	WITH metrics AS (SELECT name AS metric, toFloat64(value) AS val, now() AS ts FROM system.server_settings WHERE multiMatchAny(name, _CAST([\'^max_database_num_to_throw$\', \'^max_database_num_to_warn$\', \'^max_table_num_to_throw$\', \'^max_table_num_to_warn$\', \'^max_concurrent_queries$\'], \'Array(String)\'))
2026-08-01 11:34:23	8	126307	1965412	1560	SELECT CAST(\'0fc3eaab-fbcb-4533-8825-9be9faaea781\', \'UUID\') AS control_plane_id, CAST(\'c-boneaws-al-46-server-j62zx3k-0\', \'LowCardinality(String)\') AS pod_id, CAST(now64(), \'DateTime64(6)\') AS scrape_ts_microseconds, CAST(event_date, \'Date\') AS event_date, CAST(event_time, \'DateTime\') AS event_time,
2026-08-01 11:34:23	9	0	0	1	WITH failed_mutations AS (SELECT toDateTime(create_time) AS ts, count() AS val FROM system.mutations WHERE (ts > toDateTime(_CAST(\'1785583908.069\', \'DateTime64\'))) AND (ts <= toDateTime(_CAST(\'1785584028.069\', \'DateTime64\'))) AND (latest_failed_part != \'\') AND (is_done = 0) GROUP BY ts), failed_muta
2026-08-01 11:34:23	11	2162	32416	14	WITH metrics AS (SELECT multiIf((event_type = \'MergeParts\') AND (error = 0), \'merges_finished\', (event_type = \'MergeParts\') AND (error != 0), \'merges_failed\', (event_type = \'MutatePart\') AND (error = 0), \'mutate_part_finished\', (event_type = \'MutatePart\') AND (error != 0), \'mutate_part_failed\', NULL
2026-08-01 11:34:23	3	7	36834	1	SELECT count() FROM system.processes WHERE (initial_user NOT IN _CAST([\'backups-internal\', \'management-internal\', \'monitoring-internal\', \'observability-internal\', \'operator-internal\', \'prometheus-exporter\', \'prometheus-internal\', \'operator-cert-internal\', \'availability-monitoring-internal\', \'\'], \'Ar
2026-08-01 11:34:23	2	68	974	1	SELECT countIf(database = \'system\') as systemParts, countIf(database != \'system\') as nonSystemParts FROM system.parts where active
2026-08-01 11:34:23	25	3142	591281	129	SELECT CAST(\'0fc3eaab-fbcb-4533-8825-9be9faaea781\', \'UUID\') AS instance_id, CAST(\'c-boneaws-al-46-server-j62zx3k-0\', \'LowCardinality(String)\') AS node_id, CAST(name, \'LowCardinality(String)\') AS metric, CAST(mapFilter((k, v) -> has(_CAST([\'remote\'], \'Array(String)\'), k), labels), \'Map(LowCardinality
2026-08-01 11:34:23	1	0	0	1	SELECT countIf(database = \'system\') as systemMerges, countIf(database != \'system\') as nonSystemMerges FROM system.merges
2026-08-01 11:34:23	55	332	100750	120	SELECT CAST(\'0fc3eaab-fbcb-4533-8825-9be9faaea781\', \'UUID\') AS control_plane_id, CAST(\'c-boneaws-al-46-server-j62zx3k-0\', \'LowCardinality(String)\') AS pod_id, CAST(now64(), \'DateTime64(6)\') AS scrape_ts_microseconds, CAST(event_date, \'Date\') AS event_date, CAST(event_time, \'DateTime\') AS event_time,
2026-08-01 11:34:23	156	718	211243	10	WITH parts_agg AS (SELECT database AS agg_database, `table` AS agg_table, SUM(primary_key_size) AS primary_index_size, SUM(secondary_indices_compressed_bytes) AS secondary_index_size FROM system.parts WHERE active AND (database != \'system\') GROUP BY database, `table`), proj_agg AS (SELECT database A
2026-08-01 11:34:25	14	332	4648	1	SELECT avg(ProfileEvent_OSCPUWaitMicroseconds) as cpu_wait FROM  system.metric_log  WHERE event_time > now() - INTERVAL 2 MINUTE AND event_date >= yesterday()
2026-08-01 11:34:25	4	2	10208	2	SELECT count() as count, sum(elapsed) as total_elapsed, \'lh\' as usr FROM system.processes  WHERE user = \'observability-internal\' AND client_hostname LIKE \'loghouse-scraper%\'  UNION ALL SELECT count() as count, sum(elapsed) as total_elapsed, \'other\' as usr FROM system.processes  WHERE user != \'observ
2026-08-01 11:34:25	1	887	368225	1	SELECT value FROM system.asynchronous_metrics WHERE metric = \'OSMemoryAvailable\' ;
2026-08-01 11:34:30	1	0	0	1	             SELECT                 name,                 toJSONString(labels) as labels_serialized,                 value,                 help,                 type             FROM (                 SELECT   \'ClickHouse_CustomMetric_TotalMemoryUsedByAsynchronousInserts\' AS name,   toFloat64(SUM(t
2026-08-01 11:34:30	5	109	26980	109	SELECT             name,             value,             help,             JSONExtract(labels_serialized, \'Map(String, String)\') as labels,             type         FROM merge(system, \'^_custom_metrics_dictionary_.*\')         FORMAT Prometheus
2026-08-01 11:34:30	22	71802	6894952	1	SELECT ifNull(sum(delta), 0) FROM sony.concurrency_delta_all WHERE minute < toDateTime(\'2026-07-14 15:43:00\', \'UTC\')  FORMAT TabSeparated 
2026-08-01 11:34:31	30	103324	7147128	1	 WITH toDateTime(\'2026-07-14 15:43:00\', \'UTC\') AS t0 SELECT max(c) AS peak, toString(argMax(minute, c)) AS peak_minute, round(avg(c), 4) AS avg_c FROM (     SELECT minute, 0 + sum(d) OVER (ORDER BY minute) AS c     FROM (         SELECT minute, sum(delta) AS d         FROM sony.concurrency_delta_all
2026-08-01 11:34:32	30	90045	7059458	1	 WITH toDateTime(\'2026-07-14 15:43:00\', \'UTC\') AS t0, toDateTime(\'2026-07-26 11:30:00\', \'UTC\') AS t1 SELECT max(c) AS peak, toString(argMax(minute, c)) AS peak_minute, round(avg(c), 4) AS avg_c FROM (     SELECT minute, sum(d) OVER (ORDER BY minute) AS c     FROM (         SELECT minute, sum(delta) 
2026-08-01 11:34:32	19	35902	3375079	1	 WITH toDateTime(\'2026-07-14 15:43:00\', \'UTC\') AS t0,      (SELECT max(hour_boundary) FROM sony.concurrency_hourly_checkpoint        WHERE hour_boundary <= t0  AND platform = \'ANDROID_PHONE\') AS anchor SELECT     toString(ifNull(anchor, toDateTime(0, \'UTC\'))) AS anchor_ts,     ifNull((SELECT sum(con
2026-08-01 11:34:32	20	71802	6894952	1	SELECT ifNull(sum(delta), 0) FROM sony.concurrency_delta_all WHERE minute < toDateTime(\'2026-07-14 15:43:00\', \'UTC\')  AND platform = \'ANDROID_PHONE\' FORMAT TabSeparated 
2026-08-01 11:34:33	1	1	1	1	SELECT toString(toDateTime(\'2026-07-14 15:43:00\', \'UTC\') - INTERVAL 1 MINUTE) FORMAT TabSeparated 
2026-08-01 11:34:33	3	1	5438	1	SELECT count() FROM system.processes WHERE (initial_user NOT IN _CAST([\'backups-internal\', \'management-internal\', \'monitoring-internal\', \'observability-internal\', \'operator-internal\', \'prometheus-exporter\', \'prometheus-internal\', \'operator-cert-internal\', \'availability-monitoring-internal\', \'\'], \'Ar
2026-08-01 11:34:33	2	66	944	1	SELECT countIf(database = \'system\') as systemParts, countIf(database != \'system\') as nonSystemParts FROM system.parts where active
2026-08-01 11:34:33	1	0	0	1	SELECT countIf(database = \'system\') as systemMerges, countIf(database != \'system\') as nonSystemMerges FROM system.merges
2026-08-01 11:34:33	29	90045	7059458	1	 WITH toDateTime(\'2026-07-14 15:43:00\', \'UTC\') AS t0 SELECT max(c) AS peak, toString(argMax(minute, c)) AS peak_minute, round(avg(c), 4) AS avg_c FROM (     SELECT minute, 0 + sum(d) OVER (ORDER BY minute) AS c     FROM (         SELECT minute, sum(delta) AS d         FROM sony.concurrency_delta_all
2026-08-01 11:34:33	1	1	1	1	SELECT toString(toDateTime(\'2026-07-14 15:43:00\', \'UTC\') - INTERVAL 1 MINUTE) FORMAT TabSeparated 
2026-08-01 11:34:34	1	1	1	1	SELECT toString(toDateTime(\'2026-07-14 15:43:00\', \'UTC\') - INTERVAL 1 MINUTE) FORMAT TabSeparated 
2026-08-01 11:34:35	3	6	3896	0	             SELECT                 name,                 toJSONString(labels) as labels_serialized,                 value,                 help,                 type             FROM (                 SELECT   \'clickhouse_table_replica_readonly_start_timestamp_seconds\' as name,   toFloat64(toUnixTi
2026-08-01 11:34:35	20	35902	3375079	1	 WITH toDateTime(\'2026-07-14 15:43:00\', \'UTC\') AS t0,      (SELECT max(hour_boundary) FROM sony.concurrency_hourly_checkpoint        WHERE hour_boundary <= t0  AND platform = \'IPHONE\') AS anchor SELECT     toString(ifNull(anchor, toDateTime(0, \'UTC\'))) AS anchor_ts,     ifNull((SELECT sum(concurrenc
2026-08-01 11:34:36	21	71802	6894952	1	SELECT ifNull(sum(delta), 0) FROM sony.concurrency_delta_all WHERE minute < toDateTime(\'2026-07-14 15:43:00\', \'UTC\')  AND platform = \'IPHONE\' FORMAT TabSeparated 
2026-08-01 11:34:37	1	1	1	1	SELECT toString(toDateTime(\'2026-07-14 15:43:00\', \'UTC\') - INTERVAL 1 MINUTE) FORMAT TabSeparated 
2026-08-01 11:34:38	1	1	1	1	SELECT toString(toDateTime(\'2026-07-14 15:43:00\', \'UTC\') - INTERVAL 1 MINUTE) FORMAT TabSeparated 
2026-08-01 11:34:38	20	71802	6894952	1	SELECT ifNull(sum(delta), 0) FROM sony.concurrency_delta_all WHERE minute < toDateTime(\'2026-07-14 15:43:00\', \'UTC\')  AND platform = \'SONY_ANDROID_TV\' FORMAT TabSeparated 
2026-08-01 11:34:39	29	76877	6940718	1	 WITH toDateTime(\'2026-07-14 15:43:00\', \'UTC\') AS t0 SELECT max(c) AS peak, toString(argMax(minute, c)) AS peak_minute, round(avg(c), 4) AS avg_c FROM (     SELECT minute, 0 + sum(d) OVER (ORDER BY minute) AS c     FROM (         SELECT minute, sum(delta) AS d         FROM sony.concurrency_delta_all
2026-08-01 11:34:39	20	71802	6894952	1	SELECT ifNull(sum(delta), 0) FROM sony.concurrency_delta_all WHERE minute < toDateTime(\'2026-07-14 15:43:00\', \'UTC\')  AND platform = \'SONY_ANDROID_TV\' FORMAT TabSeparated 
2026-08-01 11:34:39	1	1	1	1	SELECT toString(toDateTime(\'2026-07-14 15:43:00\', \'UTC\') - INTERVAL 1 MINUTE) FORMAT TabSeparated 
2026-08-01 11:34:40	1	6	2128	6	             SELECT                 name,                 toJSONString(labels) as labels_serialized,                 value,                 help,                 type             FROM (                 SELECT   concat(\'clickhouse_\', system.dimensional_metrics.metric) AS name,   toFloat64(system.dime
2026-08-01 11:34:40	1	0	0	1	             SELECT                 name,                 toJSONString(labels) as labels_serialized,                 value,                 help,                 type             FROM (                 SELECT   \'ClickHouse_CustomMetric_TotalMemoryUsedByMerges\' AS name,   toFloat64(SUM(memory_usage))
2026-08-01 11:34:40	3	6	213	0	             SELECT                 name,                 toJSONString(labels) as labels_serialized,                 value,                 help,                 type             FROM (                 SELECT   \'ClickHouse_CustomMetric_DatabaseReplicatedRecoveryTime\' as name,   toFloat64(recovery_ti
2026-08-01 11:34:40	29	103312	7163796	1	 WITH toDateTime(\'2026-07-14 15:43:00\', \'UTC\') AS t0 SELECT max(c) AS peak, toString(argMax(minute, c)) AS peak_minute, round(avg(c), 4) AS avg_c FROM (     SELECT minute, 0 + sum(d) OVER (ORDER BY minute) AS c     FROM (         SELECT minute, sum(delta) AS d         FROM sony.concurrency_delta_all
2026-08-01 11:34:41	18	35902	3374562	1	 WITH toDateTime(\'2026-07-14 15:43:00\', \'UTC\') AS t0,      (SELECT max(hour_boundary) FROM sony.concurrency_hourly_checkpoint        WHERE hour_boundary <= t0  AND video_type = \'live\') AS anchor SELECT     toString(ifNull(anchor, toDateTime(0, \'UTC\'))) AS anchor_ts,     ifNull((SELECT sum(concurrenc
2026-08-01 11:34:41	1	4	235	4	SELECT name FROM system.roles
2026-08-01 11:34:42	3	1	5599	1	SELECT count() AS `count()` FROM `system`.`processes` AS `__table1` WHERE (`__table1`.`user` NOT IN (\'monitoring-internal\', \'management-internal\', \'prometheus-internal\', \'observability-internal\', \'operator-internal\', \'backups-internal\', \'sql-console\')) AND (`__table1`.`is_initial_query` = 1) AND ((`
2026-08-01 11:34:42	1	1	1	1	SELECT toString(toDateTime(\'2026-07-14 15:43:00\', \'UTC\') - INTERVAL 1 MINUTE) FORMAT TabSeparated 
2026-08-01 11:34:43	2	2	12834	1	SELECT count() FROM system.processes WHERE (initial_user NOT IN _CAST([\'backups-internal\', \'management-internal\', \'monitoring-internal\', \'observability-internal\', \'operator-internal\', \'prometheus-exporter\', \'prometheus-internal\', \'operator-cert-internal\', \'availability-monitoring-internal\', \'\'], \'Ar
2026-08-01 11:34:43	2	74	1064	1	SELECT countIf(database = \'system\') as systemParts, countIf(database != \'system\') as nonSystemParts FROM system.parts where active
2026-08-01 11:34:43	2	0	0	1	SELECT countIf(database = \'system\') as systemMerges, countIf(database != \'system\') as nonSystemMerges FROM system.merges
2026-08-01 11:34:43	24	3143	591427	129	SELECT CAST(\'0fc3eaab-fbcb-4533-8825-9be9faaea781\', \'UUID\') AS instance_id, CAST(\'c-boneaws-al-46-server-j62zx3k-0\', \'LowCardinality(String)\') AS node_id, CAST(name, \'LowCardinality(String)\') AS metric, CAST(mapFilter((k, v) -> has(_CAST([\'remote\'], \'Array(String)\'), k), labels), \'Map(LowCardinality
2026-08-01 11:34:43	17	35902	3374554	1	 WITH toDateTime(\'2026-07-14 15:43:00\', \'UTC\') AS t0,      (SELECT max(hour_boundary) FROM sony.concurrency_hourly_checkpoint        WHERE hour_boundary <= t0  AND country = \'india\') AS anchor SELECT     toString(ifNull(anchor, toDateTime(0, \'UTC\'))) AS anchor_ts,     ifNull((SELECT sum(concurrency)
2026-08-01 11:34:43	21	71802	6894952	1	SELECT ifNull(sum(delta), 0) FROM sony.concurrency_delta_all WHERE minute < toDateTime(\'2026-07-14 15:43:00\', \'UTC\')  AND country = \'india\' FORMAT TabSeparated 
2026-08-01 11:34:43	1	1	1	1	SELECT toString(toDateTime(\'2026-07-14 15:43:00\', \'UTC\') - INTERVAL 1 MINUTE) FORMAT TabSeparated 
