event_time	duration_ms	read_rows	read_bytes	result_rows	query
2026-08-01 18:40:54	7	144	34695	144	SELECT             name,             value,             help,             JSONExtract(labels_serialized, \'Map(String, String)\') as labels,             type         FROM merge(system, \'^_custom_metrics_dictionary_.*\')         FORMAT Prometheus
2026-08-01 18:40:54	2	0	0	1	             SELECT                 name,                 toJSONString(labels) as labels_serialized,                 value,                 help,                 type             FROM (                 SELECT   \'ClickHouse_CustomMetric_TotalMemoryUsedByAsynchronousInserts\' AS name,   toFloat64(SUM(t
2026-08-01 18:40:54	4	0	0	1	SELECT min(event_time), now() - INTERVAL 600 SECOND maxSettlePoint FROM system.query_views_log WHERE event_time >= toDateTime32(\'1785604452\') AND event_date >= toDate(toDateTime32(\'1785604452\')) AND event_time <= maxSettlePoint
2026-08-01 18:40:55	5	8201	49206	1	SELECT min(event_time), now() - INTERVAL 600 SECOND maxSettlePoint FROM system.blob_storage_log WHERE event_time >= toDateTime32(\'1785608918\') AND event_date >= toDate(toDateTime32(\'1785608918\')) AND event_time <= maxSettlePoint
2026-08-01 18:40:56	4	4288	4372	2	SELECT reason, count() FROM sony.stream_dlq GROUP BY reason ORDER BY 2 DESC LIMIT 12 FORMAT TabSeparated 
2026-08-01 18:40:56	5	20994	125964	1	SELECT min(event_time), now() - INTERVAL 600 SECOND maxSettlePoint FROM system.trace_log WHERE event_time >= toDateTime32(\'1785608919\') AND event_date >= toDate(toDateTime32(\'1785608919\')) AND event_time <= maxSettlePoint
2026-08-01 18:40:57	2	1	16	1	SELECT count() FROM sony.raw_events FORMAT TabSeparated 
2026-08-01 18:40:57	6	19549	117294	1	SELECT min(event_time), now() - INTERVAL 600 SECOND maxSettlePoint FROM system.text_log WHERE event_time >= toDateTime32(\'1785608926\') AND event_date >= toDate(toDateTime32(\'1785608926\')) AND event_time <= maxSettlePoint
2026-08-01 18:40:58	49	3262660	19575960	1	SELECT min(event_time), now() - INTERVAL 600 SECOND maxSettlePoint FROM system.asynchronous_metric_log WHERE event_time >= toDateTime32(\'1785608925\') AND event_date >= toDate(toDateTime32(\'1785608925\')) AND event_time <= maxSettlePoint
2026-08-01 18:40:59	3	15	9657	0	             SELECT                 name,                 toJSONString(labels) as labels_serialized,                 value,                 help,                 type             FROM (                 SELECT   \'clickhouse_table_replica_readonly_start_timestamp_seconds\' as name,   toFloat64(toUnixTi
2026-08-01 18:40:59	4	6	213	0	             SELECT                 name,                 toJSONString(labels) as labels_serialized,                 value,                 help,                 type             FROM (                 SELECT   \'ClickHouse_CustomMetric_SharedCatalogRecoveryTime\' as name,   toFloat64(recovery_time) a
2026-08-01 18:40:59	9	1187	753339	12	SELECT now64(6) as scrape_time_microseconds, \'j62zx3k\' AS pod_ident, \'boneaws-al-46\' AS spoken_name, \'cell-1\' AS cell, \'ap-south-1\' AS region, \'aws\' AS cloud_provider, \'?\' AS clickhouse_version, \'0fc3eaab-fbcb-4533-8825-9be9faaea781\' AS control_plane_id, \'?\' AS system_processor, * FROM system."sessi
2026-08-01 18:41:00	40	5658	12009036	174	SELECT now64(6) as scrape_time_microseconds, \'j62zx3k\' AS pod_ident, \'boneaws-al-46\' AS spoken_name, \'cell-1\' AS cell, \'ap-south-1\' AS region, \'aws\' AS cloud_provider, \'?\' AS clickhouse_version, \'0fc3eaab-fbcb-4533-8825-9be9faaea781\' AS control_plane_id, \'?\' AS system_processor, * FROM system."query
2026-08-01 18:41:01	13	7818	1863582	2343	SELECT now64(6) as scrape_time_microseconds, \'j62zx3k\' AS pod_ident, \'boneaws-al-46\' AS spoken_name, \'cell-1\' AS cell, \'ap-south-1\' AS region, \'aws\' AS cloud_provider, \'?\' AS clickhouse_version, \'0fc3eaab-fbcb-4533-8825-9be9faaea781\' AS control_plane_id, \'?\' AS system_processor, * FROM system."proce
2026-08-01 18:41:02	3	1	5438	1	SELECT count() FROM system.processes WHERE (initial_user NOT IN _CAST([\'backups-internal\', \'management-internal\', \'monitoring-internal\', \'observability-internal\', \'operator-internal\', \'prometheus-exporter\', \'prometheus-internal\', \'operator-cert-internal\', \'availability-monitoring-internal\', \'\'], \'Ar
2026-08-01 18:41:02	3	77	1111	1	SELECT countIf(database = \'system\') as systemParts, countIf(database != \'system\') as nonSystemParts FROM system.parts where active
2026-08-01 18:41:02	2	0	0	1	SELECT countIf(database = \'system\') as systemMerges, countIf(database != \'system\') as nonSystemMerges FROM system.merges
2026-08-01 18:41:03	191	786	2145182	60	SELECT now64(6) as scrape_time_microseconds, \'j62zx3k\' AS pod_ident, \'boneaws-al-46\' AS spoken_name, \'cell-1\' AS cell, \'ap-south-1\' AS region, \'aws\' AS cloud_provider, \'?\' AS clickhouse_version, \'0fc3eaab-fbcb-4533-8825-9be9faaea781\' AS control_plane_id, \'?\' AS system_processor, * FROM system."metri
2026-08-01 18:41:03	17	7300	3944344	81	SELECT now64(6) as scrape_time_microseconds, \'j62zx3k\' AS pod_ident, \'boneaws-al-46\' AS spoken_name, \'cell-1\' AS cell, \'ap-south-1\' AS region, \'aws\' AS cloud_provider, \'?\' AS clickhouse_version, \'0fc3eaab-fbcb-4533-8825-9be9faaea781\' AS control_plane_id, \'?\' AS system_processor, * FROM system."part_
2026-08-01 18:41:04	3	0	0	0	             SELECT                 name,                 toJSONString(labels) as labels_serialized,                 value,                 help,                 type             FROM (                 SELECT   \'ClickHouse_CustomMetric_FailedMutations\' as name,   toFloat64(count()) as value,   \'The 
2026-08-01 18:41:04	3	15	9657	0	             SELECT                 name,                 toJSONString(labels) as labels_serialized,                 value,                 help,                 type             FROM (                 SELECT   \'clickhouse_table_replica_readonly_start_timestamp_seconds\' as name,   toFloat64(toUnixTi
2026-08-01 18:41:04	3	6	213	0	             SELECT                 name,                 toJSONString(labels) as labels_serialized,                 value,                 help,                 type             FROM (                 SELECT   \'ClickHouse_CustomMetric_DatabaseReplicatedRecoveryTime\' as name,   toFloat64(recovery_ti
2026-08-01 18:41:04	11	8201	2434013	189	SELECT now64(6) as scrape_time_microseconds, \'j62zx3k\' AS pod_ident, \'boneaws-al-46\' AS spoken_name, \'cell-1\' AS cell, \'ap-south-1\' AS region, \'aws\' AS cloud_provider, \'?\' AS clickhouse_version, \'0fc3eaab-fbcb-4533-8825-9be9faaea781\' AS control_plane_id, \'?\' AS system_processor, * FROM system."blob_
2026-08-01 18:41:05	19	20994	5167468	5080	SELECT now64(6) as scrape_time_microseconds, \'j62zx3k\' AS pod_ident, \'boneaws-al-46\' AS spoken_name, \'cell-1\' AS cell, \'ap-south-1\' AS region, \'aws\' AS cloud_provider, \'?\' AS clickhouse_version, \'0fc3eaab-fbcb-4533-8825-9be9faaea781\' AS control_plane_id, \'?\' AS system_processor, * FROM system."trace
2026-08-01 18:41:06	17	11133	2492081	7970	SELECT now64(6) as scrape_time_microseconds, \'j62zx3k\' AS pod_ident, \'boneaws-al-46\' AS spoken_name, \'cell-1\' AS cell, \'ap-south-1\' AS region, \'aws\' AS cloud_provider, \'?\' AS clickhouse_version, \'0fc3eaab-fbcb-4533-8825-9be9faaea781\' AS control_plane_id, \'?\' AS system_processor, * FROM system."text_
2026-08-01 18:41:07	124	2752082	44106464	52553	SELECT now64(6) as scrape_time_microseconds, \'j62zx3k\' AS pod_ident, \'boneaws-al-46\' AS spoken_name, \'cell-1\' AS cell, \'ap-south-1\' AS region, \'aws\' AS cloud_provider, \'?\' AS clickhouse_version, \'0fc3eaab-fbcb-4533-8825-9be9faaea781\' AS control_plane_id, \'?\' AS system_processor, * FROM system."async
2026-08-01 18:41:08	9	1187	753339	38	SELECT now64(6) as scrape_time_microseconds, \'j62zx3k\' AS pod_ident, \'boneaws-al-46\' AS spoken_name, \'cell-1\' AS cell, \'ap-south-1\' AS region, \'aws\' AS cloud_provider, \'?\' AS clickhouse_version, \'0fc3eaab-fbcb-4533-8825-9be9faaea781\' AS control_plane_id, \'?\' AS system_processor, * FROM system."sessi
2026-08-01 18:41:09	2	0	0	1	             SELECT                 name,                 toJSONString(labels) as labels_serialized,                 value,                 help,                 type             FROM (                 SELECT   \'ClickHouse_CustomMetric_TotalMemoryUsedByAsynchronousInserts\' AS name,   toFloat64(SUM(t
2026-08-01 18:41:09	15	427	5978	1	SELECT avg(ProfileEvent_OSCPUWaitMicroseconds) as cpu_wait FROM  system.metric_log  WHERE event_time > now() - INTERVAL 2 MINUTE AND event_date >= yesterday()
2026-08-01 18:41:10	7	144	34695	144	SELECT             name,             value,             help,             JSONExtract(labels_serialized, \'Map(String, String)\') as labels,             type         FROM merge(system, \'^_custom_metrics_dictionary_.*\')         FORMAT Prometheus
2026-08-01 18:41:10	26	2	10208	2	SELECT count() as count, sum(elapsed) as total_elapsed, \'lh\' as usr FROM system.processes  WHERE user = \'observability-internal\' AND client_hostname LIKE \'loghouse-scraper%\'  UNION ALL SELECT count() as count, sum(elapsed) as total_elapsed, \'other\' as usr FROM system.processes  WHERE user != \'observ
2026-08-01 18:41:11	2	887	368225	1	SELECT value FROM system.asynchronous_metrics WHERE metric = \'OSMemoryAvailable\' ;
2026-08-01 18:41:12	13	2	12834	1	SELECT count() FROM system.processes WHERE (initial_user NOT IN _CAST([\'backups-internal\', \'management-internal\', \'monitoring-internal\', \'observability-internal\', \'operator-internal\', \'prometheus-exporter\', \'prometheus-internal\', \'operator-cert-internal\', \'availability-monitoring-internal\', \'\'], \'Ar
2026-08-01 18:41:12	28	3150	591878	123	SELECT CAST(\'0fc3eaab-fbcb-4533-8825-9be9faaea781\', \'UUID\') AS instance_id, CAST(\'c-boneaws-al-46-server-j62zx3k-0\', \'LowCardinality(String)\') AS node_id, CAST(name, \'LowCardinality(String)\') AS metric, CAST(mapFilter((k, v) -> has(_CAST([\'remote\'], \'Array(String)\'), k), labels), \'Map(LowCardinality
2026-08-01 18:41:12	3	79	1141	1	SELECT countIf(database = \'system\') as systemParts, countIf(database != \'system\') as nonSystemParts FROM system.parts where active
2026-08-01 18:41:12	2	0	0	1	SELECT countIf(database = \'system\') as systemMerges, countIf(database != \'system\') as nonSystemMerges FROM system.merges
2026-08-01 18:41:19	2	6	2128	6	             SELECT                 name,                 toJSONString(labels) as labels_serialized,                 value,                 help,                 type             FROM (                 SELECT   concat(\'clickhouse_\', system.dimensional_metrics.metric) AS name,   toFloat64(system.dime
2026-08-01 18:41:19	2	0	0	1	             SELECT                 name,                 toJSONString(labels) as labels_serialized,                 value,                 help,                 type             FROM (                 SELECT   \'ClickHouse_CustomMetric_TotalMemoryUsedByAsynchronousInserts\' AS name,   toFloat64(SUM(t
2026-08-01 18:41:19	2	0	0	1	             SELECT                 name,                 toJSONString(labels) as labels_serialized,                 value,                 help,                 type             FROM (                 SELECT   \'ClickHouse_CustomMetric_TotalMemoryUsedByMerges\' AS name,   toFloat64(SUM(memory_usage))
2026-08-01 18:41:19	3	6	11280	1	             SELECT                 name,                 toJSONString(labels) as labels_serialized,                 value,                 help,                 type             FROM (                 SELECT   \'ClickHouse_CustomMetric_TotalMemoryUsedByQueries\' AS name,   toFloat64(SUM(peak_memory_u
2026-08-01 18:41:19	3	13	6340	1	             SELECT                 name,                 toJSONString(labels) as labels_serialized,                 value,                 help,                 type             FROM (                 SELECT   \'ClickHouse_CustomMetric_TotalMemoryUsedByDictionaries\' AS name,   toFloat64(SUM(bytes_al
2026-08-01 18:41:19	3	15	9657	0	             SELECT                 name,                 toJSONString(labels) as labels_serialized,                 value,                 help,                 type             FROM (                 SELECT   \'clickhouse_table_replica_readonly_start_timestamp_seconds\' as name,   toFloat64(toUnixTi
2026-08-01 18:41:20	7	157	38149	157	SELECT             name,             value,             help,             JSONExtract(labels_serialized, \'Map(String, String)\') as labels,             type         FROM merge(system, \'^_custom_metrics_dictionary_.*\')         FORMAT Prometheus
2026-08-01 18:41:22	3	1	5438	1	SELECT count() FROM system.processes WHERE (initial_user NOT IN _CAST([\'backups-internal\', \'management-internal\', \'monitoring-internal\', \'observability-internal\', \'operator-internal\', \'prometheus-exporter\', \'prometheus-internal\', \'operator-cert-internal\', \'availability-monitoring-internal\', \'\'], \'Ar
2026-08-01 18:41:22	3	75	1081	1	SELECT countIf(database = \'system\') as systemParts, countIf(database != \'system\') as nonSystemParts FROM system.parts where active
2026-08-01 18:41:22	2	0	0	1	SELECT countIf(database = \'system\') as systemMerges, countIf(database != \'system\') as nonSystemMerges FROM system.merges
2026-08-01 18:41:24	7	157	38149	157	SELECT             name,             value,             help,             JSONExtract(labels_serialized, \'Map(String, String)\') as labels,             type         FROM merge(system, \'^_custom_metrics_dictionary_.*\')         FORMAT Prometheus
2026-08-01 18:41:24	2	6	2128	6	             SELECT                 name,                 toJSONString(labels) as labels_serialized,                 value,                 help,                 type             FROM (                 SELECT   concat(\'clickhouse_\', system.dimensional_metrics.metric) AS name,   toFloat64(system.dime
2026-08-01 18:41:24	3	15	1013	15	             SELECT                 name,                 toJSONString(labels) as labels_serialized,                 value,                 help,                 type             FROM (                 SELECT     \'ClickHouse_MetricsCollection_CustomMetricsSystemTable\' AS name,     toFloat64(1) AS va
2026-08-01 18:41:29	3	59	472	1	             SELECT                 name,                 toJSONString(labels) as labels_serialized,                 value,                 help,                 type             FROM (                 SELECT   \'ClickHouse_CustomMetric_TotalMemoryUsedByDataSkippingIndices\' AS name,   toFloat64(SUM(d
2026-08-01 18:41:29	3	6	213	0	             SELECT                 name,                 toJSONString(labels) as labels_serialized,                 value,                 help,                 type             FROM (                 SELECT   \'ClickHouse_CustomMetric_DatabaseReplicatedRecoveryTime\' as name,   toFloat64(recovery_ti
2026-08-01 18:41:32	3	2	12834	1	SELECT count() FROM system.processes WHERE (initial_user NOT IN _CAST([\'backups-internal\', \'management-internal\', \'monitoring-internal\', \'observability-internal\', \'operator-internal\', \'prometheus-exporter\', \'prometheus-internal\', \'operator-cert-internal\', \'availability-monitoring-internal\', \'\'], \'Ar
2026-08-01 18:41:32	27	3165	594168	123	SELECT CAST(\'0fc3eaab-fbcb-4533-8825-9be9faaea781\', \'UUID\') AS instance_id, CAST(\'c-boneaws-al-46-server-j62zx3k-0\', \'LowCardinality(String)\') AS node_id, CAST(name, \'LowCardinality(String)\') AS metric, CAST(mapFilter((k, v) -> has(_CAST([\'remote\'], \'Array(String)\'), k), labels), \'Map(LowCardinality
2026-08-01 18:41:32	3	74	1066	1	SELECT countIf(database = \'system\') as systemParts, countIf(database != \'system\') as nonSystemParts FROM system.parts where active
2026-08-01 18:41:32	2	0	0	1	SELECT countIf(database = \'system\') as systemMerges, countIf(database != \'system\') as nonSystemMerges FROM system.merges
2026-08-01 18:41:34	3	13	6340	1	             SELECT                 name,                 toJSONString(labels) as labels_serialized,                 value,                 help,                 type             FROM (                 SELECT   \'ClickHouse_CustomMetric_TotalMemoryUsedByDictionaries\' AS name,   toFloat64(SUM(bytes_al
2026-08-01 18:41:34	3	15	9657	0	             SELECT                 name,                 toJSONString(labels) as labels_serialized,                 value,                 help,                 type             FROM (                 SELECT   \'clickhouse_table_replica_readonly_start_timestamp_seconds\' as name,   toFloat64(toUnixTi
2026-08-01 18:41:37	4	0	0	0	SELECT now64(6) as scrape_time_microseconds, \'j62zx3k\' AS pod_ident, \'boneaws-al-46\' AS spoken_name, \'cell-1\' AS cell, \'ap-south-1\' AS region, \'aws\' AS cloud_provider, \'?\' AS clickhouse_version, \'0fc3eaab-fbcb-4533-8825-9be9faaea781\' AS control_plane_id, \'?\' AS system_processor, * FROM system."files
2026-08-01 18:41:38	5	0	0	0	SELECT now64(6) as scrape_time_microseconds, \'j62zx3k\' AS pod_ident, \'boneaws-al-46\' AS spoken_name, \'cell-1\' AS cell, \'ap-south-1\' AS region, \'aws\' AS cloud_provider, \'?\' AS clickhouse_version, \'0fc3eaab-fbcb-4533-8825-9be9faaea781\' AS control_plane_id, \'?\' AS system_processor, * FROM system."query
2026-08-01 18:41:38	23	17017	4054964	6989	SELECT now64(6) as scrape_time_microseconds, \'j62zx3k\' AS pod_ident, \'boneaws-al-46\' AS spoken_name, \'cell-1\' AS cell, \'ap-south-1\' AS region, \'aws\' AS cloud_provider, \'?\' AS clickhouse_version, \'0fc3eaab-fbcb-4533-8825-9be9faaea781\' AS control_plane_id, \'?\' AS system_processor, * FROM system."proce
2026-08-01 18:41:39	4	0	0	0	SELECT now64(6) as scrape_time_microseconds, \'j62zx3k\' AS pod_ident, \'boneaws-al-46\' AS spoken_name, \'cell-1\' AS cell, \'ap-south-1\' AS region, \'aws\' AS cloud_provider, \'?\' AS clickhouse_version, \'0fc3eaab-fbcb-4533-8825-9be9faaea781\' AS control_plane_id, \'?\' AS system_processor, * FROM system."files
2026-08-01 18:41:39	20	18716	4540642	10545	SELECT now64(6) as scrape_time_microseconds, \'j62zx3k\' AS pod_ident, \'boneaws-al-46\' AS spoken_name, \'cell-1\' AS cell, \'ap-south-1\' AS region, \'aws\' AS cloud_provider, \'?\' AS clickhouse_version, \'0fc3eaab-fbcb-4533-8825-9be9faaea781\' AS control_plane_id, \'?\' AS system_processor, * FROM system."trace
2026-08-01 18:41:39	2	6	2128	6	             SELECT                 name,                 toJSONString(labels) as labels_serialized,                 value,                 help,                 type             FROM (                 SELECT   concat(\'clickhouse_\', system.dimensional_metrics.metric) AS name,   toFloat64(system.dime
2026-08-01 18:41:39	2	0	0	1	             SELECT                 name,                 toJSONString(labels) as labels_serialized,                 value,                 help,                 type             FROM (                 SELECT   \'ClickHouse_CustomMetric_TotalMemoryUsedByMerges\' AS name,   toFloat64(SUM(memory_usage))
2026-08-01 18:41:39	3	6	213	0	             SELECT                 name,                 toJSONString(labels) as labels_serialized,                 value,                 help,                 type             FROM (                 SELECT   \'ClickHouse_CustomMetric_SharedCatalogRecoveryTime\' as name,   toFloat64(recovery_time) a
2026-08-01 18:41:40	4	0	0	0	SELECT now64(6) as scrape_time_microseconds, \'j62zx3k\' AS pod_ident, \'boneaws-al-46\' AS spoken_name, \'cell-1\' AS cell, \'ap-south-1\' AS region, \'aws\' AS cloud_provider, \'?\' AS clickhouse_version, \'0fc3eaab-fbcb-4533-8825-9be9faaea781\' AS control_plane_id, \'?\' AS system_processor, * FROM system."crash
2026-08-01 18:41:40	42	6132	13441878	332	SELECT now64(6) as scrape_time_microseconds, \'j62zx3k\' AS pod_ident, \'boneaws-al-46\' AS spoken_name, \'cell-1\' AS cell, \'ap-south-1\' AS region, \'aws\' AS cloud_provider, \'?\' AS clickhouse_version, \'0fc3eaab-fbcb-4533-8825-9be9faaea781\' AS control_plane_id, \'?\' AS system_processor, * FROM system."query
2026-08-01 18:41:40	7	157	38149	157	SELECT             name,             value,             help,             JSONExtract(labels_serialized, \'Map(String, String)\') as labels,             type         FROM merge(system, \'^_custom_metrics_dictionary_.*\')         FORMAT Prometheus
2026-08-01 18:41:41	3	0	0	0	SELECT now64(6) as scrape_time_microseconds, \'j62zx3k\' AS pod_ident, \'boneaws-al-46\' AS spoken_name, \'cell-1\' AS cell, \'ap-south-1\' AS region, \'aws\' AS cloud_provider, \'?\' AS clickhouse_version, \'0fc3eaab-fbcb-4533-8825-9be9faaea781\' AS control_plane_id, \'?\' AS system_processor, * FROM system."click
2026-08-01 18:41:41	191	786	2145182	120	SELECT now64(6) as scrape_time_microseconds, \'j62zx3k\' AS pod_ident, \'boneaws-al-46\' AS spoken_name, \'cell-1\' AS cell, \'ap-south-1\' AS region, \'aws\' AS cloud_provider, \'?\' AS clickhouse_version, \'0fc3eaab-fbcb-4533-8825-9be9faaea781\' AS control_plane_id, \'?\' AS system_processor, * FROM system."metri
2026-08-01 18:41:41	17	457	6398	1	SELECT avg(ProfileEvent_OSCPUWaitMicroseconds) as cpu_wait FROM  system.metric_log  WHERE event_time > now() - INTERVAL 2 MINUTE AND event_date >= yesterday()
2026-08-01 18:41:41	4	2	10208	2	SELECT count() as count, sum(elapsed) as total_elapsed, \'lh\' as usr FROM system.processes  WHERE user = \'observability-internal\' AND client_hostname LIKE \'loghouse-scraper%\'  UNION ALL SELECT count() as count, sum(elapsed) as total_elapsed, \'other\' as usr FROM system.processes  WHERE user != \'observ
2026-08-01 18:41:41	1	887	368225	1	SELECT value FROM system.asynchronous_metrics WHERE metric = \'OSMemoryAvailable\' ;
2026-08-01 18:41:42	3	0	0	0	SELECT now64(6) as scrape_time_microseconds, \'j62zx3k\' AS pod_ident, \'boneaws-al-46\' AS spoken_name, \'cell-1\' AS cell, \'ap-south-1\' AS region, \'aws\' AS cloud_provider, \'?\' AS clickhouse_version, \'0fc3eaab-fbcb-4533-8825-9be9faaea781\' AS control_plane_id, \'?\' AS system_processor, * FROM system."backu
2026-08-01 18:41:42	3	1	5438	1	SELECT count() FROM system.processes WHERE (initial_user NOT IN _CAST([\'backups-internal\', \'management-internal\', \'monitoring-internal\', \'observability-internal\', \'operator-internal\', \'prometheus-exporter\', \'prometheus-internal\', \'operator-cert-internal\', \'availability-monitoring-internal\', \'\'], \'Ar
2026-08-01 18:41:42	3	76	1096	1	SELECT countIf(database = \'system\') as systemParts, countIf(database != \'system\') as nonSystemParts FROM system.parts where active
2026-08-01 18:41:42	2	0	0	1	SELECT countIf(database = \'system\') as systemMerges, countIf(database != \'system\') as nonSystemMerges FROM system.merges
2026-08-01 18:41:44	5	0	0	0	SELECT now64(6) as scrape_time_microseconds, \'j62zx3k\' AS pod_ident, \'boneaws-al-46\' AS spoken_name, \'cell-1\' AS cell, \'ap-south-1\' AS region, \'aws\' AS cloud_provider, \'?\' AS clickhouse_version, \'0fc3eaab-fbcb-4533-8825-9be9faaea781\' AS control_plane_id, \'?\' AS system_processor, * FROM system."async
2026-08-01 18:41:45	4	84	336	0	SELECT now64(6) as scrape_time_microseconds, \'j62zx3k\' AS pod_ident, \'boneaws-al-46\' AS spoken_name, \'cell-1\' AS cell, \'ap-south-1\' AS region, \'aws\' AS cloud_provider, \'?\' AS clickhouse_version, \'0fc3eaab-fbcb-4533-8825-9be9faaea781\' AS control_plane_id, \'?\' AS system_processor, * FROM system."error
2026-08-01 18:41:45	10	8201	2434013	378	SELECT now64(6) as scrape_time_microseconds, \'j62zx3k\' AS pod_ident, \'boneaws-al-46\' AS spoken_name, \'cell-1\' AS cell, \'ap-south-1\' AS region, \'aws\' AS cloud_provider, \'?\' AS clickhouse_version, \'0fc3eaab-fbcb-4533-8825-9be9faaea781\' AS control_plane_id, \'?\' AS system_processor, * FROM system."blob_
2026-08-01 18:41:45	15	7300	3944344	159	SELECT now64(6) as scrape_time_microseconds, \'j62zx3k\' AS pod_ident, \'boneaws-al-46\' AS spoken_name, \'cell-1\' AS cell, \'ap-south-1\' AS region, \'aws\' AS cloud_provider, \'?\' AS clickhouse_version, \'0fc3eaab-fbcb-4533-8825-9be9faaea781\' AS control_plane_id, \'?\' AS system_processor, * FROM system."part_
2026-08-01 18:41:45	145	3262660	52308454	105027	SELECT now64(6) as scrape_time_microseconds, \'j62zx3k\' AS pod_ident, \'boneaws-al-46\' AS spoken_name, \'cell-1\' AS cell, \'ap-south-1\' AS region, \'aws\' AS cloud_provider, \'?\' AS clickhouse_version, \'0fc3eaab-fbcb-4533-8825-9be9faaea781\' AS control_plane_id, \'?\' AS system_processor, * FROM system."async
2026-08-01 18:41:46	4	0	0	0	SELECT now64(6) as scrape_time_microseconds, \'j62zx3k\' AS pod_ident, \'boneaws-al-46\' AS spoken_name, \'cell-1\' AS cell, \'ap-south-1\' AS region, \'aws\' AS cloud_provider, \'?\' AS clickhouse_version, \'0fc3eaab-fbcb-4533-8825-9be9faaea781\' AS control_plane_id, \'?\' AS system_processor, * FROM system."zooke
2026-08-01 18:41:46	25	27763	6327999	16418	SELECT now64(6) as scrape_time_microseconds, \'j62zx3k\' AS pod_ident, \'boneaws-al-46\' AS spoken_name, \'cell-1\' AS cell, \'ap-south-1\' AS region, \'aws\' AS cloud_provider, \'?\' AS clickhouse_version, \'0fc3eaab-fbcb-4533-8825-9be9faaea781\' AS control_plane_id, \'?\' AS system_processor, * FROM system."text_
2026-08-01 18:41:47	4	0	0	0	SELECT now64(6) as scrape_time_microseconds, \'j62zx3k\' AS pod_ident, \'boneaws-al-46\' AS spoken_name, \'cell-1\' AS cell, \'ap-south-1\' AS region, \'aws\' AS cloud_provider, \'?\' AS clickhouse_version, \'0fc3eaab-fbcb-4533-8825-9be9faaea781\' AS control_plane_id, \'?\' AS system_processor, * FROM system."s3que
2026-08-01 18:41:48	86	0	0	0	SELECT now64(6) as scrape_time_microseconds, \'j62zx3k\' AS pod_ident, \'boneaws-al-46\' AS spoken_name, \'cell-1\' AS cell, \'ap-south-1\' AS region, \'aws\' AS cloud_provider, \'?\' AS clickhouse_version, \'0fc3eaab-fbcb-4533-8825-9be9faaea781\' AS control_plane_id, \'?\' AS system_processor, * FROM system."query
2026-08-01 18:41:50	7	157	38149	157	SELECT             name,             value,             help,             JSONExtract(labels_serialized, \'Map(String, String)\') as labels,             type         FROM merge(system, \'^_custom_metrics_dictionary_.*\')         FORMAT Prometheus
2026-08-01 18:41:52	3	2	12834	1	SELECT count() FROM system.processes WHERE (initial_user NOT IN _CAST([\'backups-internal\', \'management-internal\', \'monitoring-internal\', \'observability-internal\', \'operator-internal\', \'prometheus-exporter\', \'prometheus-internal\', \'operator-cert-internal\', \'availability-monitoring-internal\', \'\'], \'Ar
2026-08-01 18:41:52	2	77	1111	1	SELECT countIf(database = \'system\') as systemParts, countIf(database != \'system\') as nonSystemParts FROM system.parts where active
2026-08-01 18:41:52	28	3169	594636	123	SELECT CAST(\'0fc3eaab-fbcb-4533-8825-9be9faaea781\', \'UUID\') AS instance_id, CAST(\'c-boneaws-al-46-server-j62zx3k-0\', \'LowCardinality(String)\') AS node_id, CAST(name, \'LowCardinality(String)\') AS metric, CAST(mapFilter((k, v) -> has(_CAST([\'remote\'], \'Array(String)\'), k), labels), \'Map(LowCardinality
2026-08-01 18:41:52	2	0	0	1	SELECT countIf(database = \'system\') as systemMerges, countIf(database != \'system\') as nonSystemMerges FROM system.merges
2026-08-01 18:41:53	4	0	0	0	SELECT now64(6) as scrape_time_microseconds, \'j62zx3k\' AS pod_ident, \'boneaws-al-46\' AS spoken_name, \'cell-1\' AS cell, \'ap-south-1\' AS region, \'aws\' AS cloud_provider, \'?\' AS clickhouse_version, \'0fc3eaab-fbcb-4533-8825-9be9faaea781\' AS control_plane_id, \'?\' AS system_processor, * FROM system."aggre
2026-08-01 18:41:54	5	0	0	0	SELECT now64(6) as scrape_time_microseconds, \'j62zx3k\' AS pod_ident, \'boneaws-al-46\' AS spoken_name, \'cell-1\' AS cell, \'ap-south-1\' AS region, \'aws\' AS cloud_provider, \'?\' AS clickhouse_version, \'0fc3eaab-fbcb-4533-8825-9be9faaea781\' AS control_plane_id, \'?\' AS system_processor, * FROM system."query
2026-08-01 18:41:54	7	157	38149	157	SELECT             name,             value,             help,             JSONExtract(labels_serialized, \'Map(String, String)\') as labels,             type         FROM merge(system, \'^_custom_metrics_dictionary_.*\')         FORMAT Prometheus
2026-08-01 18:41:54	2	6	2128	6	             SELECT                 name,                 toJSONString(labels) as labels_serialized,                 value,                 help,                 type             FROM (                 SELECT   concat(\'clickhouse_\', system.dimensional_metrics.metric) AS name,   toFloat64(system.dime
2026-08-01 18:41:54	2	0	0	1	             SELECT                 name,                 toJSONString(labels) as labels_serialized,                 value,                 help,                 type             FROM (                 SELECT   \'ClickHouse_CustomMetric_TotalMemoryUsedByMerges\' AS name,   toFloat64(SUM(memory_usage))
2026-08-01 18:41:54	2	0	0	0	             SELECT                 name,                 toJSONString(labels) as labels_serialized,                 value,                 help,                 type             FROM (                 SELECT   \'ClickHouse_CustomMetric_FailedMutations\' as name,   toFloat64(count()) as value,   \'The 
2026-08-01 18:41:59	3	1	5022	1	             SELECT                 name,                 toJSONString(labels) as labels_serialized,                 value,                 help,                 type             FROM (                 SELECT   \'ClickHouse_CustomMetric_TotalMemoryUsedByQueries\' AS name,   toFloat64(SUM(peak_memory_u
2026-08-01 18:42:02	3	1	5438	1	SELECT count() FROM system.processes WHERE (initial_user NOT IN _CAST([\'backups-internal\', \'management-internal\', \'monitoring-internal\', \'observability-internal\', \'operator-internal\', \'prometheus-exporter\', \'prometheus-internal\', \'operator-cert-internal\', \'availability-monitoring-internal\', \'\'], \'Ar
2026-08-01 18:42:02	3	77	1111	1	SELECT countIf(database = \'system\') as systemParts, countIf(database != \'system\') as nonSystemParts FROM system.parts where active
2026-08-01 18:42:02	2	0	0	1	SELECT countIf(database = \'system\') as systemMerges, countIf(database != \'system\') as nonSystemMerges FROM system.merges
2026-08-01 18:42:04	2	0	0	1	             SELECT                 name,                 toJSONString(labels) as labels_serialized,                 value,                 help,                 type             FROM (                 SELECT   \'ClickHouse_CustomMetric_TotalMemoryUsedByAsynchronousInserts\' AS name,   toFloat64(SUM(t
2026-08-01 18:42:04	3	0	0	0	             SELECT                 name,                 toJSONString(labels) as labels_serialized,                 value,                 help,                 type             FROM (                 SELECT   \'ClickHouse_CustomMetric_FailedMutations\' as name,   toFloat64(count()) as value,   \'The 
2026-08-01 18:42:04	3	15	9657	0	             SELECT                 name,                 toJSONString(labels) as labels_serialized,                 value,                 help,                 type             FROM (                 SELECT   \'clickhouse_table_replica_readonly_start_timestamp_seconds\' as name,   toFloat64(toUnixTi
2026-08-01 18:42:09	10	1187	753339	38	SELECT now64(6) as scrape_time_microseconds, \'j62zx3k\' AS pod_ident, \'boneaws-al-46\' AS spoken_name, \'cell-1\' AS cell, \'ap-south-1\' AS region, \'aws\' AS cloud_provider, \'?\' AS clickhouse_version, \'0fc3eaab-fbcb-4533-8825-9be9faaea781\' AS control_plane_id, \'?\' AS system_processor, * FROM system."sessi
2026-08-01 18:42:09	2	0	0	1	             SELECT                 name,                 toJSONString(labels) as labels_serialized,                 value,                 help,                 type             FROM (                 SELECT   \'ClickHouse_CustomMetric_TotalMemoryUsedByMerges\' AS name,   toFloat64(SUM(memory_usage))
2026-08-01 18:42:09	3	0	0	0	             SELECT                 name,                 toJSONString(labels) as labels_serialized,                 value,                 help,                 type             FROM (                 SELECT   \'ClickHouse_CustomMetric_FailedMutations\' as name,   toFloat64(count()) as value,   \'The 
2026-08-01 18:42:09	3	15	1013	15	             SELECT                 name,                 toJSONString(labels) as labels_serialized,                 value,                 help,                 type             FROM (                 SELECT     \'ClickHouse_MetricsCollection_CustomMetricsSystemTable\' AS name,     toFloat64(1) AS va
2026-08-01 18:42:09	3	6	213	0	             SELECT                 name,                 toJSONString(labels) as labels_serialized,                 value,                 help,                 type             FROM (                 SELECT   \'ClickHouse_CustomMetric_DatabaseReplicatedRecoveryTime\' as name,   toFloat64(recovery_ti
2026-08-01 18:42:10	7	157	38122	157	SELECT             name,             value,             help,             JSONExtract(labels_serialized, \'Map(String, String)\') as labels,             type         FROM merge(system, \'^_custom_metrics_dictionary_.*\')         FORMAT Prometheus
2026-08-01 18:42:11	42	488	6832	1	SELECT avg(ProfileEvent_OSCPUWaitMicroseconds) as cpu_wait FROM  system.metric_log  WHERE event_time > now() - INTERVAL 2 MINUTE AND event_date >= yesterday()
2026-08-01 18:42:11	5	2	10208	2	SELECT count() as count, sum(elapsed) as total_elapsed, \'lh\' as usr FROM system.processes  WHERE user = \'observability-internal\' AND client_hostname LIKE \'loghouse-scraper%\'  UNION ALL SELECT count() as count, sum(elapsed) as total_elapsed, \'other\' as usr FROM system.processes  WHERE user != \'observ
2026-08-01 18:42:11	2	887	368225	1	SELECT value FROM system.asynchronous_metrics WHERE metric = \'OSMemoryAvailable\' ;
2026-08-01 18:42:12	3	2	12834	1	SELECT count() FROM system.processes WHERE (initial_user NOT IN _CAST([\'backups-internal\', \'management-internal\', \'monitoring-internal\', \'observability-internal\', \'operator-internal\', \'prometheus-exporter\', \'prometheus-internal\', \'operator-cert-internal\', \'availability-monitoring-internal\', \'\'], \'Ar
2026-08-01 18:42:12	29	3169	594609	123	SELECT CAST(\'0fc3eaab-fbcb-4533-8825-9be9faaea781\', \'UUID\') AS instance_id, CAST(\'c-boneaws-al-46-server-j62zx3k-0\', \'LowCardinality(String)\') AS node_id, CAST(name, \'LowCardinality(String)\') AS metric, CAST(mapFilter((k, v) -> has(_CAST([\'remote\'], \'Array(String)\'), k), labels), \'Map(LowCardinality
2026-08-01 18:42:12	3	79	1141	1	SELECT countIf(database = \'system\') as systemParts, countIf(database != \'system\') as nonSystemParts FROM system.parts where active
2026-08-01 18:42:12	2	0	0	1	SELECT countIf(database = \'system\') as systemMerges, countIf(database != \'system\') as nonSystemMerges FROM system.merges
2026-08-01 18:42:14	3	59	472	1	             SELECT                 name,                 toJSONString(labels) as labels_serialized,                 value,                 help,                 type             FROM (                 SELECT   \'ClickHouse_CustomMetric_TotalMemoryUsedByDataSkippingIndices\' AS name,   toFloat64(SUM(d
2026-08-01 18:42:20	7	157	38122	157	SELECT             name,             value,             help,             JSONExtract(labels_serialized, \'Map(String, String)\') as labels,             type         FROM merge(system, \'^_custom_metrics_dictionary_.*\')         FORMAT Prometheus
2026-08-01 18:42:22	4	1	5438	1	SELECT count() FROM system.processes WHERE (initial_user NOT IN _CAST([\'backups-internal\', \'management-internal\', \'monitoring-internal\', \'observability-internal\', \'operator-internal\', \'prometheus-exporter\', \'prometheus-internal\', \'operator-cert-internal\', \'availability-monitoring-internal\', \'\'], \'Ar
2026-08-01 18:42:22	3	80	1156	1	SELECT countIf(database = \'system\') as systemParts, countIf(database != \'system\') as nonSystemParts FROM system.parts where active
2026-08-01 18:42:22	2	0	0	1	SELECT countIf(database = \'system\') as systemMerges, countIf(database != \'system\') as nonSystemMerges FROM system.merges
2026-08-01 18:42:24	7	157	38122	157	SELECT             name,             value,             help,             JSONExtract(labels_serialized, \'Map(String, String)\') as labels,             type         FROM merge(system, \'^_custom_metrics_dictionary_.*\')         FORMAT Prometheus
2026-08-01 18:42:29	3	13	6340	1	             SELECT                 name,                 toJSONString(labels) as labels_serialized,                 value,                 help,                 type             FROM (                 SELECT   \'ClickHouse_CustomMetric_TotalMemoryUsedByDictionaries\' AS name,   toFloat64(SUM(bytes_al
2026-08-01 18:42:32	6	378	114440	5	WITH metrics AS (SELECT name AS metric, toFloat64(value) AS val, now() AS ts FROM system.server_settings WHERE multiMatchAny(name, _CAST([\'^max_database_num_to_throw$\', \'^max_database_num_to_warn$\', \'^max_table_num_to_throw$\', \'^max_table_num_to_warn$\', \'^max_concurrent_queries$\'], \'Array(String)\'))
2026-08-01 18:42:32	10	65536	986025	1372	SELECT CAST(\'0fc3eaab-fbcb-4533-8825-9be9faaea781\', \'UUID\') AS control_plane_id, CAST(\'c-boneaws-al-46-server-j62zx3k-0\', \'LowCardinality(String)\') AS pod_id, CAST(now64(), \'DateTime64(6)\') AS scrape_ts_microseconds, CAST(event_date, \'Date\') AS event_date, CAST(event_time, \'DateTime\') AS event_time,
2026-08-01 18:42:32	6	0	0	0	WITH source AS (SELECT [\'matview_execution_total\', if(exception_code != 0, \'matview_execution_fail\', \'\')] AS metrics, event_time AS ts FROM system.query_views_log WHERE (status != \'QueryStart\') AND (event_date >= toDate(_CAST(\'1785609597.833\', \'DateTime64\'))) AND (event_time >= toDateTime(_CAST(\'178
2026-08-01 18:42:32	3	8	36238	1	SELECT count() FROM system.processes WHERE (initial_user NOT IN _CAST([\'backups-internal\', \'management-internal\', \'monitoring-internal\', \'observability-internal\', \'operator-internal\', \'prometheus-exporter\', \'prometheus-internal\', \'operator-cert-internal\', \'availability-monitoring-internal\', \'\'], \'Ar
2026-08-01 18:42:32	3	85	1231	1	SELECT countIf(database = \'system\') as systemParts, countIf(database != \'system\') as nonSystemParts FROM system.parts where active
2026-08-01 18:42:32	30	3170	594754	123	SELECT CAST(\'0fc3eaab-fbcb-4533-8825-9be9faaea781\', \'UUID\') AS instance_id, CAST(\'c-boneaws-al-46-server-j62zx3k-0\', \'LowCardinality(String)\') AS node_id, CAST(name, \'LowCardinality(String)\') AS metric, CAST(mapFilter((k, v) -> has(_CAST([\'remote\'], \'Array(String)\'), k), labels), \'Map(LowCardinality
2026-08-01 18:42:32	2	0	0	1	SELECT countIf(database = \'system\') as systemMerges, countIf(database != \'system\') as nonSystemMerges FROM system.merges
2026-08-01 18:42:32	36	0	0	1	WITH failed_mutations AS (SELECT toDateTime(create_time) AS ts, count() AS val FROM system.mutations WHERE (ts > toDateTime(_CAST(\'1785609597.833\', \'DateTime64\'))) AND (ts <= toDateTime(_CAST(\'1785609717.833\', \'DateTime64\'))) AND (latest_failed_part != \'\') AND (is_done = 0) GROUP BY ts), failed_muta
2026-08-01 18:42:32	54	7472	111844	21	WITH metrics AS (SELECT multiIf((event_type = \'MergeParts\') AND (error = 0), \'merges_finished\', (event_type = \'MergeParts\') AND (error != 0), \'merges_failed\', (event_type = \'MutatePart\') AND (error = 0), \'mutate_part_finished\', (event_type = \'MutatePart\') AND (error != 0), \'mutate_part_failed\', NULL
2026-08-01 18:42:32	66	488	150123	111	SELECT CAST(\'0fc3eaab-fbcb-4533-8825-9be9faaea781\', \'UUID\') AS control_plane_id, CAST(\'c-boneaws-al-46-server-j62zx3k-0\', \'LowCardinality(String)\') AS pod_id, CAST(now64(), \'DateTime64(6)\') AS scrape_ts_microseconds, CAST(event_date, \'Date\') AS event_date, CAST(event_time, \'DateTime\') AS event_time,
2026-08-01 18:42:33	194	770	221594	19	WITH parts_agg AS (SELECT database AS agg_database, `table` AS agg_table, SUM(primary_key_size) AS primary_index_size, SUM(secondary_indices_compressed_bytes) AS secondary_index_size FROM system.parts WHERE active AND (database != \'system\') GROUP BY database, `table`), proj_agg AS (SELECT database A
2026-08-01 18:42:37	2	0	0	1	SELECT count(*) FROM system.view_refreshes
2026-08-01 18:42:39	2	1	16	1	SELECT count() FROM sony.raw_events FORMAT TabSeparated 
2026-08-01 18:42:39	3	3	7660	1	             SELECT                 name,                 toJSONString(labels) as labels_serialized,                 value,                 help,                 type             FROM (                 SELECT   \'ClickHouse_CustomMetric_TotalMemoryUsedByQueries\' AS name,   toFloat64(SUM(peak_memory_u
2026-08-01 18:42:39	3	15	9657	0	             SELECT                 name,                 toJSONString(labels) as labels_serialized,                 value,                 help,                 type             FROM (                 SELECT   \'clickhouse_table_replica_readonly_start_timestamp_seconds\' as name,   toFloat64(toUnixTi
2026-08-01 18:42:39	3	6	213	0	             SELECT                 name,                 toJSONString(labels) as labels_serialized,                 value,                 help,                 type             FROM (                 SELECT   \'ClickHouse_CustomMetric_SharedCatalogRecoveryTime\' as name,   toFloat64(recovery_time) a
2026-08-01 18:42:40	7	157	38122	157	SELECT             name,             value,             help,             JSONExtract(labels_serialized, \'Map(String, String)\') as labels,             type         FROM merge(system, \'^_custom_metrics_dictionary_.*\')         FORMAT Prometheus
2026-08-01 18:42:41	31	894823	7158584	1	SELECT uniqExactIf(content_id, NOT dictHas(\'sony.content_dict\', tuple(content_id))) FROM sony.raw_events FORMAT TabSeparated 
2026-08-01 18:42:41	72	0	0	0	CREATE TABLE IF NOT EXISTS sony.session_active_intervals UUID \'ac391457-1edc-4f13-b117-2704696e805d\' (`video_session_id` String CODEC(ZSTD(3)), `interval_seq` UInt16, `active_start` DateTime64(3, \'UTC\'), `active_end` DateTime64(3, \'UTC\'), `active_start_ms` Int64 CODEC(DoubleDelta, ZSTD(1)), `active_
2026-08-01 18:42:41	137	0	0	0	CREATE TABLE IF NOT EXISTS sony.session_active_intervals (     video_session_id  String              CODEC(ZSTD(3)),     interval_seq      UInt16,     active_start      DateTime64(3, \'UTC\'),     active_end        DateTime64(3, \'UTC\'),     active_start_ms   Int64               CODEC(DoubleDelta, ZST
2026-08-01 18:42:41	16	518	7252	1	SELECT avg(ProfileEvent_OSCPUWaitMicroseconds) as cpu_wait FROM  system.metric_log  WHERE event_time > now() - INTERVAL 2 MINUTE AND event_date >= yesterday()
2026-08-01 18:42:41	5	2	10208	2	SELECT count() as count, sum(elapsed) as total_elapsed, \'lh\' as usr FROM system.processes  WHERE user = \'observability-internal\' AND client_hostname LIKE \'loghouse-scraper%\'  UNION ALL SELECT count() as count, sum(elapsed) as total_elapsed, \'other\' as usr FROM system.processes  WHERE user != \'observ
2026-08-01 18:42:41	2	887	368225	1	SELECT value FROM system.asynchronous_metrics WHERE metric = \'OSMemoryAvailable\' ;
2026-08-01 18:42:42	4	1	5438	1	SELECT count() FROM system.processes WHERE (initial_user NOT IN _CAST([\'backups-internal\', \'management-internal\', \'monitoring-internal\', \'observability-internal\', \'operator-internal\', \'prometheus-exporter\', \'prometheus-internal\', \'operator-cert-internal\', \'availability-monitoring-internal\', \'\'], \'Ar
2026-08-01 18:42:42	3	96	1368	1	SELECT countIf(database = \'system\') as systemParts, countIf(database != \'system\') as nonSystemParts FROM system.parts where active
2026-08-01 18:42:42	2	0	0	1	SELECT countIf(database = \'system\') as systemMerges, countIf(database != \'system\') as nonSystemMerges FROM system.merges
2026-08-01 18:42:43	2	1	16	1	SELECT count() FROM sony.session_active_intervals FORMAT TabSeparated 
2026-08-01 18:42:43	12	34662	2701210	1	SELECT countIf(is_open) FROM sony.session_active_intervals FINAL FORMAT TabSeparated 
2026-08-01 18:42:43	29	0	0	0	DROP TABLE IF EXISTS sony.concurrency_minute_delta
2026-08-01 18:42:43	37	0	0	0	DROP TABLE IF EXISTS sony.concurrency_minute_delta 
2026-08-01 18:42:44	70	0	0	0	CREATE TABLE IF NOT EXISTS sony.concurrency_minute_delta UUID \'85fd30ec-5d4c-44e4-b0a0-e9c0e3ea5a8f\' (`platform` LowCardinality(String), `country` LowCardinality(String), `video_type` LowCardinality(String), `content_id` Int64, `minute` DateTime(\'UTC\'), `delta` Int32, PROJECTION by_dimension (SELECT
2026-08-01 18:42:44	137	0	0	0	CREATE TABLE IF NOT EXISTS sony.concurrency_minute_delta (     platform        LowCardinality(String),     country         LowCardinality(String),     video_type      LowCardinality(String),     content_id      Int64,     minute          DateTime(\'UTC\'),     delta           Int32,     PROJECTION by
2026-08-01 18:42:44	64	0	0	0	CREATE TABLE IF NOT EXISTS sony.concurrency_hourly_checkpoint UUID \'d4c62f28-3012-43ef-9d27-f1ff087628ea\' (`platform` LowCardinality(String), `country` LowCardinality(String), `video_type` LowCardinality(String), `content_id` Int64, `hour_boundary` DateTime(\'UTC\'), `concurrency` UInt32) ENGINE = Sha
2026-08-01 18:42:44	131	0	0	0	CREATE TABLE IF NOT EXISTS sony.concurrency_hourly_checkpoint (     platform        LowCardinality(String),     country         LowCardinality(String),     video_type      LowCardinality(String),     content_id      Int64,     hour_boundary   DateTime(\'UTC\'),     concurrency     UInt32 ) ENGINE = Re
2026-08-01 18:42:44	2	6	2128	6	             SELECT                 name,                 toJSONString(labels) as labels_serialized,                 value,                 help,                 type             FROM (                 SELECT   concat(\'clickhouse_\', system.dimensional_metrics.metric) AS name,   toFloat64(system.dime
2026-08-01 18:42:44	2	0	0	1	             SELECT                 name,                 toJSONString(labels) as labels_serialized,                 value,                 help,                 type             FROM (                 SELECT   \'ClickHouse_CustomMetric_TotalMemoryUsedByAsynchronousInserts\' AS name,   toFloat64(SUM(t
2026-08-01 18:42:44	3	6	213	0	             SELECT                 name,                 toJSONString(labels) as labels_serialized,                 value,                 help,                 type             FROM (                 SELECT   \'ClickHouse_CustomMetric_DatabaseReplicatedRecoveryTime\' as name,   toFloat64(recovery_ti
2026-08-01 18:42:44	3	6	213	0	             SELECT                 name,                 toJSONString(labels) as labels_serialized,                 value,                 help,                 type             FROM (                 SELECT   \'ClickHouse_CustomMetric_SharedCatalogRecoveryTime\' as name,   toFloat64(recovery_time) a
2026-08-01 18:42:47	13	34662	2978506	1	SELECT toString(toDateTime(intDiv(max(active_end_ms),60000)*60,\'UTC\')) FROM sony.session_active_intervals FINAL FORMAT TabSeparated 
2026-08-01 18:42:50	7	157	38122	157	SELECT             name,             value,             help,             JSONExtract(labels_serialized, \'Map(String, String)\') as labels,             type         FROM merge(system, \'^_custom_metrics_dictionary_.*\')         FORMAT Prometheus
2026-08-01 18:42:52	4	2	12834	1	SELECT count() FROM system.processes WHERE (initial_user NOT IN _CAST([\'backups-internal\', \'management-internal\', \'monitoring-internal\', \'observability-internal\', \'operator-internal\', \'prometheus-exporter\', \'prometheus-internal\', \'operator-cert-internal\', \'availability-monitoring-internal\', \'\'], \'Ar
2026-08-01 18:42:52	3	118	1656	1	SELECT countIf(database = \'system\') as systemParts, countIf(database != \'system\') as nonSystemParts FROM system.parts where active
2026-08-01 18:42:52	29	3176	595539	123	SELECT CAST(\'0fc3eaab-fbcb-4533-8825-9be9faaea781\', \'UUID\') AS instance_id, CAST(\'c-boneaws-al-46-server-j62zx3k-0\', \'LowCardinality(String)\') AS node_id, CAST(name, \'LowCardinality(String)\') AS metric, CAST(mapFilter((k, v) -> has(_CAST([\'remote\'], \'Array(String)\'), k), labels), \'Map(LowCardinality
2026-08-01 18:42:52	2	0	0	1	SELECT countIf(database = \'system\') as systemMerges, countIf(database != \'system\') as nonSystemMerges FROM system.merges
2026-08-01 18:42:54	8	157	38122	157	SELECT             name,             value,             help,             JSONExtract(labels_serialized, \'Map(String, String)\') as labels,             type         FROM merge(system, \'^_custom_metrics_dictionary_.*\')         FORMAT Prometheus
2026-08-01 18:42:54	3	0	0	0	             SELECT                 name,                 toJSONString(labels) as labels_serialized,                 value,                 help,                 type             FROM (                 SELECT   \'ClickHouse_CustomMetric_FailedMutations\' as name,   toFloat64(count()) as value,   \'The 
2026-08-01 18:42:54	3	15	1013	15	             SELECT                 name,                 toJSONString(labels) as labels_serialized,                 value,                 help,                 type             FROM (                 SELECT     \'ClickHouse_MetricsCollection_CustomMetricsSystemTable\' AS name,     toFloat64(1) AS va
2026-08-01 18:42:59	2	0	0	1	             SELECT                 name,                 toJSONString(labels) as labels_serialized,                 value,                 help,                 type             FROM (                 SELECT   \'ClickHouse_CustomMetric_TotalMemoryUsedByMerges\' AS name,   toFloat64(SUM(memory_usage))
2026-08-01 18:42:59	3	59	472	1	             SELECT                 name,                 toJSONString(labels) as labels_serialized,                 value,                 help,                 type             FROM (                 SELECT   \'ClickHouse_CustomMetric_TotalMemoryUsedByDataSkippingIndices\' AS name,   toFloat64(SUM(d
2026-08-01 18:42:59	3	6	213	0	             SELECT                 name,                 toJSONString(labels) as labels_serialized,                 value,                 help,                 type             FROM (                 SELECT   \'ClickHouse_CustomMetric_DatabaseReplicatedRecoveryTime\' as name,   toFloat64(recovery_ti
2026-08-01 18:43:02	3	1	5438	1	SELECT count() FROM system.processes WHERE (initial_user NOT IN _CAST([\'backups-internal\', \'management-internal\', \'monitoring-internal\', \'observability-internal\', \'operator-internal\', \'prometheus-exporter\', \'prometheus-internal\', \'operator-cert-internal\', \'availability-monitoring-internal\', \'\'], \'Ar
2026-08-01 18:43:02	3	117	1641	1	SELECT countIf(database = \'system\') as systemParts, countIf(database != \'system\') as nonSystemParts FROM system.parts where active
2026-08-01 18:43:02	2	0	0	1	SELECT countIf(database = \'system\') as systemMerges, countIf(database != \'system\') as nonSystemMerges FROM system.merges
2026-08-01 18:43:04	3	2	6242	1	             SELECT                 name,                 toJSONString(labels) as labels_serialized,                 value,                 help,                 type             FROM (                 SELECT   \'ClickHouse_CustomMetric_TotalMemoryUsedByQueries\' AS name,   toFloat64(SUM(peak_memory_u
2026-08-01 18:43:04	3	13	6340	1	             SELECT                 name,                 toJSONString(labels) as labels_serialized,                 value,                 help,                 type             FROM (                 SELECT   \'ClickHouse_CustomMetric_TotalMemoryUsedByDictionaries\' AS name,   toFloat64(SUM(bytes_al
2026-08-01 18:43:09	2	0	0	1	             SELECT                 name,                 toJSONString(labels) as labels_serialized,                 value,                 help,                 type             FROM (                 SELECT   \'ClickHouse_CustomMetric_TotalMemoryUsedByMerges\' AS name,   toFloat64(SUM(memory_usage))
2026-08-01 18:43:09	3	14	9020	0	             SELECT                 name,                 toJSONString(labels) as labels_serialized,                 value,                 help,                 type             FROM (                 SELECT   \'clickhouse_table_replica_readonly_start_timestamp_seconds\' as name,   toFloat64(toUnixTi
2026-08-01 18:43:10	7	141	34435	141	SELECT             name,             value,             help,             JSONExtract(labels_serialized, \'Map(String, String)\') as labels,             type         FROM merge(system, \'^_custom_metrics_dictionary_.*\')         FORMAT Prometheus
2026-08-01 18:43:11	17	121	1694	1	SELECT avg(ProfileEvent_OSCPUWaitMicroseconds) as cpu_wait FROM  system.metric_log  WHERE event_time > now() - INTERVAL 2 MINUTE AND event_date >= yesterday()
2026-08-01 18:43:12	5	2	10208	2	SELECT count() as count, sum(elapsed) as total_elapsed, \'lh\' as usr FROM system.processes  WHERE user = \'observability-internal\' AND client_hostname LIKE \'loghouse-scraper%\'  UNION ALL SELECT count() as count, sum(elapsed) as total_elapsed, \'other\' as usr FROM system.processes  WHERE user != \'observ
2026-08-01 18:43:12	2	887	368225	1	SELECT value FROM system.asynchronous_metrics WHERE metric = \'OSMemoryAvailable\' ;
2026-08-01 18:43:12	3	2	12834	1	SELECT count() FROM system.processes WHERE (initial_user NOT IN _CAST([\'backups-internal\', \'management-internal\', \'monitoring-internal\', \'observability-internal\', \'operator-internal\', \'prometheus-exporter\', \'prometheus-internal\', \'operator-cert-internal\', \'availability-monitoring-internal\', \'\'], \'Ar
2026-08-01 18:43:12	3	114	1596	1	SELECT countIf(database = \'system\') as systemParts, countIf(database != \'system\') as nonSystemParts FROM system.parts where active
2026-08-01 18:43:12	29	3162	593649	123	SELECT CAST(\'0fc3eaab-fbcb-4533-8825-9be9faaea781\', \'UUID\') AS instance_id, CAST(\'c-boneaws-al-46-server-j62zx3k-0\', \'LowCardinality(String)\') AS node_id, CAST(name, \'LowCardinality(String)\') AS metric, CAST(mapFilter((k, v) -> has(_CAST([\'remote\'], \'Array(String)\'), k), labels), \'Map(LowCardinality
2026-08-01 18:43:12	2	0	0	1	SELECT countIf(database = \'system\') as systemMerges, countIf(database != \'system\') as nonSystemMerges FROM system.merges
2026-08-01 18:43:14	2	6	2128	6	             SELECT                 name,                 toJSONString(labels) as labels_serialized,                 value,                 help,                 type             FROM (                 SELECT   concat(\'clickhouse_\', system.dimensional_metrics.metric) AS name,   toFloat64(system.dime
2026-08-01 18:43:14	3	14	9020	0	             SELECT                 name,                 toJSONString(labels) as labels_serialized,                 value,                 help,                 type             FROM (                 SELECT   \'clickhouse_table_replica_readonly_start_timestamp_seconds\' as name,   toFloat64(toUnixTi
2026-08-01 18:43:19	3	0	0	0	             SELECT                 name,                 toJSONString(labels) as labels_serialized,                 value,                 help,                 type             FROM (                 SELECT   \'ClickHouse_CustomMetric_FailedMutations\' as name,   toFloat64(count()) as value,   \'The 
2026-08-01 18:43:20	7	141	34435	141	SELECT             name,             value,             help,             JSONExtract(labels_serialized, \'Map(String, String)\') as labels,             type         FROM merge(system, \'^_custom_metrics_dictionary_.*\')         FORMAT Prometheus
2026-08-01 18:43:22	3	1	5438	1	SELECT count() FROM system.processes WHERE (initial_user NOT IN _CAST([\'backups-internal\', \'management-internal\', \'monitoring-internal\', \'observability-internal\', \'operator-internal\', \'prometheus-exporter\', \'prometheus-internal\', \'operator-cert-internal\', \'availability-monitoring-internal\', \'\'], \'Ar
2026-08-01 18:43:22	3	115	1611	1	SELECT countIf(database = \'system\') as systemParts, countIf(database != \'system\') as nonSystemParts FROM system.parts where active
2026-08-01 18:43:22	2	0	0	1	SELECT countIf(database = \'system\') as systemMerges, countIf(database != \'system\') as nonSystemMerges FROM system.merges
2026-08-01 18:43:24	7	141	34435	141	SELECT             name,             value,             help,             JSONExtract(labels_serialized, \'Map(String, String)\') as labels,             type         FROM merge(system, \'^_custom_metrics_dictionary_.*\')         FORMAT Prometheus
2026-08-01 18:43:29	2	0	0	1	             SELECT                 name,                 toJSONString(labels) as labels_serialized,                 value,                 help,                 type             FROM (                 SELECT   \'ClickHouse_CustomMetric_TotalMemoryUsedByAsynchronousInserts\' AS name,   toFloat64(SUM(t
2026-08-01 18:43:30	27	69324	6659572	1	SELECT ifNull(sum(delta), 0) FROM sony.concurrency_delta_all WHERE minute < toDateTime(\'1970-01-21 15:46:00\', \'UTC\')  FORMAT TabSeparated 
2026-08-01 18:43:30	1	1	1	1	SELECT toString(toDateTime(\'1970-01-21 15:46:00\', \'UTC\') - INTERVAL 1 MINUTE) FORMAT TabSeparated 
2026-08-01 18:43:32	4	2	12834	1	SELECT count() FROM system.processes WHERE (initial_user NOT IN _CAST([\'backups-internal\', \'management-internal\', \'monitoring-internal\', \'observability-internal\', \'operator-internal\', \'prometheus-exporter\', \'prometheus-internal\', \'operator-cert-internal\', \'availability-monitoring-internal\', \'\'], \'Ar
2026-08-01 18:43:32	28	3162	593649	123	SELECT CAST(\'0fc3eaab-fbcb-4533-8825-9be9faaea781\', \'UUID\') AS instance_id, CAST(\'c-boneaws-al-46-server-j62zx3k-0\', \'LowCardinality(String)\') AS node_id, CAST(name, \'LowCardinality(String)\') AS metric, CAST(mapFilter((k, v) -> has(_CAST([\'remote\'], \'Array(String)\'), k), labels), \'Map(LowCardinality
2026-08-01 18:43:32	2	125	1761	1	SELECT countIf(database = \'system\') as systemParts, countIf(database != \'system\') as nonSystemParts FROM system.parts where active
2026-08-01 18:43:32	2	0	0	1	SELECT countIf(database = \'system\') as systemMerges, countIf(database != \'system\') as nonSystemMerges FROM system.merges
2026-08-01 18:43:34	1	1	1	1	SELECT displayName(), version(), revision(), timezone()
2026-08-01 18:43:34	3	15	1013	15	             SELECT                 name,                 toJSONString(labels) as labels_serialized,                 value,                 help,                 type             FROM (                 SELECT     \'ClickHouse_MetricsCollection_CustomMetricsSystemTable\' AS name,     toFloat64(1) AS va
2026-08-01 18:43:34	1	1	1	1	SELECT 1;
2026-08-01 18:43:36	1	1	1	1	SELECT toString(toDateTime(\'1970-01-21 15:46:00\', \'UTC\') - INTERVAL 1 MINUTE) FORMAT TabSeparated 
2026-08-01 18:43:37	4	0	0	0	SELECT now64(6) as scrape_time_microseconds, \'j62zx3k\' AS pod_ident, \'boneaws-al-46\' AS spoken_name, \'cell-1\' AS cell, \'ap-south-1\' AS region, \'aws\' AS cloud_provider, \'?\' AS clickhouse_version, \'0fc3eaab-fbcb-4533-8825-9be9faaea781\' AS control_plane_id, \'?\' AS system_processor, * FROM system."files
2026-08-01 18:43:38	6	0	0	0	SELECT now64(6) as scrape_time_microseconds, \'j62zx3k\' AS pod_ident, \'boneaws-al-46\' AS spoken_name, \'cell-1\' AS cell, \'ap-south-1\' AS region, \'aws\' AS cloud_provider, \'?\' AS clickhouse_version, \'0fc3eaab-fbcb-4533-8825-9be9faaea781\' AS control_plane_id, \'?\' AS system_processor, * FROM system."query
2026-08-01 18:43:38	14	9199	2191382	3721	SELECT now64(6) as scrape_time_microseconds, \'j62zx3k\' AS pod_ident, \'boneaws-al-46\' AS spoken_name, \'cell-1\' AS cell, \'ap-south-1\' AS region, \'aws\' AS cloud_provider, \'?\' AS clickhouse_version, \'0fc3eaab-fbcb-4533-8825-9be9faaea781\' AS control_plane_id, \'?\' AS system_processor, * FROM system."proce
2026-08-01 18:43:39	4	0	0	0	SELECT now64(6) as scrape_time_microseconds, \'j62zx3k\' AS pod_ident, \'boneaws-al-46\' AS spoken_name, \'cell-1\' AS cell, \'ap-south-1\' AS region, \'aws\' AS cloud_provider, \'?\' AS clickhouse_version, \'0fc3eaab-fbcb-4533-8825-9be9faaea781\' AS control_plane_id, \'?\' AS system_processor, * FROM system."files
2026-08-01 18:43:39	20	16384	3863063	10254	SELECT now64(6) as scrape_time_microseconds, \'j62zx3k\' AS pod_ident, \'boneaws-al-46\' AS spoken_name, \'cell-1\' AS cell, \'ap-south-1\' AS region, \'aws\' AS cloud_provider, \'?\' AS clickhouse_version, \'0fc3eaab-fbcb-4533-8825-9be9faaea781\' AS control_plane_id, \'?\' AS system_processor, * FROM system."trace
2026-08-01 18:43:40	4	0	0	0	SELECT now64(6) as scrape_time_microseconds, \'j62zx3k\' AS pod_ident, \'boneaws-al-46\' AS spoken_name, \'cell-1\' AS cell, \'ap-south-1\' AS region, \'aws\' AS cloud_provider, \'?\' AS clickhouse_version, \'0fc3eaab-fbcb-4533-8825-9be9faaea781\' AS control_plane_id, \'?\' AS system_processor, * FROM system."crash
2026-08-01 18:43:40	22	474	1432842	308	SELECT now64(6) as scrape_time_microseconds, \'j62zx3k\' AS pod_ident, \'boneaws-al-46\' AS spoken_name, \'cell-1\' AS cell, \'ap-south-1\' AS region, \'aws\' AS cloud_provider, \'?\' AS clickhouse_version, \'0fc3eaab-fbcb-4533-8825-9be9faaea781\' AS control_plane_id, \'?\' AS system_processor, * FROM system."query
2026-08-01 18:43:40	7	141	34435	141	SELECT             name,             value,             help,             JSONExtract(labels_serialized, \'Map(String, String)\') as labels,             type         FROM merge(system, \'^_custom_metrics_dictionary_.*\')         FORMAT Prometheus
2026-08-01 18:43:41	3	0	0	0	SELECT now64(6) as scrape_time_microseconds, \'j62zx3k\' AS pod_ident, \'boneaws-al-46\' AS spoken_name, \'cell-1\' AS cell, \'ap-south-1\' AS region, \'aws\' AS cloud_provider, \'?\' AS clickhouse_version, \'0fc3eaab-fbcb-4533-8825-9be9faaea781\' AS control_plane_id, \'?\' AS system_processor, * FROM system."click
2026-08-01 18:43:41	203	786	2145182	120	SELECT now64(6) as scrape_time_microseconds, \'j62zx3k\' AS pod_ident, \'boneaws-al-46\' AS spoken_name, \'cell-1\' AS cell, \'ap-south-1\' AS region, \'aws\' AS cloud_provider, \'?\' AS clickhouse_version, \'0fc3eaab-fbcb-4533-8825-9be9faaea781\' AS control_plane_id, \'?\' AS system_processor, * FROM system."metri
2026-08-01 18:43:42	4	0	0	0	SELECT now64(6) as scrape_time_microseconds, \'j62zx3k\' AS pod_ident, \'boneaws-al-46\' AS spoken_name, \'cell-1\' AS cell, \'ap-south-1\' AS region, \'aws\' AS cloud_provider, \'?\' AS clickhouse_version, \'0fc3eaab-fbcb-4533-8825-9be9faaea781\' AS control_plane_id, \'?\' AS system_processor, * FROM system."backu
2026-08-01 18:43:42	17	122	1708	1	SELECT avg(ProfileEvent_OSCPUWaitMicroseconds) as cpu_wait FROM  system.metric_log  WHERE event_time > now() - INTERVAL 2 MINUTE AND event_date >= yesterday()
2026-08-01 18:43:42	5	2	10208	2	SELECT count() as count, sum(elapsed) as total_elapsed, \'lh\' as usr FROM system.processes  WHERE user = \'observability-internal\' AND client_hostname LIKE \'loghouse-scraper%\'  UNION ALL SELECT count() as count, sum(elapsed) as total_elapsed, \'other\' as usr FROM system.processes  WHERE user != \'observ
2026-08-01 18:43:42	2	887	368225	1	SELECT value FROM system.asynchronous_metrics WHERE metric = \'OSMemoryAvailable\' ;
2026-08-01 18:43:42	3	1	5438	1	SELECT count() FROM system.processes WHERE (initial_user NOT IN _CAST([\'backups-internal\', \'management-internal\', \'monitoring-internal\', \'observability-internal\', \'operator-internal\', \'prometheus-exporter\', \'prometheus-internal\', \'operator-cert-internal\', \'availability-monitoring-internal\', \'\'], \'Ar
2026-08-01 18:43:42	3	127	1791	1	SELECT countIf(database = \'system\') as systemParts, countIf(database != \'system\') as nonSystemParts FROM system.parts where active
2026-08-01 18:43:42	2	0	0	1	SELECT countIf(database = \'system\') as systemMerges, countIf(database != \'system\') as nonSystemMerges FROM system.merges
2026-08-01 18:43:44	5	0	0	0	SELECT now64(6) as scrape_time_microseconds, \'j62zx3k\' AS pod_ident, \'boneaws-al-46\' AS spoken_name, \'cell-1\' AS cell, \'ap-south-1\' AS region, \'aws\' AS cloud_provider, \'?\' AS clickhouse_version, \'0fc3eaab-fbcb-4533-8825-9be9faaea781\' AS control_plane_id, \'?\' AS system_processor, * FROM system."async
2026-08-01 18:43:44	2	6	2128	6	             SELECT                 name,                 toJSONString(labels) as labels_serialized,                 value,                 help,                 type             FROM (                 SELECT   concat(\'clickhouse_\', system.dimensional_metrics.metric) AS name,   toFloat64(system.dime
2026-08-01 18:43:44	3	14	9020	0	             SELECT                 name,                 toJSONString(labels) as labels_serialized,                 value,                 help,                 type             FROM (                 SELECT   \'clickhouse_table_replica_readonly_start_timestamp_seconds\' as name,   toFloat64(toUnixTi
2026-08-01 18:43:44	3	6	213	0	             SELECT                 name,                 toJSONString(labels) as labels_serialized,                 value,                 help,                 type             FROM (                 SELECT   \'ClickHouse_CustomMetric_SharedCatalogRecoveryTime\' as name,   toFloat64(recovery_time) a
2026-08-01 18:43:45	5	84	336	0	SELECT now64(6) as scrape_time_microseconds, \'j62zx3k\' AS pod_ident, \'boneaws-al-46\' AS spoken_name, \'cell-1\' AS cell, \'ap-south-1\' AS region, \'aws\' AS cloud_provider, \'?\' AS clickhouse_version, \'0fc3eaab-fbcb-4533-8825-9be9faaea781\' AS control_plane_id, \'?\' AS system_processor, * FROM system."error
2026-08-01 18:43:45	11	8201	2434013	341	SELECT now64(6) as scrape_time_microseconds, \'j62zx3k\' AS pod_ident, \'boneaws-al-46\' AS spoken_name, \'cell-1\' AS cell, \'ap-south-1\' AS region, \'aws\' AS cloud_provider, \'?\' AS clickhouse_version, \'0fc3eaab-fbcb-4533-8825-9be9faaea781\' AS control_plane_id, \'?\' AS system_processor, * FROM system."blob_
2026-08-01 18:43:45	18	7542	4089806	137	SELECT now64(6) as scrape_time_microseconds, \'j62zx3k\' AS pod_ident, \'boneaws-al-46\' AS spoken_name, \'cell-1\' AS cell, \'ap-south-1\' AS region, \'aws\' AS cloud_provider, \'?\' AS clickhouse_version, \'0fc3eaab-fbcb-4533-8825-9be9faaea781\' AS control_plane_id, \'?\' AS system_processor, * FROM system."part_
2026-08-01 18:43:45	62	618773	9935116	105006	SELECT now64(6) as scrape_time_microseconds, \'j62zx3k\' AS pod_ident, \'boneaws-al-46\' AS spoken_name, \'cell-1\' AS cell, \'ap-south-1\' AS region, \'aws\' AS cloud_provider, \'?\' AS clickhouse_version, \'0fc3eaab-fbcb-4533-8825-9be9faaea781\' AS control_plane_id, \'?\' AS system_processor, * FROM system."async
2026-08-01 18:43:46	3	0	0	0	SELECT now64(6) as scrape_time_microseconds, \'j62zx3k\' AS pod_ident, \'boneaws-al-46\' AS spoken_name, \'cell-1\' AS cell, \'ap-south-1\' AS region, \'aws\' AS cloud_provider, \'?\' AS clickhouse_version, \'0fc3eaab-fbcb-4533-8825-9be9faaea781\' AS control_plane_id, \'?\' AS system_processor, * FROM system."zooke
2026-08-01 18:43:46	23	30219	6833345	13282	SELECT now64(6) as scrape_time_microseconds, \'j62zx3k\' AS pod_ident, \'boneaws-al-46\' AS spoken_name, \'cell-1\' AS cell, \'ap-south-1\' AS region, \'aws\' AS cloud_provider, \'?\' AS clickhouse_version, \'0fc3eaab-fbcb-4533-8825-9be9faaea781\' AS control_plane_id, \'?\' AS system_processor, * FROM system."text_
2026-08-01 18:43:47	3	0	0	0	SELECT now64(6) as scrape_time_microseconds, \'j62zx3k\' AS pod_ident, \'boneaws-al-46\' AS spoken_name, \'cell-1\' AS cell, \'ap-south-1\' AS region, \'aws\' AS cloud_provider, \'?\' AS clickhouse_version, \'0fc3eaab-fbcb-4533-8825-9be9faaea781\' AS control_plane_id, \'?\' AS system_processor, * FROM system."s3que
2026-08-01 18:43:48	85	0	0	0	SELECT now64(6) as scrape_time_microseconds, \'j62zx3k\' AS pod_ident, \'boneaws-al-46\' AS spoken_name, \'cell-1\' AS cell, \'ap-south-1\' AS region, \'aws\' AS cloud_provider, \'?\' AS clickhouse_version, \'0fc3eaab-fbcb-4533-8825-9be9faaea781\' AS control_plane_id, \'?\' AS system_processor, * FROM system."query
2026-08-01 18:43:49	3	13	6340	1	             SELECT                 name,                 toJSONString(labels) as labels_serialized,                 value,                 help,                 type             FROM (                 SELECT   \'ClickHouse_CustomMetric_TotalMemoryUsedByDictionaries\' AS name,   toFloat64(SUM(bytes_al
2026-08-01 18:43:50	7	141	34435	141	SELECT             name,             value,             help,             JSONExtract(labels_serialized, \'Map(String, String)\') as labels,             type         FROM merge(system, \'^_custom_metrics_dictionary_.*\')         FORMAT Prometheus
2026-08-01 18:43:50	2	0	8	1	SELECT count() FROM system.backups where status IN (0,3)
2026-08-01 18:43:50	4	1	5472	1	SELECT count() FROM system.processes WHERE (elapsed > _CAST(0, \'Int64\')) AND (initial_user NOT IN _CAST([\'backups-internal\', \'management-internal\', \'monitoring-internal\', \'observability-internal\', \'operator-internal\', \'prometheus-exporter\', \'prometheus-internal\', \'operator-cert-internal\', \'availabil
2026-08-01 18:43:52	4	2	12834	1	SELECT count() FROM system.processes WHERE (initial_user NOT IN _CAST([\'backups-internal\', \'management-internal\', \'monitoring-internal\', \'observability-internal\', \'operator-internal\', \'prometheus-exporter\', \'prometheus-internal\', \'operator-cert-internal\', \'availability-monitoring-internal\', \'\'], \'Ar
2026-08-01 18:43:52	30	3162	593649	123	SELECT CAST(\'0fc3eaab-fbcb-4533-8825-9be9faaea781\', \'UUID\') AS instance_id, CAST(\'c-boneaws-al-46-server-j62zx3k-0\', \'LowCardinality(String)\') AS node_id, CAST(name, \'LowCardinality(String)\') AS metric, CAST(mapFilter((k, v) -> has(_CAST([\'remote\'], \'Array(String)\'), k), labels), \'Map(LowCardinality
2026-08-01 18:43:52	3	123	1731	1	SELECT countIf(database = \'system\') as systemParts, countIf(database != \'system\') as nonSystemParts FROM system.parts where active
2026-08-01 18:43:52	2	0	0	1	SELECT countIf(database = \'system\') as systemMerges, countIf(database != \'system\') as nonSystemMerges FROM system.merges
2026-08-01 18:43:53	4	0	0	0	SELECT now64(6) as scrape_time_microseconds, \'j62zx3k\' AS pod_ident, \'boneaws-al-46\' AS spoken_name, \'cell-1\' AS cell, \'ap-south-1\' AS region, \'aws\' AS cloud_provider, \'?\' AS clickhouse_version, \'0fc3eaab-fbcb-4533-8825-9be9faaea781\' AS control_plane_id, \'?\' AS system_processor, * FROM system."aggre
2026-08-01 18:43:54	5	0	0	0	SELECT now64(6) as scrape_time_microseconds, \'j62zx3k\' AS pod_ident, \'boneaws-al-46\' AS spoken_name, \'cell-1\' AS cell, \'ap-south-1\' AS region, \'aws\' AS cloud_provider, \'?\' AS clickhouse_version, \'0fc3eaab-fbcb-4533-8825-9be9faaea781\' AS control_plane_id, \'?\' AS system_processor, * FROM system."query
2026-08-01 18:43:54	7	141	34435	141	SELECT             name,             value,             help,             JSONExtract(labels_serialized, \'Map(String, String)\') as labels,             type         FROM merge(system, \'^_custom_metrics_dictionary_.*\')         FORMAT Prometheus
2026-08-01 18:43:54	2	2	6302	1	             SELECT                 name,                 toJSONString(labels) as labels_serialized,                 value,                 help,                 type             FROM (                 SELECT   \'ClickHouse_CustomMetric_TotalMemoryUsedByQueries\' AS name,   toFloat64(SUM(peak_memory_u
2026-08-01 18:43:54	3	59	472	1	             SELECT                 name,                 toJSONString(labels) as labels_serialized,                 value,                 help,                 type             FROM (                 SELECT   \'ClickHouse_CustomMetric_TotalMemoryUsedByDataSkippingIndices\' AS name,   toFloat64(SUM(d
2026-08-01 18:43:59	3	6	213	0	             SELECT                 name,                 toJSONString(labels) as labels_serialized,                 value,                 help,                 type             FROM (                 SELECT   \'ClickHouse_CustomMetric_DatabaseReplicatedRecoveryTime\' as name,   toFloat64(recovery_ti
2026-08-01 18:44:02	4	2	11389	1	SELECT count() FROM system.processes WHERE (initial_user NOT IN _CAST([\'backups-internal\', \'management-internal\', \'monitoring-internal\', \'observability-internal\', \'operator-internal\', \'prometheus-exporter\', \'prometheus-internal\', \'operator-cert-internal\', \'availability-monitoring-internal\', \'\'], \'Ar
2026-08-01 18:44:02	3	117	1641	1	SELECT countIf(database = \'system\') as systemParts, countIf(database != \'system\') as nonSystemParts FROM system.parts where active
2026-08-01 18:44:02	2	0	0	1	SELECT countIf(database = \'system\') as systemMerges, countIf(database != \'system\') as nonSystemMerges FROM system.merges
2026-08-01 18:44:04	4538	88627	6834131	1	 WITH toDateTime(\'1970-01-21 15:46:00\', \'UTC\') AS t0, toDateTime(\'2031-07-25 11:28:00\', \'UTC\') AS t1 SELECT max(c) AS peak, toString(argMax(minute, c)) AS peak_minute, round(avg(c), 4) AS avg_c FROM (     SELECT minute, sum(d) OVER (ORDER BY minute) AS c     FROM (         SELECT minute, sum(delta) 
2026-08-01 18:44:04	2	0	0	1	             SELECT                 name,                 toJSONString(labels) as labels_serialized,                 value,                 help,                 type             FROM (                 SELECT   \'ClickHouse_CustomMetric_TotalMemoryUsedByMerges\' AS name,   toFloat64(SUM(memory_usage))
2026-08-01 18:44:04	2	0	0	0	             SELECT                 name,                 toJSONString(labels) as labels_serialized,                 value,                 help,                 type             FROM (                 SELECT   \'ClickHouse_CustomMetric_FailedMutations\' as name,   toFloat64(count()) as value,   \'The 
2026-08-01 18:44:09	10	1187	753339	38	SELECT now64(6) as scrape_time_microseconds, \'j62zx3k\' AS pod_ident, \'boneaws-al-46\' AS spoken_name, \'cell-1\' AS cell, \'ap-south-1\' AS region, \'aws\' AS cloud_provider, \'?\' AS clickhouse_version, \'0fc3eaab-fbcb-4533-8825-9be9faaea781\' AS control_plane_id, \'?\' AS system_processor, * FROM system."sessi
2026-08-01 18:44:09	4520	88627	6834131	1	 WITH toDateTime(\'1970-01-21 15:46:00\', \'UTC\') AS t0, toDateTime(\'2031-07-25 11:28:00\', \'UTC\') AS t1 SELECT max(c) AS peak, toString(argMax(minute, c)) AS peak_minute, round(avg(c), 4) AS avg_c FROM (     SELECT minute, sum(d) OVER (ORDER BY minute) AS c     FROM (         SELECT minute, sum(delta) 
2026-08-01 18:44:09	1	1	1	1	SELECT displayName(), version(), revision(), timezone()
2026-08-01 18:44:09	3	15	1013	15	             SELECT                 name,                 toJSONString(labels) as labels_serialized,                 value,                 help,                 type             FROM (                 SELECT     \'ClickHouse_MetricsCollection_CustomMetricsSystemTable\' AS name,     toFloat64(1) AS va
2026-08-01 18:44:09	3	6	213	0	             SELECT                 name,                 toJSONString(labels) as labels_serialized,                 value,                 help,                 type             FROM (                 SELECT   \'ClickHouse_CustomMetric_DatabaseReplicatedRecoveryTime\' as name,   toFloat64(recovery_ti
2026-08-01 18:44:09	3	6	213	0	             SELECT                 name,                 toJSONString(labels) as labels_serialized,                 value,                 help,                 type             FROM (                 SELECT   \'ClickHouse_CustomMetric_SharedCatalogRecoveryTime\' as name,   toFloat64(recovery_time) a
2026-08-01 18:44:10	7	147	35893	147	SELECT             name,             value,             help,             JSONExtract(labels_serialized, \'Map(String, String)\') as labels,             type         FROM merge(system, \'^_custom_metrics_dictionary_.*\')         FORMAT Prometheus
2026-08-01 18:44:10	1	1	1	1	SELECT 1;
2026-08-01 18:44:12	17	609	8526	1	SELECT avg(ProfileEvent_OSCPUWaitMicroseconds) as cpu_wait FROM  system.metric_log  WHERE event_time > now() - INTERVAL 2 MINUTE AND event_date >= yesterday()
2026-08-01 18:44:12	6	4	21911	2	SELECT count() as count, sum(elapsed) as total_elapsed, \'lh\' as usr FROM system.processes  WHERE user = \'observability-internal\' AND client_hostname LIKE \'loghouse-scraper%\'  UNION ALL SELECT count() as count, sum(elapsed) as total_elapsed, \'other\' as usr FROM system.processes  WHERE user != \'observ
2026-08-01 18:44:12	2	886	368083	1	SELECT value FROM system.asynchronous_metrics WHERE metric = \'OSMemoryAvailable\' ;
2026-08-01 18:44:12	4	3	18431	1	SELECT count() FROM system.processes WHERE (initial_user NOT IN _CAST([\'backups-internal\', \'management-internal\', \'monitoring-internal\', \'observability-internal\', \'operator-internal\', \'prometheus-exporter\', \'prometheus-internal\', \'operator-cert-internal\', \'availability-monitoring-internal\', \'\'], \'Ar
2026-08-01 18:44:12	3	120	1686	1	SELECT countIf(database = \'system\') as systemParts, countIf(database != \'system\') as nonSystemParts FROM system.parts where active
2026-08-01 18:44:12	2	0	0	1	SELECT countIf(database = \'system\') as systemMerges, countIf(database != \'system\') as nonSystemMerges FROM system.merges
2026-08-01 18:44:12	29	3168	594556	123	SELECT CAST(\'0fc3eaab-fbcb-4533-8825-9be9faaea781\', \'UUID\') AS instance_id, CAST(\'c-boneaws-al-46-server-j62zx3k-0\', \'LowCardinality(String)\') AS node_id, CAST(name, \'LowCardinality(String)\') AS metric, CAST(mapFilter((k, v) -> has(_CAST([\'remote\'], \'Array(String)\'), k), labels), \'Map(LowCardinality
2026-08-01 18:44:13	4581	88627	6834131	1	 WITH toDateTime(\'1970-01-21 15:46:00\', \'UTC\') AS t0, toDateTime(\'2031-07-25 11:28:00\', \'UTC\') AS t1 SELECT max(c) AS peak, toString(argMax(minute, c)) AS peak_minute, round(avg(c), 4) AS avg_c FROM (     SELECT minute, sum(d) OVER (ORDER BY minute) AS c     FROM (         SELECT minute, sum(delta) 
2026-08-01 18:44:14	27	69324	6659572	1	SELECT ifNull(sum(delta), 0) FROM sony.concurrency_delta_all WHERE minute < toDateTime(\'1970-01-21 15:46:00\', \'UTC\')  AND platform = \'ANDROID_PHONE\' FORMAT TabSeparated 
2026-08-01 18:44:14	1	1	1	1	SELECT toString(toDateTime(\'1970-01-21 15:46:00\', \'UTC\') - INTERVAL 1 MINUTE) FORMAT TabSeparated 
2026-08-01 18:44:14	3	13	6340	1	             SELECT                 name,                 toJSONString(labels) as labels_serialized,                 value,                 help,                 type             FROM (                 SELECT   \'ClickHouse_CustomMetric_TotalMemoryUsedByDictionaries\' AS name,   toFloat64(SUM(bytes_al
2026-08-01 18:44:14	3	59	472	1	             SELECT                 name,                 toJSONString(labels) as labels_serialized,                 value,                 help,                 type             FROM (                 SELECT   \'ClickHouse_CustomMetric_TotalMemoryUsedByDataSkippingIndices\' AS name,   toFloat64(SUM(d
2026-08-01 18:44:14	3	6	213	0	             SELECT                 name,                 toJSONString(labels) as labels_serialized,                 value,                 help,                 type             FROM (                 SELECT   \'ClickHouse_CustomMetric_SharedCatalogRecoveryTime\' as name,   toFloat64(recovery_time) a
2026-08-01 18:44:19	5249	88627	6834131	1	 WITH toDateTime(\'1970-01-21 15:46:00\', \'UTC\') AS t0 SELECT max(c) AS peak, toString(argMax(minute, c)) AS peak_minute, round(avg(c), 4) AS avg_c FROM (     SELECT minute, 0 + sum(d) OVER (ORDER BY minute) AS c     FROM (         SELECT minute, sum(delta) AS d         FROM sony.concurrency_delta_all
2026-08-01 18:44:19	3	6	213	0	             SELECT                 name,                 toJSONString(labels) as labels_serialized,                 value,                 help,                 type             FROM (                 SELECT   \'ClickHouse_CustomMetric_SharedCatalogRecoveryTime\' as name,   toFloat64(recovery_time) a
2026-08-01 18:44:20	7	147	35893	147	SELECT             name,             value,             help,             JSONExtract(labels_serialized, \'Map(String, String)\') as labels,             type         FROM merge(system, \'^_custom_metrics_dictionary_.*\')         FORMAT Prometheus
2026-08-01 18:44:22	4	1	5438	1	SELECT count() FROM system.processes WHERE (initial_user NOT IN _CAST([\'backups-internal\', \'management-internal\', \'monitoring-internal\', \'observability-internal\', \'operator-internal\', \'prometheus-exporter\', \'prometheus-internal\', \'operator-cert-internal\', \'availability-monitoring-internal\', \'\'], \'Ar
2026-08-01 18:44:22	3	118	1656	1	SELECT countIf(database = \'system\') as systemParts, countIf(database != \'system\') as nonSystemParts FROM system.parts where active
2026-08-01 18:44:22	2	0	0	1	SELECT countIf(database = \'system\') as systemMerges, countIf(database != \'system\') as nonSystemMerges FROM system.merges
2026-08-01 18:44:24	7	147	35893	147	SELECT             name,             value,             help,             JSONExtract(labels_serialized, \'Map(String, String)\') as labels,             type         FROM merge(system, \'^_custom_metrics_dictionary_.*\')         FORMAT Prometheus
2026-08-01 18:44:24	2	0	0	1	             SELECT                 name,                 toJSONString(labels) as labels_serialized,                 value,                 help,                 type             FROM (                 SELECT   \'ClickHouse_CustomMetric_TotalMemoryUsedByAsynchronousInserts\' AS name,   toFloat64(SUM(t
2026-08-01 18:44:24	3	14	9020	0	             SELECT                 name,                 toJSONString(labels) as labels_serialized,                 value,                 help,                 type             FROM (                 SELECT   \'clickhouse_table_replica_readonly_start_timestamp_seconds\' as name,   toFloat64(toUnixTi
2026-08-01 18:44:26	1	1	1	1	SELECT toString(toDateTime(\'1970-01-21 15:46:00\', \'UTC\') - INTERVAL 1 MINUTE) FORMAT TabSeparated 
2026-08-01 18:44:29	4	6	213	0	             SELECT                 name,                 toJSONString(labels) as labels_serialized,                 value,                 help,                 type             FROM (                 SELECT   \'ClickHouse_CustomMetric_DatabaseReplicatedRecoveryTime\' as name,   toFloat64(recovery_ti
2026-08-01 18:44:31	5147	88627	6834131	1	 WITH toDateTime(\'1970-01-21 15:46:00\', \'UTC\') AS t0 SELECT max(c) AS peak, toString(argMax(minute, c)) AS peak_minute, round(avg(c), 4) AS avg_c FROM (     SELECT minute, 0 + sum(d) OVER (ORDER BY minute) AS c     FROM (         SELECT minute, sum(delta) AS d         FROM sony.concurrency_delta_all
2026-08-01 18:44:32	6	378	114440	5	WITH metrics AS (SELECT name AS metric, toFloat64(value) AS val, now() AS ts FROM system.server_settings WHERE multiMatchAny(name, _CAST([\'^max_database_num_to_throw$\', \'^max_database_num_to_warn$\', \'^max_table_num_to_throw$\', \'^max_table_num_to_warn$\', \'^max_concurrent_queries$\'], \'Array(String)\'))
2026-08-01 18:44:32	6	0	0	0	WITH source AS (SELECT [\'matview_execution_total\', if(exception_code != 0, \'matview_execution_fail\', \'\')] AS metrics, event_time AS ts FROM system.query_views_log WHERE (status != \'QueryStart\') AND (event_date >= toDate(_CAST(\'1785609717.833\', \'DateTime64\'))) AND (event_time >= toDateTime(_CAST(\'178
2026-08-01 18:44:32	11	121664	1934829	1560	SELECT CAST(\'0fc3eaab-fbcb-4533-8825-9be9faaea781\', \'UUID\') AS control_plane_id, CAST(\'c-boneaws-al-46-server-j62zx3k-0\', \'LowCardinality(String)\') AS pod_id, CAST(now64(), \'DateTime64(6)\') AS scrape_ts_microseconds, CAST(event_date, \'Date\') AS event_date, CAST(event_time, \'DateTime\') AS event_time,
2026-08-01 18:44:32	12	7608	114106	10	WITH metrics AS (SELECT multiIf((event_type = \'MergeParts\') AND (error = 0), \'merges_finished\', (event_type = \'MergeParts\') AND (error != 0), \'merges_failed\', (event_type = \'MutatePart\') AND (error = 0), \'mutate_part_finished\', (event_type = \'MutatePart\') AND (error != 0), \'mutate_part_failed\', NULL
2026-08-01 18:44:32	3	8	40247	1	SELECT count() FROM system.processes WHERE (initial_user NOT IN _CAST([\'backups-internal\', \'management-internal\', \'monitoring-internal\', \'observability-internal\', \'operator-internal\', \'prometheus-exporter\', \'prometheus-internal\', \'operator-cert-internal\', \'availability-monitoring-internal\', \'\'], \'Ar
2026-08-01 18:44:32	63	0	0	1	WITH failed_mutations AS (SELECT toDateTime(create_time) AS ts, count() AS val FROM system.mutations WHERE (ts > toDateTime(_CAST(\'1785609717.833\', \'DateTime64\'))) AND (ts <= toDateTime(_CAST(\'1785609837.833\', \'DateTime64\'))) AND (latest_failed_part != \'\') AND (is_done = 0) GROUP BY ts), failed_muta
2026-08-01 18:44:32	64	3168	594556	123	SELECT CAST(\'0fc3eaab-fbcb-4533-8825-9be9faaea781\', \'UUID\') AS instance_id, CAST(\'c-boneaws-al-46-server-j62zx3k-0\', \'LowCardinality(String)\') AS node_id, CAST(name, \'LowCardinality(String)\') AS metric, CAST(mapFilter((k, v) -> has(_CAST([\'remote\'], \'Array(String)\'), k), labels), \'Map(LowCardinality
2026-08-01 18:44:32	3	120	1686	1	SELECT countIf(database = \'system\') as systemParts, countIf(database != \'system\') as nonSystemParts FROM system.parts where active
2026-08-01 18:44:32	2	1	1067	1	SELECT countIf(database = \'system\') as systemMerges, countIf(database != \'system\') as nonSystemMerges FROM system.merges
2026-08-01 18:44:32	95	609	187400	120	SELECT CAST(\'0fc3eaab-fbcb-4533-8825-9be9faaea781\', \'UUID\') AS control_plane_id, CAST(\'c-boneaws-al-46-server-j62zx3k-0\', \'LowCardinality(String)\') AS pod_id, CAST(now64(), \'DateTime64(6)\') AS scrape_ts_microseconds, CAST(event_date, \'Date\') AS event_date, CAST(event_time, \'DateTime\') AS event_time,
2026-08-01 18:44:33	207	813	223441	18	WITH parts_agg AS (SELECT database AS agg_database, `table` AS agg_table, SUM(primary_key_size) AS primary_index_size, SUM(secondary_indices_compressed_bytes) AS secondary_index_size FROM system.parts WHERE active AND (database != \'system\') GROUP BY database, `table`), proj_agg AS (SELECT database A
2026-08-01 18:44:39	2	0	0	1	             SELECT                 name,                 toJSONString(labels) as labels_serialized,                 value,                 help,                 type             FROM (                 SELECT   \'ClickHouse_CustomMetric_TotalMemoryUsedByMerges\' AS name,   toFloat64(SUM(memory_usage))
2026-08-01 18:44:39	3	15	1013	15	             SELECT                 name,                 toJSONString(labels) as labels_serialized,                 value,                 help,                 type             FROM (                 SELECT     \'ClickHouse_MetricsCollection_CustomMetricsSystemTable\' AS name,     toFloat64(1) AS va
2026-08-01 18:44:40	7	147	35893	147	SELECT             name,             value,             help,             JSONExtract(labels_serialized, \'Map(String, String)\') as labels,             type         FROM merge(system, \'^_custom_metrics_dictionary_.*\')         FORMAT Prometheus
2026-08-01 18:44:42	16	639	8946	1	SELECT avg(ProfileEvent_OSCPUWaitMicroseconds) as cpu_wait FROM  system.metric_log  WHERE event_time > now() - INTERVAL 2 MINUTE AND event_date >= yesterday()
2026-08-01 18:44:42	5	2	10208	2	SELECT count() as count, sum(elapsed) as total_elapsed, \'lh\' as usr FROM system.processes  WHERE user = \'observability-internal\' AND client_hostname LIKE \'loghouse-scraper%\'  UNION ALL SELECT count() as count, sum(elapsed) as total_elapsed, \'other\' as usr FROM system.processes  WHERE user != \'observ
2026-08-01 18:44:42	2	886	368083	1	SELECT value FROM system.asynchronous_metrics WHERE metric = \'OSMemoryAvailable\' ;
2026-08-01 18:44:42	4	1	5438	1	SELECT count() FROM system.processes WHERE (initial_user NOT IN _CAST([\'backups-internal\', \'management-internal\', \'monitoring-internal\', \'observability-internal\', \'operator-internal\', \'prometheus-exporter\', \'prometheus-internal\', \'operator-cert-internal\', \'availability-monitoring-internal\', \'\'], \'Ar
2026-08-01 18:44:42	3	117	1641	1	SELECT countIf(database = \'system\') as systemParts, countIf(database != \'system\') as nonSystemParts FROM system.parts where active
2026-08-01 18:44:42	2	0	0	1	SELECT countIf(database = \'system\') as systemMerges, countIf(database != \'system\') as nonSystemMerges FROM system.merges
2026-08-01 18:44:44	2	6	2128	6	             SELECT                 name,                 toJSONString(labels) as labels_serialized,                 value,                 help,                 type             FROM (                 SELECT   concat(\'clickhouse_\', system.dimensional_metrics.metric) AS name,   toFloat64(system.dime
2026-08-01 18:44:49	3	2	6242	1	             SELECT                 name,                 toJSONString(labels) as labels_serialized,                 value,                 help,                 type             FROM (                 SELECT   \'ClickHouse_CustomMetric_TotalMemoryUsedByQueries\' AS name,   toFloat64(SUM(peak_memory_u
2026-08-01 18:44:49	3	13	6340	1	             SELECT                 name,                 toJSONString(labels) as labels_serialized,                 value,                 help,                 type             FROM (                 SELECT   \'ClickHouse_CustomMetric_TotalMemoryUsedByDictionaries\' AS name,   toFloat64(SUM(bytes_al
2026-08-01 18:44:50	7	141	34524	141	SELECT             name,             value,             help,             JSONExtract(labels_serialized, \'Map(String, String)\') as labels,             type         FROM merge(system, \'^_custom_metrics_dictionary_.*\')         FORMAT Prometheus
2026-08-01 18:44:52	3	3	18587	1	SELECT count() FROM system.processes WHERE (initial_user NOT IN _CAST([\'backups-internal\', \'management-internal\', \'monitoring-internal\', \'observability-internal\', \'operator-internal\', \'prometheus-exporter\', \'prometheus-internal\', \'operator-cert-internal\', \'availability-monitoring-internal\', \'\'], \'Ar
2026-08-01 18:44:52	3	118	1656	1	SELECT countIf(database = \'system\') as systemParts, countIf(database != \'system\') as nonSystemParts FROM system.parts where active
2026-08-01 18:44:52	2	0	0	1	SELECT countIf(database = \'system\') as systemMerges, countIf(database != \'system\') as nonSystemMerges FROM system.merges
2026-08-01 18:44:52	28	3164	594003	123	SELECT CAST(\'0fc3eaab-fbcb-4533-8825-9be9faaea781\', \'UUID\') AS instance_id, CAST(\'c-boneaws-al-46-server-j62zx3k-0\', \'LowCardinality(String)\') AS node_id, CAST(name, \'LowCardinality(String)\') AS metric, CAST(mapFilter((k, v) -> has(_CAST([\'remote\'], \'Array(String)\'), k), labels), \'Map(LowCardinality
2026-08-01 18:44:54	7	141	34524	141	SELECT             name,             value,             help,             JSONExtract(labels_serialized, \'Map(String, String)\') as labels,             type         FROM merge(system, \'^_custom_metrics_dictionary_.*\')         FORMAT Prometheus
2026-08-01 18:44:54	3	6	213	0	             SELECT                 name,                 toJSONString(labels) as labels_serialized,                 value,                 help,                 type             FROM (                 SELECT   \'ClickHouse_CustomMetric_SharedCatalogRecoveryTime\' as name,   toFloat64(recovery_time) a
2026-08-01 18:44:55	5007	80429	6760482	1	 WITH toDateTime(\'1970-01-21 15:46:00\', \'UTC\') AS t0, toDateTime(\'2031-07-25 11:28:00\', \'UTC\') AS t1 SELECT max(c) AS peak, toString(argMax(minute, c)) AS peak_minute, round(avg(c), 4) AS avg_c FROM (     SELECT minute, sum(d) OVER (ORDER BY minute) AS c     FROM (         SELECT minute, sum(delta) 
2026-08-01 18:44:59	2	0	0	1	             SELECT                 name,                 toJSONString(labels) as labels_serialized,                 value,                 help,                 type             FROM (                 SELECT   \'ClickHouse_CustomMetric_TotalMemoryUsedByMerges\' AS name,   toFloat64(SUM(memory_usage))
2026-08-01 18:44:59	3	6	213	0	             SELECT                 name,                 toJSONString(labels) as labels_serialized,                 value,                 help,                 type             FROM (                 SELECT   \'ClickHouse_CustomMetric_SharedCatalogRecoveryTime\' as name,   toFloat64(recovery_time) a
2026-08-01 18:45:02	4	1	5438	1	SELECT count() FROM system.processes WHERE (initial_user NOT IN _CAST([\'backups-internal\', \'management-internal\', \'monitoring-internal\', \'observability-internal\', \'operator-internal\', \'prometheus-exporter\', \'prometheus-internal\', \'operator-cert-internal\', \'availability-monitoring-internal\', \'\'], \'Ar
2026-08-01 18:45:02	2	119	1671	1	SELECT countIf(database = \'system\') as systemParts, countIf(database != \'system\') as nonSystemParts FROM system.parts where active
2026-08-01 18:45:02	2	0	0	1	SELECT countIf(database = \'system\') as systemMerges, countIf(database != \'system\') as nonSystemMerges FROM system.merges
2026-08-01 18:45:04	2	0	0	0	             SELECT                 name,                 toJSONString(labels) as labels_serialized,                 value,                 help,                 type             FROM (                 SELECT   \'ClickHouse_CustomMetric_FailedMutations\' as name,   toFloat64(count()) as value,   \'The 
2026-08-01 18:45:04	2	59	472	1	             SELECT                 name,                 toJSONString(labels) as labels_serialized,                 value,                 help,                 type             FROM (                 SELECT   \'ClickHouse_CustomMetric_TotalMemoryUsedByDataSkippingIndices\' AS name,   toFloat64(SUM(d
2026-08-01 18:45:04	3	14	9020	0	             SELECT                 name,                 toJSONString(labels) as labels_serialized,                 value,                 help,                 type             FROM (                 SELECT   \'clickhouse_table_replica_readonly_start_timestamp_seconds\' as name,   toFloat64(toUnixTi
2026-08-01 18:45:06	22	34663	3259239	1	 WITH toDateTime(\'1970-01-21 15:46:00\', \'UTC\') AS t0,      (SELECT max(hour_boundary) FROM sony.concurrency_hourly_checkpoint        WHERE hour_boundary <= t0  AND platform = \'IPHONE\') AS anchor SELECT     toString(ifNull(anchor, toDateTime(0, \'UTC\'))) AS anchor_ts,     ifNull((SELECT sum(concurrenc
2026-08-01 18:45:06	1	1	1	1	SELECT toString(toDateTime(\'1970-01-21 15:46:00\', \'UTC\') - INTERVAL 1 MINUTE) FORMAT TabSeparated 
2026-08-01 18:45:10	7	141	34524	141	SELECT             name,             value,             help,             JSONExtract(labels_serialized, \'Map(String, String)\') as labels,             type         FROM merge(system, \'^_custom_metrics_dictionary_.*\')         FORMAT Prometheus
2026-08-01 18:45:12	5013	80429	6760482	1	 WITH toDateTime(\'1970-01-21 15:46:00\', \'UTC\') AS t0 SELECT max(c) AS peak, toString(argMax(minute, c)) AS peak_minute, round(avg(c), 4) AS avg_c FROM (     SELECT minute, 0 + sum(d) OVER (ORDER BY minute) AS c     FROM (         SELECT minute, sum(delta) AS d         FROM sony.concurrency_delta_all
2026-08-01 18:45:12	15	669	9366	1	SELECT avg(ProfileEvent_OSCPUWaitMicroseconds) as cpu_wait FROM  system.metric_log  WHERE event_time > now() - INTERVAL 2 MINUTE AND event_date >= yesterday()
2026-08-01 18:45:12	5	2	10208	2	SELECT count() as count, sum(elapsed) as total_elapsed, \'lh\' as usr FROM system.processes  WHERE user = \'observability-internal\' AND client_hostname LIKE \'loghouse-scraper%\'  UNION ALL SELECT count() as count, sum(elapsed) as total_elapsed, \'other\' as usr FROM system.processes  WHERE user != \'observ
2026-08-01 18:45:12	2	886	368083	1	SELECT value FROM system.asynchronous_metrics WHERE metric = \'OSMemoryAvailable\' ;
2026-08-01 18:45:12	1	1	1	1	SELECT toString(toDateTime(\'1970-01-21 15:46:00\', \'UTC\') - INTERVAL 1 MINUTE) FORMAT TabSeparated 
2026-08-01 18:45:12	3	2	12834	1	SELECT count() FROM system.processes WHERE (initial_user NOT IN _CAST([\'backups-internal\', \'management-internal\', \'monitoring-internal\', \'observability-internal\', \'operator-internal\', \'prometheus-exporter\', \'prometheus-internal\', \'operator-cert-internal\', \'availability-monitoring-internal\', \'\'], \'Ar
2026-08-01 18:45:12	27	3165	594134	123	SELECT CAST(\'0fc3eaab-fbcb-4533-8825-9be9faaea781\', \'UUID\') AS instance_id, CAST(\'c-boneaws-al-46-server-j62zx3k-0\', \'LowCardinality(String)\') AS node_id, CAST(name, \'LowCardinality(String)\') AS metric, CAST(mapFilter((k, v) -> has(_CAST([\'remote\'], \'Array(String)\'), k), labels), \'Map(LowCardinality
2026-08-01 18:45:12	3	118	1656	1	SELECT countIf(database = \'system\') as systemParts, countIf(database != \'system\') as nonSystemParts FROM system.parts where active
2026-08-01 18:45:12	2	0	0	1	SELECT countIf(database = \'system\') as systemMerges, countIf(database != \'system\') as nonSystemMerges FROM system.merges
2026-08-01 18:45:14	3	15	1013	15	             SELECT                 name,                 toJSONString(labels) as labels_serialized,                 value,                 help,                 type             FROM (                 SELECT     \'ClickHouse_MetricsCollection_CustomMetricsSystemTable\' AS name,     toFloat64(1) AS va
2026-08-01 18:45:20	7	141	34524	141	SELECT             name,             value,             help,             JSONExtract(labels_serialized, \'Map(String, String)\') as labels,             type         FROM merge(system, \'^_custom_metrics_dictionary_.*\')         FORMAT Prometheus
2026-08-01 18:45:22	4	1	5438	1	SELECT count() FROM system.processes WHERE (initial_user NOT IN _CAST([\'backups-internal\', \'management-internal\', \'monitoring-internal\', \'observability-internal\', \'operator-internal\', \'prometheus-exporter\', \'prometheus-internal\', \'operator-cert-internal\', \'availability-monitoring-internal\', \'\'], \'Ar
2026-08-01 18:45:22	3	120	1686	1	SELECT countIf(database = \'system\') as systemParts, countIf(database != \'system\') as nonSystemParts FROM system.parts where active
2026-08-01 18:45:22	2	0	0	1	SELECT countIf(database = \'system\') as systemMerges, countIf(database != \'system\') as nonSystemMerges FROM system.merges
2026-08-01 18:45:24	7	141	34524	141	SELECT             name,             value,             help,             JSONExtract(labels_serialized, \'Map(String, String)\') as labels,             type         FROM merge(system, \'^_custom_metrics_dictionary_.*\')         FORMAT Prometheus
2026-08-01 18:45:24	2	0	0	1	             SELECT                 name,                 toJSONString(labels) as labels_serialized,                 value,                 help,                 type             FROM (                 SELECT   \'ClickHouse_CustomMetric_TotalMemoryUsedByMerges\' AS name,   toFloat64(SUM(memory_usage))
2026-08-01 18:45:24	2	0	0	1	             SELECT                 name,                 toJSONString(labels) as labels_serialized,                 value,                 help,                 type             FROM (                 SELECT   \'ClickHouse_CustomMetric_TotalMemoryUsedByAsynchronousInserts\' AS name,   toFloat64(SUM(t
2026-08-01 18:45:24	3	14	9020	0	             SELECT                 name,                 toJSONString(labels) as labels_serialized,                 value,                 help,                 type             FROM (                 SELECT   \'clickhouse_table_replica_readonly_start_timestamp_seconds\' as name,   toFloat64(toUnixTi
2026-08-01 18:45:24	3	6	213	0	             SELECT                 name,                 toJSONString(labels) as labels_serialized,                 value,                 help,                 type             FROM (                 SELECT   \'ClickHouse_CustomMetric_DatabaseReplicatedRecoveryTime\' as name,   toFloat64(recovery_ti
2026-08-01 18:45:29	3	59	472	1	             SELECT                 name,                 toJSONString(labels) as labels_serialized,                 value,                 help,                 type             FROM (                 SELECT   \'ClickHouse_CustomMetric_TotalMemoryUsedByDataSkippingIndices\' AS name,   toFloat64(SUM(d
2026-08-01 18:45:29	3	6	213	0	             SELECT                 name,                 toJSONString(labels) as labels_serialized,                 value,                 help,                 type             FROM (                 SELECT   \'ClickHouse_CustomMetric_SharedCatalogRecoveryTime\' as name,   toFloat64(recovery_time) a
2026-08-01 18:45:32	4	3	18285	1	SELECT count() FROM system.processes WHERE (initial_user NOT IN _CAST([\'backups-internal\', \'management-internal\', \'monitoring-internal\', \'observability-internal\', \'operator-internal\', \'prometheus-exporter\', \'prometheus-internal\', \'operator-cert-internal\', \'availability-monitoring-internal\', \'\'], \'Ar
2026-08-01 18:45:32	3	116	1626	1	SELECT countIf(database = \'system\') as systemParts, countIf(database != \'system\') as nonSystemParts FROM system.parts where active
2026-08-01 18:45:32	2	0	0	1	SELECT countIf(database = \'system\') as systemMerges, countIf(database != \'system\') as nonSystemMerges FROM system.merges
2026-08-01 18:45:32	28	3170	594797	123	SELECT CAST(\'0fc3eaab-fbcb-4533-8825-9be9faaea781\', \'UUID\') AS instance_id, CAST(\'c-boneaws-al-46-server-j62zx3k-0\', \'LowCardinality(String)\') AS node_id, CAST(name, \'LowCardinality(String)\') AS metric, CAST(mapFilter((k, v) -> has(_CAST([\'remote\'], \'Array(String)\'), k), labels), \'Map(LowCardinality
2026-08-01 18:45:34	2	6	2128	6	             SELECT                 name,                 toJSONString(labels) as labels_serialized,                 value,                 help,                 type             FROM (                 SELECT   concat(\'clickhouse_\', system.dimensional_metrics.metric) AS name,   toFloat64(system.dime
2026-08-01 18:45:34	2	13	6340	1	             SELECT                 name,                 toJSONString(labels) as labels_serialized,                 value,                 help,                 type             FROM (                 SELECT   \'ClickHouse_CustomMetric_TotalMemoryUsedByDictionaries\' AS name,   toFloat64(SUM(bytes_al
2026-08-01 18:45:36	5013	76863	6723165	1	 WITH toDateTime(\'1970-01-21 15:46:00\', \'UTC\') AS t0, toDateTime(\'2031-07-25 11:28:00\', \'UTC\') AS t1 SELECT max(c) AS peak, toString(argMax(minute, c)) AS peak_minute, round(avg(c), 4) AS avg_c FROM (     SELECT minute, sum(d) OVER (ORDER BY minute) AS c     FROM (         SELECT minute, sum(delta) 
2026-08-01 18:45:37	4	0	0	0	SELECT now64(6) as scrape_time_microseconds, \'j62zx3k\' AS pod_ident, \'boneaws-al-46\' AS spoken_name, \'cell-1\' AS cell, \'ap-south-1\' AS region, \'aws\' AS cloud_provider, \'?\' AS clickhouse_version, \'0fc3eaab-fbcb-4533-8825-9be9faaea781\' AS control_plane_id, \'?\' AS system_processor, * FROM system."files
2026-08-01 18:45:38	5	0	0	0	SELECT now64(6) as scrape_time_microseconds, \'j62zx3k\' AS pod_ident, \'boneaws-al-46\' AS spoken_name, \'cell-1\' AS cell, \'ap-south-1\' AS region, \'aws\' AS cloud_provider, \'?\' AS clickhouse_version, \'0fc3eaab-fbcb-4533-8825-9be9faaea781\' AS control_plane_id, \'?\' AS system_processor, * FROM system."query
2026-08-01 18:45:38	19	17770	4223638	6144	SELECT now64(6) as scrape_time_microseconds, \'j62zx3k\' AS pod_ident, \'boneaws-al-46\' AS spoken_name, \'cell-1\' AS cell, \'ap-south-1\' AS region, \'aws\' AS cloud_provider, \'?\' AS clickhouse_version, \'0fc3eaab-fbcb-4533-8825-9be9faaea781\' AS control_plane_id, \'?\' AS system_processor, * FROM system."proce
2026-08-01 18:45:39	3	0	0	0	SELECT now64(6) as scrape_time_microseconds, \'j62zx3k\' AS pod_ident, \'boneaws-al-46\' AS spoken_name, \'cell-1\' AS cell, \'ap-south-1\' AS region, \'aws\' AS cloud_provider, \'?\' AS clickhouse_version, \'0fc3eaab-fbcb-4533-8825-9be9faaea781\' AS control_plane_id, \'?\' AS system_processor, * FROM system."files
2026-08-01 18:45:39	18	16384	3849461	10399	SELECT now64(6) as scrape_time_microseconds, \'j62zx3k\' AS pod_ident, \'boneaws-al-46\' AS spoken_name, \'cell-1\' AS cell, \'ap-south-1\' AS region, \'aws\' AS cloud_provider, \'?\' AS clickhouse_version, \'0fc3eaab-fbcb-4533-8825-9be9faaea781\' AS control_plane_id, \'?\' AS system_processor, * FROM system."trace
2026-08-01 18:45:40	3	0	0	0	SELECT now64(6) as scrape_time_microseconds, \'j62zx3k\' AS pod_ident, \'boneaws-al-46\' AS spoken_name, \'cell-1\' AS cell, \'ap-south-1\' AS region, \'aws\' AS cloud_provider, \'?\' AS clickhouse_version, \'0fc3eaab-fbcb-4533-8825-9be9faaea781\' AS control_plane_id, \'?\' AS system_processor, * FROM system."crash
2026-08-01 18:45:40	37	3458	6608543	314	SELECT now64(6) as scrape_time_microseconds, \'j62zx3k\' AS pod_ident, \'boneaws-al-46\' AS spoken_name, \'cell-1\' AS cell, \'ap-south-1\' AS region, \'aws\' AS cloud_provider, \'?\' AS clickhouse_version, \'0fc3eaab-fbcb-4533-8825-9be9faaea781\' AS control_plane_id, \'?\' AS system_processor, * FROM system."query
2026-08-01 18:45:40	6	145	35586	145	SELECT             name,             value,             help,             JSONExtract(labels_serialized, \'Map(String, String)\') as labels,             type         FROM merge(system, \'^_custom_metrics_dictionary_.*\')         FORMAT Prometheus
2026-08-01 18:45:41	3	0	0	0	SELECT now64(6) as scrape_time_microseconds, \'j62zx3k\' AS pod_ident, \'boneaws-al-46\' AS spoken_name, \'cell-1\' AS cell, \'ap-south-1\' AS region, \'aws\' AS cloud_provider, \'?\' AS clickhouse_version, \'0fc3eaab-fbcb-4533-8825-9be9faaea781\' AS control_plane_id, \'?\' AS system_processor, * FROM system."click
2026-08-01 18:45:41	238	1395	3824342	120	SELECT now64(6) as scrape_time_microseconds, \'j62zx3k\' AS pod_ident, \'boneaws-al-46\' AS spoken_name, \'cell-1\' AS cell, \'ap-south-1\' AS region, \'aws\' AS cloud_provider, \'?\' AS clickhouse_version, \'0fc3eaab-fbcb-4533-8825-9be9faaea781\' AS control_plane_id, \'?\' AS system_processor, * FROM system."metri
2026-08-01 18:45:42	3	0	0	0	SELECT now64(6) as scrape_time_microseconds, \'j62zx3k\' AS pod_ident, \'boneaws-al-46\' AS spoken_name, \'cell-1\' AS cell, \'ap-south-1\' AS region, \'aws\' AS cloud_provider, \'?\' AS clickhouse_version, \'0fc3eaab-fbcb-4533-8825-9be9faaea781\' AS control_plane_id, \'?\' AS system_processor, * FROM system."backu
2026-08-01 18:45:42	16	699	9786	1	SELECT avg(ProfileEvent_OSCPUWaitMicroseconds) as cpu_wait FROM  system.metric_log  WHERE event_time > now() - INTERVAL 2 MINUTE AND event_date >= yesterday()
2026-08-01 18:45:42	5	4	21755	2	SELECT count() as count, sum(elapsed) as total_elapsed, \'lh\' as usr FROM system.processes  WHERE user = \'observability-internal\' AND client_hostname LIKE \'loghouse-scraper%\'  UNION ALL SELECT count() as count, sum(elapsed) as total_elapsed, \'other\' as usr FROM system.processes  WHERE user != \'observ
2026-08-01 18:45:42	2	886	368083	1	SELECT value FROM system.asynchronous_metrics WHERE metric = \'OSMemoryAvailable\' ;
2026-08-01 18:45:42	4	2	11025	1	SELECT count() FROM system.processes WHERE (initial_user NOT IN _CAST([\'backups-internal\', \'management-internal\', \'monitoring-internal\', \'observability-internal\', \'operator-internal\', \'prometheus-exporter\', \'prometheus-internal\', \'operator-cert-internal\', \'availability-monitoring-internal\', \'\'], \'Ar
2026-08-01 18:45:42	3	110	1536	1	SELECT countIf(database = \'system\') as systemParts, countIf(database != \'system\') as nonSystemParts FROM system.parts where active
2026-08-01 18:45:42	2	0	0	1	SELECT countIf(database = \'system\') as systemMerges, countIf(database != \'system\') as nonSystemMerges FROM system.merges
2026-08-01 18:45:44	4	0	0	0	SELECT now64(6) as scrape_time_microseconds, \'j62zx3k\' AS pod_ident, \'boneaws-al-46\' AS spoken_name, \'cell-1\' AS cell, \'ap-south-1\' AS region, \'aws\' AS cloud_provider, \'?\' AS clickhouse_version, \'0fc3eaab-fbcb-4533-8825-9be9faaea781\' AS control_plane_id, \'?\' AS system_processor, * FROM system."async
2026-08-01 18:45:44	1	0	0	1	             SELECT                 name,                 toJSONString(labels) as labels_serialized,                 value,                 help,                 type             FROM (                 SELECT   \'ClickHouse_CustomMetric_TotalMemoryUsedByAsynchronousInserts\' AS name,   toFloat64(SUM(t
2026-08-01 18:45:44	2	4	13367	1	             SELECT                 name,                 toJSONString(labels) as labels_serialized,                 value,                 help,                 type             FROM (                 SELECT   \'ClickHouse_CustomMetric_TotalMemoryUsedByQueries\' AS name,   toFloat64(SUM(peak_memory_u
2026-08-01 18:45:44	2	14	9020	0	             SELECT                 name,                 toJSONString(labels) as labels_serialized,                 value,                 help,                 type             FROM (                 SELECT   \'clickhouse_table_replica_readonly_start_timestamp_seconds\' as name,   toFloat64(toUnixTi
2026-08-01 18:45:45	5	84	336	0	SELECT now64(6) as scrape_time_microseconds, \'j62zx3k\' AS pod_ident, \'boneaws-al-46\' AS spoken_name, \'cell-1\' AS cell, \'ap-south-1\' AS region, \'aws\' AS cloud_provider, \'?\' AS clickhouse_version, \'0fc3eaab-fbcb-4533-8825-9be9faaea781\' AS control_plane_id, \'?\' AS system_processor, * FROM system."error
2026-08-01 18:45:45	11	8201	2434013	376	SELECT now64(6) as scrape_time_microseconds, \'j62zx3k\' AS pod_ident, \'boneaws-al-46\' AS spoken_name, \'cell-1\' AS cell, \'ap-south-1\' AS region, \'aws\' AS cloud_provider, \'?\' AS clickhouse_version, \'0fc3eaab-fbcb-4533-8825-9be9faaea781\' AS control_plane_id, \'?\' AS system_processor, * FROM system."blob_
2026-08-01 18:45:45	17	7716	4189655	155	SELECT now64(6) as scrape_time_microseconds, \'j62zx3k\' AS pod_ident, \'boneaws-al-46\' AS spoken_name, \'cell-1\' AS cell, \'ap-south-1\' AS region, \'aws\' AS cloud_provider, \'?\' AS clickhouse_version, \'0fc3eaab-fbcb-4533-8825-9be9faaea781\' AS control_plane_id, \'?\' AS system_processor, * FROM system."part_
2026-08-01 18:45:45	65	752643	12079389	105067	SELECT now64(6) as scrape_time_microseconds, \'j62zx3k\' AS pod_ident, \'boneaws-al-46\' AS spoken_name, \'cell-1\' AS cell, \'ap-south-1\' AS region, \'aws\' AS cloud_provider, \'?\' AS clickhouse_version, \'0fc3eaab-fbcb-4533-8825-9be9faaea781\' AS control_plane_id, \'?\' AS system_processor, * FROM system."async
2026-08-01 18:45:46	3	0	0	0	SELECT now64(6) as scrape_time_microseconds, \'j62zx3k\' AS pod_ident, \'boneaws-al-46\' AS spoken_name, \'cell-1\' AS cell, \'ap-south-1\' AS region, \'aws\' AS cloud_provider, \'?\' AS clickhouse_version, \'0fc3eaab-fbcb-4533-8825-9be9faaea781\' AS control_plane_id, \'?\' AS system_processor, * FROM system."zooke
2026-08-01 18:45:46	20	23493	5325144	16324	SELECT now64(6) as scrape_time_microseconds, \'j62zx3k\' AS pod_ident, \'boneaws-al-46\' AS spoken_name, \'cell-1\' AS cell, \'ap-south-1\' AS region, \'aws\' AS cloud_provider, \'?\' AS clickhouse_version, \'0fc3eaab-fbcb-4533-8825-9be9faaea781\' AS control_plane_id, \'?\' AS system_processor, * FROM system."text_
2026-08-01 18:45:46	4933	76863	6723165	1	 WITH toDateTime(\'1970-01-21 15:46:00\', \'UTC\') AS t0, toDateTime(\'2031-07-25 11:28:00\', \'UTC\') AS t1 SELECT max(c) AS peak, toString(argMax(minute, c)) AS peak_minute, round(avg(c), 4) AS avg_c FROM (     SELECT minute, sum(d) OVER (ORDER BY minute) AS c     FROM (         SELECT minute, sum(delta) 
2026-08-01 18:45:47	3	0	0	0	SELECT now64(6) as scrape_time_microseconds, \'j62zx3k\' AS pod_ident, \'boneaws-al-46\' AS spoken_name, \'cell-1\' AS cell, \'ap-south-1\' AS region, \'aws\' AS cloud_provider, \'?\' AS clickhouse_version, \'0fc3eaab-fbcb-4533-8825-9be9faaea781\' AS control_plane_id, \'?\' AS system_processor, * FROM system."s3que
2026-08-01 18:45:48	84	0	0	0	SELECT now64(6) as scrape_time_microseconds, \'j62zx3k\' AS pod_ident, \'boneaws-al-46\' AS spoken_name, \'cell-1\' AS cell, \'ap-south-1\' AS region, \'aws\' AS cloud_provider, \'?\' AS clickhouse_version, \'0fc3eaab-fbcb-4533-8825-9be9faaea781\' AS control_plane_id, \'?\' AS system_processor, * FROM system."query
2026-08-01 18:45:50	6	145	35586	145	SELECT             name,             value,             help,             JSONExtract(labels_serialized, \'Map(String, String)\') as labels,             type         FROM merge(system, \'^_custom_metrics_dictionary_.*\')         FORMAT Prometheus
2026-08-01 18:45:52	21	34663	3259239	1	 WITH toDateTime(\'1970-01-21 15:46:00\', \'UTC\') AS t0,      (SELECT max(hour_boundary) FROM sony.concurrency_hourly_checkpoint        WHERE hour_boundary <= t0  AND platform = \'SONY_ANDROID_TV\') AS anchor SELECT     toString(ifNull(anchor, toDateTime(0, \'UTC\'))) AS anchor_ts,     ifNull((SELECT sum(c
2026-08-01 18:45:52	3	2	12834	1	SELECT count() FROM system.processes WHERE (initial_user NOT IN _CAST([\'backups-internal\', \'management-internal\', \'monitoring-internal\', \'observability-internal\', \'operator-internal\', \'prometheus-exporter\', \'prometheus-internal\', \'operator-cert-internal\', \'availability-monitoring-internal\', \'\'], \'Ar
2026-08-01 18:45:52	27	3170	594797	123	SELECT CAST(\'0fc3eaab-fbcb-4533-8825-9be9faaea781\', \'UUID\') AS instance_id, CAST(\'c-boneaws-al-46-server-j62zx3k-0\', \'LowCardinality(String)\') AS node_id, CAST(name, \'LowCardinality(String)\') AS metric, CAST(mapFilter((k, v) -> has(_CAST([\'remote\'], \'Array(String)\'), k), labels), \'Map(LowCardinality
2026-08-01 18:45:52	2	112	1566	1	SELECT countIf(database = \'system\') as systemParts, countIf(database != \'system\') as nonSystemParts FROM system.parts where active
2026-08-01 18:45:52	2	0	0	1	SELECT countIf(database = \'system\') as systemMerges, countIf(database != \'system\') as nonSystemMerges FROM system.merges
2026-08-01 18:45:53	3	0	0	0	SELECT now64(6) as scrape_time_microseconds, \'j62zx3k\' AS pod_ident, \'boneaws-al-46\' AS spoken_name, \'cell-1\' AS cell, \'ap-south-1\' AS region, \'aws\' AS cloud_provider, \'?\' AS clickhouse_version, \'0fc3eaab-fbcb-4533-8825-9be9faaea781\' AS control_plane_id, \'?\' AS system_processor, * FROM system."aggre
2026-08-01 18:45:54	5	0	0	0	SELECT now64(6) as scrape_time_microseconds, \'j62zx3k\' AS pod_ident, \'boneaws-al-46\' AS spoken_name, \'cell-1\' AS cell, \'ap-south-1\' AS region, \'aws\' AS cloud_provider, \'?\' AS clickhouse_version, \'0fc3eaab-fbcb-4533-8825-9be9faaea781\' AS control_plane_id, \'?\' AS system_processor, * FROM system."query
2026-08-01 18:45:54	7	145	35586	145	SELECT             name,             value,             help,             JSONExtract(labels_serialized, \'Map(String, String)\') as labels,             type         FROM merge(system, \'^_custom_metrics_dictionary_.*\')         FORMAT Prometheus
2026-08-01 18:45:54	2	0	0	0	             SELECT                 name,                 toJSONString(labels) as labels_serialized,                 value,                 help,                 type             FROM (                 SELECT   \'ClickHouse_CustomMetric_FailedMutations\' as name,   toFloat64(count()) as value,   \'The 
2026-08-01 18:45:54	3	6	213	0	             SELECT                 name,                 toJSONString(labels) as labels_serialized,                 value,                 help,                 type             FROM (                 SELECT   \'ClickHouse_CustomMetric_SharedCatalogRecoveryTime\' as name,   toFloat64(recovery_time) a
2026-08-01 18:45:58	21	34663	3259239	1	 WITH toDateTime(\'1970-01-21 15:46:00\', \'UTC\') AS t0,      (SELECT max(hour_boundary) FROM sony.concurrency_hourly_checkpoint        WHERE hour_boundary <= t0  AND platform = \'SONY_ANDROID_TV\') AS anchor SELECT     toString(ifNull(anchor, toDateTime(0, \'UTC\'))) AS anchor_ts,     ifNull((SELECT sum(c
2026-08-01 18:45:58	24	69324	6659572	1	SELECT ifNull(sum(delta), 0) FROM sony.concurrency_delta_all WHERE minute < toDateTime(\'1970-01-21 15:46:00\', \'UTC\')  AND platform = \'SONY_ANDROID_TV\' FORMAT TabSeparated 
2026-08-01 18:45:59	1	72	5181	1	SELECT count(*) FROM system.build_options
2026-08-01 18:46:02	3	1	5438	1	SELECT count() FROM system.processes WHERE (initial_user NOT IN _CAST([\'backups-internal\', \'management-internal\', \'monitoring-internal\', \'observability-internal\', \'operator-internal\', \'prometheus-exporter\', \'prometheus-internal\', \'operator-cert-internal\', \'availability-monitoring-internal\', \'\'], \'Ar
2026-08-01 18:46:02	3	122	1716	1	SELECT countIf(database = \'system\') as systemParts, countIf(database != \'system\') as nonSystemParts FROM system.parts where active
2026-08-01 18:46:02	2	0	0	1	SELECT countIf(database = \'system\') as systemMerges, countIf(database != \'system\') as nonSystemMerges FROM system.merges
2026-08-01 18:46:04	1	6	2128	6	             SELECT                 name,                 toJSONString(labels) as labels_serialized,                 value,                 help,                 type             FROM (                 SELECT   concat(\'clickhouse_\', system.dimensional_metrics.metric) AS name,   toFloat64(system.dime
2026-08-01 18:46:04	2	0	0	1	             SELECT                 name,                 toJSONString(labels) as labels_serialized,                 value,                 help,                 type             FROM (                 SELECT   \'ClickHouse_CustomMetric_TotalMemoryUsedByMerges\' AS name,   toFloat64(SUM(memory_usage))
2026-08-01 18:46:04	2	13	6340	1	             SELECT                 name,                 toJSONString(labels) as labels_serialized,                 value,                 help,                 type             FROM (                 SELECT   \'ClickHouse_CustomMetric_TotalMemoryUsedByDictionaries\' AS name,   toFloat64(SUM(bytes_al
2026-08-01 18:46:04	2	6	11296	1	             SELECT                 name,                 toJSONString(labels) as labels_serialized,                 value,                 help,                 type             FROM (                 SELECT   \'ClickHouse_CustomMetric_TotalMemoryUsedByQueries\' AS name,   toFloat64(SUM(peak_memory_u
2026-08-01 18:46:04	2	15	1013	15	             SELECT                 name,                 toJSONString(labels) as labels_serialized,                 value,                 help,                 type             FROM (                 SELECT     \'ClickHouse_MetricsCollection_CustomMetricsSystemTable\' AS name,     toFloat64(1) AS va
2026-08-01 18:46:04	3	6	213	0	             SELECT                 name,                 toJSONString(labels) as labels_serialized,                 value,                 help,                 type             FROM (                 SELECT   \'ClickHouse_CustomMetric_DatabaseReplicatedRecoveryTime\' as name,   toFloat64(recovery_ti
2026-08-01 18:46:09	10	1352	855866	34	SELECT now64(6) as scrape_time_microseconds, \'j62zx3k\' AS pod_ident, \'boneaws-al-46\' AS spoken_name, \'cell-1\' AS cell, \'ap-south-1\' AS region, \'aws\' AS cloud_provider, \'?\' AS clickhouse_version, \'0fc3eaab-fbcb-4533-8825-9be9faaea781\' AS control_plane_id, \'?\' AS system_processor, * FROM system."sessi
2026-08-01 18:46:09	2	6	2128	6	             SELECT                 name,                 toJSONString(labels) as labels_serialized,                 value,                 help,                 type             FROM (                 SELECT   concat(\'clickhouse_\', system.dimensional_metrics.metric) AS name,   toFloat64(system.dime
2026-08-01 18:46:09	2	3	7518	1	             SELECT                 name,                 toJSONString(labels) as labels_serialized,                 value,                 help,                 type             FROM (                 SELECT   \'ClickHouse_CustomMetric_TotalMemoryUsedByQueries\' AS name,   toFloat64(SUM(peak_memory_u
2026-08-01 18:46:09	3	13	6340	1	             SELECT                 name,                 toJSONString(labels) as labels_serialized,                 value,                 help,                 type             FROM (                 SELECT   \'ClickHouse_CustomMetric_TotalMemoryUsedByDictionaries\' AS name,   toFloat64(SUM(bytes_al
2026-08-01 18:46:10	6	145	35586	145	SELECT             name,             value,             help,             JSONExtract(labels_serialized, \'Map(String, String)\') as labels,             type         FROM merge(system, \'^_custom_metrics_dictionary_.*\')         FORMAT Prometheus
2026-08-01 18:46:10	1	1	1	1	SELECT displayName(), version(), revision(), timezone()
2026-08-01 18:46:11	1	1	1	1	SELECT 1;
2026-08-01 18:46:12	16	121	1694	1	SELECT avg(ProfileEvent_OSCPUWaitMicroseconds) as cpu_wait FROM  system.metric_log  WHERE event_time > now() - INTERVAL 2 MINUTE AND event_date >= yesterday()
2026-08-01 18:46:12	5	2	10208	2	SELECT count() as count, sum(elapsed) as total_elapsed, \'lh\' as usr FROM system.processes  WHERE user = \'observability-internal\' AND client_hostname LIKE \'loghouse-scraper%\'  UNION ALL SELECT count() as count, sum(elapsed) as total_elapsed, \'other\' as usr FROM system.processes  WHERE user != \'observ
2026-08-01 18:46:12	2	886	368083	1	SELECT value FROM system.asynchronous_metrics WHERE metric = \'OSMemoryAvailable\' ;
2026-08-01 18:46:12	3	2	12834	1	SELECT count() FROM system.processes WHERE (initial_user NOT IN _CAST([\'backups-internal\', \'management-internal\', \'monitoring-internal\', \'observability-internal\', \'operator-internal\', \'prometheus-exporter\', \'prometheus-internal\', \'operator-cert-internal\', \'availability-monitoring-internal\', \'\'], \'Ar
2026-08-01 18:46:12	28	3170	594797	123	SELECT CAST(\'0fc3eaab-fbcb-4533-8825-9be9faaea781\', \'UUID\') AS instance_id, CAST(\'c-boneaws-al-46-server-j62zx3k-0\', \'LowCardinality(String)\') AS node_id, CAST(name, \'LowCardinality(String)\') AS metric, CAST(mapFilter((k, v) -> has(_CAST([\'remote\'], \'Array(String)\'), k), labels), \'Map(LowCardinality
2026-08-01 18:46:12	3	124	1746	1	SELECT countIf(database = \'system\') as systemParts, countIf(database != \'system\') as nonSystemParts FROM system.parts where active
2026-08-01 18:46:12	2	0	0	1	SELECT countIf(database = \'system\') as systemMerges, countIf(database != \'system\') as nonSystemMerges FROM system.merges
2026-08-01 18:46:14	2	0	0	1	             SELECT                 name,                 toJSONString(labels) as labels_serialized,                 value,                 help,                 type             FROM (                 SELECT   \'ClickHouse_CustomMetric_TotalMemoryUsedByMerges\' AS name,   toFloat64(SUM(memory_usage))
2026-08-01 18:46:14	3	13	6340	1	             SELECT                 name,                 toJSONString(labels) as labels_serialized,                 value,                 help,                 type             FROM (                 SELECT   \'ClickHouse_CustomMetric_TotalMemoryUsedByDictionaries\' AS name,   toFloat64(SUM(bytes_al
2026-08-01 18:46:19	2	0	0	1	             SELECT                 name,                 toJSONString(labels) as labels_serialized,                 value,                 help,                 type             FROM (                 SELECT   \'ClickHouse_CustomMetric_TotalMemoryUsedByAsynchronousInserts\' AS name,   toFloat64(SUM(t
2026-08-01 18:46:20	7	145	35586	145	SELECT             name,             value,             help,             JSONExtract(labels_serialized, \'Map(String, String)\') as labels,             type         FROM merge(system, \'^_custom_metrics_dictionary_.*\')         FORMAT Prometheus
2026-08-01 18:46:22	4	1	5438	1	SELECT count() FROM system.processes WHERE (initial_user NOT IN _CAST([\'backups-internal\', \'management-internal\', \'monitoring-internal\', \'observability-internal\', \'operator-internal\', \'prometheus-exporter\', \'prometheus-internal\', \'operator-cert-internal\', \'availability-monitoring-internal\', \'\'], \'Ar
2026-08-01 18:46:22	3	120	1686	1	SELECT countIf(database = \'system\') as systemParts, countIf(database != \'system\') as nonSystemParts FROM system.parts where active
2026-08-01 18:46:22	2	0	0	1	SELECT countIf(database = \'system\') as systemMerges, countIf(database != \'system\') as nonSystemMerges FROM system.merges
2026-08-01 18:46:24	7	145	35586	145	SELECT             name,             value,             help,             JSONExtract(labels_serialized, \'Map(String, String)\') as labels,             type         FROM merge(system, \'^_custom_metrics_dictionary_.*\')         FORMAT Prometheus
2026-08-01 18:46:24	2	59	472	1	             SELECT                 name,                 toJSONString(labels) as labels_serialized,                 value,                 help,                 type             FROM (                 SELECT   \'ClickHouse_CustomMetric_TotalMemoryUsedByDataSkippingIndices\' AS name,   toFloat64(SUM(d
2026-08-01 18:46:24	28	33465	737419	33465	SELECT `content_id`, `title`, `video_type`, `category` FROM `sony`.`content_dim`;
2026-08-01 18:46:29	3	6	213	0	             SELECT                 name,                 toJSONString(labels) as labels_serialized,                 value,                 help,                 type             FROM (                 SELECT   \'ClickHouse_CustomMetric_DatabaseReplicatedRecoveryTime\' as name,   toFloat64(recovery_ti
2026-08-01 18:46:29	3	6	213	0	             SELECT                 name,                 toJSONString(labels) as labels_serialized,                 value,                 help,                 type             FROM (                 SELECT   \'ClickHouse_CustomMetric_SharedCatalogRecoveryTime\' as name,   toFloat64(recovery_time) a
2026-08-01 18:46:30	247	0	0	0	             SELECT                 name,                 toJSONString(labels) as labels_serialized,                 value,                 help,                 type             FROM (                 SELECT   \'ClickHouse_CustomMetric_FailedMutations\' as name,   toFloat64(count()) as value,   \'The 
2026-08-01 18:46:32	5	378	114440	5	WITH metrics AS (SELECT name AS metric, toFloat64(value) AS val, now() AS ts FROM system.server_settings WHERE multiMatchAny(name, _CAST([\'^max_database_num_to_throw$\', \'^max_database_num_to_warn$\', \'^max_table_num_to_throw$\', \'^max_table_num_to_warn$\', \'^max_concurrent_queries$\'], \'Array(String)\'))
2026-08-01 18:46:32	6	0	0	0	WITH source AS (SELECT [\'matview_execution_total\', if(exception_code != 0, \'matview_execution_fail\', \'\')] AS metrics, event_time AS ts FROM system.query_views_log WHERE (status != \'QueryStart\') AND (event_date >= toDate(_CAST(\'1785609837.833\', \'DateTime64\'))) AND (event_time >= toDateTime(_CAST(\'178
2026-08-01 18:46:32	11	0	0	1	WITH failed_mutations AS (SELECT toDateTime(create_time) AS ts, count() AS val FROM system.mutations WHERE (ts > toDateTime(_CAST(\'1785609837.833\', \'DateTime64\'))) AND (ts <= toDateTime(_CAST(\'1785609957.833\', \'DateTime64\'))) AND (latest_failed_part != \'\') AND (is_done = 0) GROUP BY ts), failed_muta
2026-08-01 18:46:32	11	7756	116326	18	WITH metrics AS (SELECT multiIf((event_type = \'MergeParts\') AND (error = 0), \'merges_finished\', (event_type = \'MergeParts\') AND (error != 0), \'merges_failed\', (event_type = \'MutatePart\') AND (error = 0), \'mutate_part_finished\', (event_type = \'MutatePart\') AND (error != 0), \'mutate_part_failed\', NULL
2026-08-01 18:46:32	10	103198	1621759	1560	SELECT CAST(\'0fc3eaab-fbcb-4533-8825-9be9faaea781\', \'UUID\') AS control_plane_id, CAST(\'c-boneaws-al-46-server-j62zx3k-0\', \'LowCardinality(String)\') AS pod_id, CAST(now64(), \'DateTime64(6)\') AS scrape_ts_microseconds, CAST(event_date, \'Date\') AS event_date, CAST(event_time, \'DateTime\') AS event_time,
2026-08-01 18:46:32	3	6	34105	1	SELECT count() FROM system.processes WHERE (initial_user NOT IN _CAST([\'backups-internal\', \'management-internal\', \'monitoring-internal\', \'observability-internal\', \'operator-internal\', \'prometheus-exporter\', \'prometheus-internal\', \'operator-cert-internal\', \'availability-monitoring-internal\', \'\'], \'Ar
2026-08-01 18:46:32	3	116	1626	1	SELECT countIf(database = \'system\') as systemParts, countIf(database != \'system\') as nonSystemParts FROM system.parts where active
2026-08-01 18:46:32	28	3170	594797	123	SELECT CAST(\'0fc3eaab-fbcb-4533-8825-9be9faaea781\', \'UUID\') AS instance_id, CAST(\'c-boneaws-al-46-server-j62zx3k-0\', \'LowCardinality(String)\') AS node_id, CAST(name, \'LowCardinality(String)\') AS metric, CAST(mapFilter((k, v) -> has(_CAST([\'remote\'], \'Array(String)\'), k), labels), \'Map(LowCardinality
2026-08-01 18:46:32	2	0	0	1	SELECT countIf(database = \'system\') as systemMerges, countIf(database != \'system\') as nonSystemMerges FROM system.merges
2026-08-01 18:46:32	64	730	226528	120	SELECT CAST(\'0fc3eaab-fbcb-4533-8825-9be9faaea781\', \'UUID\') AS control_plane_id, CAST(\'c-boneaws-al-46-server-j62zx3k-0\', \'LowCardinality(String)\') AS pod_id, CAST(now64(), \'DateTime64(6)\') AS scrape_ts_microseconds, CAST(event_date, \'Date\') AS event_date, CAST(event_time, \'DateTime\') AS event_time,
2026-08-01 18:46:33	186	813	223441	18	WITH parts_agg AS (SELECT database AS agg_database, `table` AS agg_table, SUM(primary_key_size) AS primary_index_size, SUM(secondary_indices_compressed_bytes) AS secondary_index_size FROM system.parts WHERE active AND (database != \'system\') GROUP BY database, `table`), proj_agg AS (SELECT database A
2026-08-01 18:46:33	3	1530	559331	1	SELECT count(*) FROM system.settings
2026-08-01 18:46:34	24	69324	6659572	1	SELECT ifNull(sum(delta), 0) FROM sony.concurrency_delta_all WHERE minute < toDateTime(\'1970-01-21 15:46:00\', \'UTC\')  AND video_type = \'live\' FORMAT TabSeparated 
2026-08-01 18:46:34	4	14	9020	0	             SELECT                 name,                 toJSONString(labels) as labels_serialized,                 value,                 help,                 type             FROM (                 SELECT   \'clickhouse_table_replica_readonly_start_timestamp_seconds\' as name,   toFloat64(toUnixTi
2026-08-01 18:46:40	7	145	35586	145	SELECT             name,             value,             help,             JSONExtract(labels_serialized, \'Map(String, String)\') as labels,             type         FROM merge(system, \'^_custom_metrics_dictionary_.*\')         FORMAT Prometheus
2026-08-01 18:46:42	16	121	1471	1	SELECT avg(ProfileEvent_OSCPUWaitMicroseconds) as cpu_wait FROM  system.metric_log  WHERE event_time > now() - INTERVAL 2 MINUTE AND event_date >= yesterday()
2026-08-01 18:46:42	5	2	10208	2	SELECT count() as count, sum(elapsed) as total_elapsed, \'lh\' as usr FROM system.processes  WHERE user = \'observability-internal\' AND client_hostname LIKE \'loghouse-scraper%\'  UNION ALL SELECT count() as count, sum(elapsed) as total_elapsed, \'other\' as usr FROM system.processes  WHERE user != \'observ
2026-08-01 18:46:42	2	886	368083	1	SELECT value FROM system.asynchronous_metrics WHERE metric = \'OSMemoryAvailable\' ;
2026-08-01 18:46:42	3	1	5438	1	SELECT count() FROM system.processes WHERE (initial_user NOT IN _CAST([\'backups-internal\', \'management-internal\', \'monitoring-internal\', \'observability-internal\', \'operator-internal\', \'prometheus-exporter\', \'prometheus-internal\', \'operator-cert-internal\', \'availability-monitoring-internal\', \'\'], \'Ar
2026-08-01 18:46:42	3	118	1656	1	SELECT countIf(database = \'system\') as systemParts, countIf(database != \'system\') as nonSystemParts FROM system.parts where active
2026-08-01 18:46:42	2	0	0	1	SELECT countIf(database = \'system\') as systemMerges, countIf(database != \'system\') as nonSystemMerges FROM system.merges
2026-08-01 18:46:44	3	13	6340	1	             SELECT                 name,                 toJSONString(labels) as labels_serialized,                 value,                 help,                 type             FROM (                 SELECT   \'ClickHouse_CustomMetric_TotalMemoryUsedByDictionaries\' AS name,   toFloat64(SUM(bytes_al
2026-08-01 18:46:44	3	59	472	1	             SELECT                 name,                 toJSONString(labels) as labels_serialized,                 value,                 help,                 type             FROM (                 SELECT   \'ClickHouse_CustomMetric_TotalMemoryUsedByDataSkippingIndices\' AS name,   toFloat64(SUM(d
2026-08-01 18:46:44	3	6	213	0	             SELECT                 name,                 toJSONString(labels) as labels_serialized,                 value,                 help,                 type             FROM (                 SELECT   \'ClickHouse_CustomMetric_DatabaseReplicatedRecoveryTime\' as name,   toFloat64(recovery_ti
2026-08-01 18:46:48	4	378	114440	1	SELECT count(*) FROM system.server_settings
2026-08-01 18:46:49	2	15	1013	15	             SELECT                 name,                 toJSONString(labels) as labels_serialized,                 value,                 help,                 type             FROM (                 SELECT     \'ClickHouse_MetricsCollection_CustomMetricsSystemTable\' AS name,     toFloat64(1) AS va
2026-08-01 18:46:49	3	59	472	1	             SELECT                 name,                 toJSONString(labels) as labels_serialized,                 value,                 help,                 type             FROM (                 SELECT   \'ClickHouse_CustomMetric_TotalMemoryUsedByDataSkippingIndices\' AS name,   toFloat64(SUM(d
2026-08-01 18:46:50	7	145	35586	145	SELECT             name,             value,             help,             JSONExtract(labels_serialized, \'Map(String, String)\') as labels,             type         FROM merge(system, \'^_custom_metrics_dictionary_.*\')         FORMAT Prometheus
2026-08-01 18:46:50	2	0	8	1	SELECT count() FROM system.backups where status IN (0,3)
2026-08-01 18:46:50	4	1	5472	1	SELECT count() FROM system.processes WHERE (elapsed > _CAST(0, \'Int64\')) AND (initial_user NOT IN _CAST([\'backups-internal\', \'management-internal\', \'monitoring-internal\', \'observability-internal\', \'operator-internal\', \'prometheus-exporter\', \'prometheus-internal\', \'operator-cert-internal\', \'availabil
2026-08-01 18:46:52	4	2	12834	1	SELECT count() FROM system.processes WHERE (initial_user NOT IN _CAST([\'backups-internal\', \'management-internal\', \'monitoring-internal\', \'observability-internal\', \'operator-internal\', \'prometheus-exporter\', \'prometheus-internal\', \'operator-cert-internal\', \'availability-monitoring-internal\', \'\'], \'Ar
2026-08-01 18:46:52	30	3170	594797	123	SELECT CAST(\'0fc3eaab-fbcb-4533-8825-9be9faaea781\', \'UUID\') AS instance_id, CAST(\'c-boneaws-al-46-server-j62zx3k-0\', \'LowCardinality(String)\') AS node_id, CAST(name, \'LowCardinality(String)\') AS metric, CAST(mapFilter((k, v) -> has(_CAST([\'remote\'], \'Array(String)\'), k), labels), \'Map(LowCardinality
2026-08-01 18:46:52	3	119	1671	1	SELECT countIf(database = \'system\') as systemParts, countIf(database != \'system\') as nonSystemParts FROM system.parts where active
2026-08-01 18:46:52	2	0	0	1	SELECT countIf(database = \'system\') as systemMerges, countIf(database != \'system\') as nonSystemMerges FROM system.merges
2026-08-01 18:46:54	7	145	35586	145	SELECT             name,             value,             help,             JSONExtract(labels_serialized, \'Map(String, String)\') as labels,             type         FROM merge(system, \'^_custom_metrics_dictionary_.*\')         FORMAT Prometheus
2026-08-01 18:46:54	2	6	2128	6	             SELECT                 name,                 toJSONString(labels) as labels_serialized,                 value,                 help,                 type             FROM (                 SELECT   concat(\'clickhouse_\', system.dimensional_metrics.metric) AS name,   toFloat64(system.dime
2026-08-01 18:46:54	3	6	213	0	             SELECT                 name,                 toJSONString(labels) as labels_serialized,                 value,                 help,                 type             FROM (                 SELECT   \'ClickHouse_CustomMetric_SharedCatalogRecoveryTime\' as name,   toFloat64(recovery_time) a
2026-08-01 18:46:57	1	15	1195	1	SELECT count(*) FROM system.settings_profiles
2026-08-01 18:46:59	3	14	9020	0	             SELECT                 name,                 toJSONString(labels) as labels_serialized,                 value,                 help,                 type             FROM (                 SELECT   \'clickhouse_table_replica_readonly_start_timestamp_seconds\' as name,   toFloat64(toUnixTi
2026-08-01 18:47:02	3	1	5438	1	SELECT count() FROM system.processes WHERE (initial_user NOT IN _CAST([\'backups-internal\', \'management-internal\', \'monitoring-internal\', \'observability-internal\', \'operator-internal\', \'prometheus-exporter\', \'prometheus-internal\', \'operator-cert-internal\', \'availability-monitoring-internal\', \'\'], \'Ar
2026-08-01 18:47:02	3	114	1596	1	SELECT countIf(database = \'system\') as systemParts, countIf(database != \'system\') as nonSystemParts FROM system.parts where active
2026-08-01 18:47:02	2	0	0	1	SELECT countIf(database = \'system\') as systemMerges, countIf(database != \'system\') as nonSystemMerges FROM system.merges
2026-08-01 18:47:09	2	0	0	1	             SELECT                 name,                 toJSONString(labels) as labels_serialized,                 value,                 help,                 type             FROM (                 SELECT   \'ClickHouse_CustomMetric_TotalMemoryUsedByAsynchronousInserts\' AS name,   toFloat64(SUM(t
2026-08-01 18:47:09	2	2	6279	1	             SELECT                 name,                 toJSONString(labels) as labels_serialized,                 value,                 help,                 type             FROM (                 SELECT   \'ClickHouse_CustomMetric_TotalMemoryUsedByQueries\' AS name,   toFloat64(SUM(peak_memory_u
2026-08-01 18:47:10	7	145	35586	145	SELECT             name,             value,             help,             JSONExtract(labels_serialized, \'Map(String, String)\') as labels,             type         FROM merge(system, \'^_custom_metrics_dictionary_.*\')         FORMAT Prometheus
2026-08-01 18:47:12	15	182	2548	1	SELECT avg(ProfileEvent_OSCPUWaitMicroseconds) as cpu_wait FROM  system.metric_log  WHERE event_time > now() - INTERVAL 2 MINUTE AND event_date >= yesterday()
2026-08-01 18:47:12	5	2	10208	2	SELECT count() as count, sum(elapsed) as total_elapsed, \'lh\' as usr FROM system.processes  WHERE user = \'observability-internal\' AND client_hostname LIKE \'loghouse-scraper%\'  UNION ALL SELECT count() as count, sum(elapsed) as total_elapsed, \'other\' as usr FROM system.processes  WHERE user != \'observ
2026-08-01 18:47:12	2	886	368083	1	SELECT value FROM system.asynchronous_metrics WHERE metric = \'OSMemoryAvailable\' ;
2026-08-01 18:47:12	2	0	0	1	SELECT count(*) FROM system.mutations
2026-08-01 18:47:12	3	2	12834	1	SELECT count() FROM system.processes WHERE (initial_user NOT IN _CAST([\'backups-internal\', \'management-internal\', \'monitoring-internal\', \'observability-internal\', \'operator-internal\', \'prometheus-exporter\', \'prometheus-internal\', \'operator-cert-internal\', \'availability-monitoring-internal\', \'\'], \'Ar
2026-08-01 18:47:12	28	3170	594797	123	SELECT CAST(\'0fc3eaab-fbcb-4533-8825-9be9faaea781\', \'UUID\') AS instance_id, CAST(\'c-boneaws-al-46-server-j62zx3k-0\', \'LowCardinality(String)\') AS node_id, CAST(name, \'LowCardinality(String)\') AS metric, CAST(mapFilter((k, v) -> has(_CAST([\'remote\'], \'Array(String)\'), k), labels), \'Map(LowCardinality
2026-08-01 18:47:12	3	116	1626	1	SELECT countIf(database = \'system\') as systemParts, countIf(database != \'system\') as nonSystemParts FROM system.parts where active
2026-08-01 18:47:12	2	0	0	1	SELECT countIf(database = \'system\') as systemMerges, countIf(database != \'system\') as nonSystemMerges FROM system.merges
2026-08-01 18:47:14	2	6	2128	6	             SELECT                 name,                 toJSONString(labels) as labels_serialized,                 value,                 help,                 type             FROM (                 SELECT   concat(\'clickhouse_\', system.dimensional_metrics.metric) AS name,   toFloat64(system.dime
2026-08-01 18:47:14	2	0	0	1	             SELECT                 name,                 toJSONString(labels) as labels_serialized,                 value,                 help,                 type             FROM (                 SELECT   \'ClickHouse_CustomMetric_TotalMemoryUsedByMerges\' AS name,   toFloat64(SUM(memory_usage))
2026-08-01 18:47:14	2	0	0	0	             SELECT                 name,                 toJSONString(labels) as labels_serialized,                 value,                 help,                 type             FROM (                 SELECT   \'ClickHouse_CustomMetric_FailedMutations\' as name,   toFloat64(count()) as value,   \'The 
2026-08-01 18:47:14	2	13	6340	1	             SELECT                 name,                 toJSONString(labels) as labels_serialized,                 value,                 help,                 type             FROM (                 SELECT   \'ClickHouse_CustomMetric_TotalMemoryUsedByDictionaries\' AS name,   toFloat64(SUM(bytes_al
2026-08-01 18:47:14	3	14	9020	0	             SELECT                 name,                 toJSONString(labels) as labels_serialized,                 value,                 help,                 type             FROM (                 SELECT   \'clickhouse_table_replica_readonly_start_timestamp_seconds\' as name,   toFloat64(toUnixTi
2026-08-01 18:47:18	1	1	1	1	SELECT toString(toDateTime(\'1970-01-21 15:46:00\', \'UTC\') - INTERVAL 1 MINUTE) FORMAT TabSeparated 
2026-08-01 18:47:19	2	0	0	1	             SELECT                 name,                 toJSONString(labels) as labels_serialized,                 value,                 help,                 type             FROM (                 SELECT   \'ClickHouse_CustomMetric_TotalMemoryUsedByAsynchronousInserts\' AS name,   toFloat64(SUM(t
2026-08-01 18:47:19	3	59	472	1	             SELECT                 name,                 toJSONString(labels) as labels_serialized,                 value,                 help,                 type             FROM (                 SELECT   \'ClickHouse_CustomMetric_TotalMemoryUsedByDataSkippingIndices\' AS name,   toFloat64(SUM(d
2026-08-01 18:47:20	7	143	34998	143	SELECT             name,             value,             help,             JSONExtract(labels_serialized, \'Map(String, String)\') as labels,             type         FROM merge(system, \'^_custom_metrics_dictionary_.*\')         FORMAT Prometheus
2026-08-01 18:47:22	3	1	5438	1	SELECT count() FROM system.processes WHERE (initial_user NOT IN _CAST([\'backups-internal\', \'management-internal\', \'monitoring-internal\', \'observability-internal\', \'operator-internal\', \'prometheus-exporter\', \'prometheus-internal\', \'operator-cert-internal\', \'availability-monitoring-internal\', \'\'], \'Ar
2026-08-01 18:47:22	2	117	1641	1	SELECT countIf(database = \'system\') as systemParts, countIf(database != \'system\') as nonSystemParts FROM system.parts where active
2026-08-01 18:47:22	2	0	0	1	SELECT countIf(database = \'system\') as systemMerges, countIf(database != \'system\') as nonSystemMerges FROM system.merges
2026-08-01 18:47:24	6	143	34998	143	SELECT             name,             value,             help,             JSONExtract(labels_serialized, \'Map(String, String)\') as labels,             type         FROM merge(system, \'^_custom_metrics_dictionary_.*\')         FORMAT Prometheus
2026-08-01 18:47:24	3	15	1013	15	             SELECT                 name,                 toJSONString(labels) as labels_serialized,                 value,                 help,                 type             FROM (                 SELECT     \'ClickHouse_MetricsCollection_CustomMetricsSystemTable\' AS name,     toFloat64(1) AS va
2026-08-01 18:47:24	1	1	1	1	SELECT toString(toDateTime(\'1970-01-21 15:46:00\', \'UTC\') - INTERVAL 1 MINUTE) FORMAT TabSeparated 
2026-08-01 18:47:29	3	15	1013	15	             SELECT                 name,                 toJSONString(labels) as labels_serialized,                 value,                 help,                 type             FROM (                 SELECT     \'ClickHouse_MetricsCollection_CustomMetricsSystemTable\' AS name,     toFloat64(1) AS va
2026-08-01 18:47:29	3	6	213	0	             SELECT                 name,                 toJSONString(labels) as labels_serialized,                 value,                 help,                 type             FROM (                 SELECT   \'ClickHouse_CustomMetric_DatabaseReplicatedRecoveryTime\' as name,   toFloat64(recovery_ti
2026-08-01 18:47:29	1	1	1	1	SELECT displayName(), version(), revision(), timezone()
2026-08-01 18:47:30	1	1	1	1	SELECT 1;
2026-08-01 18:47:30	5129	101996	6954059	1	 WITH toDateTime(\'1970-01-21 15:46:00\', \'UTC\') AS t0 SELECT max(c) AS peak, toString(argMax(minute, c)) AS peak_minute, round(avg(c), 4) AS avg_c FROM (     SELECT minute, 0 + sum(d) OVER (ORDER BY minute) AS c     FROM (         SELECT minute, sum(delta) AS d         FROM sony.concurrency_delta_all
2026-08-01 18:47:30	64	34663	3258180	1	 WITH toDateTime(\'1970-01-21 15:46:00\', \'UTC\') AS t0,      (SELECT max(hour_boundary) FROM sony.concurrency_hourly_checkpoint        WHERE hour_boundary <= t0  AND country = \'india\') AS anchor SELECT     toString(ifNull(anchor, toDateTime(0, \'UTC\'))) AS anchor_ts,     ifNull((SELECT sum(concurrency)
2026-08-01 18:47:30	25	69324	6659572	1	SELECT ifNull(sum(delta), 0) FROM sony.concurrency_delta_all WHERE minute < toDateTime(\'1970-01-21 15:46:00\', \'UTC\')  AND country = \'india\' FORMAT TabSeparated 
2026-08-01 18:47:32	3	2	12834	1	SELECT count() FROM system.processes WHERE (initial_user NOT IN _CAST([\'backups-internal\', \'management-internal\', \'monitoring-internal\', \'observability-internal\', \'operator-internal\', \'prometheus-exporter\', \'prometheus-internal\', \'operator-cert-internal\', \'availability-monitoring-internal\', \'\'], \'Ar
2026-08-01 18:47:32	28	3168	594550	123	SELECT CAST(\'0fc3eaab-fbcb-4533-8825-9be9faaea781\', \'UUID\') AS instance_id, CAST(\'c-boneaws-al-46-server-j62zx3k-0\', \'LowCardinality(String)\') AS node_id, CAST(name, \'LowCardinality(String)\') AS metric, CAST(mapFilter((k, v) -> has(_CAST([\'remote\'], \'Array(String)\'), k), labels), \'Map(LowCardinality
2026-08-01 18:47:32	2	122	1716	1	SELECT countIf(database = \'system\') as systemParts, countIf(database != \'system\') as nonSystemParts FROM system.parts where active
2026-08-01 18:47:32	2	0	0	1	SELECT countIf(database = \'system\') as systemMerges, countIf(database != \'system\') as nonSystemMerges FROM system.merges
2026-08-01 18:47:34	3	59	472	1	             SELECT                 name,                 toJSONString(labels) as labels_serialized,                 value,                 help,                 type             FROM (                 SELECT   \'ClickHouse_CustomMetric_TotalMemoryUsedByDataSkippingIndices\' AS name,   toFloat64(SUM(d
2026-08-01 18:47:37	4	0	0	0	SELECT now64(6) as scrape_time_microseconds, \'j62zx3k\' AS pod_ident, \'boneaws-al-46\' AS spoken_name, \'cell-1\' AS cell, \'ap-south-1\' AS region, \'aws\' AS cloud_provider, \'?\' AS clickhouse_version, \'0fc3eaab-fbcb-4533-8825-9be9faaea781\' AS control_plane_id, \'?\' AS system_processor, * FROM system."files
2026-08-01 18:47:38	6	0	0	0	SELECT now64(6) as scrape_time_microseconds, \'j62zx3k\' AS pod_ident, \'boneaws-al-46\' AS spoken_name, \'cell-1\' AS cell, \'ap-south-1\' AS region, \'aws\' AS cloud_provider, \'?\' AS clickhouse_version, \'0fc3eaab-fbcb-4533-8825-9be9faaea781\' AS control_plane_id, \'?\' AS system_processor, * FROM system."query
2026-08-01 18:47:38	14	8571	2032256	4422	SELECT now64(6) as scrape_time_microseconds, \'j62zx3k\' AS pod_ident, \'boneaws-al-46\' AS spoken_name, \'cell-1\' AS cell, \'ap-south-1\' AS region, \'aws\' AS cloud_provider, \'?\' AS clickhouse_version, \'0fc3eaab-fbcb-4533-8825-9be9faaea781\' AS control_plane_id, \'?\' AS system_processor, * FROM system."proce
2026-08-01 18:47:39	3	0	0	0	SELECT now64(6) as scrape_time_microseconds, \'j62zx3k\' AS pod_ident, \'boneaws-al-46\' AS spoken_name, \'cell-1\' AS cell, \'ap-south-1\' AS region, \'aws\' AS cloud_provider, \'?\' AS clickhouse_version, \'0fc3eaab-fbcb-4533-8825-9be9faaea781\' AS control_plane_id, \'?\' AS system_processor, * FROM system."files
2026-08-01 18:47:39	19	16873	4067360	10355	SELECT now64(6) as scrape_time_microseconds, \'j62zx3k\' AS pod_ident, \'boneaws-al-46\' AS spoken_name, \'cell-1\' AS cell, \'ap-south-1\' AS region, \'aws\' AS cloud_provider, \'?\' AS clickhouse_version, \'0fc3eaab-fbcb-4533-8825-9be9faaea781\' AS control_plane_id, \'?\' AS system_processor, * FROM system."trace
2026-08-01 18:47:39	2	6	2128	6	             SELECT                 name,                 toJSONString(labels) as labels_serialized,                 value,                 help,                 type             FROM (                 SELECT   concat(\'clickhouse_\', system.dimensional_metrics.metric) AS name,   toFloat64(system.dime
2026-08-01 18:47:39	2	0	0	1	             SELECT                 name,                 toJSONString(labels) as labels_serialized,                 value,                 help,                 type             FROM (                 SELECT   \'ClickHouse_CustomMetric_TotalMemoryUsedByAsynchronousInserts\' AS name,   toFloat64(SUM(t
2026-08-01 18:47:40	4	0	0	0	SELECT now64(6) as scrape_time_microseconds, \'j62zx3k\' AS pod_ident, \'boneaws-al-46\' AS spoken_name, \'cell-1\' AS cell, \'ap-south-1\' AS region, \'aws\' AS cloud_provider, \'?\' AS clickhouse_version, \'0fc3eaab-fbcb-4533-8825-9be9faaea781\' AS control_plane_id, \'?\' AS system_processor, * FROM system."crash
2026-08-01 18:47:40	27	3399	6063907	318	SELECT now64(6) as scrape_time_microseconds, \'j62zx3k\' AS pod_ident, \'boneaws-al-46\' AS spoken_name, \'cell-1\' AS cell, \'ap-south-1\' AS region, \'aws\' AS cloud_provider, \'?\' AS clickhouse_version, \'0fc3eaab-fbcb-4533-8825-9be9faaea781\' AS control_plane_id, \'?\' AS system_processor, * FROM system."query
2026-08-01 18:47:40	6	143	34998	143	SELECT             name,             value,             help,             JSONExtract(labels_serialized, \'Map(String, String)\') as labels,             type         FROM merge(system, \'^_custom_metrics_dictionary_.*\')         FORMAT Prometheus
2026-08-01 18:47:41	3	0	0	0	SELECT now64(6) as scrape_time_microseconds, \'j62zx3k\' AS pod_ident, \'boneaws-al-46\' AS spoken_name, \'cell-1\' AS cell, \'ap-south-1\' AS region, \'aws\' AS cloud_provider, \'?\' AS clickhouse_version, \'0fc3eaab-fbcb-4533-8825-9be9faaea781\' AS control_plane_id, \'?\' AS system_processor, * FROM system."click
2026-08-01 18:47:41	194	609	1679160	120	SELECT now64(6) as scrape_time_microseconds, \'j62zx3k\' AS pod_ident, \'boneaws-al-46\' AS spoken_name, \'cell-1\' AS cell, \'ap-south-1\' AS region, \'aws\' AS cloud_provider, \'?\' AS clickhouse_version, \'0fc3eaab-fbcb-4533-8825-9be9faaea781\' AS control_plane_id, \'?\' AS system_processor, * FROM system."metri
2026-08-01 18:47:42	4	0	0	0	SELECT now64(6) as scrape_time_microseconds, \'j62zx3k\' AS pod_ident, \'boneaws-al-46\' AS spoken_name, \'cell-1\' AS cell, \'ap-south-1\' AS region, \'aws\' AS cloud_provider, \'?\' AS clickhouse_version, \'0fc3eaab-fbcb-4533-8825-9be9faaea781\' AS control_plane_id, \'?\' AS system_processor, * FROM system."backu
2026-08-01 18:47:42	15	212	2968	1	SELECT avg(ProfileEvent_OSCPUWaitMicroseconds) as cpu_wait FROM  system.metric_log  WHERE event_time > now() - INTERVAL 2 MINUTE AND event_date >= yesterday()
2026-08-01 18:47:42	4	2	10208	2	SELECT count() as count, sum(elapsed) as total_elapsed, \'lh\' as usr FROM system.processes  WHERE user = \'observability-internal\' AND client_hostname LIKE \'loghouse-scraper%\'  UNION ALL SELECT count() as count, sum(elapsed) as total_elapsed, \'other\' as usr FROM system.processes  WHERE user != \'observ
2026-08-01 18:47:42	1	886	368083	1	SELECT value FROM system.asynchronous_metrics WHERE metric = \'OSMemoryAvailable\' ;
2026-08-01 18:47:42	3	1	5438	1	SELECT count() FROM system.processes WHERE (initial_user NOT IN _CAST([\'backups-internal\', \'management-internal\', \'monitoring-internal\', \'observability-internal\', \'operator-internal\', \'prometheus-exporter\', \'prometheus-internal\', \'operator-cert-internal\', \'availability-monitoring-internal\', \'\'], \'Ar
2026-08-01 18:47:42	3	120	1686	1	SELECT countIf(database = \'system\') as systemParts, countIf(database != \'system\') as nonSystemParts FROM system.parts where active
2026-08-01 18:47:42	2	0	0	1	SELECT countIf(database = \'system\') as systemMerges, countIf(database != \'system\') as nonSystemMerges FROM system.merges
2026-08-01 18:47:44	4	0	0	0	SELECT now64(6) as scrape_time_microseconds, \'j62zx3k\' AS pod_ident, \'boneaws-al-46\' AS spoken_name, \'cell-1\' AS cell, \'ap-south-1\' AS region, \'aws\' AS cloud_provider, \'?\' AS clickhouse_version, \'0fc3eaab-fbcb-4533-8825-9be9faaea781\' AS control_plane_id, \'?\' AS system_processor, * FROM system."async
2026-08-01 18:47:45	5	84	336	0	SELECT now64(6) as scrape_time_microseconds, \'j62zx3k\' AS pod_ident, \'boneaws-al-46\' AS spoken_name, \'cell-1\' AS cell, \'ap-south-1\' AS region, \'aws\' AS cloud_provider, \'?\' AS clickhouse_version, \'0fc3eaab-fbcb-4533-8825-9be9faaea781\' AS control_plane_id, \'?\' AS system_processor, * FROM system."error
2026-08-01 18:47:45	10	8201	2434013	450	SELECT now64(6) as scrape_time_microseconds, \'j62zx3k\' AS pod_ident, \'boneaws-al-46\' AS spoken_name, \'cell-1\' AS cell, \'ap-south-1\' AS region, \'aws\' AS cloud_provider, \'?\' AS clickhouse_version, \'0fc3eaab-fbcb-4533-8825-9be9faaea781\' AS control_plane_id, \'?\' AS system_processor, * FROM system."blob_
2026-08-01 18:47:45	17	7716	4189655	171	SELECT now64(6) as scrape_time_microseconds, \'j62zx3k\' AS pod_ident, \'boneaws-al-46\' AS spoken_name, \'cell-1\' AS cell, \'ap-south-1\' AS region, \'aws\' AS cloud_provider, \'?\' AS clickhouse_version, \'0fc3eaab-fbcb-4533-8825-9be9faaea781\' AS control_plane_id, \'?\' AS system_processor, * FROM system."part_
2026-08-01 18:47:45	73	886433	14222601	105018	SELECT now64(6) as scrape_time_microseconds, \'j62zx3k\' AS pod_ident, \'boneaws-al-46\' AS spoken_name, \'cell-1\' AS cell, \'ap-south-1\' AS region, \'aws\' AS cloud_provider, \'?\' AS clickhouse_version, \'0fc3eaab-fbcb-4533-8825-9be9faaea781\' AS control_plane_id, \'?\' AS system_processor, * FROM system."async
2026-08-01 18:47:46	4	0	0	0	SELECT now64(6) as scrape_time_microseconds, \'j62zx3k\' AS pod_ident, \'boneaws-al-46\' AS spoken_name, \'cell-1\' AS cell, \'ap-south-1\' AS region, \'aws\' AS cloud_provider, \'?\' AS clickhouse_version, \'0fc3eaab-fbcb-4533-8825-9be9faaea781\' AS control_plane_id, \'?\' AS system_processor, * FROM system."zooke
2026-08-01 18:47:46	22	22035	5010956	14464	SELECT now64(6) as scrape_time_microseconds, \'j62zx3k\' AS pod_ident, \'boneaws-al-46\' AS spoken_name, \'cell-1\' AS cell, \'ap-south-1\' AS region, \'aws\' AS cloud_provider, \'?\' AS clickhouse_version, \'0fc3eaab-fbcb-4533-8825-9be9faaea781\' AS control_plane_id, \'?\' AS system_processor, * FROM system."text_
2026-08-01 18:47:47	4	0	0	0	SELECT now64(6) as scrape_time_microseconds, \'j62zx3k\' AS pod_ident, \'boneaws-al-46\' AS spoken_name, \'cell-1\' AS cell, \'ap-south-1\' AS region, \'aws\' AS cloud_provider, \'?\' AS clickhouse_version, \'0fc3eaab-fbcb-4533-8825-9be9faaea781\' AS control_plane_id, \'?\' AS system_processor, * FROM system."s3que
2026-08-01 18:47:48	82	0	0	0	SELECT now64(6) as scrape_time_microseconds, \'j62zx3k\' AS pod_ident, \'boneaws-al-46\' AS spoken_name, \'cell-1\' AS cell, \'ap-south-1\' AS region, \'aws\' AS cloud_provider, \'?\' AS clickhouse_version, \'0fc3eaab-fbcb-4533-8825-9be9faaea781\' AS control_plane_id, \'?\' AS system_processor, * FROM system."query
2026-08-01 18:47:49	3	15	1013	15	             SELECT                 name,                 toJSONString(labels) as labels_serialized,                 value,                 help,                 type             FROM (                 SELECT     \'ClickHouse_MetricsCollection_CustomMetricsSystemTable\' AS name,     toFloat64(1) AS va
2026-08-01 18:47:49	3	13	6340	1	             SELECT                 name,                 toJSONString(labels) as labels_serialized,                 value,                 help,                 type             FROM (                 SELECT   \'ClickHouse_CustomMetric_TotalMemoryUsedByDictionaries\' AS name,   toFloat64(SUM(bytes_al
2026-08-01 18:47:49	3	3	7502	1	             SELECT                 name,                 toJSONString(labels) as labels_serialized,                 value,                 help,                 type             FROM (                 SELECT   \'ClickHouse_CustomMetric_TotalMemoryUsedByQueries\' AS name,   toFloat64(SUM(peak_memory_u
2026-08-01 18:47:50	8	143	34998	143	SELECT             name,             value,             help,             JSONExtract(labels_serialized, \'Map(String, String)\') as labels,             type         FROM merge(system, \'^_custom_metrics_dictionary_.*\')         FORMAT Prometheus
2026-08-01 18:47:52	4	3	18423	1	SELECT count() FROM system.processes WHERE (initial_user NOT IN _CAST([\'backups-internal\', \'management-internal\', \'monitoring-internal\', \'observability-internal\', \'operator-internal\', \'prometheus-exporter\', \'prometheus-internal\', \'operator-cert-internal\', \'availability-monitoring-internal\', \'\'], \'Ar
2026-08-01 18:47:52	3	121	1701	1	SELECT countIf(database = \'system\') as systemParts, countIf(database != \'system\') as nonSystemParts FROM system.parts where active
2026-08-01 18:47:52	2	0	0	1	SELECT countIf(database = \'system\') as systemMerges, countIf(database != \'system\') as nonSystemMerges FROM system.merges
2026-08-01 18:47:52	28	3168	594550	123	SELECT CAST(\'0fc3eaab-fbcb-4533-8825-9be9faaea781\', \'UUID\') AS instance_id, CAST(\'c-boneaws-al-46-server-j62zx3k-0\', \'LowCardinality(String)\') AS node_id, CAST(name, \'LowCardinality(String)\') AS metric, CAST(mapFilter((k, v) -> has(_CAST([\'remote\'], \'Array(String)\'), k), labels), \'Map(LowCardinality
2026-08-01 18:47:53	4	0	0	0	SELECT now64(6) as scrape_time_microseconds, \'j62zx3k\' AS pod_ident, \'boneaws-al-46\' AS spoken_name, \'cell-1\' AS cell, \'ap-south-1\' AS region, \'aws\' AS cloud_provider, \'?\' AS clickhouse_version, \'0fc3eaab-fbcb-4533-8825-9be9faaea781\' AS control_plane_id, \'?\' AS system_processor, * FROM system."aggre
2026-08-01 18:47:54	5	0	0	0	SELECT now64(6) as scrape_time_microseconds, \'j62zx3k\' AS pod_ident, \'boneaws-al-46\' AS spoken_name, \'cell-1\' AS cell, \'ap-south-1\' AS region, \'aws\' AS cloud_provider, \'?\' AS clickhouse_version, \'0fc3eaab-fbcb-4533-8825-9be9faaea781\' AS control_plane_id, \'?\' AS system_processor, * FROM system."query
2026-08-01 18:47:54	7	143	34998	143	SELECT             name,             value,             help,             JSONExtract(labels_serialized, \'Map(String, String)\') as labels,             type         FROM merge(system, \'^_custom_metrics_dictionary_.*\')         FORMAT Prometheus
2026-08-01 18:47:54	2	0	0	1	             SELECT                 name,                 toJSONString(labels) as labels_serialized,                 value,                 help,                 type             FROM (                 SELECT   \'ClickHouse_CustomMetric_TotalMemoryUsedByMerges\' AS name,   toFloat64(SUM(memory_usage))
2026-08-01 18:47:54	3	14	9020	0	             SELECT                 name,                 toJSONString(labels) as labels_serialized,                 value,                 help,                 type             FROM (                 SELECT   \'clickhouse_table_replica_readonly_start_timestamp_seconds\' as name,   toFloat64(toUnixTi
2026-08-01 18:47:54	4	6	213	0	             SELECT                 name,                 toJSONString(labels) as labels_serialized,                 value,                 help,                 type             FROM (                 SELECT   \'ClickHouse_CustomMetric_SharedCatalogRecoveryTime\' as name,   toFloat64(recovery_time) a
2026-08-01 18:47:56	4489	88627	6853795	1	 WITH toDateTime(\'1970-01-21 15:46:00\', \'UTC\') AS t0, toDateTime(\'2031-07-25 11:28:00\', \'UTC\') AS t1 SELECT max(c) AS peak, toString(argMax(minute, c)) AS peak_minute, round(avg(c), 4) AS avg_c FROM (     SELECT minute, sum(d) OVER (ORDER BY minute) AS c     FROM (         SELECT minute, sum(delta) 
2026-08-01 18:47:59	4	14	9020	0	             SELECT                 name,                 toJSONString(labels) as labels_serialized,                 value,                 help,                 type             FROM (                 SELECT   \'clickhouse_table_replica_readonly_start_timestamp_seconds\' as name,   toFloat64(toUnixTi
2026-08-01 18:48:02	4	1	5438	1	SELECT count() FROM system.processes WHERE (initial_user NOT IN _CAST([\'backups-internal\', \'management-internal\', \'monitoring-internal\', \'observability-internal\', \'operator-internal\', \'prometheus-exporter\', \'prometheus-internal\', \'operator-cert-internal\', \'availability-monitoring-internal\', \'\'], \'Ar
2026-08-01 18:48:02	2	117	1641	1	SELECT countIf(database = \'system\') as systemParts, countIf(database != \'system\') as nonSystemParts FROM system.parts where active
2026-08-01 18:48:02	2	0	0	1	SELECT countIf(database = \'system\') as systemMerges, countIf(database != \'system\') as nonSystemMerges FROM system.merges
2026-08-01 18:48:04	2	0	0	1	             SELECT                 name,                 toJSONString(labels) as labels_serialized,                 value,                 help,                 type             FROM (                 SELECT   \'ClickHouse_CustomMetric_TotalMemoryUsedByAsynchronousInserts\' AS name,   toFloat64(SUM(t
2026-08-01 18:48:06	22	34663	3294799	1	 WITH toDateTime(\'1970-01-21 15:46:00\', \'UTC\') AS t0,      (SELECT max(hour_boundary) FROM sony.concurrency_hourly_checkpoint        WHERE hour_boundary <= t0  AND platform = \'ANDROID_PHONE\' AND country = \'india\') AS anchor SELECT     toString(ifNull(anchor, toDateTime(0, \'UTC\'))) AS anchor_ts,     
2026-08-01 18:48:09	9	1352	855866	90	SELECT now64(6) as scrape_time_microseconds, \'j62zx3k\' AS pod_ident, \'boneaws-al-46\' AS spoken_name, \'cell-1\' AS cell, \'ap-south-1\' AS region, \'aws\' AS cloud_provider, \'?\' AS clickhouse_version, \'0fc3eaab-fbcb-4533-8825-9be9faaea781\' AS control_plane_id, \'?\' AS system_processor, * FROM system."sessi
2026-08-01 18:48:09	1	1	1	1	SELECT displayName(), version(), revision(), timezone()
2026-08-01 18:48:09	1	1	1	1	SELECT 1;
2026-08-01 18:48:10	6	143	34998	143	SELECT             name,             value,             help,             JSONExtract(labels_serialized, \'Map(String, String)\') as labels,             type         FROM merge(system, \'^_custom_metrics_dictionary_.*\')         FORMAT Prometheus
2026-08-01 18:48:12	16	243	3402	1	SELECT avg(ProfileEvent_OSCPUWaitMicroseconds) as cpu_wait FROM  system.metric_log  WHERE event_time > now() - INTERVAL 2 MINUTE AND event_date >= yesterday()
2026-08-01 18:48:12	5	2	10208	2	SELECT count() as count, sum(elapsed) as total_elapsed, \'lh\' as usr FROM system.processes  WHERE user = \'observability-internal\' AND client_hostname LIKE \'loghouse-scraper%\'  UNION ALL SELECT count() as count, sum(elapsed) as total_elapsed, \'other\' as usr FROM system.processes  WHERE user != \'observ
2026-08-01 18:48:12	2	886	368083	1	SELECT value FROM system.asynchronous_metrics WHERE metric = \'OSMemoryAvailable\' ;
2026-08-01 18:48:12	3	3	18815	1	SELECT count() FROM system.processes WHERE (initial_user NOT IN _CAST([\'backups-internal\', \'management-internal\', \'monitoring-internal\', \'observability-internal\', \'operator-internal\', \'prometheus-exporter\', \'prometheus-internal\', \'operator-cert-internal\', \'availability-monitoring-internal\', \'\'], \'Ar
2026-08-01 18:48:12	3	114	1596	1	SELECT countIf(database = \'system\') as systemParts, countIf(database != \'system\') as nonSystemParts FROM system.parts where active
2026-08-01 18:48:12	2	0	0	1	SELECT countIf(database = \'system\') as systemMerges, countIf(database != \'system\') as nonSystemMerges FROM system.merges
2026-08-01 18:48:12	29	3168	594550	123	SELECT CAST(\'0fc3eaab-fbcb-4533-8825-9be9faaea781\', \'UUID\') AS instance_id, CAST(\'c-boneaws-al-46-server-j62zx3k-0\', \'LowCardinality(String)\') AS node_id, CAST(name, \'LowCardinality(String)\') AS metric, CAST(mapFilter((k, v) -> has(_CAST([\'remote\'], \'Array(String)\'), k), labels), \'Map(LowCardinality
2026-08-01 18:48:14	2	0	0	0	             SELECT                 name,                 toJSONString(labels) as labels_serialized,                 value,                 help,                 type             FROM (                 SELECT   \'ClickHouse_CustomMetric_FailedMutations\' as name,   toFloat64(count()) as value,   \'The 
2026-08-01 18:48:14	3	59	472	1	             SELECT                 name,                 toJSONString(labels) as labels_serialized,                 value,                 help,                 type             FROM (                 SELECT   \'ClickHouse_CustomMetric_TotalMemoryUsedByDataSkippingIndices\' AS name,   toFloat64(SUM(d
2026-08-01 18:48:17	5117	88627	6853795	1	 WITH toDateTime(\'1970-01-21 15:46:00\', \'UTC\') AS t0 SELECT max(c) AS peak, toString(argMax(minute, c)) AS peak_minute, round(avg(c), 4) AS avg_c FROM (     SELECT minute, 0 + sum(d) OVER (ORDER BY minute) AS c     FROM (         SELECT minute, sum(delta) AS d         FROM sony.concurrency_delta_all
2026-08-01 18:48:19	2	0	0	1	             SELECT                 name,                 toJSONString(labels) as labels_serialized,                 value,                 help,                 type             FROM (                 SELECT   \'ClickHouse_CustomMetric_TotalMemoryUsedByAsynchronousInserts\' AS name,   toFloat64(SUM(t
2026-08-01 18:48:19	2	3	7559	1	             SELECT                 name,                 toJSONString(labels) as labels_serialized,                 value,                 help,                 type             FROM (                 SELECT   \'ClickHouse_CustomMetric_TotalMemoryUsedByQueries\' AS name,   toFloat64(SUM(peak_memory_u
2026-08-01 18:48:19	3	59	472	1	             SELECT                 name,                 toJSONString(labels) as labels_serialized,                 value,                 help,                 type             FROM (                 SELECT   \'ClickHouse_CustomMetric_TotalMemoryUsedByDataSkippingIndices\' AS name,   toFloat64(SUM(d
2026-08-01 18:48:20	2	3	860	1	SELECT count(*) FROM system.filesystem_cache_settings
2026-08-01 18:48:20	7	143	34998	143	SELECT             name,             value,             help,             JSONExtract(labels_serialized, \'Map(String, String)\') as labels,             type         FROM merge(system, \'^_custom_metrics_dictionary_.*\')         FORMAT Prometheus
2026-08-01 18:48:22	3	1	5438	1	SELECT count() FROM system.processes WHERE (initial_user NOT IN _CAST([\'backups-internal\', \'management-internal\', \'monitoring-internal\', \'observability-internal\', \'operator-internal\', \'prometheus-exporter\', \'prometheus-internal\', \'operator-cert-internal\', \'availability-monitoring-internal\', \'\'], \'Ar
2026-08-01 18:48:22	2	112	1566	1	SELECT countIf(database = \'system\') as systemParts, countIf(database != \'system\') as nonSystemParts FROM system.parts where active
2026-08-01 18:48:22	2	0	0	1	SELECT countIf(database = \'system\') as systemMerges, countIf(database != \'system\') as nonSystemMerges FROM system.merges
2026-08-01 18:48:24	7	143	34998	143	SELECT             name,             value,             help,             JSONExtract(labels_serialized, \'Map(String, String)\') as labels,             type         FROM merge(system, \'^_custom_metrics_dictionary_.*\')         FORMAT Prometheus
2026-08-01 18:48:24	2	2	6347	1	             SELECT                 name,                 toJSONString(labels) as labels_serialized,                 value,                 help,                 type             FROM (                 SELECT   \'ClickHouse_CustomMetric_TotalMemoryUsedByQueries\' AS name,   toFloat64(SUM(peak_memory_u
2026-08-01 18:48:24	4	6	213	0	             SELECT                 name,                 toJSONString(labels) as labels_serialized,                 value,                 help,                 type             FROM (                 SELECT   \'ClickHouse_CustomMetric_DatabaseReplicatedRecoveryTime\' as name,   toFloat64(recovery_ti
2026-08-01 18:48:25	2	1	1	1	SELECT count(*) FROM system.projections
2026-08-01 18:48:25	2	1	292	1	SELECT  now64(6) as scrape_time_microseconds, \'j62zx3k\' AS pod_ident, \'boneaws-al-46\' AS spoken_name, \'cell-1\' AS cell, \'ap-south-1\' AS region, \'aws\' AS cloud_provider, \'26.2.1.525\' AS clickhouse_version, \'0fc3eaab-fbcb-4533-8825-9be9faaea781\' AS control_plane_id, \'aarch64\' AS system_processor, * FR
2026-08-01 18:48:29	3	15	1013	15	             SELECT                 name,                 toJSONString(labels) as labels_serialized,                 value,                 help,                 type             FROM (                 SELECT     \'ClickHouse_MetricsCollection_CustomMetricsSystemTable\' AS name,     toFloat64(1) AS va
2026-08-01 18:48:32	6	0	0	0	WITH source AS (SELECT [\'matview_execution_total\', if(exception_code != 0, \'matview_execution_fail\', \'\')] AS metrics, event_time AS ts FROM system.query_views_log WHERE (status != \'QueryStart\') AND (event_date >= toDate(_CAST(\'1785609957.833\', \'DateTime64\'))) AND (event_time >= toDateTime(_CAST(\'178
2026-08-01 18:48:32	10	92120	1419374	1560	SELECT CAST(\'0fc3eaab-fbcb-4533-8825-9be9faaea781\', \'UUID\') AS control_plane_id, CAST(\'c-boneaws-al-46-server-j62zx3k-0\', \'LowCardinality(String)\') AS pod_id, CAST(now64(), \'DateTime64(6)\') AS scrape_ts_microseconds, CAST(event_date, \'Date\') AS event_date, CAST(event_time, \'DateTime\') AS event_time,
2026-08-01 18:48:32	12	0	0	1	WITH failed_mutations AS (SELECT toDateTime(create_time) AS ts, count() AS val FROM system.mutations WHERE (ts > toDateTime(_CAST(\'1785609957.833\', \'DateTime64\'))) AND (ts <= toDateTime(_CAST(\'1785610077.833\', \'DateTime64\'))) AND (latest_failed_part != \'\') AND (is_done = 0) GROUP BY ts), failed_muta
2026-08-01 18:48:32	3	8	35365	1	SELECT count() FROM system.processes WHERE (initial_user NOT IN _CAST([\'backups-internal\', \'management-internal\', \'monitoring-internal\', \'observability-internal\', \'operator-internal\', \'prometheus-exporter\', \'prometheus-internal\', \'operator-cert-internal\', \'availability-monitoring-internal\', \'\'], \'Ar
2026-08-01 18:48:32	5	378	114440	5	WITH metrics AS (SELECT name AS metric, toFloat64(value) AS val, now() AS ts FROM system.server_settings WHERE multiMatchAny(name, _CAST([\'^max_database_num_to_throw$\', \'^max_database_num_to_warn$\', \'^max_table_num_to_throw$\', \'^max_table_num_to_warn$\', \'^max_concurrent_queries$\'], \'Array(String)\'))
2026-08-01 18:48:32	11	8097	121441	10	WITH metrics AS (SELECT multiIf((event_type = \'MergeParts\') AND (error = 0), \'merges_finished\', (event_type = \'MergeParts\') AND (error != 0), \'merges_failed\', (event_type = \'MutatePart\') AND (error = 0), \'mutate_part_finished\', (event_type = \'MutatePart\') AND (error != 0), \'mutate_part_failed\', NULL
2026-08-01 18:48:32	28	3168	594550	123	SELECT CAST(\'0fc3eaab-fbcb-4533-8825-9be9faaea781\', \'UUID\') AS instance_id, CAST(\'c-boneaws-al-46-server-j62zx3k-0\', \'LowCardinality(String)\') AS node_id, CAST(name, \'LowCardinality(String)\') AS metric, CAST(mapFilter((k, v) -> has(_CAST([\'remote\'], \'Array(String)\'), k), labels), \'Map(LowCardinality
2026-08-01 18:48:32	3	123	1731	1	SELECT countIf(database = \'system\') as systemParts, countIf(database != \'system\') as nonSystemParts FROM system.parts where active
2026-08-01 18:48:32	2	0	0	1	SELECT countIf(database = \'system\') as systemMerges, countIf(database != \'system\') as nonSystemMerges FROM system.merges
2026-08-01 18:48:32	59	243	77585	120	SELECT CAST(\'0fc3eaab-fbcb-4533-8825-9be9faaea781\', \'UUID\') AS control_plane_id, CAST(\'c-boneaws-al-46-server-j62zx3k-0\', \'LowCardinality(String)\') AS pod_id, CAST(now64(), \'DateTime64(6)\') AS scrape_ts_microseconds, CAST(event_date, \'Date\') AS event_date, CAST(event_time, \'DateTime\') AS event_time,
2026-08-01 18:48:32	149	813	223441	18	WITH parts_agg AS (SELECT database AS agg_database, `table` AS agg_table, SUM(primary_key_size) AS primary_index_size, SUM(secondary_indices_compressed_bytes) AS secondary_index_size FROM system.parts WHERE active AND (database != \'system\') GROUP BY database, `table`), proj_agg AS (SELECT database A
2026-08-01 18:48:34	2	6	2128	6	             SELECT                 name,                 toJSONString(labels) as labels_serialized,                 value,                 help,                 type             FROM (                 SELECT   concat(\'clickhouse_\', system.dimensional_metrics.metric) AS name,   toFloat64(system.dime
2026-08-01 18:48:34	3	15	1013	15	             SELECT                 name,                 toJSONString(labels) as labels_serialized,                 value,                 help,                 type             FROM (                 SELECT     \'ClickHouse_MetricsCollection_CustomMetricsSystemTable\' AS name,     toFloat64(1) AS va
2026-08-01 18:48:39	2	0	0	1	             SELECT                 name,                 toJSONString(labels) as labels_serialized,                 value,                 help,                 type             FROM (                 SELECT   \'ClickHouse_CustomMetric_TotalMemoryUsedByMerges\' AS name,   toFloat64(SUM(memory_usage))
2026-08-01 18:48:39	3	15	1013	15	             SELECT                 name,                 toJSONString(labels) as labels_serialized,                 value,                 help,                 type             FROM (                 SELECT     \'ClickHouse_MetricsCollection_CustomMetricsSystemTable\' AS name,     toFloat64(1) AS va
2026-08-01 18:48:39	3	6	213	0	             SELECT                 name,                 toJSONString(labels) as labels_serialized,                 value,                 help,                 type             FROM (                 SELECT   \'ClickHouse_CustomMetric_DatabaseReplicatedRecoveryTime\' as name,   toFloat64(recovery_ti
2026-08-01 18:48:40	7	143	34998	143	SELECT             name,             value,             help,             JSONExtract(labels_serialized, \'Map(String, String)\') as labels,             type         FROM merge(system, \'^_custom_metrics_dictionary_.*\')         FORMAT Prometheus
2026-08-01 18:48:42	17	273	3822	1	SELECT avg(ProfileEvent_OSCPUWaitMicroseconds) as cpu_wait FROM  system.metric_log  WHERE event_time > now() - INTERVAL 2 MINUTE AND event_date >= yesterday()
2026-08-01 18:48:42	4	4	21469	2	SELECT count() as count, sum(elapsed) as total_elapsed, \'lh\' as usr FROM system.processes  WHERE user = \'observability-internal\' AND client_hostname LIKE \'loghouse-scraper%\'  UNION ALL SELECT count() as count, sum(elapsed) as total_elapsed, \'other\' as usr FROM system.processes  WHERE user != \'observ
2026-08-01 18:48:42	2	886	368083	1	SELECT value FROM system.asynchronous_metrics WHERE metric = \'OSMemoryAvailable\' ;
2026-08-01 18:48:42	4	2	10882	1	SELECT count() FROM system.processes WHERE (initial_user NOT IN _CAST([\'backups-internal\', \'management-internal\', \'monitoring-internal\', \'observability-internal\', \'operator-internal\', \'prometheus-exporter\', \'prometheus-internal\', \'operator-cert-internal\', \'availability-monitoring-internal\', \'\'], \'Ar
2026-08-01 18:48:42	3	125	1761	1	SELECT countIf(database = \'system\') as systemParts, countIf(database != \'system\') as nonSystemParts FROM system.parts where active
2026-08-01 18:48:42	2	0	0	1	SELECT countIf(database = \'system\') as systemMerges, countIf(database != \'system\') as nonSystemMerges FROM system.merges
2026-08-01 18:48:43	4206	101412	6916276	1	 WITH toDateTime(\'2026-07-26 00:00:00\', \'UTC\') AS t0, toDateTime(\'2026-07-26 23:59:00\', \'UTC\') AS t1 SELECT max(c) AS peak, toString(argMax(minute, c)) AS peak_minute, round(avg(c), 4) AS avg_c FROM (     SELECT minute, sum(d) OVER (ORDER BY minute) AS c     FROM (         SELECT minute, sum(delta) 
2026-08-01 18:48:49	3	59	472	1	             SELECT                 name,                 toJSONString(labels) as labels_serialized,                 value,                 help,                 type             FROM (                 SELECT   \'ClickHouse_CustomMetric_TotalMemoryUsedByDataSkippingIndices\' AS name,   toFloat64(SUM(d
2026-08-01 18:48:49	3	13	6340	1	             SELECT                 name,                 toJSONString(labels) as labels_serialized,                 value,                 help,                 type             FROM (                 SELECT   \'ClickHouse_CustomMetric_TotalMemoryUsedByDictionaries\' AS name,   toFloat64(SUM(bytes_al
2026-08-01 18:48:49	3	6	213	0	             SELECT                 name,                 toJSONString(labels) as labels_serialized,                 value,                 help,                 type             FROM (                 SELECT   \'ClickHouse_CustomMetric_SharedCatalogRecoveryTime\' as name,   toFloat64(recovery_time) a
2026-08-01 18:48:50	7	145	35586	145	SELECT             name,             value,             help,             JSONExtract(labels_serialized, \'Map(String, String)\') as labels,             type         FROM merge(system, \'^_custom_metrics_dictionary_.*\')         FORMAT Prometheus
2026-08-01 18:48:52	23	38587	3279347	1	 WITH toDateTime(\'2026-07-26 00:00:00\', \'UTC\') AS t0,      (SELECT max(hour_boundary) FROM sony.concurrency_hourly_checkpoint        WHERE hour_boundary <= t0 ) AS anchor SELECT     toString(ifNull(anchor, toDateTime(0, \'UTC\'))) AS anchor_ts,     ifNull((SELECT sum(concurrency) FROM sony.concurrency
2026-08-01 18:48:52	30	100075	6905580	1	 WITH toDateTime(\'2026-07-26 00:00:00\', \'UTC\') AS t0 SELECT max(c) AS peak, toString(argMax(minute, c)) AS peak_minute, round(avg(c), 4) AS avg_c FROM (     SELECT minute, 1 + sum(d) OVER (ORDER BY minute) AS c     FROM (         SELECT minute, sum(delta) AS d         FROM sony.concurrency_delta_all
2026-08-01 18:48:52	3	2	12834	1	SELECT count() FROM system.processes WHERE (initial_user NOT IN _CAST([\'backups-internal\', \'management-internal\', \'monitoring-internal\', \'observability-internal\', \'operator-internal\', \'prometheus-exporter\', \'prometheus-internal\', \'operator-cert-internal\', \'availability-monitoring-internal\', \'\'], \'Ar
2026-08-01 18:48:52	28	3170	594797	123	SELECT CAST(\'0fc3eaab-fbcb-4533-8825-9be9faaea781\', \'UUID\') AS instance_id, CAST(\'c-boneaws-al-46-server-j62zx3k-0\', \'LowCardinality(String)\') AS node_id, CAST(name, \'LowCardinality(String)\') AS metric, CAST(mapFilter((k, v) -> has(_CAST([\'remote\'], \'Array(String)\'), k), labels), \'Map(LowCardinality
2026-08-01 18:48:52	3	123	1731	1	SELECT countIf(database = \'system\') as systemParts, countIf(database != \'system\') as nonSystemParts FROM system.parts where active
2026-08-01 18:48:52	2	0	0	1	SELECT countIf(database = \'system\') as systemMerges, countIf(database != \'system\') as nonSystemMerges FROM system.merges
2026-08-01 18:48:54	7	145	35586	145	SELECT             name,             value,             help,             JSONExtract(labels_serialized, \'Map(String, String)\') as labels,             type         FROM merge(system, \'^_custom_metrics_dictionary_.*\')         FORMAT Prometheus
2026-08-01 18:48:59	2	6	2128	6	             SELECT                 name,                 toJSONString(labels) as labels_serialized,                 value,                 help,                 type             FROM (                 SELECT   concat(\'clickhouse_\', system.dimensional_metrics.metric) AS name,   toFloat64(system.dime
2026-08-01 18:48:59	3	14	9020	0	             SELECT                 name,                 toJSONString(labels) as labels_serialized,                 value,                 help,                 type             FROM (                 SELECT   \'clickhouse_table_replica_readonly_start_timestamp_seconds\' as name,   toFloat64(toUnixTi
2026-08-01 18:49:02	3	1	5438	1	SELECT count() FROM system.processes WHERE (initial_user NOT IN _CAST([\'backups-internal\', \'management-internal\', \'monitoring-internal\', \'observability-internal\', \'operator-internal\', \'prometheus-exporter\', \'prometheus-internal\', \'operator-cert-internal\', \'availability-monitoring-internal\', \'\'], \'Ar
2026-08-01 18:49:02	3	123	1731	1	SELECT countIf(database = \'system\') as systemParts, countIf(database != \'system\') as nonSystemParts FROM system.parts where active
2026-08-01 18:49:02	2	0	0	1	SELECT countIf(database = \'system\') as systemMerges, countIf(database != \'system\') as nonSystemMerges FROM system.merges
2026-08-01 18:49:04	3	1	5022	1	             SELECT                 name,                 toJSONString(labels) as labels_serialized,                 value,                 help,                 type             FROM (                 SELECT   \'ClickHouse_CustomMetric_TotalMemoryUsedByQueries\' AS name,   toFloat64(SUM(peak_memory_u
2026-08-01 18:49:09	2	0	0	1	             SELECT                 name,                 toJSONString(labels) as labels_serialized,                 value,                 help,                 type             FROM (                 SELECT   \'ClickHouse_CustomMetric_TotalMemoryUsedByAsynchronousInserts\' AS name,   toFloat64(SUM(t
2026-08-01 18:49:09	2	0	0	0	             SELECT                 name,                 toJSONString(labels) as labels_serialized,                 value,                 help,                 type             FROM (                 SELECT   \'ClickHouse_CustomMetric_FailedMutations\' as name,   toFloat64(count()) as value,   \'The 
2026-08-01 18:49:10	6	145	35586	145	SELECT             name,             value,             help,             JSONExtract(labels_serialized, \'Map(String, String)\') as labels,             type         FROM merge(system, \'^_custom_metrics_dictionary_.*\')         FORMAT Prometheus
2026-08-01 18:49:12	16	122	1708	1	SELECT avg(ProfileEvent_OSCPUWaitMicroseconds) as cpu_wait FROM  system.metric_log  WHERE event_time > now() - INTERVAL 2 MINUTE AND event_date >= yesterday()
2026-08-01 18:49:12	4	2	10208	2	SELECT count() as count, sum(elapsed) as total_elapsed, \'lh\' as usr FROM system.processes  WHERE user = \'observability-internal\' AND client_hostname LIKE \'loghouse-scraper%\'  UNION ALL SELECT count() as count, sum(elapsed) as total_elapsed, \'other\' as usr FROM system.processes  WHERE user != \'observ
2026-08-01 18:49:12	2	886	368083	1	SELECT value FROM system.asynchronous_metrics WHERE metric = \'OSMemoryAvailable\' ;
2026-08-01 18:49:12	2	443	56078	1	SELECT count(*) FROM system.settings_profile_elements
2026-08-01 18:49:12	3	2	12834	1	SELECT count() FROM system.processes WHERE (initial_user NOT IN _CAST([\'backups-internal\', \'management-internal\', \'monitoring-internal\', \'observability-internal\', \'operator-internal\', \'prometheus-exporter\', \'prometheus-internal\', \'operator-cert-internal\', \'availability-monitoring-internal\', \'\'], \'Ar
2026-08-01 18:49:12	29	3170	594797	123	SELECT CAST(\'0fc3eaab-fbcb-4533-8825-9be9faaea781\', \'UUID\') AS instance_id, CAST(\'c-boneaws-al-46-server-j62zx3k-0\', \'LowCardinality(String)\') AS node_id, CAST(name, \'LowCardinality(String)\') AS metric, CAST(mapFilter((k, v) -> has(_CAST([\'remote\'], \'Array(String)\'), k), labels), \'Map(LowCardinality
2026-08-01 18:49:12	3	124	1746	1	SELECT countIf(database = \'system\') as systemParts, countIf(database != \'system\') as nonSystemParts FROM system.parts where active
2026-08-01 18:49:12	2	0	0	1	SELECT countIf(database = \'system\') as systemMerges, countIf(database != \'system\') as nonSystemMerges FROM system.merges
2026-08-01 18:49:14	2	0	0	1	             SELECT                 name,                 toJSONString(labels) as labels_serialized,                 value,                 help,                 type             FROM (                 SELECT   \'ClickHouse_CustomMetric_TotalMemoryUsedByMerges\' AS name,   toFloat64(SUM(memory_usage))
2026-08-01 18:49:19	3	15	1013	15	             SELECT                 name,                 toJSONString(labels) as labels_serialized,                 value,                 help,                 type             FROM (                 SELECT     \'ClickHouse_MetricsCollection_CustomMetricsSystemTable\' AS name,     toFloat64(1) AS va
2026-08-01 18:49:19	4	6	213	0	             SELECT                 name,                 toJSONString(labels) as labels_serialized,                 value,                 help,                 type             FROM (                 SELECT   \'ClickHouse_CustomMetric_DatabaseReplicatedRecoveryTime\' as name,   toFloat64(recovery_ti
2026-08-01 18:49:20	4092	96249	6874972	1	 WITH toDateTime(\'2026-07-26 10:00:00\', \'UTC\') AS t0, toDateTime(\'2026-07-26 11:00:00\', \'UTC\') AS t1 SELECT max(c) AS peak, toString(argMax(minute, c)) AS peak_minute, round(avg(c), 4) AS avg_c FROM (     SELECT minute, sum(d) OVER (ORDER BY minute) AS c     FROM (         SELECT minute, sum(delta) 
2026-08-01 18:49:20	7	145	35586	145	SELECT             name,             value,             help,             JSONExtract(labels_serialized, \'Map(String, String)\') as labels,             type         FROM merge(system, \'^_custom_metrics_dictionary_.*\')         FORMAT Prometheus
2026-08-01 18:49:22	3	1	5438	1	SELECT count() FROM system.processes WHERE (initial_user NOT IN _CAST([\'backups-internal\', \'management-internal\', \'monitoring-internal\', \'observability-internal\', \'operator-internal\', \'prometheus-exporter\', \'prometheus-internal\', \'operator-cert-internal\', \'availability-monitoring-internal\', \'\'], \'Ar
2026-08-01 18:49:22	3	123	1731	1	SELECT countIf(database = \'system\') as systemParts, countIf(database != \'system\') as nonSystemParts FROM system.parts where active
2026-08-01 18:49:22	2	0	0	1	SELECT countIf(database = \'system\') as systemMerges, countIf(database != \'system\') as nonSystemMerges FROM system.merges
2026-08-01 18:49:24	7	145	35586	145	SELECT             name,             value,             help,             JSONExtract(labels_serialized, \'Map(String, String)\') as labels,             type         FROM merge(system, \'^_custom_metrics_dictionary_.*\')         FORMAT Prometheus
2026-08-01 18:49:24	2	0	0	1	             SELECT                 name,                 toJSONString(labels) as labels_serialized,                 value,                 help,                 type             FROM (                 SELECT   \'ClickHouse_CustomMetric_TotalMemoryUsedByAsynchronousInserts\' AS name,   toFloat64(SUM(t
2026-08-01 18:49:24	3	2	6279	1	             SELECT                 name,                 toJSONString(labels) as labels_serialized,                 value,                 help,                 type             FROM (                 SELECT   \'ClickHouse_CustomMetric_TotalMemoryUsedByQueries\' AS name,   toFloat64(SUM(peak_memory_u
2026-08-01 18:49:25	38	93900	6856180	1	 WITH toDateTime(\'2026-07-26 10:00:00\', \'UTC\') AS t0 SELECT max(c) AS peak, toString(argMax(minute, c)) AS peak_minute, round(avg(c), 4) AS avg_c FROM (     SELECT minute, 54 + sum(d) OVER (ORDER BY minute) AS c     FROM (         SELECT minute, sum(delta) AS d         FROM sony.concurrency_delta_al
2026-08-01 18:49:25	23	38587	3279347	1	 WITH toDateTime(\'2026-07-26 10:00:00\', \'UTC\') AS t0,      (SELECT max(hour_boundary) FROM sony.concurrency_hourly_checkpoint        WHERE hour_boundary <= t0 ) AS anchor SELECT     toString(ifNull(anchor, toDateTime(0, \'UTC\'))) AS anchor_ts,     ifNull((SELECT sum(concurrency) FROM sony.concurrency
2026-08-01 18:49:25	29	93900	6856180	1	 WITH toDateTime(\'2026-07-26 10:00:00\', \'UTC\') AS t0 SELECT max(c) AS peak, toString(argMax(minute, c)) AS peak_minute, round(avg(c), 4) AS avg_c FROM (     SELECT minute, 54 + sum(d) OVER (ORDER BY minute) AS c     FROM (         SELECT minute, sum(delta) AS d         FROM sony.concurrency_delta_al
2026-08-01 18:49:29	4	6	213	0	             SELECT                 name,                 toJSONString(labels) as labels_serialized,                 value,                 help,                 type             FROM (                 SELECT   \'ClickHouse_CustomMetric_DatabaseReplicatedRecoveryTime\' as name,   toFloat64(recovery_ti
2026-08-01 18:49:32	3	2	12834	1	SELECT count() FROM system.processes WHERE (initial_user NOT IN _CAST([\'backups-internal\', \'management-internal\', \'monitoring-internal\', \'observability-internal\', \'operator-internal\', \'prometheus-exporter\', \'prometheus-internal\', \'operator-cert-internal\', \'availability-monitoring-internal\', \'\'], \'Ar
2026-08-01 18:49:32	28	3170	594797	123	SELECT CAST(\'0fc3eaab-fbcb-4533-8825-9be9faaea781\', \'UUID\') AS instance_id, CAST(\'c-boneaws-al-46-server-j62zx3k-0\', \'LowCardinality(String)\') AS node_id, CAST(name, \'LowCardinality(String)\') AS metric, CAST(mapFilter((k, v) -> has(_CAST([\'remote\'], \'Array(String)\'), k), labels), \'Map(LowCardinality
2026-08-01 18:49:32	3	121	1701	1	SELECT countIf(database = \'system\') as systemParts, countIf(database != \'system\') as nonSystemParts FROM system.parts where active
2026-08-01 18:49:32	2	1	1786	1	SELECT countIf(database = \'system\') as systemMerges, countIf(database != \'system\') as nonSystemMerges FROM system.merges
2026-08-01 18:49:34	2	6	2128	6	             SELECT                 name,                 toJSONString(labels) as labels_serialized,                 value,                 help,                 type             FROM (                 SELECT   concat(\'clickhouse_\', system.dimensional_metrics.metric) AS name,   toFloat64(system.dime
2026-08-01 18:49:34	2	0	0	1	             SELECT                 name,                 toJSONString(labels) as labels_serialized,                 value,                 help,                 type             FROM (                 SELECT   \'ClickHouse_CustomMetric_TotalMemoryUsedByMerges\' AS name,   toFloat64(SUM(memory_usage))
2026-08-01 18:49:34	3	15	1013	15	             SELECT                 name,                 toJSONString(labels) as labels_serialized,                 value,                 help,                 type             FROM (                 SELECT     \'ClickHouse_MetricsCollection_CustomMetricsSystemTable\' AS name,     toFloat64(1) AS va
2026-08-01 18:49:37	4	0	0	0	SELECT now64(6) as scrape_time_microseconds, \'j62zx3k\' AS pod_ident, \'boneaws-al-46\' AS spoken_name, \'cell-1\' AS cell, \'ap-south-1\' AS region, \'aws\' AS cloud_provider, \'?\' AS clickhouse_version, \'0fc3eaab-fbcb-4533-8825-9be9faaea781\' AS control_plane_id, \'?\' AS system_processor, * FROM system."files
2026-08-01 18:49:38	5	0	0	0	SELECT now64(6) as scrape_time_microseconds, \'j62zx3k\' AS pod_ident, \'boneaws-al-46\' AS spoken_name, \'cell-1\' AS cell, \'ap-south-1\' AS region, \'aws\' AS cloud_provider, \'?\' AS clickhouse_version, \'0fc3eaab-fbcb-4533-8825-9be9faaea781\' AS control_plane_id, \'?\' AS system_processor, * FROM system."query
2026-08-01 18:49:38	19	16922	3967702	8403	SELECT now64(6) as scrape_time_microseconds, \'j62zx3k\' AS pod_ident, \'boneaws-al-46\' AS spoken_name, \'cell-1\' AS cell, \'ap-south-1\' AS region, \'aws\' AS cloud_provider, \'?\' AS clickhouse_version, \'0fc3eaab-fbcb-4533-8825-9be9faaea781\' AS control_plane_id, \'?\' AS system_processor, * FROM system."proce
2026-08-01 18:49:39	3	0	0	0	SELECT now64(6) as scrape_time_microseconds, \'j62zx3k\' AS pod_ident, \'boneaws-al-46\' AS spoken_name, \'cell-1\' AS cell, \'ap-south-1\' AS region, \'aws\' AS cloud_provider, \'?\' AS clickhouse_version, \'0fc3eaab-fbcb-4533-8825-9be9faaea781\' AS control_plane_id, \'?\' AS system_processor, * FROM system."files
2026-08-01 18:49:39	22	27221	7131254	10947	SELECT now64(6) as scrape_time_microseconds, \'j62zx3k\' AS pod_ident, \'boneaws-al-46\' AS spoken_name, \'cell-1\' AS cell, \'ap-south-1\' AS region, \'aws\' AS cloud_provider, \'?\' AS clickhouse_version, \'0fc3eaab-fbcb-4533-8825-9be9faaea781\' AS control_plane_id, \'?\' AS system_processor, * FROM system."trace
2026-08-01 18:49:39	2	0	0	1	             SELECT                 name,                 toJSONString(labels) as labels_serialized,                 value,                 help,                 type             FROM (                 SELECT   \'ClickHouse_CustomMetric_TotalMemoryUsedByMerges\' AS name,   toFloat64(SUM(memory_usage))
2026-08-01 18:49:39	2	59	472	1	             SELECT                 name,                 toJSONString(labels) as labels_serialized,                 value,                 help,                 type             FROM (                 SELECT   \'ClickHouse_CustomMetric_TotalMemoryUsedByDataSkippingIndices\' AS name,   toFloat64(SUM(d
2026-08-01 18:49:39	2	0	0	0	             SELECT                 name,                 toJSONString(labels) as labels_serialized,                 value,                 help,                 type             FROM (                 SELECT   \'ClickHouse_CustomMetric_FailedMutations\' as name,   toFloat64(count()) as value,   \'The 
2026-08-01 18:49:39	3	6	213	0	             SELECT                 name,                 toJSONString(labels) as labels_serialized,                 value,                 help,                 type             FROM (                 SELECT   \'ClickHouse_CustomMetric_DatabaseReplicatedRecoveryTime\' as name,   toFloat64(recovery_ti
2026-08-01 18:49:40	4	0	0	0	SELECT now64(6) as scrape_time_microseconds, \'j62zx3k\' AS pod_ident, \'boneaws-al-46\' AS spoken_name, \'cell-1\' AS cell, \'ap-south-1\' AS region, \'aws\' AS cloud_provider, \'?\' AS clickhouse_version, \'0fc3eaab-fbcb-4533-8825-9be9faaea781\' AS control_plane_id, \'?\' AS system_processor, * FROM system."crash
2026-08-01 18:49:40	34	3801	6894678	1164	SELECT now64(6) as scrape_time_microseconds, \'j62zx3k\' AS pod_ident, \'boneaws-al-46\' AS spoken_name, \'cell-1\' AS cell, \'ap-south-1\' AS region, \'aws\' AS cloud_provider, \'?\' AS clickhouse_version, \'0fc3eaab-fbcb-4533-8825-9be9faaea781\' AS control_plane_id, \'?\' AS system_processor, * FROM system."query
2026-08-01 18:49:40	6	145	35586	145	SELECT             name,             value,             help,             JSONExtract(labels_serialized, \'Map(String, String)\') as labels,             type         FROM merge(system, \'^_custom_metrics_dictionary_.*\')         FORMAT Prometheus
2026-08-01 18:49:40	1	1	1	1	SELECT version() FORMAT TabSeparated 
2026-08-01 18:49:41	3	0	0	0	SELECT now64(6) as scrape_time_microseconds, \'j62zx3k\' AS pod_ident, \'boneaws-al-46\' AS spoken_name, \'cell-1\' AS cell, \'ap-south-1\' AS region, \'aws\' AS cloud_provider, \'?\' AS clickhouse_version, \'0fc3eaab-fbcb-4533-8825-9be9faaea781\' AS control_plane_id, \'?\' AS system_processor, * FROM system."click
2026-08-01 18:49:41	187	791	2179544	139	SELECT now64(6) as scrape_time_microseconds, \'j62zx3k\' AS pod_ident, \'boneaws-al-46\' AS spoken_name, \'cell-1\' AS cell, \'ap-south-1\' AS region, \'aws\' AS cloud_provider, \'?\' AS clickhouse_version, \'0fc3eaab-fbcb-4533-8825-9be9faaea781\' AS control_plane_id, \'?\' AS system_processor, * FROM system."metri
2026-08-01 18:49:42	4	0	0	0	SELECT now64(6) as scrape_time_microseconds, \'j62zx3k\' AS pod_ident, \'boneaws-al-46\' AS spoken_name, \'cell-1\' AS cell, \'ap-south-1\' AS region, \'aws\' AS cloud_provider, \'?\' AS clickhouse_version, \'0fc3eaab-fbcb-4533-8825-9be9faaea781\' AS control_plane_id, \'?\' AS system_processor, * FROM system."backu
2026-08-01 18:49:42	1	1	1	1	SELECT version() FORMAT TabSeparated 
2026-08-01 18:49:42	14	152	2128	1	SELECT avg(ProfileEvent_OSCPUWaitMicroseconds) as cpu_wait FROM  system.metric_log  WHERE event_time > now() - INTERVAL 2 MINUTE AND event_date >= yesterday()
2026-08-01 18:49:42	5	2	10208	2	SELECT count() as count, sum(elapsed) as total_elapsed, \'lh\' as usr FROM system.processes  WHERE user = \'observability-internal\' AND client_hostname LIKE \'loghouse-scraper%\'  UNION ALL SELECT count() as count, sum(elapsed) as total_elapsed, \'other\' as usr FROM system.processes  WHERE user != \'observ
2026-08-01 18:49:42	2	886	368083	1	SELECT value FROM system.asynchronous_metrics WHERE metric = \'OSMemoryAvailable\' ;
2026-08-01 18:49:42	3	1	5438	1	SELECT count() FROM system.processes WHERE (initial_user NOT IN _CAST([\'backups-internal\', \'management-internal\', \'monitoring-internal\', \'observability-internal\', \'operator-internal\', \'prometheus-exporter\', \'prometheus-internal\', \'operator-cert-internal\', \'availability-monitoring-internal\', \'\'], \'Ar
2026-08-01 18:49:42	3	117	1639	1	SELECT countIf(database = \'system\') as systemParts, countIf(database != \'system\') as nonSystemParts FROM system.parts where active
2026-08-01 18:49:42	2	0	0	1	SELECT countIf(database = \'system\') as systemMerges, countIf(database != \'system\') as nonSystemMerges FROM system.merges
2026-08-01 18:49:44	4	0	0	0	SELECT now64(6) as scrape_time_microseconds, \'j62zx3k\' AS pod_ident, \'boneaws-al-46\' AS spoken_name, \'cell-1\' AS cell, \'ap-south-1\' AS region, \'aws\' AS cloud_provider, \'?\' AS clickhouse_version, \'0fc3eaab-fbcb-4533-8825-9be9faaea781\' AS control_plane_id, \'?\' AS system_processor, * FROM system."async
2026-08-01 18:49:44	2	6	2128	6	             SELECT                 name,                 toJSONString(labels) as labels_serialized,                 value,                 help,                 type             FROM (                 SELECT   concat(\'clickhouse_\', system.dimensional_metrics.metric) AS name,   toFloat64(system.dime
2026-08-01 18:49:44	2	13	6340	1	             SELECT                 name,                 toJSONString(labels) as labels_serialized,                 value,                 help,                 type             FROM (                 SELECT   \'ClickHouse_CustomMetric_TotalMemoryUsedByDictionaries\' AS name,   toFloat64(SUM(bytes_al
2026-08-01 18:49:44	3	14	9020	0	             SELECT                 name,                 toJSONString(labels) as labels_serialized,                 value,                 help,                 type             FROM (                 SELECT   \'clickhouse_table_replica_readonly_start_timestamp_seconds\' as name,   toFloat64(toUnixTi
2026-08-01 18:49:44	3	6	213	0	             SELECT                 name,                 toJSONString(labels) as labels_serialized,                 value,                 help,                 type             FROM (                 SELECT   \'ClickHouse_CustomMetric_SharedCatalogRecoveryTime\' as name,   toFloat64(recovery_time) a
2026-08-01 18:49:45	5	84	29849	18	SELECT now64(6) as scrape_time_microseconds, \'j62zx3k\' AS pod_ident, \'boneaws-al-46\' AS spoken_name, \'cell-1\' AS cell, \'ap-south-1\' AS region, \'aws\' AS cloud_provider, \'?\' AS clickhouse_version, \'0fc3eaab-fbcb-4533-8825-9be9faaea781\' AS control_plane_id, \'?\' AS system_processor, * FROM system."error
2026-08-01 18:49:45	11	11163	3293175	1012	SELECT now64(6) as scrape_time_microseconds, \'j62zx3k\' AS pod_ident, \'boneaws-al-46\' AS spoken_name, \'cell-1\' AS cell, \'ap-south-1\' AS region, \'aws\' AS cloud_provider, \'?\' AS clickhouse_version, \'0fc3eaab-fbcb-4533-8825-9be9faaea781\' AS control_plane_id, \'?\' AS system_processor, * FROM system."blob_
2026-08-01 18:49:45	16	8096	4327424	420	SELECT now64(6) as scrape_time_microseconds, \'j62zx3k\' AS pod_ident, \'boneaws-al-46\' AS spoken_name, \'cell-1\' AS cell, \'ap-south-1\' AS region, \'aws\' AS cloud_provider, \'?\' AS clickhouse_version, \'0fc3eaab-fbcb-4533-8825-9be9faaea781\' AS control_plane_id, \'?\' AS system_processor, * FROM system."part_
2026-08-01 18:49:45	79	886433	14222601	105103	SELECT now64(6) as scrape_time_microseconds, \'j62zx3k\' AS pod_ident, \'boneaws-al-46\' AS spoken_name, \'cell-1\' AS cell, \'ap-south-1\' AS region, \'aws\' AS cloud_provider, \'?\' AS clickhouse_version, \'0fc3eaab-fbcb-4533-8825-9be9faaea781\' AS control_plane_id, \'?\' AS system_processor, * FROM system."async
2026-08-01 18:49:46	4	0	0	0	SELECT now64(6) as scrape_time_microseconds, \'j62zx3k\' AS pod_ident, \'boneaws-al-46\' AS spoken_name, \'cell-1\' AS cell, \'ap-south-1\' AS region, \'aws\' AS cloud_provider, \'?\' AS clickhouse_version, \'0fc3eaab-fbcb-4533-8825-9be9faaea781\' AS control_plane_id, \'?\' AS system_processor, * FROM system."zooke
2026-08-01 18:49:46	24	37531	8397899	25884	SELECT now64(6) as scrape_time_microseconds, \'j62zx3k\' AS pod_ident, \'boneaws-al-46\' AS spoken_name, \'cell-1\' AS cell, \'ap-south-1\' AS region, \'aws\' AS cloud_provider, \'?\' AS clickhouse_version, \'0fc3eaab-fbcb-4533-8825-9be9faaea781\' AS control_plane_id, \'?\' AS system_processor, * FROM system."text_
2026-08-01 18:49:47	3	0	0	0	SELECT now64(6) as scrape_time_microseconds, \'j62zx3k\' AS pod_ident, \'boneaws-al-46\' AS spoken_name, \'cell-1\' AS cell, \'ap-south-1\' AS region, \'aws\' AS cloud_provider, \'?\' AS clickhouse_version, \'0fc3eaab-fbcb-4533-8825-9be9faaea781\' AS control_plane_id, \'?\' AS system_processor, * FROM system."s3que
2026-08-01 18:49:48	84	0	0	0	SELECT now64(6) as scrape_time_microseconds, \'j62zx3k\' AS pod_ident, \'boneaws-al-46\' AS spoken_name, \'cell-1\' AS cell, \'ap-south-1\' AS region, \'aws\' AS cloud_provider, \'?\' AS clickhouse_version, \'0fc3eaab-fbcb-4533-8825-9be9faaea781\' AS control_plane_id, \'?\' AS system_processor, * FROM system."query
2026-08-01 18:49:49	3	13	6340	1	             SELECT                 name,                 toJSONString(labels) as labels_serialized,                 value,                 help,                 type             FROM (                 SELECT   \'ClickHouse_CustomMetric_TotalMemoryUsedByDictionaries\' AS name,   toFloat64(SUM(bytes_al
2026-08-01 18:49:50	7	145	35593	145	SELECT             name,             value,             help,             JSONExtract(labels_serialized, \'Map(String, String)\') as labels,             type         FROM merge(system, \'^_custom_metrics_dictionary_.*\')         FORMAT Prometheus
2026-08-01 18:49:51	2	0	8	1	SELECT count() FROM system.backups where status IN (0,3)
2026-08-01 18:49:51	13	1	5472	1	SELECT count() FROM system.processes WHERE (elapsed > _CAST(0, \'Int64\')) AND (initial_user NOT IN _CAST([\'backups-internal\', \'management-internal\', \'monitoring-internal\', \'observability-internal\', \'operator-internal\', \'prometheus-exporter\', \'prometheus-internal\', \'operator-cert-internal\', \'availabil
2026-08-01 18:49:52	3	2	12834	1	SELECT count() FROM system.processes WHERE (initial_user NOT IN _CAST([\'backups-internal\', \'management-internal\', \'monitoring-internal\', \'observability-internal\', \'operator-internal\', \'prometheus-exporter\', \'prometheus-internal\', \'operator-cert-internal\', \'availability-monitoring-internal\', \'\'], \'Ar
2026-08-01 18:49:52	2	119	1669	1	SELECT countIf(database = \'system\') as systemParts, countIf(database != \'system\') as nonSystemParts FROM system.parts where active
2026-08-01 18:49:52	28	3170	594804	123	SELECT CAST(\'0fc3eaab-fbcb-4533-8825-9be9faaea781\', \'UUID\') AS instance_id, CAST(\'c-boneaws-al-46-server-j62zx3k-0\', \'LowCardinality(String)\') AS node_id, CAST(name, \'LowCardinality(String)\') AS metric, CAST(mapFilter((k, v) -> has(_CAST([\'remote\'], \'Array(String)\'), k), labels), \'Map(LowCardinality
2026-08-01 18:49:52	1	0	0	1	SELECT countIf(database = \'system\') as systemMerges, countIf(database != \'system\') as nonSystemMerges FROM system.merges
2026-08-01 18:49:53	4	0	0	0	SELECT now64(6) as scrape_time_microseconds, \'j62zx3k\' AS pod_ident, \'boneaws-al-46\' AS spoken_name, \'cell-1\' AS cell, \'ap-south-1\' AS region, \'aws\' AS cloud_provider, \'?\' AS clickhouse_version, \'0fc3eaab-fbcb-4533-8825-9be9faaea781\' AS control_plane_id, \'?\' AS system_processor, * FROM system."aggre
2026-08-01 18:49:54	5	0	0	0	SELECT now64(6) as scrape_time_microseconds, \'j62zx3k\' AS pod_ident, \'boneaws-al-46\' AS spoken_name, \'cell-1\' AS cell, \'ap-south-1\' AS region, \'aws\' AS cloud_provider, \'?\' AS clickhouse_version, \'0fc3eaab-fbcb-4533-8825-9be9faaea781\' AS control_plane_id, \'?\' AS system_processor, * FROM system."query
2026-08-01 18:49:54	6	145	35593	145	SELECT             name,             value,             help,             JSONExtract(labels_serialized, \'Map(String, String)\') as labels,             type         FROM merge(system, \'^_custom_metrics_dictionary_.*\')         FORMAT Prometheus
2026-08-01 18:49:54	3	59	472	1	             SELECT                 name,                 toJSONString(labels) as labels_serialized,                 value,                 help,                 type             FROM (                 SELECT   \'ClickHouse_CustomMetric_TotalMemoryUsedByDataSkippingIndices\' AS name,   toFloat64(SUM(d
2026-08-01 18:49:59	3	0	0	0	             SELECT                 name,                 toJSONString(labels) as labels_serialized,                 value,                 help,                 type             FROM (                 SELECT   \'ClickHouse_CustomMetric_FailedMutations\' as name,   toFloat64(count()) as value,   \'The 
2026-08-01 18:50:02	4	1	5438	1	SELECT count() FROM system.processes WHERE (initial_user NOT IN _CAST([\'backups-internal\', \'management-internal\', \'monitoring-internal\', \'observability-internal\', \'operator-internal\', \'prometheus-exporter\', \'prometheus-internal\', \'operator-cert-internal\', \'availability-monitoring-internal\', \'\'], \'Ar
2026-08-01 18:50:02	2	124	1744	1	SELECT countIf(database = \'system\') as systemParts, countIf(database != \'system\') as nonSystemParts FROM system.parts where active
2026-08-01 18:50:02	2	0	0	1	SELECT countIf(database = \'system\') as systemMerges, countIf(database != \'system\') as nonSystemMerges FROM system.merges
2026-08-01 18:50:04	2	0	0	1	             SELECT                 name,                 toJSONString(labels) as labels_serialized,                 value,                 help,                 type             FROM (                 SELECT   \'ClickHouse_CustomMetric_TotalMemoryUsedByAsynchronousInserts\' AS name,   toFloat64(SUM(t
2026-08-01 18:50:09	9	1352	855866	343	SELECT now64(6) as scrape_time_microseconds, \'j62zx3k\' AS pod_ident, \'boneaws-al-46\' AS spoken_name, \'cell-1\' AS cell, \'ap-south-1\' AS region, \'aws\' AS cloud_provider, \'?\' AS clickhouse_version, \'0fc3eaab-fbcb-4533-8825-9be9faaea781\' AS control_plane_id, \'?\' AS system_processor, * FROM system."sessi
2026-08-01 18:50:09	2	0	0	1	             SELECT                 name,                 toJSONString(labels) as labels_serialized,                 value,                 help,                 type             FROM (                 SELECT   \'ClickHouse_CustomMetric_TotalMemoryUsedByMerges\' AS name,   toFloat64(SUM(memory_usage))
2026-08-01 18:50:09	3	2	6215	1	             SELECT                 name,                 toJSONString(labels) as labels_serialized,                 value,                 help,                 type             FROM (                 SELECT   \'ClickHouse_CustomMetric_TotalMemoryUsedByQueries\' AS name,   toFloat64(SUM(peak_memory_u
2026-08-01 18:50:10	6	145	35593	145	SELECT             name,             value,             help,             JSONExtract(labels_serialized, \'Map(String, String)\') as labels,             type         FROM merge(system, \'^_custom_metrics_dictionary_.*\')         FORMAT Prometheus
2026-08-01 18:50:12	15	182	2548	1	SELECT avg(ProfileEvent_OSCPUWaitMicroseconds) as cpu_wait FROM  system.metric_log  WHERE event_time > now() - INTERVAL 2 MINUTE AND event_date >= yesterday()
2026-08-01 18:50:12	5	2	10208	2	SELECT count() as count, sum(elapsed) as total_elapsed, \'lh\' as usr FROM system.processes  WHERE user = \'observability-internal\' AND client_hostname LIKE \'loghouse-scraper%\'  UNION ALL SELECT count() as count, sum(elapsed) as total_elapsed, \'other\' as usr FROM system.processes  WHERE user != \'observ
2026-08-01 18:50:12	2	886	368083	1	SELECT value FROM system.asynchronous_metrics WHERE metric = \'OSMemoryAvailable\' ;
2026-08-01 18:50:12	3	2	12912	1	SELECT count() FROM system.processes WHERE (initial_user NOT IN _CAST([\'backups-internal\', \'management-internal\', \'monitoring-internal\', \'observability-internal\', \'operator-internal\', \'prometheus-exporter\', \'prometheus-internal\', \'operator-cert-internal\', \'availability-monitoring-internal\', \'\'], \'Ar
2026-08-01 18:50:12	2	120	1684	1	SELECT countIf(database = \'system\') as systemParts, countIf(database != \'system\') as nonSystemParts FROM system.parts where active
2026-08-01 18:50:12	30	3170	594804	123	SELECT CAST(\'0fc3eaab-fbcb-4533-8825-9be9faaea781\', \'UUID\') AS instance_id, CAST(\'c-boneaws-al-46-server-j62zx3k-0\', \'LowCardinality(String)\') AS node_id, CAST(name, \'LowCardinality(String)\') AS metric, CAST(mapFilter((k, v) -> has(_CAST([\'remote\'], \'Array(String)\'), k), labels), \'Map(LowCardinality
2026-08-01 18:50:12	2	0	0	1	SELECT countIf(database = \'system\') as systemMerges, countIf(database != \'system\') as nonSystemMerges FROM system.merges
2026-08-01 18:50:14	3	13	6340	1	             SELECT                 name,                 toJSONString(labels) as labels_serialized,                 value,                 help,                 type             FROM (                 SELECT   \'ClickHouse_CustomMetric_TotalMemoryUsedByDictionaries\' AS name,   toFloat64(SUM(bytes_al
2026-08-01 18:50:20	7	145	35593	145	SELECT             name,             value,             help,             JSONExtract(labels_serialized, \'Map(String, String)\') as labels,             type         FROM merge(system, \'^_custom_metrics_dictionary_.*\')         FORMAT Prometheus
2026-08-01 18:50:22	3	1	5438	1	SELECT count() FROM system.processes WHERE (initial_user NOT IN _CAST([\'backups-internal\', \'management-internal\', \'monitoring-internal\', \'observability-internal\', \'operator-internal\', \'prometheus-exporter\', \'prometheus-internal\', \'operator-cert-internal\', \'availability-monitoring-internal\', \'\'], \'Ar
2026-08-01 18:50:22	3	118	1654	1	SELECT countIf(database = \'system\') as systemParts, countIf(database != \'system\') as nonSystemParts FROM system.parts where active
2026-08-01 18:50:22	2	0	0	1	SELECT countIf(database = \'system\') as systemMerges, countIf(database != \'system\') as nonSystemMerges FROM system.merges
2026-08-01 18:50:24	7	145	35593	145	SELECT             name,             value,             help,             JSONExtract(labels_serialized, \'Map(String, String)\') as labels,             type         FROM merge(system, \'^_custom_metrics_dictionary_.*\')         FORMAT Prometheus
2026-08-01 18:50:24	2	6	2128	6	             SELECT                 name,                 toJSONString(labels) as labels_serialized,                 value,                 help,                 type             FROM (                 SELECT   concat(\'clickhouse_\', system.dimensional_metrics.metric) AS name,   toFloat64(system.dime
2026-08-01 18:50:24	3	6	213	0	             SELECT                 name,                 toJSONString(labels) as labels_serialized,                 value,                 help,                 type             FROM (                 SELECT   \'ClickHouse_CustomMetric_SharedCatalogRecoveryTime\' as name,   toFloat64(recovery_time) a
2026-08-01 18:50:32	5	378	114440	5	WITH metrics AS (SELECT name AS metric, toFloat64(value) AS val, now() AS ts FROM system.server_settings WHERE multiMatchAny(name, _CAST([\'^max_database_num_to_throw$\', \'^max_database_num_to_warn$\', \'^max_table_num_to_throw$\', \'^max_table_num_to_warn$\', \'^max_concurrent_queries$\'], \'Array(String)\'))
2026-08-01 18:50:32	6	0	0	0	WITH source AS (SELECT [\'matview_execution_total\', if(exception_code != 0, \'matview_execution_fail\', \'\')] AS metrics, event_time AS ts FROM system.query_views_log WHERE (status != \'QueryStart\') AND (event_date >= toDate(_CAST(\'1785610077.833\', \'DateTime64\'))) AND (event_time >= toDateTime(_CAST(\'178
2026-08-01 18:50:32	10	81920	1230955	1560	SELECT CAST(\'0fc3eaab-fbcb-4533-8825-9be9faaea781\', \'UUID\') AS control_plane_id, CAST(\'c-boneaws-al-46-server-j62zx3k-0\', \'LowCardinality(String)\') AS pod_id, CAST(now64(), \'DateTime64(6)\') AS scrape_ts_microseconds, CAST(event_date, \'Date\') AS event_date, CAST(event_time, \'DateTime\') AS event_time,
2026-08-01 18:50:32	11	0	0	1	WITH failed_mutations AS (SELECT toDateTime(create_time) AS ts, count() AS val FROM system.mutations WHERE (ts > toDateTime(_CAST(\'1785610077.833\', \'DateTime64\'))) AND (ts <= toDateTime(_CAST(\'1785610197.833\', \'DateTime64\'))) AND (latest_failed_part != \'\') AND (is_done = 0) GROUP BY ts), failed_muta
2026-08-01 18:50:32	10	8329	124921	14	WITH metrics AS (SELECT multiIf((event_type = \'MergeParts\') AND (error = 0), \'merges_finished\', (event_type = \'MergeParts\') AND (error != 0), \'merges_failed\', (event_type = \'MutatePart\') AND (error = 0), \'mutate_part_finished\', (event_type = \'MutatePart\') AND (error != 0), \'mutate_part_failed\', NULL
2026-08-01 18:50:32	3	5	32039	1	SELECT count() FROM system.processes WHERE (initial_user NOT IN _CAST([\'backups-internal\', \'management-internal\', \'monitoring-internal\', \'observability-internal\', \'operator-internal\', \'prometheus-exporter\', \'prometheus-internal\', \'operator-cert-internal\', \'availability-monitoring-internal\', \'\'], \'Ar
2026-08-01 18:50:32	26	3159	593168	123	SELECT CAST(\'0fc3eaab-fbcb-4533-8825-9be9faaea781\', \'UUID\') AS instance_id, CAST(\'c-boneaws-al-46-server-j62zx3k-0\', \'LowCardinality(String)\') AS node_id, CAST(name, \'LowCardinality(String)\') AS metric, CAST(mapFilter((k, v) -> has(_CAST([\'remote\'], \'Array(String)\'), k), labels), \'Map(LowCardinality
2026-08-01 18:50:32	2	112	1564	1	SELECT countIf(database = \'system\') as systemParts, countIf(database != \'system\') as nonSystemParts FROM system.parts where active
2026-08-01 18:50:32	2	0	0	1	SELECT countIf(database = \'system\') as systemMerges, countIf(database != \'system\') as nonSystemMerges FROM system.merges
2026-08-01 18:50:32	56	182	55768	120	SELECT CAST(\'0fc3eaab-fbcb-4533-8825-9be9faaea781\', \'UUID\') AS control_plane_id, CAST(\'c-boneaws-al-46-server-j62zx3k-0\', \'LowCardinality(String)\') AS pod_id, CAST(now64(), \'DateTime64(6)\') AS scrape_ts_microseconds, CAST(event_date, \'Date\') AS event_date, CAST(event_time, \'DateTime\') AS event_time,
2026-08-01 18:50:32	163	814	223491	18	WITH parts_agg AS (SELECT database AS agg_database, `table` AS agg_table, SUM(primary_key_size) AS primary_index_size, SUM(secondary_indices_compressed_bytes) AS secondary_index_size FROM system.parts WHERE active AND (database != \'system\') GROUP BY database, `table`), proj_agg AS (SELECT database A
2026-08-01 18:50:34	2	6	2128	6	             SELECT                 name,                 toJSONString(labels) as labels_serialized,                 value,                 help,                 type             FROM (                 SELECT   concat(\'clickhouse_\', system.dimensional_metrics.metric) AS name,   toFloat64(system.dime
2026-08-01 18:50:34	2	15	1013	15	             SELECT                 name,                 toJSONString(labels) as labels_serialized,                 value,                 help,                 type             FROM (                 SELECT     \'ClickHouse_MetricsCollection_CustomMetricsSystemTable\' AS name,     toFloat64(1) AS va
2026-08-01 18:50:34	3	6	213	0	             SELECT                 name,                 toJSONString(labels) as labels_serialized,                 value,                 help,                 type             FROM (                 SELECT   \'ClickHouse_CustomMetric_DatabaseReplicatedRecoveryTime\' as name,   toFloat64(recovery_ti
2026-08-01 18:50:40	7	145	35593	145	SELECT             name,             value,             help,             JSONExtract(labels_serialized, \'Map(String, String)\') as labels,             type         FROM merge(system, \'^_custom_metrics_dictionary_.*\')         FORMAT Prometheus
2026-08-01 18:50:42	16	212	2968	1	SELECT avg(ProfileEvent_OSCPUWaitMicroseconds) as cpu_wait FROM  system.metric_log  WHERE event_time > now() - INTERVAL 2 MINUTE AND event_date >= yesterday()
2026-08-01 18:50:42	4	2	10208	2	SELECT count() as count, sum(elapsed) as total_elapsed, \'lh\' as usr FROM system.processes  WHERE user = \'observability-internal\' AND client_hostname LIKE \'loghouse-scraper%\'  UNION ALL SELECT count() as count, sum(elapsed) as total_elapsed, \'other\' as usr FROM system.processes  WHERE user != \'observ
2026-08-01 18:50:42	2	875	366447	1	SELECT value FROM system.asynchronous_metrics WHERE metric = \'OSMemoryAvailable\' ;
2026-08-01 18:50:42	3	1	5438	1	SELECT count() FROM system.processes WHERE (initial_user NOT IN _CAST([\'backups-internal\', \'management-internal\', \'monitoring-internal\', \'observability-internal\', \'operator-internal\', \'prometheus-exporter\', \'prometheus-internal\', \'operator-cert-internal\', \'availability-monitoring-internal\', \'\'], \'Ar
2026-08-01 18:50:42	3	114	1594	1	SELECT countIf(database = \'system\') as systemParts, countIf(database != \'system\') as nonSystemParts FROM system.parts where active
2026-08-01 18:50:42	2	0	0	1	SELECT countIf(database = \'system\') as systemMerges, countIf(database != \'system\') as nonSystemMerges FROM system.merges
2026-08-01 18:50:44	3	14	9020	0	             SELECT                 name,                 toJSONString(labels) as labels_serialized,                 value,                 help,                 type             FROM (                 SELECT   \'clickhouse_table_replica_readonly_start_timestamp_seconds\' as name,   toFloat64(toUnixTi
2026-08-01 18:50:49	2	0	0	0	             SELECT                 name,                 toJSONString(labels) as labels_serialized,                 value,                 help,                 type             FROM (                 SELECT   \'ClickHouse_CustomMetric_FailedMutations\' as name,   toFloat64(count()) as value,   \'The 
2026-08-01 18:50:49	2	2	6302	1	             SELECT                 name,                 toJSONString(labels) as labels_serialized,                 value,                 help,                 type             FROM (                 SELECT   \'ClickHouse_CustomMetric_TotalMemoryUsedByQueries\' AS name,   toFloat64(SUM(peak_memory_u
2026-08-01 18:50:50	7	145	35593	145	SELECT             name,             value,             help,             JSONExtract(labels_serialized, \'Map(String, String)\') as labels,             type         FROM merge(system, \'^_custom_metrics_dictionary_.*\')         FORMAT Prometheus
2026-08-01 18:50:52	3	2	12834	1	SELECT count() FROM system.processes WHERE (initial_user NOT IN _CAST([\'backups-internal\', \'management-internal\', \'monitoring-internal\', \'observability-internal\', \'operator-internal\', \'prometheus-exporter\', \'prometheus-internal\', \'operator-cert-internal\', \'availability-monitoring-internal\', \'\'], \'Ar
2026-08-01 18:50:52	26	3159	593168	123	SELECT CAST(\'0fc3eaab-fbcb-4533-8825-9be9faaea781\', \'UUID\') AS instance_id, CAST(\'c-boneaws-al-46-server-j62zx3k-0\', \'LowCardinality(String)\') AS node_id, CAST(name, \'LowCardinality(String)\') AS metric, CAST(mapFilter((k, v) -> has(_CAST([\'remote\'], \'Array(String)\'), k), labels), \'Map(LowCardinality
2026-08-01 18:50:52	2	111	1549	1	SELECT countIf(database = \'system\') as systemParts, countIf(database != \'system\') as nonSystemParts FROM system.parts where active
2026-08-01 18:50:52	2	0	0	1	SELECT countIf(database = \'system\') as systemMerges, countIf(database != \'system\') as nonSystemMerges FROM system.merges
2026-08-01 18:50:54	7	145	35593	145	SELECT             name,             value,             help,             JSONExtract(labels_serialized, \'Map(String, String)\') as labels,             type         FROM merge(system, \'^_custom_metrics_dictionary_.*\')         FORMAT Prometheus
2026-08-01 18:50:54	2	6	2128	6	             SELECT                 name,                 toJSONString(labels) as labels_serialized,                 value,                 help,                 type             FROM (                 SELECT   concat(\'clickhouse_\', system.dimensional_metrics.metric) AS name,   toFloat64(system.dime
2026-08-01 18:50:54	3	13	6340	1	             SELECT                 name,                 toJSONString(labels) as labels_serialized,                 value,                 help,                 type             FROM (                 SELECT   \'ClickHouse_CustomMetric_TotalMemoryUsedByDictionaries\' AS name,   toFloat64(SUM(bytes_al
2026-08-01 18:50:54	3	59	472	1	             SELECT                 name,                 toJSONString(labels) as labels_serialized,                 value,                 help,                 type             FROM (                 SELECT   \'ClickHouse_CustomMetric_TotalMemoryUsedByDataSkippingIndices\' AS name,   toFloat64(SUM(d
2026-08-01 18:50:59	2	0	0	1	             SELECT                 name,                 toJSONString(labels) as labels_serialized,                 value,                 help,                 type             FROM (                 SELECT   \'ClickHouse_CustomMetric_TotalMemoryUsedByMerges\' AS name,   toFloat64(SUM(memory_usage))
2026-08-01 18:50:59	2	0	0	1	             SELECT                 name,                 toJSONString(labels) as labels_serialized,                 value,                 help,                 type             FROM (                 SELECT   \'ClickHouse_CustomMetric_TotalMemoryUsedByAsynchronousInserts\' AS name,   toFloat64(SUM(t
2026-08-01 18:50:59	3	14	9020	0	             SELECT                 name,                 toJSONString(labels) as labels_serialized,                 value,                 help,                 type             FROM (                 SELECT   \'clickhouse_table_replica_readonly_start_timestamp_seconds\' as name,   toFloat64(toUnixTi
2026-08-01 18:51:02	4	1	5438	1	SELECT count() FROM system.processes WHERE (initial_user NOT IN _CAST([\'backups-internal\', \'management-internal\', \'monitoring-internal\', \'observability-internal\', \'operator-internal\', \'prometheus-exporter\', \'prometheus-internal\', \'operator-cert-internal\', \'availability-monitoring-internal\', \'\'], \'Ar
2026-08-01 18:51:02	3	120	1684	1	SELECT countIf(database = \'system\') as systemParts, countIf(database != \'system\') as nonSystemParts FROM system.parts where active
2026-08-01 18:51:02	2	0	0	1	SELECT countIf(database = \'system\') as systemMerges, countIf(database != \'system\') as nonSystemMerges FROM system.merges
2026-08-01 18:51:09	3	15	1013	15	             SELECT                 name,                 toJSONString(labels) as labels_serialized,                 value,                 help,                 type             FROM (                 SELECT     \'ClickHouse_MetricsCollection_CustomMetricsSystemTable\' AS name,     toFloat64(1) AS va
2026-08-01 18:51:10	7	129	31646	129	SELECT             name,             value,             help,             JSONExtract(labels_serialized, \'Map(String, String)\') as labels,             type         FROM merge(system, \'^_custom_metrics_dictionary_.*\')         FORMAT Prometheus
2026-08-01 18:51:12	18	242	3388	1	SELECT avg(ProfileEvent_OSCPUWaitMicroseconds) as cpu_wait FROM  system.metric_log  WHERE event_time > now() - INTERVAL 2 MINUTE AND event_date >= yesterday()
2026-08-01 18:51:12	5	2	10208	2	SELECT count() as count, sum(elapsed) as total_elapsed, \'lh\' as usr FROM system.processes  WHERE user = \'observability-internal\' AND client_hostname LIKE \'loghouse-scraper%\'  UNION ALL SELECT count() as count, sum(elapsed) as total_elapsed, \'other\' as usr FROM system.processes  WHERE user != \'observ
2026-08-01 18:51:12	2	875	366447	1	SELECT value FROM system.asynchronous_metrics WHERE metric = \'OSMemoryAvailable\' ;
2026-08-01 18:51:12	4	2	12834	1	SELECT count() FROM system.processes WHERE (initial_user NOT IN _CAST([\'backups-internal\', \'management-internal\', \'monitoring-internal\', \'observability-internal\', \'operator-internal\', \'prometheus-exporter\', \'prometheus-internal\', \'operator-cert-internal\', \'availability-monitoring-internal\', \'\'], \'Ar
2026-08-01 18:51:12	29	3143	590928	123	SELECT CAST(\'0fc3eaab-fbcb-4533-8825-9be9faaea781\', \'UUID\') AS instance_id, CAST(\'c-boneaws-al-46-server-j62zx3k-0\', \'LowCardinality(String)\') AS node_id, CAST(name, \'LowCardinality(String)\') AS metric, CAST(mapFilter((k, v) -> has(_CAST([\'remote\'], \'Array(String)\'), k), labels), \'Map(LowCardinality
2026-08-01 18:51:12	3	122	1714	1	SELECT countIf(database = \'system\') as systemParts, countIf(database != \'system\') as nonSystemParts FROM system.parts where active
2026-08-01 18:51:12	2	0	0	1	SELECT countIf(database = \'system\') as systemMerges, countIf(database != \'system\') as nonSystemMerges FROM system.merges
2026-08-01 18:51:14	3	59	472	1	             SELECT                 name,                 toJSONString(labels) as labels_serialized,                 value,                 help,                 type             FROM (                 SELECT   \'ClickHouse_CustomMetric_TotalMemoryUsedByDataSkippingIndices\' AS name,   toFloat64(SUM(d
2026-08-01 18:51:14	3	13	6340	1	             SELECT                 name,                 toJSONString(labels) as labels_serialized,                 value,                 help,                 type             FROM (                 SELECT   \'ClickHouse_CustomMetric_TotalMemoryUsedByDictionaries\' AS name,   toFloat64(SUM(bytes_al
2026-08-01 18:51:14	3	14	9020	0	             SELECT                 name,                 toJSONString(labels) as labels_serialized,                 value,                 help,                 type             FROM (                 SELECT   \'clickhouse_table_replica_readonly_start_timestamp_seconds\' as name,   toFloat64(toUnixTi
2026-08-01 18:51:19	3	13	6340	1	             SELECT                 name,                 toJSONString(labels) as labels_serialized,                 value,                 help,                 type             FROM (                 SELECT   \'ClickHouse_CustomMetric_TotalMemoryUsedByDictionaries\' AS name,   toFloat64(SUM(bytes_al
2026-08-01 18:51:19	3	2	6242	1	             SELECT                 name,                 toJSONString(labels) as labels_serialized,                 value,                 help,                 type             FROM (                 SELECT   \'ClickHouse_CustomMetric_TotalMemoryUsedByQueries\' AS name,   toFloat64(SUM(peak_memory_u
2026-08-01 18:51:20	7	129	31646	129	SELECT             name,             value,             help,             JSONExtract(labels_serialized, \'Map(String, String)\') as labels,             type         FROM merge(system, \'^_custom_metrics_dictionary_.*\')         FORMAT Prometheus
2026-08-01 18:51:22	4	1	5438	1	SELECT count() FROM system.processes WHERE (initial_user NOT IN _CAST([\'backups-internal\', \'management-internal\', \'monitoring-internal\', \'observability-internal\', \'operator-internal\', \'prometheus-exporter\', \'prometheus-internal\', \'operator-cert-internal\', \'availability-monitoring-internal\', \'\'], \'Ar
2026-08-01 18:51:22	3	119	1669	1	SELECT countIf(database = \'system\') as systemParts, countIf(database != \'system\') as nonSystemParts FROM system.parts where active
2026-08-01 18:51:22	2	0	0	1	SELECT countIf(database = \'system\') as systemMerges, countIf(database != \'system\') as nonSystemMerges FROM system.merges
2026-08-01 18:51:24	8	129	31646	129	SELECT             name,             value,             help,             JSONExtract(labels_serialized, \'Map(String, String)\') as labels,             type         FROM merge(system, \'^_custom_metrics_dictionary_.*\')         FORMAT Prometheus
2026-08-01 18:51:24	3	6	213	0	             SELECT                 name,                 toJSONString(labels) as labels_serialized,                 value,                 help,                 type             FROM (                 SELECT   \'ClickHouse_CustomMetric_DatabaseReplicatedRecoveryTime\' as name,   toFloat64(recovery_ti
2026-08-01 18:51:24	3	6	213	0	             SELECT                 name,                 toJSONString(labels) as labels_serialized,                 value,                 help,                 type             FROM (                 SELECT   \'ClickHouse_CustomMetric_SharedCatalogRecoveryTime\' as name,   toFloat64(recovery_time) a
2026-08-01 18:51:29	2	15	1013	15	             SELECT                 name,                 toJSONString(labels) as labels_serialized,                 value,                 help,                 type             FROM (                 SELECT     \'ClickHouse_MetricsCollection_CustomMetricsSystemTable\' AS name,     toFloat64(1) AS va
2026-08-01 18:51:29	1	1	1	1	SELECT displayName(), version(), revision(), timezone()
2026-08-01 18:51:30	1	1	1	1	SELECT 1;
2026-08-01 18:51:32	4	2	12834	1	SELECT count() FROM system.processes WHERE (initial_user NOT IN _CAST([\'backups-internal\', \'management-internal\', \'monitoring-internal\', \'observability-internal\', \'operator-internal\', \'prometheus-exporter\', \'prometheus-internal\', \'operator-cert-internal\', \'availability-monitoring-internal\', \'\'], \'Ar
2026-08-01 18:51:32	27	3143	590928	123	SELECT CAST(\'0fc3eaab-fbcb-4533-8825-9be9faaea781\', \'UUID\') AS instance_id, CAST(\'c-boneaws-al-46-server-j62zx3k-0\', \'LowCardinality(String)\') AS node_id, CAST(name, \'LowCardinality(String)\') AS metric, CAST(mapFilter((k, v) -> has(_CAST([\'remote\'], \'Array(String)\'), k), labels), \'Map(LowCardinality
2026-08-01 18:51:32	2	124	1744	1	SELECT countIf(database = \'system\') as systemParts, countIf(database != \'system\') as nonSystemParts FROM system.parts where active
2026-08-01 18:51:32	2	1	1585	1	SELECT countIf(database = \'system\') as systemMerges, countIf(database != \'system\') as nonSystemMerges FROM system.merges
2026-08-01 18:51:34	3	14	9020	0	             SELECT                 name,                 toJSONString(labels) as labels_serialized,                 value,                 help,                 type             FROM (                 SELECT   \'clickhouse_table_replica_readonly_start_timestamp_seconds\' as name,   toFloat64(toUnixTi
2026-08-01 18:51:37	4	0	0	0	SELECT now64(6) as scrape_time_microseconds, \'j62zx3k\' AS pod_ident, \'boneaws-al-46\' AS spoken_name, \'cell-1\' AS cell, \'ap-south-1\' AS region, \'aws\' AS cloud_provider, \'?\' AS clickhouse_version, \'0fc3eaab-fbcb-4533-8825-9be9faaea781\' AS control_plane_id, \'?\' AS system_processor, * FROM system."files
2026-08-01 18:51:38	5	0	0	0	SELECT now64(6) as scrape_time_microseconds, \'j62zx3k\' AS pod_ident, \'boneaws-al-46\' AS spoken_name, \'cell-1\' AS cell, \'ap-south-1\' AS region, \'aws\' AS cloud_provider, \'?\' AS clickhouse_version, \'0fc3eaab-fbcb-4533-8825-9be9faaea781\' AS control_plane_id, \'?\' AS system_processor, * FROM system."query
2026-08-01 18:51:38	19	16785	3948289	7021	SELECT now64(6) as scrape_time_microseconds, \'j62zx3k\' AS pod_ident, \'boneaws-al-46\' AS spoken_name, \'cell-1\' AS cell, \'ap-south-1\' AS region, \'aws\' AS cloud_provider, \'?\' AS clickhouse_version, \'0fc3eaab-fbcb-4533-8825-9be9faaea781\' AS control_plane_id, \'?\' AS system_processor, * FROM system."proce
2026-08-01 18:51:39	4	0	0	0	SELECT now64(6) as scrape_time_microseconds, \'j62zx3k\' AS pod_ident, \'boneaws-al-46\' AS spoken_name, \'cell-1\' AS cell, \'ap-south-1\' AS region, \'aws\' AS cloud_provider, \'?\' AS clickhouse_version, \'0fc3eaab-fbcb-4533-8825-9be9faaea781\' AS control_plane_id, \'?\' AS system_processor, * FROM system."files
2026-08-01 18:51:39	21	20575	5262693	10072	SELECT now64(6) as scrape_time_microseconds, \'j62zx3k\' AS pod_ident, \'boneaws-al-46\' AS spoken_name, \'cell-1\' AS cell, \'ap-south-1\' AS region, \'aws\' AS cloud_provider, \'?\' AS clickhouse_version, \'0fc3eaab-fbcb-4533-8825-9be9faaea781\' AS control_plane_id, \'?\' AS system_processor, * FROM system."trace
2026-08-01 18:51:39	2	0	0	0	             SELECT                 name,                 toJSONString(labels) as labels_serialized,                 value,                 help,                 type             FROM (                 SELECT   \'ClickHouse_CustomMetric_FailedMutations\' as name,   toFloat64(count()) as value,   \'The 
2026-08-01 18:51:39	2	3	7582	1	             SELECT                 name,                 toJSONString(labels) as labels_serialized,                 value,                 help,                 type             FROM (                 SELECT   \'ClickHouse_CustomMetric_TotalMemoryUsedByQueries\' AS name,   toFloat64(SUM(peak_memory_u
2026-08-01 18:51:39	2	59	472	1	             SELECT                 name,                 toJSONString(labels) as labels_serialized,                 value,                 help,                 type             FROM (                 SELECT   \'ClickHouse_CustomMetric_TotalMemoryUsedByDataSkippingIndices\' AS name,   toFloat64(SUM(d
2026-08-01 18:51:40	4	0	0	0	SELECT now64(6) as scrape_time_microseconds, \'j62zx3k\' AS pod_ident, \'boneaws-al-46\' AS spoken_name, \'cell-1\' AS cell, \'ap-south-1\' AS region, \'aws\' AS cloud_provider, \'?\' AS clickhouse_version, \'0fc3eaab-fbcb-4533-8825-9be9faaea781\' AS control_plane_id, \'?\' AS system_processor, * FROM system."crash
2026-08-01 18:51:40	32	3801	6894678	745	SELECT now64(6) as scrape_time_microseconds, \'j62zx3k\' AS pod_ident, \'boneaws-al-46\' AS spoken_name, \'cell-1\' AS cell, \'ap-south-1\' AS region, \'aws\' AS cloud_provider, \'?\' AS clickhouse_version, \'0fc3eaab-fbcb-4533-8825-9be9faaea781\' AS control_plane_id, \'?\' AS system_processor, * FROM system."query
2026-08-01 18:51:40	6	129	31646	129	SELECT             name,             value,             help,             JSONExtract(labels_serialized, \'Map(String, String)\') as labels,             type         FROM merge(system, \'^_custom_metrics_dictionary_.*\')         FORMAT Prometheus
2026-08-01 18:51:41	3	0	0	0	SELECT now64(6) as scrape_time_microseconds, \'j62zx3k\' AS pod_ident, \'boneaws-al-46\' AS spoken_name, \'cell-1\' AS cell, \'ap-south-1\' AS region, \'aws\' AS cloud_provider, \'?\' AS clickhouse_version, \'0fc3eaab-fbcb-4533-8825-9be9faaea781\' AS control_plane_id, \'?\' AS system_processor, * FROM system."click
2026-08-01 18:51:41	199	791	2179544	114	SELECT now64(6) as scrape_time_microseconds, \'j62zx3k\' AS pod_ident, \'boneaws-al-46\' AS spoken_name, \'cell-1\' AS cell, \'ap-south-1\' AS region, \'aws\' AS cloud_provider, \'?\' AS clickhouse_version, \'0fc3eaab-fbcb-4533-8825-9be9faaea781\' AS control_plane_id, \'?\' AS system_processor, * FROM system."metri
2026-08-01 18:51:42	4	0	0	0	SELECT now64(6) as scrape_time_microseconds, \'j62zx3k\' AS pod_ident, \'boneaws-al-46\' AS spoken_name, \'cell-1\' AS cell, \'ap-south-1\' AS region, \'aws\' AS cloud_provider, \'?\' AS clickhouse_version, \'0fc3eaab-fbcb-4533-8825-9be9faaea781\' AS control_plane_id, \'?\' AS system_processor, * FROM system."backu
2026-08-01 18:51:42	17	120	1457	1	SELECT avg(ProfileEvent_OSCPUWaitMicroseconds) as cpu_wait FROM  system.metric_log  WHERE event_time > now() - INTERVAL 2 MINUTE AND event_date >= yesterday()
2026-08-01 18:51:42	5	2	10208	2	SELECT count() as count, sum(elapsed) as total_elapsed, \'lh\' as usr FROM system.processes  WHERE user = \'observability-internal\' AND client_hostname LIKE \'loghouse-scraper%\'  UNION ALL SELECT count() as count, sum(elapsed) as total_elapsed, \'other\' as usr FROM system.processes  WHERE user != \'observ
2026-08-01 18:51:42	2	876	366590	1	SELECT value FROM system.asynchronous_metrics WHERE metric = \'OSMemoryAvailable\' ;
2026-08-01 18:51:42	4	1	5438	1	SELECT count() FROM system.processes WHERE (initial_user NOT IN _CAST([\'backups-internal\', \'management-internal\', \'monitoring-internal\', \'observability-internal\', \'operator-internal\', \'prometheus-exporter\', \'prometheus-internal\', \'operator-cert-internal\', \'availability-monitoring-internal\', \'\'], \'Ar
2026-08-01 18:51:42	2	121	1699	1	SELECT countIf(database = \'system\') as systemParts, countIf(database != \'system\') as nonSystemParts FROM system.parts where active
2026-08-01 18:51:42	2	0	0	1	SELECT countIf(database = \'system\') as systemMerges, countIf(database != \'system\') as nonSystemMerges FROM system.merges
2026-08-01 18:51:44	4	0	0	0	SELECT now64(6) as scrape_time_microseconds, \'j62zx3k\' AS pod_ident, \'boneaws-al-46\' AS spoken_name, \'cell-1\' AS cell, \'ap-south-1\' AS region, \'aws\' AS cloud_provider, \'?\' AS clickhouse_version, \'0fc3eaab-fbcb-4533-8825-9be9faaea781\' AS control_plane_id, \'?\' AS system_processor, * FROM system."async
2026-08-01 18:51:44	3	14	9020	0	             SELECT                 name,                 toJSONString(labels) as labels_serialized,                 value,                 help,                 type             FROM (                 SELECT   \'clickhouse_table_replica_readonly_start_timestamp_seconds\' as name,   toFloat64(toUnixTi
2026-08-01 18:51:44	4	6	213	0	             SELECT                 name,                 toJSONString(labels) as labels_serialized,                 value,                 help,                 type             FROM (                 SELECT   \'ClickHouse_CustomMetric_DatabaseReplicatedRecoveryTime\' as name,   toFloat64(recovery_ti
2026-08-01 18:51:45	6	84	29849	5	SELECT now64(6) as scrape_time_microseconds, \'j62zx3k\' AS pod_ident, \'boneaws-al-46\' AS spoken_name, \'cell-1\' AS cell, \'ap-south-1\' AS region, \'aws\' AS cloud_provider, \'?\' AS clickhouse_version, \'0fc3eaab-fbcb-4533-8825-9be9faaea781\' AS control_plane_id, \'?\' AS system_processor, * FROM system."error
2026-08-01 18:51:45	9	3592	1040945	679	SELECT now64(6) as scrape_time_microseconds, \'j62zx3k\' AS pod_ident, \'boneaws-al-46\' AS spoken_name, \'cell-1\' AS cell, \'ap-south-1\' AS region, \'aws\' AS cloud_provider, \'?\' AS clickhouse_version, \'0fc3eaab-fbcb-4533-8825-9be9faaea781\' AS control_plane_id, \'?\' AS system_processor, * FROM system."blob_
2026-08-01 18:51:45	18	8210	4375552	252	SELECT now64(6) as scrape_time_microseconds, \'j62zx3k\' AS pod_ident, \'boneaws-al-46\' AS spoken_name, \'cell-1\' AS cell, \'ap-south-1\' AS region, \'aws\' AS cloud_provider, \'?\' AS clickhouse_version, \'0fc3eaab-fbcb-4533-8825-9be9faaea781\' AS control_plane_id, \'?\' AS system_processor, * FROM system."part_
2026-08-01 18:51:45	93	1021121	16379942	93052	SELECT now64(6) as scrape_time_microseconds, \'j62zx3k\' AS pod_ident, \'boneaws-al-46\' AS spoken_name, \'cell-1\' AS cell, \'ap-south-1\' AS region, \'aws\' AS cloud_provider, \'?\' AS clickhouse_version, \'0fc3eaab-fbcb-4533-8825-9be9faaea781\' AS control_plane_id, \'?\' AS system_processor, * FROM system."async
2026-08-01 18:51:46	7	1	312	1	SELECT now64(6) as scrape_time_microseconds, \'j62zx3k\' AS pod_ident, \'boneaws-al-46\' AS spoken_name, \'cell-1\' AS cell, \'ap-south-1\' AS region, \'aws\' AS cloud_provider, \'?\' AS clickhouse_version, \'0fc3eaab-fbcb-4533-8825-9be9faaea781\' AS control_plane_id, \'?\' AS system_processor, * FROM system."zooke
2026-08-01 18:51:46	26	34266	8267628	26155	SELECT now64(6) as scrape_time_microseconds, \'j62zx3k\' AS pod_ident, \'boneaws-al-46\' AS spoken_name, \'cell-1\' AS cell, \'ap-south-1\' AS region, \'aws\' AS cloud_provider, \'?\' AS clickhouse_version, \'0fc3eaab-fbcb-4533-8825-9be9faaea781\' AS control_plane_id, \'?\' AS system_processor, * FROM system."text_
2026-08-01 18:51:47	4	0	0	0	SELECT now64(6) as scrape_time_microseconds, \'j62zx3k\' AS pod_ident, \'boneaws-al-46\' AS spoken_name, \'cell-1\' AS cell, \'ap-south-1\' AS region, \'aws\' AS cloud_provider, \'?\' AS clickhouse_version, \'0fc3eaab-fbcb-4533-8825-9be9faaea781\' AS control_plane_id, \'?\' AS system_processor, * FROM system."s3que
2026-08-01 18:51:48	125	79	79612	2	SELECT now64(6) as scrape_time_microseconds, \'j62zx3k\' AS pod_ident, \'boneaws-al-46\' AS spoken_name, \'cell-1\' AS cell, \'ap-south-1\' AS region, \'aws\' AS cloud_provider, \'?\' AS clickhouse_version, \'0fc3eaab-fbcb-4533-8825-9be9faaea781\' AS control_plane_id, \'?\' AS system_processor, * FROM system."query
2026-08-01 18:51:49	2	6	2128	6	             SELECT                 name,                 toJSONString(labels) as labels_serialized,                 value,                 help,                 type             FROM (                 SELECT   concat(\'clickhouse_\', system.dimensional_metrics.metric) AS name,   toFloat64(system.dime
2026-08-01 18:51:49	2	3	7623	1	             SELECT                 name,                 toJSONString(labels) as labels_serialized,                 value,                 help,                 type             FROM (                 SELECT   \'ClickHouse_CustomMetric_TotalMemoryUsedByQueries\' AS name,   toFloat64(SUM(peak_memory_u
2026-08-01 18:51:49	3	6	213	0	             SELECT                 name,                 toJSONString(labels) as labels_serialized,                 value,                 help,                 type             FROM (                 SELECT   \'ClickHouse_CustomMetric_DatabaseReplicatedRecoveryTime\' as name,   toFloat64(recovery_ti
2026-08-01 18:51:50	6	129	31646	129	SELECT             name,             value,             help,             JSONExtract(labels_serialized, \'Map(String, String)\') as labels,             type         FROM merge(system, \'^_custom_metrics_dictionary_.*\')         FORMAT Prometheus
2026-08-01 18:51:52	3	2	12834	1	SELECT count() FROM system.processes WHERE (initial_user NOT IN _CAST([\'backups-internal\', \'management-internal\', \'monitoring-internal\', \'observability-internal\', \'operator-internal\', \'prometheus-exporter\', \'prometheus-internal\', \'operator-cert-internal\', \'availability-monitoring-internal\', \'\'], \'Ar
2026-08-01 18:51:52	29	3143	590928	123	SELECT CAST(\'0fc3eaab-fbcb-4533-8825-9be9faaea781\', \'UUID\') AS instance_id, CAST(\'c-boneaws-al-46-server-j62zx3k-0\', \'LowCardinality(String)\') AS node_id, CAST(name, \'LowCardinality(String)\') AS metric, CAST(mapFilter((k, v) -> has(_CAST([\'remote\'], \'Array(String)\'), k), labels), \'Map(LowCardinality
2026-08-01 18:51:52	3	123	1729	1	SELECT countIf(database = \'system\') as systemParts, countIf(database != \'system\') as nonSystemParts FROM system.parts where active
2026-08-01 18:51:52	2	0	0	1	SELECT countIf(database = \'system\') as systemMerges, countIf(database != \'system\') as nonSystemMerges FROM system.merges
2026-08-01 18:51:53	9	8211	938569	3160	SELECT now64(6) as scrape_time_microseconds, \'j62zx3k\' AS pod_ident, \'boneaws-al-46\' AS spoken_name, \'cell-1\' AS cell, \'ap-south-1\' AS region, \'aws\' AS cloud_provider, \'?\' AS clickhouse_version, \'0fc3eaab-fbcb-4533-8825-9be9faaea781\' AS control_plane_id, \'?\' AS system_processor, * FROM system."aggre
2026-08-01 18:51:54	5	0	0	0	SELECT now64(6) as scrape_time_microseconds, \'j62zx3k\' AS pod_ident, \'boneaws-al-46\' AS spoken_name, \'cell-1\' AS cell, \'ap-south-1\' AS region, \'aws\' AS cloud_provider, \'?\' AS clickhouse_version, \'0fc3eaab-fbcb-4533-8825-9be9faaea781\' AS control_plane_id, \'?\' AS system_processor, * FROM system."query
2026-08-01 18:51:54	7	129	31646	129	SELECT             name,             value,             help,             JSONExtract(labels_serialized, \'Map(String, String)\') as labels,             type         FROM merge(system, \'^_custom_metrics_dictionary_.*\')         FORMAT Prometheus
2026-08-01 18:51:54	2	0	0	1	             SELECT                 name,                 toJSONString(labels) as labels_serialized,                 value,                 help,                 type             FROM (                 SELECT   \'ClickHouse_CustomMetric_TotalMemoryUsedByMerges\' AS name,   toFloat64(SUM(memory_usage))
2026-08-01 18:51:59	2	0	0	1	             SELECT                 name,                 toJSONString(labels) as labels_serialized,                 value,                 help,                 type             FROM (                 SELECT   \'ClickHouse_CustomMetric_TotalMemoryUsedByAsynchronousInserts\' AS name,   toFloat64(SUM(t
2026-08-01 18:51:59	2	15	1013	15	             SELECT                 name,                 toJSONString(labels) as labels_serialized,                 value,                 help,                 type             FROM (                 SELECT     \'ClickHouse_MetricsCollection_CustomMetricsSystemTable\' AS name,     toFloat64(1) AS va
2026-08-01 18:51:59	3	13	6340	1	             SELECT                 name,                 toJSONString(labels) as labels_serialized,                 value,                 help,                 type             FROM (                 SELECT   \'ClickHouse_CustomMetric_TotalMemoryUsedByDictionaries\' AS name,   toFloat64(SUM(bytes_al
2026-08-01 18:51:59	28	33465	737419	33465	SELECT `content_id`, `title`, `video_type`, `category` FROM `sony`.`content_dim`;
2026-08-01 18:52:02	3	1	5438	1	SELECT count() FROM system.processes WHERE (initial_user NOT IN _CAST([\'backups-internal\', \'management-internal\', \'monitoring-internal\', \'observability-internal\', \'operator-internal\', \'prometheus-exporter\', \'prometheus-internal\', \'operator-cert-internal\', \'availability-monitoring-internal\', \'\'], \'Ar
2026-08-01 18:52:02	3	122	1714	1	SELECT countIf(database = \'system\') as systemParts, countIf(database != \'system\') as nonSystemParts FROM system.parts where active
2026-08-01 18:52:02	2	1	1589	1	SELECT countIf(database = \'system\') as systemMerges, countIf(database != \'system\') as nonSystemMerges FROM system.merges
2026-08-01 18:52:04	4	6	213	0	             SELECT                 name,                 toJSONString(labels) as labels_serialized,                 value,                 help,                 type             FROM (                 SELECT   \'ClickHouse_CustomMetric_SharedCatalogRecoveryTime\' as name,   toFloat64(recovery_time) a
2026-08-01 18:52:09	9	1486	935215	133	SELECT now64(6) as scrape_time_microseconds, \'j62zx3k\' AS pod_ident, \'boneaws-al-46\' AS spoken_name, \'cell-1\' AS cell, \'ap-south-1\' AS region, \'aws\' AS cloud_provider, \'?\' AS clickhouse_version, \'0fc3eaab-fbcb-4533-8825-9be9faaea781\' AS control_plane_id, \'?\' AS system_processor, * FROM system."sessi
2026-08-01 18:52:09	1	1	1	1	SELECT displayName(), version(), revision(), timezone()
2026-08-01 18:52:09	1	1	1	1	SELECT 1;
2026-08-01 18:52:09	2	0	0	1	             SELECT                 name,                 toJSONString(labels) as labels_serialized,                 value,                 help,                 type             FROM (                 SELECT   \'ClickHouse_CustomMetric_TotalMemoryUsedByMerges\' AS name,   toFloat64(SUM(memory_usage))
2026-08-01 18:52:09	3	3	7527	1	             SELECT                 name,                 toJSONString(labels) as labels_serialized,                 value,                 help,                 type             FROM (                 SELECT   \'ClickHouse_CustomMetric_TotalMemoryUsedByQueries\' AS name,   toFloat64(SUM(peak_memory_u
2026-08-01 18:52:09	3	14	9020	0	             SELECT                 name,                 toJSONString(labels) as labels_serialized,                 value,                 help,                 type             FROM (                 SELECT   \'clickhouse_table_replica_readonly_start_timestamp_seconds\' as name,   toFloat64(toUnixTi
2026-08-01 18:52:10	6	129	31646	129	SELECT             name,             value,             help,             JSONExtract(labels_serialized, \'Map(String, String)\') as labels,             type         FROM merge(system, \'^_custom_metrics_dictionary_.*\')         FORMAT Prometheus
2026-08-01 18:52:12	17	121	1471	1	SELECT avg(ProfileEvent_OSCPUWaitMicroseconds) as cpu_wait FROM  system.metric_log  WHERE event_time > now() - INTERVAL 2 MINUTE AND event_date >= yesterday()
2026-08-01 18:52:12	4	2	10208	2	SELECT count() as count, sum(elapsed) as total_elapsed, \'lh\' as usr FROM system.processes  WHERE user = \'observability-internal\' AND client_hostname LIKE \'loghouse-scraper%\'  UNION ALL SELECT count() as count, sum(elapsed) as total_elapsed, \'other\' as usr FROM system.processes  WHERE user != \'observ
2026-08-01 18:52:12	2	876	366590	1	SELECT value FROM system.asynchronous_metrics WHERE metric = \'OSMemoryAvailable\' ;
2026-08-01 18:52:12	3	2	12834	1	SELECT count() FROM system.processes WHERE (initial_user NOT IN _CAST([\'backups-internal\', \'management-internal\', \'monitoring-internal\', \'observability-internal\', \'operator-internal\', \'prometheus-exporter\', \'prometheus-internal\', \'operator-cert-internal\', \'availability-monitoring-internal\', \'\'], \'Ar
2026-08-01 18:52:12	28	3144	591071	123	SELECT CAST(\'0fc3eaab-fbcb-4533-8825-9be9faaea781\', \'UUID\') AS instance_id, CAST(\'c-boneaws-al-46-server-j62zx3k-0\', \'LowCardinality(String)\') AS node_id, CAST(name, \'LowCardinality(String)\') AS metric, CAST(mapFilter((k, v) -> has(_CAST([\'remote\'], \'Array(String)\'), k), labels), \'Map(LowCardinality
2026-08-01 18:52:12	3	120	1684	1	SELECT countIf(database = \'system\') as systemParts, countIf(database != \'system\') as nonSystemParts FROM system.parts where active
2026-08-01 18:52:12	2	0	0	1	SELECT countIf(database = \'system\') as systemMerges, countIf(database != \'system\') as nonSystemMerges FROM system.merges
2026-08-01 18:52:14	3	0	0	0	             SELECT                 name,                 toJSONString(labels) as labels_serialized,                 value,                 help,                 type             FROM (                 SELECT   \'ClickHouse_CustomMetric_FailedMutations\' as name,   toFloat64(count()) as value,   \'The 
2026-08-01 18:52:19	3	59	472	1	             SELECT                 name,                 toJSONString(labels) as labels_serialized,                 value,                 help,                 type             FROM (                 SELECT   \'ClickHouse_CustomMetric_TotalMemoryUsedByDataSkippingIndices\' AS name,   toFloat64(SUM(d
2026-08-01 18:52:19	3	6	213	0	             SELECT                 name,                 toJSONString(labels) as labels_serialized,                 value,                 help,                 type             FROM (                 SELECT   \'ClickHouse_CustomMetric_DatabaseReplicatedRecoveryTime\' as name,   toFloat64(recovery_ti
2026-08-01 18:52:20	7	140	34253	140	SELECT             name,             value,             help,             JSONExtract(labels_serialized, \'Map(String, String)\') as labels,             type         FROM merge(system, \'^_custom_metrics_dictionary_.*\')         FORMAT Prometheus
2026-08-01 18:52:22	4	1	5438	1	SELECT count() FROM system.processes WHERE (initial_user NOT IN _CAST([\'backups-internal\', \'management-internal\', \'monitoring-internal\', \'observability-internal\', \'operator-internal\', \'prometheus-exporter\', \'prometheus-internal\', \'operator-cert-internal\', \'availability-monitoring-internal\', \'\'], \'Ar
2026-08-01 18:52:22	2	122	1714	1	SELECT countIf(database = \'system\') as systemParts, countIf(database != \'system\') as nonSystemParts FROM system.parts where active
2026-08-01 18:52:22	2	0	0	1	SELECT countIf(database = \'system\') as systemMerges, countIf(database != \'system\') as nonSystemMerges FROM system.merges
2026-08-01 18:52:24	7	140	34253	140	SELECT             name,             value,             help,             JSONExtract(labels_serialized, \'Map(String, String)\') as labels,             type         FROM merge(system, \'^_custom_metrics_dictionary_.*\')         FORMAT Prometheus
2026-08-01 18:52:24	2	0	0	1	             SELECT                 name,                 toJSONString(labels) as labels_serialized,                 value,                 help,                 type             FROM (                 SELECT   \'ClickHouse_CustomMetric_TotalMemoryUsedByAsynchronousInserts\' AS name,   toFloat64(SUM(t
2026-08-01 18:52:24	3	14	9020	0	             SELECT                 name,                 toJSONString(labels) as labels_serialized,                 value,                 help,                 type             FROM (                 SELECT   \'clickhouse_table_replica_readonly_start_timestamp_seconds\' as name,   toFloat64(toUnixTi
2026-08-01 18:52:29	2	6	2128	6	             SELECT                 name,                 toJSONString(labels) as labels_serialized,                 value,                 help,                 type             FROM (                 SELECT   concat(\'clickhouse_\', system.dimensional_metrics.metric) AS name,   toFloat64(system.dime
2026-08-01 18:52:29	3	14	9020	0	             SELECT                 name,                 toJSONString(labels) as labels_serialized,                 value,                 help,                 type             FROM (                 SELECT   \'clickhouse_table_replica_readonly_start_timestamp_seconds\' as name,   toFloat64(toUnixTi
2026-08-01 18:52:32	5	378	114440	5	WITH metrics AS (SELECT name AS metric, toFloat64(value) AS val, now() AS ts FROM system.server_settings WHERE multiMatchAny(name, _CAST([\'^max_database_num_to_throw$\', \'^max_database_num_to_warn$\', \'^max_table_num_to_throw$\', \'^max_table_num_to_warn$\', \'^max_concurrent_queries$\'], \'Array(String)\'))
2026-08-01 18:52:32	6	0	0	0	WITH source AS (SELECT [\'matview_execution_total\', if(exception_code != 0, \'matview_execution_fail\', \'\')] AS metrics, event_time AS ts FROM system.query_views_log WHERE (status != \'QueryStart\') AND (event_date >= toDate(_CAST(\'1785610197.833\', \'DateTime64\'))) AND (event_time >= toDateTime(_CAST(\'178
2026-08-01 18:52:32	10	73728	1107676	1560	SELECT CAST(\'0fc3eaab-fbcb-4533-8825-9be9faaea781\', \'UUID\') AS control_plane_id, CAST(\'c-boneaws-al-46-server-j62zx3k-0\', \'LowCardinality(String)\') AS pod_id, CAST(now64(), \'DateTime64(6)\') AS scrape_ts_microseconds, CAST(event_date, \'Date\') AS event_date, CAST(event_time, \'DateTime\') AS event_time,
2026-08-01 18:52:32	10	0	0	1	WITH failed_mutations AS (SELECT toDateTime(create_time) AS ts, count() AS val FROM system.mutations WHERE (ts > toDateTime(_CAST(\'1785610197.833\', \'DateTime64\'))) AND (ts <= toDateTime(_CAST(\'1785610317.833\', \'DateTime64\'))) AND (latest_failed_part != \'\') AND (is_done = 0) GROUP BY ts), failed_muta
2026-08-01 18:52:32	3	6	33391	1	SELECT count() FROM system.processes WHERE (initial_user NOT IN _CAST([\'backups-internal\', \'management-internal\', \'monitoring-internal\', \'observability-internal\', \'operator-internal\', \'prometheus-exporter\', \'prometheus-internal\', \'operator-cert-internal\', \'availability-monitoring-internal\', \'\'], \'Ar
2026-08-01 18:52:32	11	223	3331	13	WITH metrics AS (SELECT multiIf((event_type = \'MergeParts\') AND (error = 0), \'merges_finished\', (event_type = \'MergeParts\') AND (error != 0), \'merges_failed\', (event_type = \'MutatePart\') AND (error = 0), \'mutate_part_finished\', (event_type = \'MutatePart\') AND (error != 0), \'mutate_part_failed\', NULL
2026-08-01 18:52:32	2	123	1729	1	SELECT countIf(database = \'system\') as systemParts, countIf(database != \'system\') as nonSystemParts FROM system.parts where active
2026-08-01 18:52:32	27	3154	592504	123	SELECT CAST(\'0fc3eaab-fbcb-4533-8825-9be9faaea781\', \'UUID\') AS instance_id, CAST(\'c-boneaws-al-46-server-j62zx3k-0\', \'LowCardinality(String)\') AS node_id, CAST(name, \'LowCardinality(String)\') AS metric, CAST(mapFilter((k, v) -> has(_CAST([\'remote\'], \'Array(String)\'), k), labels), \'Map(LowCardinality
2026-08-01 18:52:32	2	0	0	1	SELECT countIf(database = \'system\') as systemMerges, countIf(database != \'system\') as nonSystemMerges FROM system.merges
2026-08-01 18:52:32	60	151	45256	120	SELECT CAST(\'0fc3eaab-fbcb-4533-8825-9be9faaea781\', \'UUID\') AS control_plane_id, CAST(\'c-boneaws-al-46-server-j62zx3k-0\', \'LowCardinality(String)\') AS pod_id, CAST(now64(), \'DateTime64(6)\') AS scrape_ts_microseconds, CAST(event_date, \'Date\') AS event_date, CAST(event_time, \'DateTime\') AS event_time,
2026-08-01 18:52:32	158	814	223491	18	WITH parts_agg AS (SELECT database AS agg_database, `table` AS agg_table, SUM(primary_key_size) AS primary_index_size, SUM(secondary_indices_compressed_bytes) AS secondary_index_size FROM system.parts WHERE active AND (database != \'system\') GROUP BY database, `table`), proj_agg AS (SELECT database A
2026-08-01 18:52:39	3	1	5022	1	             SELECT                 name,                 toJSONString(labels) as labels_serialized,                 value,                 help,                 type             FROM (                 SELECT   \'ClickHouse_CustomMetric_TotalMemoryUsedByQueries\' AS name,   toFloat64(SUM(peak_memory_u
2026-08-01 18:52:40	6	140	34253	140	SELECT             name,             value,             help,             JSONExtract(labels_serialized, \'Map(String, String)\') as labels,             type         FROM merge(system, \'^_custom_metrics_dictionary_.*\')         FORMAT Prometheus
2026-08-01 18:52:42	16	181	2534	1	SELECT avg(ProfileEvent_OSCPUWaitMicroseconds) as cpu_wait FROM  system.metric_log  WHERE event_time > now() - INTERVAL 2 MINUTE AND event_date >= yesterday()
2026-08-01 18:52:42	5	2	10208	2	SELECT count() as count, sum(elapsed) as total_elapsed, \'lh\' as usr FROM system.processes  WHERE user = \'observability-internal\' AND client_hostname LIKE \'loghouse-scraper%\'  UNION ALL SELECT count() as count, sum(elapsed) as total_elapsed, \'other\' as usr FROM system.processes  WHERE user != \'observ
2026-08-01 18:52:42	2	876	366590	1	SELECT value FROM system.asynchronous_metrics WHERE metric = \'OSMemoryAvailable\' ;
2026-08-01 18:52:42	3	1	5438	1	SELECT count() FROM system.processes WHERE (initial_user NOT IN _CAST([\'backups-internal\', \'management-internal\', \'monitoring-internal\', \'observability-internal\', \'operator-internal\', \'prometheus-exporter\', \'prometheus-internal\', \'operator-cert-internal\', \'availability-monitoring-internal\', \'\'], \'Ar
2026-08-01 18:52:42	3	118	1654	1	SELECT countIf(database = \'system\') as systemParts, countIf(database != \'system\') as nonSystemParts FROM system.parts where active
2026-08-01 18:52:42	2	0	0	1	SELECT countIf(database = \'system\') as systemMerges, countIf(database != \'system\') as nonSystemMerges FROM system.merges
2026-08-01 18:52:49	2	0	0	1	             SELECT                 name,                 toJSONString(labels) as labels_serialized,                 value,                 help,                 type             FROM (                 SELECT   \'ClickHouse_CustomMetric_TotalMemoryUsedByMerges\' AS name,   toFloat64(SUM(memory_usage))
2026-08-01 18:52:49	3	14	9020	0	             SELECT                 name,                 toJSONString(labels) as labels_serialized,                 value,                 help,                 type             FROM (                 SELECT   \'clickhouse_table_replica_readonly_start_timestamp_seconds\' as name,   toFloat64(toUnixTi
2026-08-01 18:52:50	7	140	34253	140	SELECT             name,             value,             help,             JSONExtract(labels_serialized, \'Map(String, String)\') as labels,             type         FROM merge(system, \'^_custom_metrics_dictionary_.*\')         FORMAT Prometheus
2026-08-01 18:52:51	2	0	8	1	SELECT count() FROM system.backups where status IN (0,3)
2026-08-01 18:52:51	4	1	5472	1	SELECT count() FROM system.processes WHERE (elapsed > _CAST(0, \'Int64\')) AND (initial_user NOT IN _CAST([\'backups-internal\', \'management-internal\', \'monitoring-internal\', \'observability-internal\', \'operator-internal\', \'prometheus-exporter\', \'prometheus-internal\', \'operator-cert-internal\', \'availabil
2026-08-01 18:52:52	3	2	12834	1	SELECT count() FROM system.processes WHERE (initial_user NOT IN _CAST([\'backups-internal\', \'management-internal\', \'monitoring-internal\', \'observability-internal\', \'operator-internal\', \'prometheus-exporter\', \'prometheus-internal\', \'operator-cert-internal\', \'availability-monitoring-internal\', \'\'], \'Ar
2026-08-01 18:52:52	28	3154	592504	123	SELECT CAST(\'0fc3eaab-fbcb-4533-8825-9be9faaea781\', \'UUID\') AS instance_id, CAST(\'c-boneaws-al-46-server-j62zx3k-0\', \'LowCardinality(String)\') AS node_id, CAST(name, \'LowCardinality(String)\') AS metric, CAST(mapFilter((k, v) -> has(_CAST([\'remote\'], \'Array(String)\'), k), labels), \'Map(LowCardinality
2026-08-01 18:52:52	3	116	1624	1	SELECT countIf(database = \'system\') as systemParts, countIf(database != \'system\') as nonSystemParts FROM system.parts where active
2026-08-01 18:52:52	2	0	0	1	SELECT countIf(database = \'system\') as systemMerges, countIf(database != \'system\') as nonSystemMerges FROM system.merges
2026-08-01 18:52:54	7	140	34253	140	SELECT             name,             value,             help,             JSONExtract(labels_serialized, \'Map(String, String)\') as labels,             type         FROM merge(system, \'^_custom_metrics_dictionary_.*\')         FORMAT Prometheus
2026-08-01 18:52:54	2	6	2128	6	             SELECT                 name,                 toJSONString(labels) as labels_serialized,                 value,                 help,                 type             FROM (                 SELECT   concat(\'clickhouse_\', system.dimensional_metrics.metric) AS name,   toFloat64(system.dime
2026-08-01 18:52:59	2	0	0	1	             SELECT                 name,                 toJSONString(labels) as labels_serialized,                 value,                 help,                 type             FROM (                 SELECT   \'ClickHouse_CustomMetric_TotalMemoryUsedByAsynchronousInserts\' AS name,   toFloat64(SUM(t
2026-08-01 18:52:59	2	15	1013	15	             SELECT                 name,                 toJSONString(labels) as labels_serialized,                 value,                 help,                 type             FROM (                 SELECT     \'ClickHouse_MetricsCollection_CustomMetricsSystemTable\' AS name,     toFloat64(1) AS va
2026-08-01 18:52:59	2	13	6340	1	             SELECT                 name,                 toJSONString(labels) as labels_serialized,                 value,                 help,                 type             FROM (                 SELECT   \'ClickHouse_CustomMetric_TotalMemoryUsedByDictionaries\' AS name,   toFloat64(SUM(bytes_al
2026-08-01 18:52:59	2	59	472	1	             SELECT                 name,                 toJSONString(labels) as labels_serialized,                 value,                 help,                 type             FROM (                 SELECT   \'ClickHouse_CustomMetric_TotalMemoryUsedByDataSkippingIndices\' AS name,   toFloat64(SUM(d
2026-08-01 18:52:59	3	6	213	0	             SELECT                 name,                 toJSONString(labels) as labels_serialized,                 value,                 help,                 type             FROM (                 SELECT   \'ClickHouse_CustomMetric_SharedCatalogRecoveryTime\' as name,   toFloat64(recovery_time) a
2026-08-01 18:53:02	4	1	5438	1	SELECT count() FROM system.processes WHERE (initial_user NOT IN _CAST([\'backups-internal\', \'management-internal\', \'monitoring-internal\', \'observability-internal\', \'operator-internal\', \'prometheus-exporter\', \'prometheus-internal\', \'operator-cert-internal\', \'availability-monitoring-internal\', \'\'], \'Ar
2026-08-01 18:53:02	3	117	1639	1	SELECT countIf(database = \'system\') as systemParts, countIf(database != \'system\') as nonSystemParts FROM system.parts where active
2026-08-01 18:53:02	2	0	0	1	SELECT countIf(database = \'system\') as systemMerges, countIf(database != \'system\') as nonSystemMerges FROM system.merges
2026-08-01 18:53:09	3	0	0	0	             SELECT                 name,                 toJSONString(labels) as labels_serialized,                 value,                 help,                 type             FROM (                 SELECT   \'ClickHouse_CustomMetric_FailedMutations\' as name,   toFloat64(count()) as value,   \'The 
2026-08-01 18:53:10	8	140	34253	140	SELECT             name,             value,             help,             JSONExtract(labels_serialized, \'Map(String, String)\') as labels,             type         FROM merge(system, \'^_custom_metrics_dictionary_.*\')         FORMAT Prometheus
2026-08-01 18:53:12	16	211	2954	1	SELECT avg(ProfileEvent_OSCPUWaitMicroseconds) as cpu_wait FROM  system.metric_log  WHERE event_time > now() - INTERVAL 2 MINUTE AND event_date >= yesterday()
2026-08-01 18:53:12	4	2	10208	2	SELECT count() as count, sum(elapsed) as total_elapsed, \'lh\' as usr FROM system.processes  WHERE user = \'observability-internal\' AND client_hostname LIKE \'loghouse-scraper%\'  UNION ALL SELECT count() as count, sum(elapsed) as total_elapsed, \'other\' as usr FROM system.processes  WHERE user != \'observ
2026-08-01 18:53:12	2	876	366590	1	SELECT value FROM system.asynchronous_metrics WHERE metric = \'OSMemoryAvailable\' ;
2026-08-01 18:53:12	4	2	12834	1	SELECT count() FROM system.processes WHERE (initial_user NOT IN _CAST([\'backups-internal\', \'management-internal\', \'monitoring-internal\', \'observability-internal\', \'operator-internal\', \'prometheus-exporter\', \'prometheus-internal\', \'operator-cert-internal\', \'availability-monitoring-internal\', \'\'], \'Ar
2026-08-01 18:53:12	3	117	1639	1	SELECT countIf(database = \'system\') as systemParts, countIf(database != \'system\') as nonSystemParts FROM system.parts where active
2026-08-01 18:53:12	31	3156	592776	123	SELECT CAST(\'0fc3eaab-fbcb-4533-8825-9be9faaea781\', \'UUID\') AS instance_id, CAST(\'c-boneaws-al-46-server-j62zx3k-0\', \'LowCardinality(String)\') AS node_id, CAST(name, \'LowCardinality(String)\') AS metric, CAST(mapFilter((k, v) -> has(_CAST([\'remote\'], \'Array(String)\'), k), labels), \'Map(LowCardinality
2026-08-01 18:53:12	2	0	0	1	SELECT countIf(database = \'system\') as systemMerges, countIf(database != \'system\') as nonSystemMerges FROM system.merges
2026-08-01 18:53:14	2	6	2128	6	             SELECT                 name,                 toJSONString(labels) as labels_serialized,                 value,                 help,                 type             FROM (                 SELECT   concat(\'clickhouse_\', system.dimensional_metrics.metric) AS name,   toFloat64(system.dime
2026-08-01 18:53:19	3	0	0	0	             SELECT                 name,                 toJSONString(labels) as labels_serialized,                 value,                 help,                 type             FROM (                 SELECT   \'ClickHouse_CustomMetric_FailedMutations\' as name,   toFloat64(count()) as value,   \'The 
2026-08-01 18:53:19	3	6	213	0	             SELECT                 name,                 toJSONString(labels) as labels_serialized,                 value,                 help,                 type             FROM (                 SELECT   \'ClickHouse_CustomMetric_DatabaseReplicatedRecoveryTime\' as name,   toFloat64(recovery_ti
2026-08-01 18:53:20	7	140	34253	140	SELECT             name,             value,             help,             JSONExtract(labels_serialized, \'Map(String, String)\') as labels,             type         FROM merge(system, \'^_custom_metrics_dictionary_.*\')         FORMAT Prometheus
2026-08-01 18:53:22	3	1	5438	1	SELECT count() FROM system.processes WHERE (initial_user NOT IN _CAST([\'backups-internal\', \'management-internal\', \'monitoring-internal\', \'observability-internal\', \'operator-internal\', \'prometheus-exporter\', \'prometheus-internal\', \'operator-cert-internal\', \'availability-monitoring-internal\', \'\'], \'Ar
2026-08-01 18:53:22	2	114	1594	1	SELECT countIf(database = \'system\') as systemParts, countIf(database != \'system\') as nonSystemParts FROM system.parts where active
2026-08-01 18:53:22	2	0	0	1	SELECT countIf(database = \'system\') as systemMerges, countIf(database != \'system\') as nonSystemMerges FROM system.merges
2026-08-01 18:53:24	7	140	34253	140	SELECT             name,             value,             help,             JSONExtract(labels_serialized, \'Map(String, String)\') as labels,             type         FROM merge(system, \'^_custom_metrics_dictionary_.*\')         FORMAT Prometheus
2026-08-01 18:53:24	2	1	5022	1	             SELECT                 name,                 toJSONString(labels) as labels_serialized,                 value,                 help,                 type             FROM (                 SELECT   \'ClickHouse_CustomMetric_TotalMemoryUsedByQueries\' AS name,   toFloat64(SUM(peak_memory_u
2026-08-01 18:53:29	3	14	9020	0	             SELECT                 name,                 toJSONString(labels) as labels_serialized,                 value,                 help,                 type             FROM (                 SELECT   \'clickhouse_table_replica_readonly_start_timestamp_seconds\' as name,   toFloat64(toUnixTi
2026-08-01 18:53:32	3	2	12834	1	SELECT count() FROM system.processes WHERE (initial_user NOT IN _CAST([\'backups-internal\', \'management-internal\', \'monitoring-internal\', \'observability-internal\', \'operator-internal\', \'prometheus-exporter\', \'prometheus-internal\', \'operator-cert-internal\', \'availability-monitoring-internal\', \'\'], \'Ar
2026-08-01 18:53:32	27	3155	592633	123	SELECT CAST(\'0fc3eaab-fbcb-4533-8825-9be9faaea781\', \'UUID\') AS instance_id, CAST(\'c-boneaws-al-46-server-j62zx3k-0\', \'LowCardinality(String)\') AS node_id, CAST(name, \'LowCardinality(String)\') AS metric, CAST(mapFilter((k, v) -> has(_CAST([\'remote\'], \'Array(String)\'), k), labels), \'Map(LowCardinality
2026-08-01 18:53:32	2	121	1699	1	SELECT countIf(database = \'system\') as systemParts, countIf(database != \'system\') as nonSystemParts FROM system.parts where active
2026-08-01 18:53:32	2	0	0	1	SELECT countIf(database = \'system\') as systemMerges, countIf(database != \'system\') as nonSystemMerges FROM system.merges
2026-08-01 18:53:34	2	0	0	1	             SELECT                 name,                 toJSONString(labels) as labels_serialized,                 value,                 help,                 type             FROM (                 SELECT   \'ClickHouse_CustomMetric_TotalMemoryUsedByAsynchronousInserts\' AS name,   toFloat64(SUM(t
2026-08-01 18:53:37	3	0	0	0	SELECT now64(6) as scrape_time_microseconds, \'j62zx3k\' AS pod_ident, \'boneaws-al-46\' AS spoken_name, \'cell-1\' AS cell, \'ap-south-1\' AS region, \'aws\' AS cloud_provider, \'26.2.1.525\' AS clickhouse_version, \'0fc3eaab-fbcb-4533-8825-9be9faaea781\' AS control_plane_id, \'aarch64\' AS system_processor, * FRO
2026-08-01 18:53:38	5	0	0	0	SELECT now64(6) as scrape_time_microseconds, \'j62zx3k\' AS pod_ident, \'boneaws-al-46\' AS spoken_name, \'cell-1\' AS cell, \'ap-south-1\' AS region, \'aws\' AS cloud_provider, \'26.2.1.525\' AS clickhouse_version, \'0fc3eaab-fbcb-4533-8825-9be9faaea781\' AS control_plane_id, \'aarch64\' AS system_processor, * FRO
2026-08-01 18:53:38	17	17044	4095370	4760	SELECT now64(6) as scrape_time_microseconds, \'j62zx3k\' AS pod_ident, \'boneaws-al-46\' AS spoken_name, \'cell-1\' AS cell, \'ap-south-1\' AS region, \'aws\' AS cloud_provider, \'26.2.1.525\' AS clickhouse_version, \'0fc3eaab-fbcb-4533-8825-9be9faaea781\' AS control_plane_id, \'aarch64\' AS system_processor, * FRO
2026-08-01 18:53:39	4	0	0	0	SELECT now64(6) as scrape_time_microseconds, \'j62zx3k\' AS pod_ident, \'boneaws-al-46\' AS spoken_name, \'cell-1\' AS cell, \'ap-south-1\' AS region, \'aws\' AS cloud_provider, \'26.2.1.525\' AS clickhouse_version, \'0fc3eaab-fbcb-4533-8825-9be9faaea781\' AS control_plane_id, \'aarch64\' AS system_processor, * FRO
2026-08-01 18:53:39	20	19262	4901078	10574	SELECT now64(6) as scrape_time_microseconds, \'j62zx3k\' AS pod_ident, \'boneaws-al-46\' AS spoken_name, \'cell-1\' AS cell, \'ap-south-1\' AS region, \'aws\' AS cloud_provider, \'26.2.1.525\' AS clickhouse_version, \'0fc3eaab-fbcb-4533-8825-9be9faaea781\' AS control_plane_id, \'aarch64\' AS system_processor, * FRO
2026-08-01 18:53:40	4	0	0	0	SELECT now64(6) as scrape_time_microseconds, \'j62zx3k\' AS pod_ident, \'boneaws-al-46\' AS spoken_name, \'cell-1\' AS cell, \'ap-south-1\' AS region, \'aws\' AS cloud_provider, \'26.2.1.525\' AS clickhouse_version, \'0fc3eaab-fbcb-4533-8825-9be9faaea781\' AS control_plane_id, \'aarch64\' AS system_processor, * FRO
2026-08-01 18:53:40	30	4227	7771587	326	SELECT now64(6) as scrape_time_microseconds, \'j62zx3k\' AS pod_ident, \'boneaws-al-46\' AS spoken_name, \'cell-1\' AS cell, \'ap-south-1\' AS region, \'aws\' AS cloud_provider, \'26.2.1.525\' AS clickhouse_version, \'0fc3eaab-fbcb-4533-8825-9be9faaea781\' AS control_plane_id, \'aarch64\' AS system_processor, * FRO
2026-08-01 18:53:40	6	133	32665	133	SELECT             name,             value,             help,             JSONExtract(labels_serialized, \'Map(String, String)\') as labels,             type         FROM merge(system, \'^_custom_metrics_dictionary_.*\')         FORMAT Prometheus
2026-08-01 18:53:41	3	0	0	0	SELECT now64(6) as scrape_time_microseconds, \'j62zx3k\' AS pod_ident, \'boneaws-al-46\' AS spoken_name, \'cell-1\' AS cell, \'ap-south-1\' AS region, \'aws\' AS cloud_provider, \'26.2.1.525\' AS clickhouse_version, \'0fc3eaab-fbcb-4533-8825-9be9faaea781\' AS control_plane_id, \'aarch64\' AS system_processor, * FRO
2026-08-01 18:53:41	191	791	2179544	120	SELECT now64(6) as scrape_time_microseconds, \'j62zx3k\' AS pod_ident, \'boneaws-al-46\' AS spoken_name, \'cell-1\' AS cell, \'ap-south-1\' AS region, \'aws\' AS cloud_provider, \'26.2.1.525\' AS clickhouse_version, \'0fc3eaab-fbcb-4533-8825-9be9faaea781\' AS control_plane_id, \'aarch64\' AS system_processor, * FRO
2026-08-01 18:53:42	4	0	0	0	SELECT now64(6) as scrape_time_microseconds, \'j62zx3k\' AS pod_ident, \'boneaws-al-46\' AS spoken_name, \'cell-1\' AS cell, \'ap-south-1\' AS region, \'aws\' AS cloud_provider, \'26.2.1.525\' AS clickhouse_version, \'0fc3eaab-fbcb-4533-8825-9be9faaea781\' AS control_plane_id, \'aarch64\' AS system_processor, * FRO
2026-08-01 18:53:42	16	241	3151	1	SELECT avg(ProfileEvent_OSCPUWaitMicroseconds) as cpu_wait FROM  system.metric_log  WHERE event_time > now() - INTERVAL 2 MINUTE AND event_date >= yesterday()
2026-08-01 18:53:42	5	2	10208	2	SELECT count() as count, sum(elapsed) as total_elapsed, \'lh\' as usr FROM system.processes  WHERE user = \'observability-internal\' AND client_hostname LIKE \'loghouse-scraper%\'  UNION ALL SELECT count() as count, sum(elapsed) as total_elapsed, \'other\' as usr FROM system.processes  WHERE user != \'observ
2026-08-01 18:53:42	1	875	366447	1	SELECT value FROM system.asynchronous_metrics WHERE metric = \'OSMemoryAvailable\' ;
2026-08-01 18:53:42	3	1	5438	1	SELECT count() FROM system.processes WHERE (initial_user NOT IN _CAST([\'backups-internal\', \'management-internal\', \'monitoring-internal\', \'observability-internal\', \'operator-internal\', \'prometheus-exporter\', \'prometheus-internal\', \'operator-cert-internal\', \'availability-monitoring-internal\', \'\'], \'Ar
2026-08-01 18:53:42	2	126	1774	1	SELECT countIf(database = \'system\') as systemParts, countIf(database != \'system\') as nonSystemParts FROM system.parts where active
2026-08-01 18:53:42	2	0	0	1	SELECT countIf(database = \'system\') as systemMerges, countIf(database != \'system\') as nonSystemMerges FROM system.merges
2026-08-01 18:53:44	4	0	0	0	SELECT now64(6) as scrape_time_microseconds, \'j62zx3k\' AS pod_ident, \'boneaws-al-46\' AS spoken_name, \'cell-1\' AS cell, \'ap-south-1\' AS region, \'aws\' AS cloud_provider, \'26.2.1.525\' AS clickhouse_version, \'0fc3eaab-fbcb-4533-8825-9be9faaea781\' AS control_plane_id, \'aarch64\' AS system_processor, * FRO
2026-08-01 18:53:44	2	6	2128	6	             SELECT                 name,                 toJSONString(labels) as labels_serialized,                 value,                 help,                 type             FROM (                 SELECT   concat(\'clickhouse_\', system.dimensional_metrics.metric) AS name,   toFloat64(system.dime
2026-08-01 18:53:44	2	0	0	1	             SELECT                 name,                 toJSONString(labels) as labels_serialized,                 value,                 help,                 type             FROM (                 SELECT   \'ClickHouse_CustomMetric_TotalMemoryUsedByMerges\' AS name,   toFloat64(SUM(memory_usage))
2026-08-01 18:53:44	2	0	0	0	             SELECT                 name,                 toJSONString(labels) as labels_serialized,                 value,                 help,                 type             FROM (                 SELECT   \'ClickHouse_CustomMetric_FailedMutations\' as name,   toFloat64(count()) as value,   \'The 
2026-08-01 18:53:44	2	15	1013	15	             SELECT                 name,                 toJSONString(labels) as labels_serialized,                 value,                 help,                 type             FROM (                 SELECT     \'ClickHouse_MetricsCollection_CustomMetricsSystemTable\' AS name,     toFloat64(1) AS va
2026-08-01 18:53:45	3	0	0	0	SELECT now64(6) as scrape_time_microseconds, \'j62zx3k\' AS pod_ident, \'boneaws-al-46\' AS spoken_name, \'cell-1\' AS cell, \'ap-south-1\' AS region, \'aws\' AS cloud_provider, \'26.2.1.525\' AS clickhouse_version, \'0fc3eaab-fbcb-4533-8825-9be9faaea781\' AS control_plane_id, \'aarch64\' AS system_processor, * FRO
2026-08-01 18:53:45	8	4042	1173144	351	SELECT now64(6) as scrape_time_microseconds, \'j62zx3k\' AS pod_ident, \'boneaws-al-46\' AS spoken_name, \'cell-1\' AS cell, \'ap-south-1\' AS region, \'aws\' AS cloud_provider, \'26.2.1.525\' AS clickhouse_version, \'0fc3eaab-fbcb-4533-8825-9be9faaea781\' AS control_plane_id, \'aarch64\' AS system_processor, * FRO
2026-08-01 18:53:45	17	8210	4375552	170	SELECT now64(6) as scrape_time_microseconds, \'j62zx3k\' AS pod_ident, \'boneaws-al-46\' AS spoken_name, \'cell-1\' AS cell, \'ap-south-1\' AS region, \'aws\' AS cloud_provider, \'26.2.1.525\' AS clickhouse_version, \'0fc3eaab-fbcb-4533-8825-9be9faaea781\' AS control_plane_id, \'aarch64\' AS system_processor, * FRO
2026-08-01 18:53:45	82	1153421	18499180	106437	SELECT now64(6) as scrape_time_microseconds, \'j62zx3k\' AS pod_ident, \'boneaws-al-46\' AS spoken_name, \'cell-1\' AS cell, \'ap-south-1\' AS region, \'aws\' AS cloud_provider, \'26.2.1.525\' AS clickhouse_version, \'0fc3eaab-fbcb-4533-8825-9be9faaea781\' AS control_plane_id, \'aarch64\' AS system_processor, * FRO
2026-08-01 18:53:46	4	0	0	0	SELECT now64(6) as scrape_time_microseconds, \'j62zx3k\' AS pod_ident, \'boneaws-al-46\' AS spoken_name, \'cell-1\' AS cell, \'ap-south-1\' AS region, \'aws\' AS cloud_provider, \'26.2.1.525\' AS clickhouse_version, \'0fc3eaab-fbcb-4533-8825-9be9faaea781\' AS control_plane_id, \'aarch64\' AS system_processor, * FRO
2026-08-01 18:53:46	22	25263	5645648	17210	SELECT now64(6) as scrape_time_microseconds, \'j62zx3k\' AS pod_ident, \'boneaws-al-46\' AS spoken_name, \'cell-1\' AS cell, \'ap-south-1\' AS region, \'aws\' AS cloud_provider, \'26.2.1.525\' AS clickhouse_version, \'0fc3eaab-fbcb-4533-8825-9be9faaea781\' AS control_plane_id, \'aarch64\' AS system_processor, * FRO
2026-08-01 18:53:47	3	0	0	0	SELECT now64(6) as scrape_time_microseconds, \'j62zx3k\' AS pod_ident, \'boneaws-al-46\' AS spoken_name, \'cell-1\' AS cell, \'ap-south-1\' AS region, \'aws\' AS cloud_provider, \'26.2.1.525\' AS clickhouse_version, \'0fc3eaab-fbcb-4533-8825-9be9faaea781\' AS control_plane_id, \'aarch64\' AS system_processor, * FRO
2026-08-01 18:53:48	94	79	316	0	SELECT now64(6) as scrape_time_microseconds, \'j62zx3k\' AS pod_ident, \'boneaws-al-46\' AS spoken_name, \'cell-1\' AS cell, \'ap-south-1\' AS region, \'aws\' AS cloud_provider, \'26.2.1.525\' AS clickhouse_version, \'0fc3eaab-fbcb-4533-8825-9be9faaea781\' AS control_plane_id, \'aarch64\' AS system_processor, * FRO
2026-08-01 18:53:49	4	6	213	0	             SELECT                 name,                 toJSONString(labels) as labels_serialized,                 value,                 help,                 type             FROM (                 SELECT   \'ClickHouse_CustomMetric_DatabaseReplicatedRecoveryTime\' as name,   toFloat64(recovery_ti
2026-08-01 18:53:50	7	133	32665	133	SELECT             name,             value,             help,             JSONExtract(labels_serialized, \'Map(String, String)\') as labels,             type         FROM merge(system, \'^_custom_metrics_dictionary_.*\')         FORMAT Prometheus
2026-08-01 18:53:52	3	2	12834	1	SELECT count() FROM system.processes WHERE (initial_user NOT IN _CAST([\'backups-internal\', \'management-internal\', \'monitoring-internal\', \'observability-internal\', \'operator-internal\', \'prometheus-exporter\', \'prometheus-internal\', \'operator-cert-internal\', \'availability-monitoring-internal\', \'\'], \'Ar
2026-08-01 18:53:52	2	123	1729	1	SELECT countIf(database = \'system\') as systemParts, countIf(database != \'system\') as nonSystemParts FROM system.parts where active
2026-08-01 18:53:52	28	3148	591701	123	SELECT CAST(\'0fc3eaab-fbcb-4533-8825-9be9faaea781\', \'UUID\') AS instance_id, CAST(\'c-boneaws-al-46-server-j62zx3k-0\', \'LowCardinality(String)\') AS node_id, CAST(name, \'LowCardinality(String)\') AS metric, CAST(mapFilter((k, v) -> has(_CAST([\'remote\'], \'Array(String)\'), k), labels), \'Map(LowCardinality
2026-08-01 18:53:52	2	0	0	1	SELECT countIf(database = \'system\') as systemMerges, countIf(database != \'system\') as nonSystemMerges FROM system.merges
2026-08-01 18:53:53	9	8211	938569	1928	SELECT now64(6) as scrape_time_microseconds, \'j62zx3k\' AS pod_ident, \'boneaws-al-46\' AS spoken_name, \'cell-1\' AS cell, \'ap-south-1\' AS region, \'aws\' AS cloud_provider, \'26.2.1.525\' AS clickhouse_version, \'0fc3eaab-fbcb-4533-8825-9be9faaea781\' AS control_plane_id, \'aarch64\' AS system_processor, * FRO
2026-08-01 18:53:53	2	316	114923	1	SELECT count(*) FROM system.shared_merge_tree_settings
2026-08-01 18:53:54	4	0	0	0	SELECT now64(6) as scrape_time_microseconds, \'j62zx3k\' AS pod_ident, \'boneaws-al-46\' AS spoken_name, \'cell-1\' AS cell, \'ap-south-1\' AS region, \'aws\' AS cloud_provider, \'26.2.1.525\' AS clickhouse_version, \'0fc3eaab-fbcb-4533-8825-9be9faaea781\' AS control_plane_id, \'aarch64\' AS system_processor, * FRO
2026-08-01 18:53:54	7	133	32665	133	SELECT             name,             value,             help,             JSONExtract(labels_serialized, \'Map(String, String)\') as labels,             type         FROM merge(system, \'^_custom_metrics_dictionary_.*\')         FORMAT Prometheus
2026-08-01 18:53:54	2	0	0	0	             SELECT                 name,                 toJSONString(labels) as labels_serialized,                 value,                 help,                 type             FROM (                 SELECT   \'ClickHouse_CustomMetric_FailedMutations\' as name,   toFloat64(count()) as value,   \'The 
2026-08-01 18:53:54	2	59	472	1	             SELECT                 name,                 toJSONString(labels) as labels_serialized,                 value,                 help,                 type             FROM (                 SELECT   \'ClickHouse_CustomMetric_TotalMemoryUsedByDataSkippingIndices\' AS name,   toFloat64(SUM(d
2026-08-01 18:53:54	2	13	6340	1	             SELECT                 name,                 toJSONString(labels) as labels_serialized,                 value,                 help,                 type             FROM (                 SELECT   \'ClickHouse_CustomMetric_TotalMemoryUsedByDictionaries\' AS name,   toFloat64(SUM(bytes_al
2026-08-01 18:53:54	3	6	213	0	             SELECT                 name,                 toJSONString(labels) as labels_serialized,                 value,                 help,                 type             FROM (                 SELECT   \'ClickHouse_CustomMetric_SharedCatalogRecoveryTime\' as name,   toFloat64(recovery_time) a
2026-08-01 18:53:59	2	0	0	1	             SELECT                 name,                 toJSONString(labels) as labels_serialized,                 value,                 help,                 type             FROM (                 SELECT   \'ClickHouse_CustomMetric_TotalMemoryUsedByAsynchronousInserts\' AS name,   toFloat64(SUM(t
2026-08-01 18:53:59	4	6	213	0	             SELECT                 name,                 toJSONString(labels) as labels_serialized,                 value,                 help,                 type             FROM (                 SELECT   \'ClickHouse_CustomMetric_SharedCatalogRecoveryTime\' as name,   toFloat64(recovery_time) a
2026-08-01 18:54:02	4	1	5438	1	SELECT count() FROM system.processes WHERE (initial_user NOT IN _CAST([\'backups-internal\', \'management-internal\', \'monitoring-internal\', \'observability-internal\', \'operator-internal\', \'prometheus-exporter\', \'prometheus-internal\', \'operator-cert-internal\', \'availability-monitoring-internal\', \'\'], \'Ar
2026-08-01 18:54:02	3	124	1744	1	SELECT countIf(database = \'system\') as systemParts, countIf(database != \'system\') as nonSystemParts FROM system.parts where active
2026-08-01 18:54:02	2	0	0	1	SELECT countIf(database = \'system\') as systemMerges, countIf(database != \'system\') as nonSystemMerges FROM system.merges
2026-08-01 18:54:04	2	6	2128	6	             SELECT                 name,                 toJSONString(labels) as labels_serialized,                 value,                 help,                 type             FROM (                 SELECT   concat(\'clickhouse_\', system.dimensional_metrics.metric) AS name,   toFloat64(system.dime
2026-08-01 18:54:08	8	6201	6201	1	SELECT count(*) FROM system.columns
2026-08-01 18:54:09	8	1486	935215	63	SELECT now64(6) as scrape_time_microseconds, \'j62zx3k\' AS pod_ident, \'boneaws-al-46\' AS spoken_name, \'cell-1\' AS cell, \'ap-south-1\' AS region, \'aws\' AS cloud_provider, \'26.2.1.525\' AS clickhouse_version, \'0fc3eaab-fbcb-4533-8825-9be9faaea781\' AS control_plane_id, \'aarch64\' AS system_processor, * FRO
2026-08-01 18:54:09	3	15	1013	15	             SELECT                 name,                 toJSONString(labels) as labels_serialized,                 value,                 help,                 type             FROM (                 SELECT     \'ClickHouse_MetricsCollection_CustomMetricsSystemTable\' AS name,     toFloat64(1) AS va
2026-08-01 18:54:10	7	133	32665	133	SELECT             name,             value,             help,             JSONExtract(labels_serialized, \'Map(String, String)\') as labels,             type         FROM merge(system, \'^_custom_metrics_dictionary_.*\')         FORMAT Prometheus
2026-08-01 18:54:12	17	271	3571	1	SELECT avg(ProfileEvent_OSCPUWaitMicroseconds) as cpu_wait FROM  system.metric_log  WHERE event_time > now() - INTERVAL 2 MINUTE AND event_date >= yesterday()
2026-08-01 18:54:12	5	2	10208	2	SELECT count() as count, sum(elapsed) as total_elapsed, \'lh\' as usr FROM system.processes  WHERE user = \'observability-internal\' AND client_hostname LIKE \'loghouse-scraper%\'  UNION ALL SELECT count() as count, sum(elapsed) as total_elapsed, \'other\' as usr FROM system.processes  WHERE user != \'observ
2026-08-01 18:54:12	3	876	366590	1	SELECT value FROM system.asynchronous_metrics WHERE metric = \'OSMemoryAvailable\' ;
2026-08-01 18:54:12	2	316	114925	1	SELECT count(*) FROM system.merge_tree_settings
2026-08-01 18:54:12	3	2	12834	1	SELECT count() FROM system.processes WHERE (initial_user NOT IN _CAST([\'backups-internal\', \'management-internal\', \'monitoring-internal\', \'observability-internal\', \'operator-internal\', \'prometheus-exporter\', \'prometheus-internal\', \'operator-cert-internal\', \'availability-monitoring-internal\', \'\'], \'Ar
2026-08-01 18:54:12	26	3149	591844	123	SELECT CAST(\'0fc3eaab-fbcb-4533-8825-9be9faaea781\', \'UUID\') AS instance_id, CAST(\'c-boneaws-al-46-server-j62zx3k-0\', \'LowCardinality(String)\') AS node_id, CAST(name, \'LowCardinality(String)\') AS metric, CAST(mapFilter((k, v) -> has(_CAST([\'remote\'], \'Array(String)\'), k), labels), \'Map(LowCardinality
2026-08-01 18:54:12	2	124	1744	1	SELECT countIf(database = \'system\') as systemParts, countIf(database != \'system\') as nonSystemParts FROM system.parts where active
2026-08-01 18:54:12	2	0	0	1	SELECT countIf(database = \'system\') as systemMerges, countIf(database != \'system\') as nonSystemMerges FROM system.merges
2026-08-01 18:54:14	2	0	0	1	             SELECT                 name,                 toJSONString(labels) as labels_serialized,                 value,                 help,                 type             FROM (                 SELECT   \'ClickHouse_CustomMetric_TotalMemoryUsedByAsynchronousInserts\' AS name,   toFloat64(SUM(t
2026-08-01 18:54:14	2	13	6340	1	             SELECT                 name,                 toJSONString(labels) as labels_serialized,                 value,                 help,                 type             FROM (                 SELECT   \'ClickHouse_CustomMetric_TotalMemoryUsedByDictionaries\' AS name,   toFloat64(SUM(bytes_al
2026-08-01 18:54:19	3	2	6348	1	             SELECT                 name,                 toJSONString(labels) as labels_serialized,                 value,                 help,                 type             FROM (                 SELECT   \'ClickHouse_CustomMetric_TotalMemoryUsedByQueries\' AS name,   toFloat64(SUM(peak_memory_u
2026-08-01 18:54:19	4	6	213	0	             SELECT                 name,                 toJSONString(labels) as labels_serialized,                 value,                 help,                 type             FROM (                 SELECT   \'ClickHouse_CustomMetric_SharedCatalogRecoveryTime\' as name,   toFloat64(recovery_time) a
2026-08-01 18:54:20	7	133	32665	133	SELECT             name,             value,             help,             JSONExtract(labels_serialized, \'Map(String, String)\') as labels,             type         FROM merge(system, \'^_custom_metrics_dictionary_.*\')         FORMAT Prometheus
2026-08-01 18:54:22	3	1	5438	1	SELECT count() FROM system.processes WHERE (initial_user NOT IN _CAST([\'backups-internal\', \'management-internal\', \'monitoring-internal\', \'observability-internal\', \'operator-internal\', \'prometheus-exporter\', \'prometheus-internal\', \'operator-cert-internal\', \'availability-monitoring-internal\', \'\'], \'Ar
2026-08-01 18:54:22	3	126	1774	1	SELECT countIf(database = \'system\') as systemParts, countIf(database != \'system\') as nonSystemParts FROM system.parts where active
2026-08-01 18:54:22	2	0	0	1	SELECT countIf(database = \'system\') as systemMerges, countIf(database != \'system\') as nonSystemMerges FROM system.merges
2026-08-01 18:54:24	7	133	32665	133	SELECT             name,             value,             help,             JSONExtract(labels_serialized, \'Map(String, String)\') as labels,             type         FROM merge(system, \'^_custom_metrics_dictionary_.*\')         FORMAT Prometheus
2026-08-01 18:54:29	4	14	9020	0	             SELECT                 name,                 toJSONString(labels) as labels_serialized,                 value,                 help,                 type             FROM (                 SELECT   \'clickhouse_table_replica_readonly_start_timestamp_seconds\' as name,   toFloat64(toUnixTi
2026-08-01 18:54:32	6	0	0	0	WITH source AS (SELECT [\'matview_execution_total\', if(exception_code != 0, \'matview_execution_fail\', \'\')] AS metrics, event_time AS ts FROM system.query_views_log WHERE (status != \'QueryStart\') AND (event_date >= toDate(_CAST(\'1785610317.833\', \'DateTime64\'))) AND (event_time >= toDateTime(_CAST(\'178
2026-08-01 18:54:32	5	378	114440	5	WITH metrics AS (SELECT name AS metric, toFloat64(value) AS val, now() AS ts FROM system.server_settings WHERE multiMatchAny(name, _CAST([\'^max_database_num_to_throw$\', \'^max_database_num_to_warn$\', \'^max_table_num_to_throw$\', \'^max_table_num_to_warn$\', \'^max_concurrent_queries$\'], \'Array(String)\'))
2026-08-01 18:54:32	11	388	5806	15	WITH metrics AS (SELECT multiIf((event_type = \'MergeParts\') AND (error = 0), \'merges_finished\', (event_type = \'MergeParts\') AND (error != 0), \'merges_failed\', (event_type = \'MutatePart\') AND (error = 0), \'mutate_part_finished\', (event_type = \'MutatePart\') AND (error != 0), \'mutate_part_failed\', NULL
2026-08-01 18:54:32	11	128789	2037843	1560	SELECT CAST(\'0fc3eaab-fbcb-4533-8825-9be9faaea781\', \'UUID\') AS control_plane_id, CAST(\'c-boneaws-al-46-server-j62zx3k-0\', \'LowCardinality(String)\') AS pod_id, CAST(now64(), \'DateTime64(6)\') AS scrape_ts_microseconds, CAST(event_date, \'Date\') AS event_date, CAST(event_time, \'DateTime\') AS event_time,
2026-08-01 18:54:32	3	7	37159	1	SELECT count() FROM system.processes WHERE (initial_user NOT IN _CAST([\'backups-internal\', \'management-internal\', \'monitoring-internal\', \'observability-internal\', \'operator-internal\', \'prometheus-exporter\', \'prometheus-internal\', \'operator-cert-internal\', \'availability-monitoring-internal\', \'\'], \'Ar
2026-08-01 18:54:32	27	3149	591844	123	SELECT CAST(\'0fc3eaab-fbcb-4533-8825-9be9faaea781\', \'UUID\') AS instance_id, CAST(\'c-boneaws-al-46-server-j62zx3k-0\', \'LowCardinality(String)\') AS node_id, CAST(name, \'LowCardinality(String)\') AS metric, CAST(mapFilter((k, v) -> has(_CAST([\'remote\'], \'Array(String)\'), k), labels), \'Map(LowCardinality
2026-08-01 18:54:32	58	271	81275	120	SELECT CAST(\'0fc3eaab-fbcb-4533-8825-9be9faaea781\', \'UUID\') AS control_plane_id, CAST(\'c-boneaws-al-46-server-j62zx3k-0\', \'LowCardinality(String)\') AS pod_id, CAST(now64(), \'DateTime64(6)\') AS scrape_ts_microseconds, CAST(event_date, \'Date\') AS event_date, CAST(event_time, \'DateTime\') AS event_time,
2026-08-01 18:54:33	164	814	223491	18	WITH parts_agg AS (SELECT database AS agg_database, `table` AS agg_table, SUM(primary_key_size) AS primary_index_size, SUM(secondary_indices_compressed_bytes) AS secondary_index_size FROM system.parts WHERE active AND (database != \'system\') GROUP BY database, `table`), proj_agg AS (SELECT database A
2026-08-01 18:54:33	154	124	1744	1	SELECT countIf(database = \'system\') as systemParts, countIf(database != \'system\') as nonSystemParts FROM system.parts where active
2026-08-01 18:54:33	182	0	0	1	WITH failed_mutations AS (SELECT toDateTime(create_time) AS ts, count() AS val FROM system.mutations WHERE (ts > toDateTime(_CAST(\'1785610317.833\', \'DateTime64\'))) AND (ts <= toDateTime(_CAST(\'1785610437.833\', \'DateTime64\'))) AND (latest_failed_part != \'\') AND (is_done = 0) GROUP BY ts), failed_muta
2026-08-01 18:54:33	2	0	0	1	SELECT countIf(database = \'system\') as systemMerges, countIf(database != \'system\') as nonSystemMerges FROM system.merges
2026-08-01 18:54:34	3	14	9020	0	             SELECT                 name,                 toJSONString(labels) as labels_serialized,                 value,                 help,                 type             FROM (                 SELECT   \'clickhouse_table_replica_readonly_start_timestamp_seconds\' as name,   toFloat64(toUnixTi
2026-08-01 18:54:39	3	14	9020	0	             SELECT                 name,                 toJSONString(labels) as labels_serialized,                 value,                 help,                 type             FROM (                 SELECT   \'clickhouse_table_replica_readonly_start_timestamp_seconds\' as name,   toFloat64(toUnixTi
2026-08-01 18:54:39	3	6	213	0	             SELECT                 name,                 toJSONString(labels) as labels_serialized,                 value,                 help,                 type             FROM (                 SELECT   \'ClickHouse_CustomMetric_DatabaseReplicatedRecoveryTime\' as name,   toFloat64(recovery_ti
2026-08-01 18:54:40	6	133	32665	133	SELECT             name,             value,             help,             JSONExtract(labels_serialized, \'Map(String, String)\') as labels,             type         FROM merge(system, \'^_custom_metrics_dictionary_.*\')         FORMAT Prometheus
2026-08-01 18:54:42	14	121	1240	1	SELECT avg(ProfileEvent_OSCPUWaitMicroseconds) as cpu_wait FROM  system.metric_log  WHERE event_time > now() - INTERVAL 2 MINUTE AND event_date >= yesterday()
2026-08-01 18:54:42	3	2	10208	2	SELECT count() as count, sum(elapsed) as total_elapsed, \'lh\' as usr FROM system.processes  WHERE user = \'observability-internal\' AND client_hostname LIKE \'loghouse-scraper%\'  UNION ALL SELECT count() as count, sum(elapsed) as total_elapsed, \'other\' as usr FROM system.processes  WHERE user != \'observ
2026-08-01 18:54:42	1	876	366590	1	SELECT value FROM system.asynchronous_metrics WHERE metric = \'OSMemoryAvailable\' ;
2026-08-01 18:54:42	3	1	5438	1	SELECT count() FROM system.processes WHERE (initial_user NOT IN _CAST([\'backups-internal\', \'management-internal\', \'monitoring-internal\', \'observability-internal\', \'operator-internal\', \'prometheus-exporter\', \'prometheus-internal\', \'operator-cert-internal\', \'availability-monitoring-internal\', \'\'], \'Ar
2026-08-01 18:54:42	2	124	1744	1	SELECT countIf(database = \'system\') as systemParts, countIf(database != \'system\') as nonSystemParts FROM system.parts where active
2026-08-01 18:54:42	1	0	0	1	SELECT countIf(database = \'system\') as systemMerges, countIf(database != \'system\') as nonSystemMerges FROM system.merges
2026-08-01 18:54:44	1	0	0	1	             SELECT                 name,                 toJSONString(labels) as labels_serialized,                 value,                 help,                 type             FROM (                 SELECT   \'ClickHouse_CustomMetric_TotalMemoryUsedByMerges\' AS name,   toFloat64(SUM(memory_usage))
2026-08-01 18:54:44	2	3	7495	1	             SELECT                 name,                 toJSONString(labels) as labels_serialized,                 value,                 help,                 type             FROM (                 SELECT   \'ClickHouse_CustomMetric_TotalMemoryUsedByQueries\' AS name,   toFloat64(SUM(peak_memory_u
2026-08-01 18:54:44	2	59	472	1	             SELECT                 name,                 toJSONString(labels) as labels_serialized,                 value,                 help,                 type             FROM (                 SELECT   \'ClickHouse_CustomMetric_TotalMemoryUsedByDataSkippingIndices\' AS name,   toFloat64(SUM(d
2026-08-01 18:54:49	2	0	0	1	             SELECT                 name,                 toJSONString(labels) as labels_serialized,                 value,                 help,                 type             FROM (                 SELECT   \'ClickHouse_CustomMetric_TotalMemoryUsedByAsynchronousInserts\' AS name,   toFloat64(SUM(t
2026-08-01 18:54:49	2	13	6340	1	             SELECT                 name,                 toJSONString(labels) as labels_serialized,                 value,                 help,                 type             FROM (                 SELECT   \'ClickHouse_CustomMetric_TotalMemoryUsedByDictionaries\' AS name,   toFloat64(SUM(bytes_al
2026-08-01 18:54:49	3	6	213	0	             SELECT                 name,                 toJSONString(labels) as labels_serialized,                 value,                 help,                 type             FROM (                 SELECT   \'ClickHouse_CustomMetric_SharedCatalogRecoveryTime\' as name,   toFloat64(recovery_time) a
2026-08-01 18:54:50	1	1	1	1	SELECT displayName(), version(), revision(), timezone()
2026-08-01 18:54:50	6	133	32665	133	SELECT             name,             value,             help,             JSONExtract(labels_serialized, \'Map(String, String)\') as labels,             type         FROM merge(system, \'^_custom_metrics_dictionary_.*\')         FORMAT Prometheus
2026-08-01 18:54:51	1	1	1	1	SELECT 1;
2026-08-01 18:54:52	2	2	12834	1	SELECT count() FROM system.processes WHERE (initial_user NOT IN _CAST([\'backups-internal\', \'management-internal\', \'monitoring-internal\', \'observability-internal\', \'operator-internal\', \'prometheus-exporter\', \'prometheus-internal\', \'operator-cert-internal\', \'availability-monitoring-internal\', \'\'], \'Ar
2026-08-01 18:54:52	23	3149	591844	123	SELECT CAST(\'0fc3eaab-fbcb-4533-8825-9be9faaea781\', \'UUID\') AS instance_id, CAST(\'c-boneaws-al-46-server-j62zx3k-0\', \'LowCardinality(String)\') AS node_id, CAST(name, \'LowCardinality(String)\') AS metric, CAST(mapFilter((k, v) -> has(_CAST([\'remote\'], \'Array(String)\'), k), labels), \'Map(LowCardinality
2026-08-01 18:54:52	2	126	1774	1	SELECT countIf(database = \'system\') as systemParts, countIf(database != \'system\') as nonSystemParts FROM system.parts where active
2026-08-01 18:54:52	1	0	0	1	SELECT countIf(database = \'system\') as systemMerges, countIf(database != \'system\') as nonSystemMerges FROM system.merges
2026-08-01 18:54:54	6	133	32665	133	SELECT             name,             value,             help,             JSONExtract(labels_serialized, \'Map(String, String)\') as labels,             type         FROM merge(system, \'^_custom_metrics_dictionary_.*\')         FORMAT Prometheus
2026-08-01 18:54:54	2	0	0	0	             SELECT                 name,                 toJSONString(labels) as labels_serialized,                 value,                 help,                 type             FROM (                 SELECT   \'ClickHouse_CustomMetric_FailedMutations\' as name,   toFloat64(count()) as value,   \'The 
2026-08-01 18:54:59	1	6	2128	6	             SELECT                 name,                 toJSONString(labels) as labels_serialized,                 value,                 help,                 type             FROM (                 SELECT   concat(\'clickhouse_\', system.dimensional_metrics.metric) AS name,   toFloat64(system.dime
2026-08-01 18:55:02	2	1	5438	1	SELECT count() FROM system.processes WHERE (initial_user NOT IN _CAST([\'backups-internal\', \'management-internal\', \'monitoring-internal\', \'observability-internal\', \'operator-internal\', \'prometheus-exporter\', \'prometheus-internal\', \'operator-cert-internal\', \'availability-monitoring-internal\', \'\'], \'Ar
2026-08-01 18:55:02	7	126	1774	1	SELECT countIf(database = \'system\') as systemParts, countIf(database != \'system\') as nonSystemParts FROM system.parts where active
2026-08-01 18:55:02	1	1	1603	1	SELECT countIf(database = \'system\') as systemMerges, countIf(database != \'system\') as nonSystemMerges FROM system.merges
2026-08-01 18:55:04	2	15	1013	15	             SELECT                 name,                 toJSONString(labels) as labels_serialized,                 value,                 help,                 type             FROM (                 SELECT     \'ClickHouse_MetricsCollection_CustomMetricsSystemTable\' AS name,     toFloat64(1) AS va
2026-08-01 18:55:10	5	128	31370	128	SELECT             name,             value,             help,             JSONExtract(labels_serialized, \'Map(String, String)\') as labels,             type         FROM merge(system, \'^_custom_metrics_dictionary_.*\')         FORMAT Prometheus
2026-08-01 18:55:12	13	332	4648	1	SELECT avg(ProfileEvent_OSCPUWaitMicroseconds) as cpu_wait FROM  system.metric_log  WHERE event_time > now() - INTERVAL 2 MINUTE AND event_date >= yesterday()
2026-08-01 18:55:12	4	2	10208	2	SELECT count() as count, sum(elapsed) as total_elapsed, \'lh\' as usr FROM system.processes  WHERE user = \'observability-internal\' AND client_hostname LIKE \'loghouse-scraper%\'  UNION ALL SELECT count() as count, sum(elapsed) as total_elapsed, \'other\' as usr FROM system.processes  WHERE user != \'observ
2026-08-01 18:55:12	1	876	366590	1	SELECT value FROM system.asynchronous_metrics WHERE metric = \'OSMemoryAvailable\' ;
2026-08-01 18:55:12	2	2	12834	1	SELECT count() FROM system.processes WHERE (initial_user NOT IN _CAST([\'backups-internal\', \'management-internal\', \'monitoring-internal\', \'observability-internal\', \'operator-internal\', \'prometheus-exporter\', \'prometheus-internal\', \'operator-cert-internal\', \'availability-monitoring-internal\', \'\'], \'Ar
2026-08-01 18:55:12	23	3144	591062	123	SELECT CAST(\'0fc3eaab-fbcb-4533-8825-9be9faaea781\', \'UUID\') AS instance_id, CAST(\'c-boneaws-al-46-server-j62zx3k-0\', \'LowCardinality(String)\') AS node_id, CAST(name, \'LowCardinality(String)\') AS metric, CAST(mapFilter((k, v) -> has(_CAST([\'remote\'], \'Array(String)\'), k), labels), \'Map(LowCardinality
2026-08-01 18:55:12	2	117	1639	1	SELECT countIf(database = \'system\') as systemParts, countIf(database != \'system\') as nonSystemParts FROM system.parts where active
2026-08-01 18:55:12	1	0	0	1	SELECT countIf(database = \'system\') as systemMerges, countIf(database != \'system\') as nonSystemMerges FROM system.merges
2026-08-01 18:55:14	1	0	0	1	             SELECT                 name,                 toJSONString(labels) as labels_serialized,                 value,                 help,                 type             FROM (                 SELECT   \'ClickHouse_CustomMetric_TotalMemoryUsedByAsynchronousInserts\' AS name,   toFloat64(SUM(t
2026-08-01 18:55:14	2	3	7604	1	             SELECT                 name,                 toJSONString(labels) as labels_serialized,                 value,                 help,                 type             FROM (                 SELECT   \'ClickHouse_CustomMetric_TotalMemoryUsedByQueries\' AS name,   toFloat64(SUM(peak_memory_u
2026-08-01 18:55:14	3	6	213	0	             SELECT                 name,                 toJSONString(labels) as labels_serialized,                 value,                 help,                 type             FROM (                 SELECT   \'ClickHouse_CustomMetric_DatabaseReplicatedRecoveryTime\' as name,   toFloat64(recovery_ti
2026-08-01 18:55:19	1	0	0	1	             SELECT                 name,                 toJSONString(labels) as labels_serialized,                 value,                 help,                 type             FROM (                 SELECT   \'ClickHouse_CustomMetric_TotalMemoryUsedByMerges\' AS name,   toFloat64(SUM(memory_usage))
2026-08-01 18:55:20	6	128	31370	128	SELECT             name,             value,             help,             JSONExtract(labels_serialized, \'Map(String, String)\') as labels,             type         FROM merge(system, \'^_custom_metrics_dictionary_.*\')         FORMAT Prometheus
2026-08-01 18:55:22	3	1	5438	1	SELECT count() FROM system.processes WHERE (initial_user NOT IN _CAST([\'backups-internal\', \'management-internal\', \'monitoring-internal\', \'observability-internal\', \'operator-internal\', \'prometheus-exporter\', \'prometheus-internal\', \'operator-cert-internal\', \'availability-monitoring-internal\', \'\'], \'Ar
2026-08-01 18:55:22	2	119	1669	1	SELECT countIf(database = \'system\') as systemParts, countIf(database != \'system\') as nonSystemParts FROM system.parts where active
2026-08-01 18:55:22	1	0	0	1	SELECT countIf(database = \'system\') as systemMerges, countIf(database != \'system\') as nonSystemMerges FROM system.merges
2026-08-01 18:55:24	6	128	31370	128	SELECT             name,             value,             help,             JSONExtract(labels_serialized, \'Map(String, String)\') as labels,             type         FROM merge(system, \'^_custom_metrics_dictionary_.*\')         FORMAT Prometheus
2026-08-01 18:55:24	1	0	0	1	             SELECT                 name,                 toJSONString(labels) as labels_serialized,                 value,                 help,                 type             FROM (                 SELECT   \'ClickHouse_CustomMetric_TotalMemoryUsedByAsynchronousInserts\' AS name,   toFloat64(SUM(t
2026-08-01 18:55:24	2	0	0	0	             SELECT                 name,                 toJSONString(labels) as labels_serialized,                 value,                 help,                 type             FROM (                 SELECT   \'ClickHouse_CustomMetric_FailedMutations\' as name,   toFloat64(count()) as value,   \'The 
2026-08-01 18:55:24	2	15	1013	15	             SELECT                 name,                 toJSONString(labels) as labels_serialized,                 value,                 help,                 type             FROM (                 SELECT     \'ClickHouse_MetricsCollection_CustomMetricsSystemTable\' AS name,     toFloat64(1) AS va
2026-08-01 18:55:24	3	14	9020	0	             SELECT                 name,                 toJSONString(labels) as labels_serialized,                 value,                 help,                 type             FROM (                 SELECT   \'clickhouse_table_replica_readonly_start_timestamp_seconds\' as name,   toFloat64(toUnixTi
2026-08-01 18:55:29	1	1	1	1	SELECT displayName(), version(), revision(), timezone()
2026-08-01 18:55:29	1	1	1	1	SELECT 1;
2026-08-01 18:55:29	2	13	6340	1	             SELECT                 name,                 toJSONString(labels) as labels_serialized,                 value,                 help,                 type             FROM (                 SELECT   \'ClickHouse_CustomMetric_TotalMemoryUsedByDictionaries\' AS name,   toFloat64(SUM(bytes_al
2026-08-01 18:55:32	2	2	12834	1	SELECT count() FROM system.processes WHERE (initial_user NOT IN _CAST([\'backups-internal\', \'management-internal\', \'monitoring-internal\', \'observability-internal\', \'operator-internal\', \'prometheus-exporter\', \'prometheus-internal\', \'operator-cert-internal\', \'availability-monitoring-internal\', \'\'], \'Ar
2026-08-01 18:55:32	23	3148	591701	123	SELECT CAST(\'0fc3eaab-fbcb-4533-8825-9be9faaea781\', \'UUID\') AS instance_id, CAST(\'c-boneaws-al-46-server-j62zx3k-0\', \'LowCardinality(String)\') AS node_id, CAST(name, \'LowCardinality(String)\') AS metric, CAST(mapFilter((k, v) -> has(_CAST([\'remote\'], \'Array(String)\'), k), labels), \'Map(LowCardinality
2026-08-01 18:55:32	2	117	1639	1	SELECT countIf(database = \'system\') as systemParts, countIf(database != \'system\') as nonSystemParts FROM system.parts where active
2026-08-01 18:55:32	1	0	0	1	SELECT countIf(database = \'system\') as systemMerges, countIf(database != \'system\') as nonSystemMerges FROM system.merges
2026-08-01 18:55:34	1	0	0	1	             SELECT                 name,                 toJSONString(labels) as labels_serialized,                 value,                 help,                 type             FROM (                 SELECT   \'ClickHouse_CustomMetric_TotalMemoryUsedByMerges\' AS name,   toFloat64(SUM(memory_usage))
2026-08-01 18:55:34	2	59	472	1	             SELECT                 name,                 toJSONString(labels) as labels_serialized,                 value,                 help,                 type             FROM (                 SELECT   \'ClickHouse_CustomMetric_TotalMemoryUsedByDataSkippingIndices\' AS name,   toFloat64(SUM(d
2026-08-01 18:55:37	3	0	0	0	SELECT now64(6) as scrape_time_microseconds, \'j62zx3k\' AS pod_ident, \'boneaws-al-46\' AS spoken_name, \'cell-1\' AS cell, \'ap-south-1\' AS region, \'aws\' AS cloud_provider, \'26.2.1.525\' AS clickhouse_version, \'0fc3eaab-fbcb-4533-8825-9be9faaea781\' AS control_plane_id, \'aarch64\' AS system_processor, * FRO
2026-08-01 18:55:38	4	0	0	0	SELECT now64(6) as scrape_time_microseconds, \'j62zx3k\' AS pod_ident, \'boneaws-al-46\' AS spoken_name, \'cell-1\' AS cell, \'ap-south-1\' AS region, \'aws\' AS cloud_provider, \'26.2.1.525\' AS clickhouse_version, \'0fc3eaab-fbcb-4533-8825-9be9faaea781\' AS control_plane_id, \'aarch64\' AS system_processor, * FRO
2026-08-01 18:55:38	16	18455	4456200	6291	SELECT now64(6) as scrape_time_microseconds, \'j62zx3k\' AS pod_ident, \'boneaws-al-46\' AS spoken_name, \'cell-1\' AS cell, \'ap-south-1\' AS region, \'aws\' AS cloud_provider, \'26.2.1.525\' AS clickhouse_version, \'0fc3eaab-fbcb-4533-8825-9be9faaea781\' AS control_plane_id, \'aarch64\' AS system_processor, * FRO
2026-08-01 18:55:39	3	0	0	0	SELECT now64(6) as scrape_time_microseconds, \'j62zx3k\' AS pod_ident, \'boneaws-al-46\' AS spoken_name, \'cell-1\' AS cell, \'ap-south-1\' AS region, \'aws\' AS cloud_provider, \'26.2.1.525\' AS clickhouse_version, \'0fc3eaab-fbcb-4533-8825-9be9faaea781\' AS control_plane_id, \'aarch64\' AS system_processor, * FRO
2026-08-01 18:55:39	17	16850	4387255	11331	SELECT now64(6) as scrape_time_microseconds, \'j62zx3k\' AS pod_ident, \'boneaws-al-46\' AS spoken_name, \'cell-1\' AS cell, \'ap-south-1\' AS region, \'aws\' AS cloud_provider, \'26.2.1.525\' AS clickhouse_version, \'0fc3eaab-fbcb-4533-8825-9be9faaea781\' AS control_plane_id, \'aarch64\' AS system_processor, * FRO
2026-08-01 18:55:39	1	6	2128	6	             SELECT                 name,                 toJSONString(labels) as labels_serialized,                 value,                 help,                 type             FROM (                 SELECT   concat(\'clickhouse_\', system.dimensional_metrics.metric) AS name,   toFloat64(system.dime
2026-08-01 18:55:40	3	0	0	0	SELECT now64(6) as scrape_time_microseconds, \'j62zx3k\' AS pod_ident, \'boneaws-al-46\' AS spoken_name, \'cell-1\' AS cell, \'ap-south-1\' AS region, \'aws\' AS cloud_provider, \'26.2.1.525\' AS clickhouse_version, \'0fc3eaab-fbcb-4533-8825-9be9faaea781\' AS control_plane_id, \'aarch64\' AS system_processor, * FRO
2026-08-01 18:55:40	28	4617	8556947	328	SELECT now64(6) as scrape_time_microseconds, \'j62zx3k\' AS pod_ident, \'boneaws-al-46\' AS spoken_name, \'cell-1\' AS cell, \'ap-south-1\' AS region, \'aws\' AS cloud_provider, \'26.2.1.525\' AS clickhouse_version, \'0fc3eaab-fbcb-4533-8825-9be9faaea781\' AS control_plane_id, \'aarch64\' AS system_processor, * FRO
2026-08-01 18:55:40	5	133	32665	133	SELECT             name,             value,             help,             JSONExtract(labels_serialized, \'Map(String, String)\') as labels,             type         FROM merge(system, \'^_custom_metrics_dictionary_.*\')         FORMAT Prometheus
2026-08-01 18:55:41	3	0	0	0	SELECT now64(6) as scrape_time_microseconds, \'j62zx3k\' AS pod_ident, \'boneaws-al-46\' AS spoken_name, \'cell-1\' AS cell, \'ap-south-1\' AS region, \'aws\' AS cloud_provider, \'26.2.1.525\' AS clickhouse_version, \'0fc3eaab-fbcb-4533-8825-9be9faaea781\' AS control_plane_id, \'aarch64\' AS system_processor, * FRO
2026-08-01 18:55:41	176	791	2179544	120	SELECT now64(6) as scrape_time_microseconds, \'j62zx3k\' AS pod_ident, \'boneaws-al-46\' AS spoken_name, \'cell-1\' AS cell, \'ap-south-1\' AS region, \'aws\' AS cloud_provider, \'26.2.1.525\' AS clickhouse_version, \'0fc3eaab-fbcb-4533-8825-9be9faaea781\' AS control_plane_id, \'aarch64\' AS system_processor, * FRO
2026-08-01 18:55:42	3	0	0	0	SELECT now64(6) as scrape_time_microseconds, \'j62zx3k\' AS pod_ident, \'boneaws-al-46\' AS spoken_name, \'cell-1\' AS cell, \'ap-south-1\' AS region, \'aws\' AS cloud_provider, \'26.2.1.525\' AS clickhouse_version, \'0fc3eaab-fbcb-4533-8825-9be9faaea781\' AS control_plane_id, \'aarch64\' AS system_processor, * FRO
2026-08-01 18:55:42	13	362	5068	1	SELECT avg(ProfileEvent_OSCPUWaitMicroseconds) as cpu_wait FROM  system.metric_log  WHERE event_time > now() - INTERVAL 2 MINUTE AND event_date >= yesterday()
2026-08-01 18:55:42	4	2	10208	2	SELECT count() as count, sum(elapsed) as total_elapsed, \'lh\' as usr FROM system.processes  WHERE user = \'observability-internal\' AND client_hostname LIKE \'loghouse-scraper%\'  UNION ALL SELECT count() as count, sum(elapsed) as total_elapsed, \'other\' as usr FROM system.processes  WHERE user != \'observ
2026-08-01 18:55:42	1	876	366590	1	SELECT value FROM system.asynchronous_metrics WHERE metric = \'OSMemoryAvailable\' ;
2026-08-01 18:55:42	2	1	5438	1	SELECT count() FROM system.processes WHERE (initial_user NOT IN _CAST([\'backups-internal\', \'management-internal\', \'monitoring-internal\', \'observability-internal\', \'operator-internal\', \'prometheus-exporter\', \'prometheus-internal\', \'operator-cert-internal\', \'availability-monitoring-internal\', \'\'], \'Ar
2026-08-01 18:55:42	2	116	1624	1	SELECT countIf(database = \'system\') as systemParts, countIf(database != \'system\') as nonSystemParts FROM system.parts where active
2026-08-01 18:55:42	1	0	0	1	SELECT countIf(database = \'system\') as systemMerges, countIf(database != \'system\') as nonSystemMerges FROM system.merges
2026-08-01 18:55:44	3	0	0	0	SELECT now64(6) as scrape_time_microseconds, \'j62zx3k\' AS pod_ident, \'boneaws-al-46\' AS spoken_name, \'cell-1\' AS cell, \'ap-south-1\' AS region, \'aws\' AS cloud_provider, \'26.2.1.525\' AS clickhouse_version, \'0fc3eaab-fbcb-4533-8825-9be9faaea781\' AS control_plane_id, \'aarch64\' AS system_processor, * FRO
2026-08-01 18:55:44	2	13	6340	1	             SELECT                 name,                 toJSONString(labels) as labels_serialized,                 value,                 help,                 type             FROM (                 SELECT   \'ClickHouse_CustomMetric_TotalMemoryUsedByDictionaries\' AS name,   toFloat64(SUM(bytes_al
2026-08-01 18:55:45	3	0	0	0	SELECT now64(6) as scrape_time_microseconds, \'j62zx3k\' AS pod_ident, \'boneaws-al-46\' AS spoken_name, \'cell-1\' AS cell, \'ap-south-1\' AS region, \'aws\' AS cloud_provider, \'26.2.1.525\' AS clickhouse_version, \'0fc3eaab-fbcb-4533-8825-9be9faaea781\' AS control_plane_id, \'aarch64\' AS system_processor, * FRO
2026-08-01 18:55:45	7	4505	1315025	364	SELECT now64(6) as scrape_time_microseconds, \'j62zx3k\' AS pod_ident, \'boneaws-al-46\' AS spoken_name, \'cell-1\' AS cell, \'ap-south-1\' AS region, \'aws\' AS cloud_provider, \'26.2.1.525\' AS clickhouse_version, \'0fc3eaab-fbcb-4533-8825-9be9faaea781\' AS control_plane_id, \'aarch64\' AS system_processor, * FRO
2026-08-01 18:55:45	16	8210	4375552	150	SELECT now64(6) as scrape_time_microseconds, \'j62zx3k\' AS pod_ident, \'boneaws-al-46\' AS spoken_name, \'cell-1\' AS cell, \'ap-south-1\' AS region, \'aws\' AS cloud_provider, \'26.2.1.525\' AS clickhouse_version, \'0fc3eaab-fbcb-4533-8825-9be9faaea781\' AS control_plane_id, \'aarch64\' AS system_processor, * FRO
2026-08-01 18:55:45	83	1285616	20616709	106339	SELECT now64(6) as scrape_time_microseconds, \'j62zx3k\' AS pod_ident, \'boneaws-al-46\' AS spoken_name, \'cell-1\' AS cell, \'ap-south-1\' AS region, \'aws\' AS cloud_provider, \'26.2.1.525\' AS clickhouse_version, \'0fc3eaab-fbcb-4533-8825-9be9faaea781\' AS control_plane_id, \'aarch64\' AS system_processor, * FRO
2026-08-01 18:55:46	3	0	0	0	SELECT now64(6) as scrape_time_microseconds, \'j62zx3k\' AS pod_ident, \'boneaws-al-46\' AS spoken_name, \'cell-1\' AS cell, \'ap-south-1\' AS region, \'aws\' AS cloud_provider, \'26.2.1.525\' AS clickhouse_version, \'0fc3eaab-fbcb-4533-8825-9be9faaea781\' AS control_plane_id, \'aarch64\' AS system_processor, * FRO
2026-08-01 18:55:46	20	24576	5527317	17058	SELECT now64(6) as scrape_time_microseconds, \'j62zx3k\' AS pod_ident, \'boneaws-al-46\' AS spoken_name, \'cell-1\' AS cell, \'ap-south-1\' AS region, \'aws\' AS cloud_provider, \'26.2.1.525\' AS clickhouse_version, \'0fc3eaab-fbcb-4533-8825-9be9faaea781\' AS control_plane_id, \'aarch64\' AS system_processor, * FRO
2026-08-01 18:55:47	3	0	0	0	SELECT now64(6) as scrape_time_microseconds, \'j62zx3k\' AS pod_ident, \'boneaws-al-46\' AS spoken_name, \'cell-1\' AS cell, \'ap-south-1\' AS region, \'aws\' AS cloud_provider, \'26.2.1.525\' AS clickhouse_version, \'0fc3eaab-fbcb-4533-8825-9be9faaea781\' AS control_plane_id, \'aarch64\' AS system_processor, * FRO
2026-08-01 18:55:48	115	79	79612	50	SELECT now64(6) as scrape_time_microseconds, \'j62zx3k\' AS pod_ident, \'boneaws-al-46\' AS spoken_name, \'cell-1\' AS cell, \'ap-south-1\' AS region, \'aws\' AS cloud_provider, \'26.2.1.525\' AS clickhouse_version, \'0fc3eaab-fbcb-4533-8825-9be9faaea781\' AS control_plane_id, \'aarch64\' AS system_processor, * FRO
2026-08-01 18:55:49	3	14	9020	0	             SELECT                 name,                 toJSONString(labels) as labels_serialized,                 value,                 help,                 type             FROM (                 SELECT   \'clickhouse_table_replica_readonly_start_timestamp_seconds\' as name,   toFloat64(toUnixTi
2026-08-01 18:55:49	3	6	213	0	             SELECT                 name,                 toJSONString(labels) as labels_serialized,                 value,                 help,                 type             FROM (                 SELECT   \'ClickHouse_CustomMetric_SharedCatalogRecoveryTime\' as name,   toFloat64(recovery_time) a
2026-08-01 18:55:50	6	133	32665	133	SELECT             name,             value,             help,             JSONExtract(labels_serialized, \'Map(String, String)\') as labels,             type         FROM merge(system, \'^_custom_metrics_dictionary_.*\')         FORMAT Prometheus
2026-08-01 18:55:51	2	0	8	1	SELECT count() FROM system.backups where status IN (0,3)
2026-08-01 18:55:51	3	1	5472	1	SELECT count() FROM system.processes WHERE (elapsed > _CAST(0, \'Int64\')) AND (initial_user NOT IN _CAST([\'backups-internal\', \'management-internal\', \'monitoring-internal\', \'observability-internal\', \'operator-internal\', \'prometheus-exporter\', \'prometheus-internal\', \'operator-cert-internal\', \'availabil
2026-08-01 18:55:52	2	2	12834	1	SELECT count() FROM system.processes WHERE (initial_user NOT IN _CAST([\'backups-internal\', \'management-internal\', \'monitoring-internal\', \'observability-internal\', \'operator-internal\', \'prometheus-exporter\', \'prometheus-internal\', \'operator-cert-internal\', \'availability-monitoring-internal\', \'\'], \'Ar
2026-08-01 18:55:52	23	3149	591844	123	SELECT CAST(\'0fc3eaab-fbcb-4533-8825-9be9faaea781\', \'UUID\') AS instance_id, CAST(\'c-boneaws-al-46-server-j62zx3k-0\', \'LowCardinality(String)\') AS node_id, CAST(name, \'LowCardinality(String)\') AS metric, CAST(mapFilter((k, v) -> has(_CAST([\'remote\'], \'Array(String)\'), k), labels), \'Map(LowCardinality
2026-08-01 18:55:52	2	113	1579	1	SELECT countIf(database = \'system\') as systemParts, countIf(database != \'system\') as nonSystemParts FROM system.parts where active
2026-08-01 18:55:52	1	0	0	1	SELECT countIf(database = \'system\') as systemMerges, countIf(database != \'system\') as nonSystemMerges FROM system.merges
2026-08-01 18:55:53	7	8211	938569	1403	SELECT now64(6) as scrape_time_microseconds, \'j62zx3k\' AS pod_ident, \'boneaws-al-46\' AS spoken_name, \'cell-1\' AS cell, \'ap-south-1\' AS region, \'aws\' AS cloud_provider, \'26.2.1.525\' AS clickhouse_version, \'0fc3eaab-fbcb-4533-8825-9be9faaea781\' AS control_plane_id, \'aarch64\' AS system_processor, * FRO
2026-08-01 18:55:54	4	0	0	0	SELECT now64(6) as scrape_time_microseconds, \'j62zx3k\' AS pod_ident, \'boneaws-al-46\' AS spoken_name, \'cell-1\' AS cell, \'ap-south-1\' AS region, \'aws\' AS cloud_provider, \'26.2.1.525\' AS clickhouse_version, \'0fc3eaab-fbcb-4533-8825-9be9faaea781\' AS control_plane_id, \'aarch64\' AS system_processor, * FRO
2026-08-01 18:55:54	6	133	32665	133	SELECT             name,             value,             help,             JSONExtract(labels_serialized, \'Map(String, String)\') as labels,             type         FROM merge(system, \'^_custom_metrics_dictionary_.*\')         FORMAT Prometheus
2026-08-01 18:55:54	1	0	0	1	             SELECT                 name,                 toJSONString(labels) as labels_serialized,                 value,                 help,                 type             FROM (                 SELECT   \'ClickHouse_CustomMetric_TotalMemoryUsedByAsynchronousInserts\' AS name,   toFloat64(SUM(t
2026-08-01 18:55:54	2	59	472	1	             SELECT                 name,                 toJSONString(labels) as labels_serialized,                 value,                 help,                 type             FROM (                 SELECT   \'ClickHouse_CustomMetric_TotalMemoryUsedByDataSkippingIndices\' AS name,   toFloat64(SUM(d
2026-08-01 18:55:54	3	6	213	0	             SELECT                 name,                 toJSONString(labels) as labels_serialized,                 value,                 help,                 type             FROM (                 SELECT   \'ClickHouse_CustomMetric_DatabaseReplicatedRecoveryTime\' as name,   toFloat64(recovery_ti
2026-08-01 18:55:59	2	1	5022	1	             SELECT                 name,                 toJSONString(labels) as labels_serialized,                 value,                 help,                 type             FROM (                 SELECT   \'ClickHouse_CustomMetric_TotalMemoryUsedByQueries\' AS name,   toFloat64(SUM(peak_memory_u
2026-08-01 18:56:02	2	1	5438	1	SELECT count() FROM system.processes WHERE (initial_user NOT IN _CAST([\'backups-internal\', \'management-internal\', \'monitoring-internal\', \'observability-internal\', \'operator-internal\', \'prometheus-exporter\', \'prometheus-internal\', \'operator-cert-internal\', \'availability-monitoring-internal\', \'\'], \'Ar
2026-08-01 18:56:02	2	115	1609	1	SELECT countIf(database = \'system\') as systemParts, countIf(database != \'system\') as nonSystemParts FROM system.parts where active
2026-08-01 18:56:02	2	0	0	1	SELECT countIf(database = \'system\') as systemMerges, countIf(database != \'system\') as nonSystemMerges FROM system.merges
2026-08-01 18:56:09	8	1584	995789	69	SELECT now64(6) as scrape_time_microseconds, \'j62zx3k\' AS pod_ident, \'boneaws-al-46\' AS spoken_name, \'cell-1\' AS cell, \'ap-south-1\' AS region, \'aws\' AS cloud_provider, \'26.2.1.525\' AS clickhouse_version, \'0fc3eaab-fbcb-4533-8825-9be9faaea781\' AS control_plane_id, \'aarch64\' AS system_processor, * FRO
2026-08-01 18:56:09	3	15	1013	15	             SELECT                 name,                 toJSONString(labels) as labels_serialized,                 value,                 help,                 type             FROM (                 SELECT     \'ClickHouse_MetricsCollection_CustomMetricsSystemTable\' AS name,     toFloat64(1) AS va
2026-08-01 18:56:10	6	133	32665	133	SELECT             name,             value,             help,             JSONExtract(labels_serialized, \'Map(String, String)\') as labels,             type         FROM merge(system, \'^_custom_metrics_dictionary_.*\')         FORMAT Prometheus
2026-08-01 18:56:10	1	1	1	1	SELECT displayName(), version(), revision(), timezone()
2026-08-01 18:56:11	1	1	1	1	SELECT 1;
2026-08-01 18:56:12	14	392	5488	1	SELECT avg(ProfileEvent_OSCPUWaitMicroseconds) as cpu_wait FROM  system.metric_log  WHERE event_time > now() - INTERVAL 2 MINUTE AND event_date >= yesterday()
2026-08-01 18:56:12	4	2	10208	2	SELECT count() as count, sum(elapsed) as total_elapsed, \'lh\' as usr FROM system.processes  WHERE user = \'observability-internal\' AND client_hostname LIKE \'loghouse-scraper%\'  UNION ALL SELECT count() as count, sum(elapsed) as total_elapsed, \'other\' as usr FROM system.processes  WHERE user != \'observ
2026-08-01 18:56:12	1	875	366447	1	SELECT value FROM system.asynchronous_metrics WHERE metric = \'OSMemoryAvailable\' ;
2026-08-01 18:56:12	3	2	12834	1	SELECT count() FROM system.processes WHERE (initial_user NOT IN _CAST([\'backups-internal\', \'management-internal\', \'monitoring-internal\', \'observability-internal\', \'operator-internal\', \'prometheus-exporter\', \'prometheus-internal\', \'operator-cert-internal\', \'availability-monitoring-internal\', \'\'], \'Ar
2026-08-01 18:56:12	25	3148	591701	123	SELECT CAST(\'0fc3eaab-fbcb-4533-8825-9be9faaea781\', \'UUID\') AS instance_id, CAST(\'c-boneaws-al-46-server-j62zx3k-0\', \'LowCardinality(String)\') AS node_id, CAST(name, \'LowCardinality(String)\') AS metric, CAST(mapFilter((k, v) -> has(_CAST([\'remote\'], \'Array(String)\'), k), labels), \'Map(LowCardinality
2026-08-01 18:56:12	2	124	1744	1	SELECT countIf(database = \'system\') as systemParts, countIf(database != \'system\') as nonSystemParts FROM system.parts where active
2026-08-01 18:56:12	2	0	0	1	SELECT countIf(database = \'system\') as systemMerges, countIf(database != \'system\') as nonSystemMerges FROM system.merges
2026-08-01 18:56:19	1	6	2128	6	             SELECT                 name,                 toJSONString(labels) as labels_serialized,                 value,                 help,                 type             FROM (                 SELECT   concat(\'clickhouse_\', system.dimensional_metrics.metric) AS name,   toFloat64(system.dime
2026-08-01 18:56:19	2	0	0	0	             SELECT                 name,                 toJSONString(labels) as labels_serialized,                 value,                 help,                 type             FROM (                 SELECT   \'ClickHouse_CustomMetric_FailedMutations\' as name,   toFloat64(count()) as value,   \'The 
2026-08-01 18:56:20	6	133	32665	133	SELECT             name,             value,             help,             JSONExtract(labels_serialized, \'Map(String, String)\') as labels,             type         FROM merge(system, \'^_custom_metrics_dictionary_.*\')         FORMAT Prometheus
2026-08-01 18:56:22	3	1	5438	1	SELECT count() FROM system.processes WHERE (initial_user NOT IN _CAST([\'backups-internal\', \'management-internal\', \'monitoring-internal\', \'observability-internal\', \'operator-internal\', \'prometheus-exporter\', \'prometheus-internal\', \'operator-cert-internal\', \'availability-monitoring-internal\', \'\'], \'Ar
2026-08-01 18:56:22	2	121	1699	1	SELECT countIf(database = \'system\') as systemParts, countIf(database != \'system\') as nonSystemParts FROM system.parts where active
2026-08-01 18:56:22	2	0	0	1	SELECT countIf(database = \'system\') as systemMerges, countIf(database != \'system\') as nonSystemMerges FROM system.merges
2026-08-01 18:56:24	6	133	32665	133	SELECT             name,             value,             help,             JSONExtract(labels_serialized, \'Map(String, String)\') as labels,             type         FROM merge(system, \'^_custom_metrics_dictionary_.*\')         FORMAT Prometheus
2026-08-01 18:56:24	2	2	6334	1	             SELECT                 name,                 toJSONString(labels) as labels_serialized,                 value,                 help,                 type             FROM (                 SELECT   \'ClickHouse_CustomMetric_TotalMemoryUsedByQueries\' AS name,   toFloat64(SUM(peak_memory_u
2026-08-01 18:56:24	3	14	9020	0	             SELECT                 name,                 toJSONString(labels) as labels_serialized,                 value,                 help,                 type             FROM (                 SELECT   \'clickhouse_table_replica_readonly_start_timestamp_seconds\' as name,   toFloat64(toUnixTi
2026-08-01 18:56:29	2	0	0	1	             SELECT                 name,                 toJSONString(labels) as labels_serialized,                 value,                 help,                 type             FROM (                 SELECT   \'ClickHouse_CustomMetric_TotalMemoryUsedByMerges\' AS name,   toFloat64(SUM(memory_usage))
2026-08-01 18:56:29	2	15	1013	15	             SELECT                 name,                 toJSONString(labels) as labels_serialized,                 value,                 help,                 type             FROM (                 SELECT     \'ClickHouse_MetricsCollection_CustomMetricsSystemTable\' AS name,     toFloat64(1) AS va
2026-08-01 18:56:29	3	6	213	0	             SELECT                 name,                 toJSONString(labels) as labels_serialized,                 value,                 help,                 type             FROM (                 SELECT   \'ClickHouse_CustomMetric_SharedCatalogRecoveryTime\' as name,   toFloat64(recovery_time) a
2026-08-01 18:56:31	1	5	5	1	SELECT count(*) FROM system.databases
2026-08-01 18:56:32	3	4	17236	1	SELECT count() FROM system.processes WHERE (initial_user NOT IN _CAST([\'backups-internal\', \'management-internal\', \'monitoring-internal\', \'observability-internal\', \'operator-internal\', \'prometheus-exporter\', \'prometheus-internal\', \'operator-cert-internal\', \'availability-monitoring-internal\', \'\'], \'Ar
2026-08-01 18:56:32	4	378	114440	5	WITH metrics AS (SELECT name AS metric, toFloat64(value) AS val, now() AS ts FROM system.server_settings WHERE multiMatchAny(name, _CAST([\'^max_database_num_to_throw$\', \'^max_database_num_to_warn$\', \'^max_table_num_to_throw$\', \'^max_table_num_to_warn$\', \'^max_concurrent_queries$\'], \'Array(String)\'))
2026-08-01 18:56:32	5	0	0	0	WITH source AS (SELECT [\'matview_execution_total\', if(exception_code != 0, \'matview_execution_fail\', \'\')] AS metrics, event_time AS ts FROM system.query_views_log WHERE (status != \'QueryStart\') AND (event_date >= toDate(_CAST(\'1785610437.833\', \'DateTime64\'))) AND (event_time >= toDateTime(_CAST(\'178
2026-08-01 18:56:32	9	134440	2087474	1560	SELECT CAST(\'0fc3eaab-fbcb-4533-8825-9be9faaea781\', \'UUID\') AS control_plane_id, CAST(\'c-boneaws-al-46-server-j62zx3k-0\', \'LowCardinality(String)\') AS pod_id, CAST(now64(), \'DateTime64(6)\') AS scrape_ts_microseconds, CAST(event_date, \'Date\') AS event_date, CAST(event_time, \'DateTime\') AS event_time,
2026-08-01 18:56:32	11	0	0	1	WITH failed_mutations AS (SELECT toDateTime(create_time) AS ts, count() AS val FROM system.mutations WHERE (ts > toDateTime(_CAST(\'1785610437.833\', \'DateTime64\'))) AND (ts <= toDateTime(_CAST(\'1785610557.833\', \'DateTime64\'))) AND (latest_failed_part != \'\') AND (is_done = 0) GROUP BY ts), failed_muta
2026-08-01 18:56:32	9	536	8026	17	WITH metrics AS (SELECT multiIf((event_type = \'MergeParts\') AND (error = 0), \'merges_finished\', (event_type = \'MergeParts\') AND (error != 0), \'merges_failed\', (event_type = \'MutatePart\') AND (error = 0), \'mutate_part_finished\', (event_type = \'MutatePart\') AND (error != 0), \'mutate_part_failed\', NULL
2026-08-01 18:56:32	2	124	1744	1	SELECT countIf(database = \'system\') as systemParts, countIf(database != \'system\') as nonSystemParts FROM system.parts where active
2026-08-01 18:56:32	2	0	0	1	SELECT countIf(database = \'system\') as systemMerges, countIf(database != \'system\') as nonSystemMerges FROM system.merges
2026-08-01 18:56:32	25	3147	591563	123	SELECT CAST(\'0fc3eaab-fbcb-4533-8825-9be9faaea781\', \'UUID\') AS instance_id, CAST(\'c-boneaws-al-46-server-j62zx3k-0\', \'LowCardinality(String)\') AS node_id, CAST(name, \'LowCardinality(String)\') AS metric, CAST(mapFilter((k, v) -> has(_CAST([\'remote\'], \'Array(String)\'), k), labels), \'Map(LowCardinality
2026-08-01 18:56:32	55	392	118816	120	SELECT CAST(\'0fc3eaab-fbcb-4533-8825-9be9faaea781\', \'UUID\') AS control_plane_id, CAST(\'c-boneaws-al-46-server-j62zx3k-0\', \'LowCardinality(String)\') AS pod_id, CAST(now64(), \'DateTime64(6)\') AS scrape_ts_microseconds, CAST(event_date, \'Date\') AS event_date, CAST(event_time, \'DateTime\') AS event_time,
2026-08-01 18:56:33	159	814	223491	18	WITH parts_agg AS (SELECT database AS agg_database, `table` AS agg_table, SUM(primary_key_size) AS primary_index_size, SUM(secondary_indices_compressed_bytes) AS secondary_index_size FROM system.parts WHERE active AND (database != \'system\') GROUP BY database, `table`), proj_agg AS (SELECT database A
2026-08-01 18:56:34	2	0	0	1	             SELECT                 name,                 toJSONString(labels) as labels_serialized,                 value,                 help,                 type             FROM (                 SELECT   \'ClickHouse_CustomMetric_TotalMemoryUsedByAsynchronousInserts\' AS name,   toFloat64(SUM(t
2026-08-01 18:56:34	3	6	213	0	             SELECT                 name,                 toJSONString(labels) as labels_serialized,                 value,                 help,                 type             FROM (                 SELECT   \'ClickHouse_CustomMetric_DatabaseReplicatedRecoveryTime\' as name,   toFloat64(recovery_ti
2026-08-01 18:56:40	5	132	32389	132	SELECT             name,             value,             help,             JSONExtract(labels_serialized, \'Map(String, String)\') as labels,             type         FROM merge(system, \'^_custom_metrics_dictionary_.*\')         FORMAT Prometheus
2026-08-01 18:56:42	14	422	5908	1	SELECT avg(ProfileEvent_OSCPUWaitMicroseconds) as cpu_wait FROM  system.metric_log  WHERE event_time > now() - INTERVAL 2 MINUTE AND event_date >= yesterday()
2026-08-01 18:56:42	4	2	10208	2	SELECT count() as count, sum(elapsed) as total_elapsed, \'lh\' as usr FROM system.processes  WHERE user = \'observability-internal\' AND client_hostname LIKE \'loghouse-scraper%\'  UNION ALL SELECT count() as count, sum(elapsed) as total_elapsed, \'other\' as usr FROM system.processes  WHERE user != \'observ
2026-08-01 18:56:42	2	876	366590	1	SELECT value FROM system.asynchronous_metrics WHERE metric = \'OSMemoryAvailable\' ;
2026-08-01 18:56:42	3	1	5438	1	SELECT count() FROM system.processes WHERE (initial_user NOT IN _CAST([\'backups-internal\', \'management-internal\', \'monitoring-internal\', \'observability-internal\', \'operator-internal\', \'prometheus-exporter\', \'prometheus-internal\', \'operator-cert-internal\', \'availability-monitoring-internal\', \'\'], \'Ar
2026-08-01 18:56:42	2	118	1654	1	SELECT countIf(database = \'system\') as systemParts, countIf(database != \'system\') as nonSystemParts FROM system.parts where active
2026-08-01 18:56:42	1	0	0	1	SELECT countIf(database = \'system\') as systemMerges, countIf(database != \'system\') as nonSystemMerges FROM system.merges
2026-08-01 18:56:44	2	13	6340	1	             SELECT                 name,                 toJSONString(labels) as labels_serialized,                 value,                 help,                 type             FROM (                 SELECT   \'ClickHouse_CustomMetric_TotalMemoryUsedByDictionaries\' AS name,   toFloat64(SUM(bytes_al
2026-08-01 18:56:44	2	14	9020	0	             SELECT                 name,                 toJSONString(labels) as labels_serialized,                 value,                 help,                 type             FROM (                 SELECT   \'clickhouse_table_replica_readonly_start_timestamp_seconds\' as name,   toFloat64(toUnixTi
2026-08-01 18:56:49	2	59	472	1	             SELECT                 name,                 toJSONString(labels) as labels_serialized,                 value,                 help,                 type             FROM (                 SELECT   \'ClickHouse_CustomMetric_TotalMemoryUsedByDataSkippingIndices\' AS name,   toFloat64(SUM(d
2026-08-01 18:56:49	3	6	213	0	             SELECT                 name,                 toJSONString(labels) as labels_serialized,                 value,                 help,                 type             FROM (                 SELECT   \'ClickHouse_CustomMetric_DatabaseReplicatedRecoveryTime\' as name,   toFloat64(recovery_ti
2026-08-01 18:56:50	6	132	32389	132	SELECT             name,             value,             help,             JSONExtract(labels_serialized, \'Map(String, String)\') as labels,             type         FROM merge(system, \'^_custom_metrics_dictionary_.*\')         FORMAT Prometheus
2026-08-01 18:56:52	3	2	12834	1	SELECT count() FROM system.processes WHERE (initial_user NOT IN _CAST([\'backups-internal\', \'management-internal\', \'monitoring-internal\', \'observability-internal\', \'operator-internal\', \'prometheus-exporter\', \'prometheus-internal\', \'operator-cert-internal\', \'availability-monitoring-internal\', \'\'], \'Ar
2026-08-01 18:56:52	24	3147	591563	123	SELECT CAST(\'0fc3eaab-fbcb-4533-8825-9be9faaea781\', \'UUID\') AS instance_id, CAST(\'c-boneaws-al-46-server-j62zx3k-0\', \'LowCardinality(String)\') AS node_id, CAST(name, \'LowCardinality(String)\') AS metric, CAST(mapFilter((k, v) -> has(_CAST([\'remote\'], \'Array(String)\'), k), labels), \'Map(LowCardinality
2026-08-01 18:56:52	2	120	1684	1	SELECT countIf(database = \'system\') as systemParts, countIf(database != \'system\') as nonSystemParts FROM system.parts where active
2026-08-01 18:56:52	1	0	0	1	SELECT countIf(database = \'system\') as systemMerges, countIf(database != \'system\') as nonSystemMerges FROM system.merges
2026-08-01 18:56:54	6	132	32389	132	SELECT             name,             value,             help,             JSONExtract(labels_serialized, \'Map(String, String)\') as labels,             type         FROM merge(system, \'^_custom_metrics_dictionary_.*\')         FORMAT Prometheus
2026-08-01 18:56:54	2	0	0	1	             SELECT                 name,                 toJSONString(labels) as labels_serialized,                 value,                 help,                 type             FROM (                 SELECT   \'ClickHouse_CustomMetric_TotalMemoryUsedByAsynchronousInserts\' AS name,   toFloat64(SUM(t
2026-08-01 18:56:54	2	0	0	0	             SELECT                 name,                 toJSONString(labels) as labels_serialized,                 value,                 help,                 type             FROM (                 SELECT   \'ClickHouse_CustomMetric_FailedMutations\' as name,   toFloat64(count()) as value,   \'The 
2026-08-01 18:56:59	2	15	1013	15	             SELECT                 name,                 toJSONString(labels) as labels_serialized,                 value,                 help,                 type             FROM (                 SELECT     \'ClickHouse_MetricsCollection_CustomMetricsSystemTable\' AS name,     toFloat64(1) AS va
2026-08-01 18:57:02	2	1	5438	1	SELECT count() FROM system.processes WHERE (initial_user NOT IN _CAST([\'backups-internal\', \'management-internal\', \'monitoring-internal\', \'observability-internal\', \'operator-internal\', \'prometheus-exporter\', \'prometheus-internal\', \'operator-cert-internal\', \'availability-monitoring-internal\', \'\'], \'Ar
2026-08-01 18:57:02	2	117	1639	1	SELECT countIf(database = \'system\') as systemParts, countIf(database != \'system\') as nonSystemParts FROM system.parts where active
2026-08-01 18:57:02	1	0	0	1	SELECT countIf(database = \'system\') as systemMerges, countIf(database != \'system\') as nonSystemMerges FROM system.merges
2026-08-01 18:57:04	2	2	6334	1	             SELECT                 name,                 toJSONString(labels) as labels_serialized,                 value,                 help,                 type             FROM (                 SELECT   \'ClickHouse_CustomMetric_TotalMemoryUsedByQueries\' AS name,   toFloat64(SUM(peak_memory_u
2026-08-01 18:57:04	2	14	9020	0	             SELECT                 name,                 toJSONString(labels) as labels_serialized,                 value,                 help,                 type             FROM (                 SELECT   \'clickhouse_table_replica_readonly_start_timestamp_seconds\' as name,   toFloat64(toUnixTi
2026-08-01 18:57:09	2	1	5022	1	             SELECT                 name,                 toJSONString(labels) as labels_serialized,                 value,                 help,                 type             FROM (                 SELECT   \'ClickHouse_CustomMetric_TotalMemoryUsedByQueries\' AS name,   toFloat64(SUM(peak_memory_u
2026-08-01 18:57:10	5	132	32389	132	SELECT             name,             value,             help,             JSONExtract(labels_serialized, \'Map(String, String)\') as labels,             type         FROM merge(system, \'^_custom_metrics_dictionary_.*\')         FORMAT Prometheus
2026-08-01 18:57:10	1	316	114925	1	SELECT count(*) FROM system.replicated_merge_tree_settings
2026-08-01 18:57:12	14	120	1680	1	SELECT avg(ProfileEvent_OSCPUWaitMicroseconds) as cpu_wait FROM  system.metric_log  WHERE event_time > now() - INTERVAL 2 MINUTE AND event_date >= yesterday()
2026-08-01 18:57:12	3	2	10208	2	SELECT count() as count, sum(elapsed) as total_elapsed, \'lh\' as usr FROM system.processes  WHERE user = \'observability-internal\' AND client_hostname LIKE \'loghouse-scraper%\'  UNION ALL SELECT count() as count, sum(elapsed) as total_elapsed, \'other\' as usr FROM system.processes  WHERE user != \'observ
2026-08-01 18:57:12	1	876	366590	1	SELECT value FROM system.asynchronous_metrics WHERE metric = \'OSMemoryAvailable\' ;
2026-08-01 18:57:12	2	2	12834	1	SELECT count() FROM system.processes WHERE (initial_user NOT IN _CAST([\'backups-internal\', \'management-internal\', \'monitoring-internal\', \'observability-internal\', \'operator-internal\', \'prometheus-exporter\', \'prometheus-internal\', \'operator-cert-internal\', \'availability-monitoring-internal\', \'\'], \'Ar
2026-08-01 18:57:12	24	3148	591706	123	SELECT CAST(\'0fc3eaab-fbcb-4533-8825-9be9faaea781\', \'UUID\') AS instance_id, CAST(\'c-boneaws-al-46-server-j62zx3k-0\', \'LowCardinality(String)\') AS node_id, CAST(name, \'LowCardinality(String)\') AS metric, CAST(mapFilter((k, v) -> has(_CAST([\'remote\'], \'Array(String)\'), k), labels), \'Map(LowCardinality
2026-08-01 18:57:12	2	121	1699	1	SELECT countIf(database = \'system\') as systemParts, countIf(database != \'system\') as nonSystemParts FROM system.parts where active
2026-08-01 18:57:12	1	0	0	1	SELECT countIf(database = \'system\') as systemMerges, countIf(database != \'system\') as nonSystemMerges FROM system.merges
2026-08-01 18:57:14	3	6	213	0	             SELECT                 name,                 toJSONString(labels) as labels_serialized,                 value,                 help,                 type             FROM (                 SELECT   \'ClickHouse_CustomMetric_SharedCatalogRecoveryTime\' as name,   toFloat64(recovery_time) a
2026-08-01 18:57:19	1	6	2128	6	             SELECT                 name,                 toJSONString(labels) as labels_serialized,                 value,                 help,                 type             FROM (                 SELECT   concat(\'clickhouse_\', system.dimensional_metrics.metric) AS name,   toFloat64(system.dime
2026-08-01 18:57:19	2	0	0	0	             SELECT                 name,                 toJSONString(labels) as labels_serialized,                 value,                 help,                 type             FROM (                 SELECT   \'ClickHouse_CustomMetric_FailedMutations\' as name,   toFloat64(count()) as value,   \'The 
2026-08-01 18:57:19	2	13	6340	1	             SELECT                 name,                 toJSONString(labels) as labels_serialized,                 value,                 help,                 type             FROM (                 SELECT   \'ClickHouse_CustomMetric_TotalMemoryUsedByDictionaries\' AS name,   toFloat64(SUM(bytes_al
2026-08-01 18:57:19	2	14	9020	0	             SELECT                 name,                 toJSONString(labels) as labels_serialized,                 value,                 help,                 type             FROM (                 SELECT   \'clickhouse_table_replica_readonly_start_timestamp_seconds\' as name,   toFloat64(toUnixTi
2026-08-01 18:57:20	6	132	32389	132	SELECT             name,             value,             help,             JSONExtract(labels_serialized, \'Map(String, String)\') as labels,             type         FROM merge(system, \'^_custom_metrics_dictionary_.*\')         FORMAT Prometheus
2026-08-01 18:57:22	3	1	5438	1	SELECT count() FROM system.processes WHERE (initial_user NOT IN _CAST([\'backups-internal\', \'management-internal\', \'monitoring-internal\', \'observability-internal\', \'operator-internal\', \'prometheus-exporter\', \'prometheus-internal\', \'operator-cert-internal\', \'availability-monitoring-internal\', \'\'], \'Ar
2026-08-01 18:57:22	2	122	1714	1	SELECT countIf(database = \'system\') as systemParts, countIf(database != \'system\') as nonSystemParts FROM system.parts where active
2026-08-01 18:57:22	1	0	0	1	SELECT countIf(database = \'system\') as systemMerges, countIf(database != \'system\') as nonSystemMerges FROM system.merges
2026-08-01 18:57:24	6	132	32389	132	SELECT             name,             value,             help,             JSONExtract(labels_serialized, \'Map(String, String)\') as labels,             type         FROM merge(system, \'^_custom_metrics_dictionary_.*\')         FORMAT Prometheus
2026-08-01 18:57:24	1	0	0	1	             SELECT                 name,                 toJSONString(labels) as labels_serialized,                 value,                 help,                 type             FROM (                 SELECT   \'ClickHouse_CustomMetric_TotalMemoryUsedByAsynchronousInserts\' AS name,   toFloat64(SUM(t
2026-08-01 18:57:24	1	0	0	1	             SELECT                 name,                 toJSONString(labels) as labels_serialized,                 value,                 help,                 type             FROM (                 SELECT   \'ClickHouse_CustomMetric_TotalMemoryUsedByMerges\' AS name,   toFloat64(SUM(memory_usage))
2026-08-01 18:57:29	2	59	472	1	             SELECT                 name,                 toJSONString(labels) as labels_serialized,                 value,                 help,                 type             FROM (                 SELECT   \'ClickHouse_CustomMetric_TotalMemoryUsedByDataSkippingIndices\' AS name,   toFloat64(SUM(d
2026-08-01 18:57:29	23	33465	737419	33465	SELECT `content_id`, `title`, `video_type`, `category` FROM `sony`.`content_dim`;
2026-08-01 18:57:32	2	2	12868	1	SELECT count() FROM system.processes WHERE (initial_user NOT IN _CAST([\'backups-internal\', \'management-internal\', \'monitoring-internal\', \'observability-internal\', \'operator-internal\', \'prometheus-exporter\', \'prometheus-internal\', \'operator-cert-internal\', \'availability-monitoring-internal\', \'\'], \'Ar
2026-08-01 18:57:32	2	125	1759	1	SELECT countIf(database = \'system\') as systemParts, countIf(database != \'system\') as nonSystemParts FROM system.parts where active
2026-08-01 18:57:32	26	3147	591563	123	SELECT CAST(\'0fc3eaab-fbcb-4533-8825-9be9faaea781\', \'UUID\') AS instance_id, CAST(\'c-boneaws-al-46-server-j62zx3k-0\', \'LowCardinality(String)\') AS node_id, CAST(name, \'LowCardinality(String)\') AS metric, CAST(mapFilter((k, v) -> has(_CAST([\'remote\'], \'Array(String)\'), k), labels), \'Map(LowCardinality
2026-08-01 18:57:32	1	0	0	1	SELECT countIf(database = \'system\') as systemMerges, countIf(database != \'system\') as nonSystemMerges FROM system.merges
2026-08-01 18:57:34	3	6	213	0	             SELECT                 name,                 toJSONString(labels) as labels_serialized,                 value,                 help,                 type             FROM (                 SELECT   \'ClickHouse_CustomMetric_DatabaseReplicatedRecoveryTime\' as name,   toFloat64(recovery_ti
2026-08-01 18:57:37	3	0	0	0	SELECT now64(6) as scrape_time_microseconds, \'j62zx3k\' AS pod_ident, \'boneaws-al-46\' AS spoken_name, \'cell-1\' AS cell, \'ap-south-1\' AS region, \'aws\' AS cloud_provider, \'26.2.1.525\' AS clickhouse_version, \'0fc3eaab-fbcb-4533-8825-9be9faaea781\' AS control_plane_id, \'aarch64\' AS system_processor, * FRO
2026-08-01 18:57:38	5	0	0	0	SELECT now64(6) as scrape_time_microseconds, \'j62zx3k\' AS pod_ident, \'boneaws-al-46\' AS spoken_name, \'cell-1\' AS cell, \'ap-south-1\' AS region, \'aws\' AS cloud_provider, \'26.2.1.525\' AS clickhouse_version, \'0fc3eaab-fbcb-4533-8825-9be9faaea781\' AS control_plane_id, \'aarch64\' AS system_processor, * FRO
2026-08-01 18:57:38	14	9845	2373673	5320	SELECT now64(6) as scrape_time_microseconds, \'j62zx3k\' AS pod_ident, \'boneaws-al-46\' AS spoken_name, \'cell-1\' AS cell, \'ap-south-1\' AS region, \'aws\' AS cloud_provider, \'26.2.1.525\' AS clickhouse_version, \'0fc3eaab-fbcb-4533-8825-9be9faaea781\' AS control_plane_id, \'aarch64\' AS system_processor, * FRO
2026-08-01 18:57:39	3	0	0	0	SELECT now64(6) as scrape_time_microseconds, \'j62zx3k\' AS pod_ident, \'boneaws-al-46\' AS spoken_name, \'cell-1\' AS cell, \'ap-south-1\' AS region, \'aws\' AS cloud_provider, \'26.2.1.525\' AS clickhouse_version, \'0fc3eaab-fbcb-4533-8825-9be9faaea781\' AS control_plane_id, \'aarch64\' AS system_processor, * FRO
2026-08-01 18:57:39	22	16518	4194430	10725	SELECT now64(6) as scrape_time_microseconds, \'j62zx3k\' AS pod_ident, \'boneaws-al-46\' AS spoken_name, \'cell-1\' AS cell, \'ap-south-1\' AS region, \'aws\' AS cloud_provider, \'26.2.1.525\' AS clickhouse_version, \'0fc3eaab-fbcb-4533-8825-9be9faaea781\' AS control_plane_id, \'aarch64\' AS system_processor, * FRO
2026-08-01 18:57:39	2	15	1013	15	             SELECT                 name,                 toJSONString(labels) as labels_serialized,                 value,                 help,                 type             FROM (                 SELECT     \'ClickHouse_MetricsCollection_CustomMetricsSystemTable\' AS name,     toFloat64(1) AS va
2026-08-01 18:57:40	3	0	0	0	SELECT now64(6) as scrape_time_microseconds, \'j62zx3k\' AS pod_ident, \'boneaws-al-46\' AS spoken_name, \'cell-1\' AS cell, \'ap-south-1\' AS region, \'aws\' AS cloud_provider, \'26.2.1.525\' AS clickhouse_version, \'0fc3eaab-fbcb-4533-8825-9be9faaea781\' AS control_plane_id, \'aarch64\' AS system_processor, * FRO
2026-08-01 18:57:40	29	4995	9447754	352	SELECT now64(6) as scrape_time_microseconds, \'j62zx3k\' AS pod_ident, \'boneaws-al-46\' AS spoken_name, \'cell-1\' AS cell, \'ap-south-1\' AS region, \'aws\' AS cloud_provider, \'26.2.1.525\' AS clickhouse_version, \'0fc3eaab-fbcb-4533-8825-9be9faaea781\' AS control_plane_id, \'aarch64\' AS system_processor, * FRO
2026-08-01 18:57:40	5	133	32665	133	SELECT             name,             value,             help,             JSONExtract(labels_serialized, \'Map(String, String)\') as labels,             type         FROM merge(system, \'^_custom_metrics_dictionary_.*\')         FORMAT Prometheus
2026-08-01 18:57:41	3	0	0	0	SELECT now64(6) as scrape_time_microseconds, \'j62zx3k\' AS pod_ident, \'boneaws-al-46\' AS spoken_name, \'cell-1\' AS cell, \'ap-south-1\' AS region, \'aws\' AS cloud_provider, \'26.2.1.525\' AS clickhouse_version, \'0fc3eaab-fbcb-4533-8825-9be9faaea781\' AS control_plane_id, \'aarch64\' AS system_processor, * FRO
2026-08-01 18:57:41	226	943	2596953	120	SELECT now64(6) as scrape_time_microseconds, \'j62zx3k\' AS pod_ident, \'boneaws-al-46\' AS spoken_name, \'cell-1\' AS cell, \'ap-south-1\' AS region, \'aws\' AS cloud_provider, \'26.2.1.525\' AS clickhouse_version, \'0fc3eaab-fbcb-4533-8825-9be9faaea781\' AS control_plane_id, \'aarch64\' AS system_processor, * FRO
2026-08-01 18:57:42	3	0	0	0	SELECT now64(6) as scrape_time_microseconds, \'j62zx3k\' AS pod_ident, \'boneaws-al-46\' AS spoken_name, \'cell-1\' AS cell, \'ap-south-1\' AS region, \'aws\' AS cloud_provider, \'26.2.1.525\' AS clickhouse_version, \'0fc3eaab-fbcb-4533-8825-9be9faaea781\' AS control_plane_id, \'aarch64\' AS system_processor, * FRO
2026-08-01 18:57:42	14	483	6762	1	SELECT avg(ProfileEvent_OSCPUWaitMicroseconds) as cpu_wait FROM  system.metric_log  WHERE event_time > now() - INTERVAL 2 MINUTE AND event_date >= yesterday()
2026-08-01 18:57:42	3	2	10208	2	SELECT count() as count, sum(elapsed) as total_elapsed, \'lh\' as usr FROM system.processes  WHERE user = \'observability-internal\' AND client_hostname LIKE \'loghouse-scraper%\'  UNION ALL SELECT count() as count, sum(elapsed) as total_elapsed, \'other\' as usr FROM system.processes  WHERE user != \'observ
2026-08-01 18:57:42	1	885	367940	1	SELECT value FROM system.asynchronous_metrics WHERE metric = \'OSMemoryAvailable\' ;
2026-08-01 18:57:42	2	1	5438	1	SELECT count() FROM system.processes WHERE (initial_user NOT IN _CAST([\'backups-internal\', \'management-internal\', \'monitoring-internal\', \'observability-internal\', \'operator-internal\', \'prometheus-exporter\', \'prometheus-internal\', \'operator-cert-internal\', \'availability-monitoring-internal\', \'\'], \'Ar
2026-08-01 18:57:42	2	117	1643	1	SELECT countIf(database = \'system\') as systemParts, countIf(database != \'system\') as nonSystemParts FROM system.parts where active
2026-08-01 18:57:42	1	0	0	1	SELECT countIf(database = \'system\') as systemMerges, countIf(database != \'system\') as nonSystemMerges FROM system.merges
2026-08-01 18:57:44	3	0	0	0	SELECT now64(6) as scrape_time_microseconds, \'j62zx3k\' AS pod_ident, \'boneaws-al-46\' AS spoken_name, \'cell-1\' AS cell, \'ap-south-1\' AS region, \'aws\' AS cloud_provider, \'26.2.1.525\' AS clickhouse_version, \'0fc3eaab-fbcb-4533-8825-9be9faaea781\' AS control_plane_id, \'aarch64\' AS system_processor, * FRO
2026-08-01 18:57:44	1	0	0	1	SELECT count(*) FROM system.row_policies
2026-08-01 18:57:44	2	1	5022	1	             SELECT                 name,                 toJSONString(labels) as labels_serialized,                 value,                 help,                 type             FROM (                 SELECT   \'ClickHouse_CustomMetric_TotalMemoryUsedByQueries\' AS name,   toFloat64(SUM(peak_memory_u
2026-08-01 18:57:45	3	0	0	0	SELECT now64(6) as scrape_time_microseconds, \'j62zx3k\' AS pod_ident, \'boneaws-al-46\' AS spoken_name, \'cell-1\' AS cell, \'ap-south-1\' AS region, \'aws\' AS cloud_provider, \'26.2.1.525\' AS clickhouse_version, \'0fc3eaab-fbcb-4533-8825-9be9faaea781\' AS control_plane_id, \'aarch64\' AS system_processor, * FRO
2026-08-01 18:57:45	7	4505	1315025	1153	SELECT now64(6) as scrape_time_microseconds, \'j62zx3k\' AS pod_ident, \'boneaws-al-46\' AS spoken_name, \'cell-1\' AS cell, \'ap-south-1\' AS region, \'aws\' AS cloud_provider, \'26.2.1.525\' AS clickhouse_version, \'0fc3eaab-fbcb-4533-8825-9be9faaea781\' AS control_plane_id, \'aarch64\' AS system_processor, * FRO
2026-08-01 18:57:45	17	8210	4375552	332	SELECT now64(6) as scrape_time_microseconds, \'j62zx3k\' AS pod_ident, \'boneaws-al-46\' AS spoken_name, \'cell-1\' AS cell, \'ap-south-1\' AS region, \'aws\' AS cloud_provider, \'26.2.1.525\' AS clickhouse_version, \'0fc3eaab-fbcb-4533-8825-9be9faaea781\' AS control_plane_id, \'aarch64\' AS system_processor, * FRO
2026-08-01 18:57:45	99	1417216	22724609	106328	SELECT now64(6) as scrape_time_microseconds, \'j62zx3k\' AS pod_ident, \'boneaws-al-46\' AS spoken_name, \'cell-1\' AS cell, \'ap-south-1\' AS region, \'aws\' AS cloud_provider, \'26.2.1.525\' AS clickhouse_version, \'0fc3eaab-fbcb-4533-8825-9be9faaea781\' AS control_plane_id, \'aarch64\' AS system_processor, * FRO
2026-08-01 18:57:46	3	0	0	0	SELECT now64(6) as scrape_time_microseconds, \'j62zx3k\' AS pod_ident, \'boneaws-al-46\' AS spoken_name, \'cell-1\' AS cell, \'ap-south-1\' AS region, \'aws\' AS cloud_provider, \'26.2.1.525\' AS clickhouse_version, \'0fc3eaab-fbcb-4533-8825-9be9faaea781\' AS control_plane_id, \'aarch64\' AS system_processor, * FRO
2026-08-01 18:57:47	23	31081	7382406	18772	SELECT now64(6) as scrape_time_microseconds, \'j62zx3k\' AS pod_ident, \'boneaws-al-46\' AS spoken_name, \'cell-1\' AS cell, \'ap-south-1\' AS region, \'aws\' AS cloud_provider, \'26.2.1.525\' AS clickhouse_version, \'0fc3eaab-fbcb-4533-8825-9be9faaea781\' AS control_plane_id, \'aarch64\' AS system_processor, * FRO
2026-08-01 18:57:48	3	0	0	0	SELECT now64(6) as scrape_time_microseconds, \'j62zx3k\' AS pod_ident, \'boneaws-al-46\' AS spoken_name, \'cell-1\' AS cell, \'ap-south-1\' AS region, \'aws\' AS cloud_provider, \'26.2.1.525\' AS clickhouse_version, \'0fc3eaab-fbcb-4533-8825-9be9faaea781\' AS control_plane_id, \'aarch64\' AS system_processor, * FRO
2026-08-01 18:57:49	113	79	79612	6	SELECT now64(6) as scrape_time_microseconds, \'j62zx3k\' AS pod_ident, \'boneaws-al-46\' AS spoken_name, \'cell-1\' AS cell, \'ap-south-1\' AS region, \'aws\' AS cloud_provider, \'26.2.1.525\' AS clickhouse_version, \'0fc3eaab-fbcb-4533-8825-9be9faaea781\' AS control_plane_id, \'aarch64\' AS system_processor, * FRO
2026-08-01 18:57:49	2	13	6340	1	             SELECT                 name,                 toJSONString(labels) as labels_serialized,                 value,                 help,                 type             FROM (                 SELECT   \'ClickHouse_CustomMetric_TotalMemoryUsedByDictionaries\' AS name,   toFloat64(SUM(bytes_al
2026-08-01 18:57:50	6	133	32665	133	SELECT             name,             value,             help,             JSONExtract(labels_serialized, \'Map(String, String)\') as labels,             type         FROM merge(system, \'^_custom_metrics_dictionary_.*\')         FORMAT Prometheus
2026-08-01 18:57:52	2	2	12834	1	SELECT count() FROM system.processes WHERE (initial_user NOT IN _CAST([\'backups-internal\', \'management-internal\', \'monitoring-internal\', \'observability-internal\', \'operator-internal\', \'prometheus-exporter\', \'prometheus-internal\', \'operator-cert-internal\', \'availability-monitoring-internal\', \'\'], \'Ar
2026-08-01 18:57:52	23	3160	593479	123	SELECT CAST(\'0fc3eaab-fbcb-4533-8825-9be9faaea781\', \'UUID\') AS instance_id, CAST(\'c-boneaws-al-46-server-j62zx3k-0\', \'LowCardinality(String)\') AS node_id, CAST(name, \'LowCardinality(String)\') AS metric, CAST(mapFilter((k, v) -> has(_CAST([\'remote\'], \'Array(String)\'), k), labels), \'Map(LowCardinality
2026-08-01 18:57:52	2	114	1598	1	SELECT countIf(database = \'system\') as systemParts, countIf(database != \'system\') as nonSystemParts FROM system.parts where active
2026-08-01 18:57:52	1	0	0	1	SELECT countIf(database = \'system\') as systemMerges, countIf(database != \'system\') as nonSystemMerges FROM system.merges
2026-08-01 18:57:53	7	8211	938569	1244	SELECT now64(6) as scrape_time_microseconds, \'j62zx3k\' AS pod_ident, \'boneaws-al-46\' AS spoken_name, \'cell-1\' AS cell, \'ap-south-1\' AS region, \'aws\' AS cloud_provider, \'26.2.1.525\' AS clickhouse_version, \'0fc3eaab-fbcb-4533-8825-9be9faaea781\' AS control_plane_id, \'aarch64\' AS system_processor, * FRO
2026-08-01 18:57:54	4	0	0	0	SELECT now64(6) as scrape_time_microseconds, \'j62zx3k\' AS pod_ident, \'boneaws-al-46\' AS spoken_name, \'cell-1\' AS cell, \'ap-south-1\' AS region, \'aws\' AS cloud_provider, \'26.2.1.525\' AS clickhouse_version, \'0fc3eaab-fbcb-4533-8825-9be9faaea781\' AS control_plane_id, \'aarch64\' AS system_processor, * FRO
2026-08-01 18:57:54	6	133	32665	133	SELECT             name,             value,             help,             JSONExtract(labels_serialized, \'Map(String, String)\') as labels,             type         FROM merge(system, \'^_custom_metrics_dictionary_.*\')         FORMAT Prometheus
2026-08-01 18:57:54	2	59	472	1	             SELECT                 name,                 toJSONString(labels) as labels_serialized,                 value,                 help,                 type             FROM (                 SELECT   \'ClickHouse_CustomMetric_TotalMemoryUsedByDataSkippingIndices\' AS name,   toFloat64(SUM(d
2026-08-01 18:57:54	2	4	8939	1	             SELECT                 name,                 toJSONString(labels) as labels_serialized,                 value,                 help,                 type             FROM (                 SELECT   \'ClickHouse_CustomMetric_TotalMemoryUsedByQueries\' AS name,   toFloat64(SUM(peak_memory_u
2026-08-01 18:57:54	2	14	9020	0	             SELECT                 name,                 toJSONString(labels) as labels_serialized,                 value,                 help,                 type             FROM (                 SELECT   \'clickhouse_table_replica_readonly_start_timestamp_seconds\' as name,   toFloat64(toUnixTi
2026-08-01 18:57:54	3	6	213	0	             SELECT                 name,                 toJSONString(labels) as labels_serialized,                 value,                 help,                 type             FROM (                 SELECT   \'ClickHouse_CustomMetric_DatabaseReplicatedRecoveryTime\' as name,   toFloat64(recovery_ti
2026-08-01 18:57:59	1	0	0	1	             SELECT                 name,                 toJSONString(labels) as labels_serialized,                 value,                 help,                 type             FROM (                 SELECT   \'ClickHouse_CustomMetric_TotalMemoryUsedByMerges\' AS name,   toFloat64(SUM(memory_usage))
2026-08-01 18:58:02	3	1	5438	1	SELECT count() FROM system.processes WHERE (initial_user NOT IN _CAST([\'backups-internal\', \'management-internal\', \'monitoring-internal\', \'observability-internal\', \'operator-internal\', \'prometheus-exporter\', \'prometheus-internal\', \'operator-cert-internal\', \'availability-monitoring-internal\', \'\'], \'Ar
2026-08-01 18:58:02	2	117	1643	1	SELECT countIf(database = \'system\') as systemParts, countIf(database != \'system\') as nonSystemParts FROM system.parts where active
2026-08-01 18:58:02	1	0	0	1	SELECT countIf(database = \'system\') as systemMerges, countIf(database != \'system\') as nonSystemMerges FROM system.merges
2026-08-01 18:58:04	3	6	213	0	             SELECT                 name,                 toJSONString(labels) as labels_serialized,                 value,                 help,                 type             FROM (                 SELECT   \'ClickHouse_CustomMetric_SharedCatalogRecoveryTime\' as name,   toFloat64(recovery_time) a
2026-08-01 18:58:09	7	1584	995789	56	SELECT now64(6) as scrape_time_microseconds, \'j62zx3k\' AS pod_ident, \'boneaws-al-46\' AS spoken_name, \'cell-1\' AS cell, \'ap-south-1\' AS region, \'aws\' AS cloud_provider, \'26.2.1.525\' AS clickhouse_version, \'0fc3eaab-fbcb-4533-8825-9be9faaea781\' AS control_plane_id, \'aarch64\' AS system_processor, * FRO
2026-08-01 18:58:09	1	6	2128	6	             SELECT                 name,                 toJSONString(labels) as labels_serialized,                 value,                 help,                 type             FROM (                 SELECT   concat(\'clickhouse_\', system.dimensional_metrics.metric) AS name,   toFloat64(system.dime
2026-08-01 18:58:10	5	133	32665	133	SELECT             name,             value,             help,             JSONExtract(labels_serialized, \'Map(String, String)\') as labels,             type         FROM merge(system, \'^_custom_metrics_dictionary_.*\')         FORMAT Prometheus
2026-08-01 18:58:10	1	1	1	1	SELECT displayName(), version(), revision(), timezone()
2026-08-01 18:58:10	1	1	1	1	SELECT 1;
2026-08-01 18:58:12	15	513	7182	1	SELECT avg(ProfileEvent_OSCPUWaitMicroseconds) as cpu_wait FROM  system.metric_log  WHERE event_time > now() - INTERVAL 2 MINUTE AND event_date >= yesterday()
2026-08-01 18:58:12	4	2	10208	2	SELECT count() as count, sum(elapsed) as total_elapsed, \'lh\' as usr FROM system.processes  WHERE user = \'observability-internal\' AND client_hostname LIKE \'loghouse-scraper%\'  UNION ALL SELECT count() as count, sum(elapsed) as total_elapsed, \'other\' as usr FROM system.processes  WHERE user != \'observ
2026-08-01 18:58:12	1	887	368225	1	SELECT value FROM system.asynchronous_metrics WHERE metric = \'OSMemoryAvailable\' ;
2026-08-01 18:58:12	2	2	12834	1	SELECT count() FROM system.processes WHERE (initial_user NOT IN _CAST([\'backups-internal\', \'management-internal\', \'monitoring-internal\', \'observability-internal\', \'operator-internal\', \'prometheus-exporter\', \'prometheus-internal\', \'operator-cert-internal\', \'availability-monitoring-internal\', \'\'], \'Ar
2026-08-01 18:58:12	23	3160	593479	123	SELECT CAST(\'0fc3eaab-fbcb-4533-8825-9be9faaea781\', \'UUID\') AS instance_id, CAST(\'c-boneaws-al-46-server-j62zx3k-0\', \'LowCardinality(String)\') AS node_id, CAST(name, \'LowCardinality(String)\') AS metric, CAST(mapFilter((k, v) -> has(_CAST([\'remote\'], \'Array(String)\'), k), labels), \'Map(LowCardinality
2026-08-01 18:58:12	2	116	1628	1	SELECT countIf(database = \'system\') as systemParts, countIf(database != \'system\') as nonSystemParts FROM system.parts where active
2026-08-01 18:58:12	1	0	0	1	SELECT countIf(database = \'system\') as systemMerges, countIf(database != \'system\') as nonSystemMerges FROM system.merges
2026-08-01 18:58:14	1	0	0	1	             SELECT                 name,                 toJSONString(labels) as labels_serialized,                 value,                 help,                 type             FROM (                 SELECT   \'ClickHouse_CustomMetric_TotalMemoryUsedByAsynchronousInserts\' AS name,   toFloat64(SUM(t
2026-08-01 18:58:14	2	0	0	0	             SELECT                 name,                 toJSONString(labels) as labels_serialized,                 value,                 help,                 type             FROM (                 SELECT   \'ClickHouse_CustomMetric_FailedMutations\' as name,   toFloat64(count()) as value,   \'The 
2026-08-01 18:58:19	1	0	0	1	             SELECT                 name,                 toJSONString(labels) as labels_serialized,                 value,                 help,                 type             FROM (                 SELECT   \'ClickHouse_CustomMetric_TotalMemoryUsedByAsynchronousInserts\' AS name,   toFloat64(SUM(t
2026-08-01 18:58:19	3	6	213	0	             SELECT                 name,                 toJSONString(labels) as labels_serialized,                 value,                 help,                 type             FROM (                 SELECT   \'ClickHouse_CustomMetric_DatabaseReplicatedRecoveryTime\' as name,   toFloat64(recovery_ti
2026-08-01 18:58:20	5	133	32665	133	SELECT             name,             value,             help,             JSONExtract(labels_serialized, \'Map(String, String)\') as labels,             type         FROM merge(system, \'^_custom_metrics_dictionary_.*\')         FORMAT Prometheus
2026-08-01 18:58:22	3	1	5438	1	SELECT count() FROM system.processes WHERE (initial_user NOT IN _CAST([\'backups-internal\', \'management-internal\', \'monitoring-internal\', \'observability-internal\', \'operator-internal\', \'prometheus-exporter\', \'prometheus-internal\', \'operator-cert-internal\', \'availability-monitoring-internal\', \'\'], \'Ar
2026-08-01 18:58:22	2	112	1568	1	SELECT countIf(database = \'system\') as systemParts, countIf(database != \'system\') as nonSystemParts FROM system.parts where active
2026-08-01 18:58:22	1	0	0	1	SELECT countIf(database = \'system\') as systemMerges, countIf(database != \'system\') as nonSystemMerges FROM system.merges
2026-08-01 18:58:24	6	133	32665	133	SELECT             name,             value,             help,             JSONExtract(labels_serialized, \'Map(String, String)\') as labels,             type         FROM merge(system, \'^_custom_metrics_dictionary_.*\')         FORMAT Prometheus
2026-08-01 18:58:24	3	14	9020	0	             SELECT                 name,                 toJSONString(labels) as labels_serialized,                 value,                 help,                 type             FROM (                 SELECT   \'clickhouse_table_replica_readonly_start_timestamp_seconds\' as name,   toFloat64(toUnixTi
2026-08-01 18:58:29	2	15	1013	15	             SELECT                 name,                 toJSONString(labels) as labels_serialized,                 value,                 help,                 type             FROM (                 SELECT     \'ClickHouse_MetricsCollection_CustomMetricsSystemTable\' AS name,     toFloat64(1) AS va
2026-08-01 18:58:32	3	4	12390	1	SELECT count() FROM system.processes WHERE (initial_user NOT IN _CAST([\'backups-internal\', \'management-internal\', \'monitoring-internal\', \'observability-internal\', \'operator-internal\', \'prometheus-exporter\', \'prometheus-internal\', \'operator-cert-internal\', \'availability-monitoring-internal\', \'\'], \'Ar
2026-08-01 18:58:32	5	0	0	0	WITH source AS (SELECT [\'matview_execution_total\', if(exception_code != 0, \'matview_execution_fail\', \'\')] AS metrics, event_time AS ts FROM system.query_views_log WHERE (status != \'QueryStart\') AND (event_date >= toDate(_CAST(\'1785610557.833\', \'DateTime64\'))) AND (event_time >= toDateTime(_CAST(\'178
2026-08-01 18:58:32	4	378	114440	5	WITH metrics AS (SELECT name AS metric, toFloat64(value) AS val, now() AS ts FROM system.server_settings WHERE multiMatchAny(name, _CAST([\'^max_database_num_to_throw$\', \'^max_database_num_to_warn$\', \'^max_table_num_to_throw$\', \'^max_table_num_to_warn$\', \'^max_concurrent_queries$\'], \'Array(String)\'))
2026-08-01 18:58:32	8	700	10486	15	WITH metrics AS (SELECT multiIf((event_type = \'MergeParts\') AND (error = 0), \'merges_finished\', (event_type = \'MergeParts\') AND (error != 0), \'merges_failed\', (event_type = \'MutatePart\') AND (error = 0), \'mutate_part_finished\', (event_type = \'MutatePart\') AND (error != 0), \'mutate_part_failed\', NULL
2026-08-01 18:58:32	9	0	0	1	WITH failed_mutations AS (SELECT toDateTime(create_time) AS ts, count() AS val FROM system.mutations WHERE (ts > toDateTime(_CAST(\'1785610557.833\', \'DateTime64\'))) AND (ts <= toDateTime(_CAST(\'1785610677.833\', \'DateTime64\'))) AND (latest_failed_part != \'\') AND (is_done = 0) GROUP BY ts), failed_muta
2026-08-01 18:58:32	9	100290	1541165	1560	SELECT CAST(\'0fc3eaab-fbcb-4533-8825-9be9faaea781\', \'UUID\') AS control_plane_id, CAST(\'c-boneaws-al-46-server-j62zx3k-0\', \'LowCardinality(String)\') AS pod_id, CAST(now64(), \'DateTime64(6)\') AS scrape_ts_microseconds, CAST(event_date, \'Date\') AS event_date, CAST(event_time, \'DateTime\') AS event_time,
2026-08-01 18:58:32	2	116	1628	1	SELECT countIf(database = \'system\') as systemParts, countIf(database != \'system\') as nonSystemParts FROM system.parts where active
2026-08-01 18:58:32	1	0	0	1	SELECT countIf(database = \'system\') as systemMerges, countIf(database != \'system\') as nonSystemMerges FROM system.merges
2026-08-01 18:58:32	23	3160	593479	123	SELECT CAST(\'0fc3eaab-fbcb-4533-8825-9be9faaea781\', \'UUID\') AS instance_id, CAST(\'c-boneaws-al-46-server-j62zx3k-0\', \'LowCardinality(String)\') AS node_id, CAST(name, \'LowCardinality(String)\') AS metric, CAST(mapFilter((k, v) -> has(_CAST([\'remote\'], \'Array(String)\'), k), labels), \'Map(LowCardinality
2026-08-01 18:58:32	50	513	155611	120	SELECT CAST(\'0fc3eaab-fbcb-4533-8825-9be9faaea781\', \'UUID\') AS control_plane_id, CAST(\'c-boneaws-al-46-server-j62zx3k-0\', \'LowCardinality(String)\') AS pod_id, CAST(now64(), \'DateTime64(6)\') AS scrape_ts_microseconds, CAST(event_date, \'Date\') AS event_date, CAST(event_time, \'DateTime\') AS event_time,
2026-08-01 18:58:32	153	812	223395	18	WITH parts_agg AS (SELECT database AS agg_database, `table` AS agg_table, SUM(primary_key_size) AS primary_index_size, SUM(secondary_indices_compressed_bytes) AS secondary_index_size FROM system.parts WHERE active AND (database != \'system\') GROUP BY database, `table`), proj_agg AS (SELECT database A
2026-08-01 18:58:34	2	0	0	0	             SELECT                 name,                 toJSONString(labels) as labels_serialized,                 value,                 help,                 type             FROM (                 SELECT   \'ClickHouse_CustomMetric_FailedMutations\' as name,   toFloat64(count()) as value,   \'The 
2026-08-01 18:58:34	2	13	6340	1	             SELECT                 name,                 toJSONString(labels) as labels_serialized,                 value,                 help,                 type             FROM (                 SELECT   \'ClickHouse_CustomMetric_TotalMemoryUsedByDictionaries\' AS name,   toFloat64(SUM(bytes_al
2026-08-01 18:58:39	2	13	6340	1	             SELECT                 name,                 toJSONString(labels) as labels_serialized,                 value,                 help,                 type             FROM (                 SELECT   \'ClickHouse_CustomMetric_TotalMemoryUsedByDictionaries\' AS name,   toFloat64(SUM(bytes_al
2026-08-01 18:58:40	5	133	32665	133	SELECT             name,             value,             help,             JSONExtract(labels_serialized, \'Map(String, String)\') as labels,             type         FROM merge(system, \'^_custom_metrics_dictionary_.*\')         FORMAT Prometheus
2026-08-01 18:58:42	15	543	7379	1	SELECT avg(ProfileEvent_OSCPUWaitMicroseconds) as cpu_wait FROM  system.metric_log  WHERE event_time > now() - INTERVAL 2 MINUTE AND event_date >= yesterday()
2026-08-01 18:58:42	3	2	10208	2	SELECT count() as count, sum(elapsed) as total_elapsed, \'lh\' as usr FROM system.processes  WHERE user = \'observability-internal\' AND client_hostname LIKE \'loghouse-scraper%\'  UNION ALL SELECT count() as count, sum(elapsed) as total_elapsed, \'other\' as usr FROM system.processes  WHERE user != \'observ
2026-08-01 18:58:42	1	887	368225	1	SELECT value FROM system.asynchronous_metrics WHERE metric = \'OSMemoryAvailable\' ;
2026-08-01 18:58:42	3	1	5438	1	SELECT count() FROM system.processes WHERE (initial_user NOT IN _CAST([\'backups-internal\', \'management-internal\', \'monitoring-internal\', \'observability-internal\', \'operator-internal\', \'prometheus-exporter\', \'prometheus-internal\', \'operator-cert-internal\', \'availability-monitoring-internal\', \'\'], \'Ar
2026-08-01 18:58:42	2	125	1763	1	SELECT countIf(database = \'system\') as systemParts, countIf(database != \'system\') as nonSystemParts FROM system.parts where active
2026-08-01 18:58:42	1	0	0	1	SELECT countIf(database = \'system\') as systemMerges, countIf(database != \'system\') as nonSystemMerges FROM system.merges
2026-08-01 18:58:44	1	6	2128	6	             SELECT                 name,                 toJSONString(labels) as labels_serialized,                 value,                 help,                 type             FROM (                 SELECT   concat(\'clickhouse_\', system.dimensional_metrics.metric) AS name,   toFloat64(system.dime
2026-08-01 18:58:44	2	4	8949	1	             SELECT                 name,                 toJSONString(labels) as labels_serialized,                 value,                 help,                 type             FROM (                 SELECT   \'ClickHouse_CustomMetric_TotalMemoryUsedByQueries\' AS name,   toFloat64(SUM(peak_memory_u
2026-08-01 18:58:44	3	6	213	0	             SELECT                 name,                 toJSONString(labels) as labels_serialized,                 value,                 help,                 type             FROM (                 SELECT   \'ClickHouse_CustomMetric_SharedCatalogRecoveryTime\' as name,   toFloat64(recovery_time) a
2026-08-01 18:58:44	3	6	213	0	             SELECT                 name,                 toJSONString(labels) as labels_serialized,                 value,                 help,                 type             FROM (                 SELECT   \'ClickHouse_CustomMetric_DatabaseReplicatedRecoveryTime\' as name,   toFloat64(recovery_ti
2026-08-01 18:58:49	2	0	0	1	             SELECT                 name,                 toJSONString(labels) as labels_serialized,                 value,                 help,                 type             FROM (                 SELECT   \'ClickHouse_CustomMetric_TotalMemoryUsedByMerges\' AS name,   toFloat64(SUM(memory_usage))
2026-08-01 18:58:50	5	133	32665	133	SELECT             name,             value,             help,             JSONExtract(labels_serialized, \'Map(String, String)\') as labels,             type         FROM merge(system, \'^_custom_metrics_dictionary_.*\')         FORMAT Prometheus
2026-08-01 18:58:51	2	0	8	1	SELECT count() FROM system.backups where status IN (0,3)
2026-08-01 18:58:51	3	1	5472	1	SELECT count() FROM system.processes WHERE (elapsed > _CAST(0, \'Int64\')) AND (initial_user NOT IN _CAST([\'backups-internal\', \'management-internal\', \'monitoring-internal\', \'observability-internal\', \'operator-internal\', \'prometheus-exporter\', \'prometheus-internal\', \'operator-cert-internal\', \'availabil
2026-08-01 18:58:52	2	2	12834	1	SELECT count() FROM system.processes WHERE (initial_user NOT IN _CAST([\'backups-internal\', \'management-internal\', \'monitoring-internal\', \'observability-internal\', \'operator-internal\', \'prometheus-exporter\', \'prometheus-internal\', \'operator-cert-internal\', \'availability-monitoring-internal\', \'\'], \'Ar
2026-08-01 18:58:52	23	3160	593479	123	SELECT CAST(\'0fc3eaab-fbcb-4533-8825-9be9faaea781\', \'UUID\') AS instance_id, CAST(\'c-boneaws-al-46-server-j62zx3k-0\', \'LowCardinality(String)\') AS node_id, CAST(name, \'LowCardinality(String)\') AS metric, CAST(mapFilter((k, v) -> has(_CAST([\'remote\'], \'Array(String)\'), k), labels), \'Map(LowCardinality
2026-08-01 18:58:52	2	126	1778	1	SELECT countIf(database = \'system\') as systemParts, countIf(database != \'system\') as nonSystemParts FROM system.parts where active
2026-08-01 18:58:52	1	0	0	1	SELECT countIf(database = \'system\') as systemMerges, countIf(database != \'system\') as nonSystemMerges FROM system.merges
2026-08-01 18:58:54	5	133	32665	133	SELECT             name,             value,             help,             JSONExtract(labels_serialized, \'Map(String, String)\') as labels,             type         FROM merge(system, \'^_custom_metrics_dictionary_.*\')         FORMAT Prometheus
2026-08-01 18:58:54	2	15	1013	15	             SELECT                 name,                 toJSONString(labels) as labels_serialized,                 value,                 help,                 type             FROM (                 SELECT     \'ClickHouse_MetricsCollection_CustomMetricsSystemTable\' AS name,     toFloat64(1) AS va
2026-08-01 18:58:54	2	59	472	1	             SELECT                 name,                 toJSONString(labels) as labels_serialized,                 value,                 help,                 type             FROM (                 SELECT   \'ClickHouse_CustomMetric_TotalMemoryUsedByDataSkippingIndices\' AS name,   toFloat64(SUM(d
2026-08-01 18:58:59	2	59	472	1	             SELECT                 name,                 toJSONString(labels) as labels_serialized,                 value,                 help,                 type             FROM (                 SELECT   \'ClickHouse_CustomMetric_TotalMemoryUsedByDataSkippingIndices\' AS name,   toFloat64(SUM(d
2026-08-01 18:59:02	3	1	5438	1	SELECT count() FROM system.processes WHERE (initial_user NOT IN _CAST([\'backups-internal\', \'management-internal\', \'monitoring-internal\', \'observability-internal\', \'operator-internal\', \'prometheus-exporter\', \'prometheus-internal\', \'operator-cert-internal\', \'availability-monitoring-internal\', \'\'], \'Ar
2026-08-01 18:59:02	2	124	1748	1	SELECT countIf(database = \'system\') as systemParts, countIf(database != \'system\') as nonSystemParts FROM system.parts where active
2026-08-01 18:59:02	1	0	0	1	SELECT countIf(database = \'system\') as systemMerges, countIf(database != \'system\') as nonSystemMerges FROM system.merges
2026-08-01 18:59:04	1	0	0	1	             SELECT                 name,                 toJSONString(labels) as labels_serialized,                 value,                 help,                 type             FROM (                 SELECT   \'ClickHouse_CustomMetric_TotalMemoryUsedByAsynchronousInserts\' AS name,   toFloat64(SUM(t
2026-08-01 18:59:04	3	14	9020	0	             SELECT                 name,                 toJSONString(labels) as labels_serialized,                 value,                 help,                 type             FROM (                 SELECT   \'clickhouse_table_replica_readonly_start_timestamp_seconds\' as name,   toFloat64(toUnixTi
2026-08-01 18:59:09	2	15	1013	15	             SELECT                 name,                 toJSONString(labels) as labels_serialized,                 value,                 help,                 type             FROM (                 SELECT     \'ClickHouse_MetricsCollection_CustomMetricsSystemTable\' AS name,     toFloat64(1) AS va
2026-08-01 18:59:09	2	14	9020	0	             SELECT                 name,                 toJSONString(labels) as labels_serialized,                 value,                 help,                 type             FROM (                 SELECT   \'clickhouse_table_replica_readonly_start_timestamp_seconds\' as name,   toFloat64(toUnixTi
2026-08-01 18:59:10	5	133	32665	133	SELECT             name,             value,             help,             JSONExtract(labels_serialized, \'Map(String, String)\') as labels,             type         FROM merge(system, \'^_custom_metrics_dictionary_.*\')         FORMAT Prometheus
2026-08-01 18:59:12	14	573	7799	1	SELECT avg(ProfileEvent_OSCPUWaitMicroseconds) as cpu_wait FROM  system.metric_log  WHERE event_time > now() - INTERVAL 2 MINUTE AND event_date >= yesterday()
2026-08-01 18:59:12	2	3	14168	1	SELECT count() FROM system.processes WHERE (initial_user NOT IN _CAST([\'backups-internal\', \'management-internal\', \'monitoring-internal\', \'observability-internal\', \'operator-internal\', \'prometheus-exporter\', \'prometheus-internal\', \'operator-cert-internal\', \'availability-monitoring-internal\', \'\'], \'Ar
2026-08-01 18:59:12	4	6	28264	2	SELECT count() as count, sum(elapsed) as total_elapsed, \'lh\' as usr FROM system.processes  WHERE user = \'observability-internal\' AND client_hostname LIKE \'loghouse-scraper%\'  UNION ALL SELECT count() as count, sum(elapsed) as total_elapsed, \'other\' as usr FROM system.processes  WHERE user != \'observ
2026-08-01 18:59:12	1	887	368225	1	SELECT value FROM system.asynchronous_metrics WHERE metric = \'OSMemoryAvailable\' ;
2026-08-01 18:59:12	23	3160	593479	123	SELECT CAST(\'0fc3eaab-fbcb-4533-8825-9be9faaea781\', \'UUID\') AS instance_id, CAST(\'c-boneaws-al-46-server-j62zx3k-0\', \'LowCardinality(String)\') AS node_id, CAST(name, \'LowCardinality(String)\') AS metric, CAST(mapFilter((k, v) -> has(_CAST([\'remote\'], \'Array(String)\'), k), labels), \'Map(LowCardinality
2026-08-01 18:59:12	2	114	1598	1	SELECT countIf(database = \'system\') as systemParts, countIf(database != \'system\') as nonSystemParts FROM system.parts where active
2026-08-01 18:59:12	1	0	0	1	SELECT countIf(database = \'system\') as systemMerges, countIf(database != \'system\') as nonSystemMerges FROM system.merges
2026-08-01 18:59:19	3	6	213	0	             SELECT                 name,                 toJSONString(labels) as labels_serialized,                 value,                 help,                 type             FROM (                 SELECT   \'ClickHouse_CustomMetric_SharedCatalogRecoveryTime\' as name,   toFloat64(recovery_time) a
2026-08-01 18:59:20	5	133	32665	133	SELECT             name,             value,             help,             JSONExtract(labels_serialized, \'Map(String, String)\') as labels,             type         FROM merge(system, \'^_custom_metrics_dictionary_.*\')         FORMAT Prometheus
2026-08-01 18:59:22	3	1	5438	1	SELECT count() FROM system.processes WHERE (initial_user NOT IN _CAST([\'backups-internal\', \'management-internal\', \'monitoring-internal\', \'observability-internal\', \'operator-internal\', \'prometheus-exporter\', \'prometheus-internal\', \'operator-cert-internal\', \'availability-monitoring-internal\', \'\'], \'Ar
2026-08-01 18:59:22	2	115	1613	1	SELECT countIf(database = \'system\') as systemParts, countIf(database != \'system\') as nonSystemParts FROM system.parts where active
2026-08-01 18:59:22	1	0	0	1	SELECT countIf(database = \'system\') as systemMerges, countIf(database != \'system\') as nonSystemMerges FROM system.merges
2026-08-01 18:59:24	6	133	32665	133	SELECT             name,             value,             help,             JSONExtract(labels_serialized, \'Map(String, String)\') as labels,             type         FROM merge(system, \'^_custom_metrics_dictionary_.*\')         FORMAT Prometheus
2026-08-01 18:59:24	1	0	0	1	             SELECT                 name,                 toJSONString(labels) as labels_serialized,                 value,                 help,                 type             FROM (                 SELECT   \'ClickHouse_CustomMetric_TotalMemoryUsedByAsynchronousInserts\' AS name,   toFloat64(SUM(t
2026-08-01 18:59:24	1	0	0	1	             SELECT                 name,                 toJSONString(labels) as labels_serialized,                 value,                 help,                 type             FROM (                 SELECT   \'ClickHouse_CustomMetric_TotalMemoryUsedByMerges\' AS name,   toFloat64(SUM(memory_usage))
2026-08-01 18:59:24	2	0	0	0	             SELECT                 name,                 toJSONString(labels) as labels_serialized,                 value,                 help,                 type             FROM (                 SELECT   \'ClickHouse_CustomMetric_FailedMutations\' as name,   toFloat64(count()) as value,   \'The 
2026-08-01 18:59:24	3	14	9020	0	             SELECT                 name,                 toJSONString(labels) as labels_serialized,                 value,                 help,                 type             FROM (                 SELECT   \'clickhouse_table_replica_readonly_start_timestamp_seconds\' as name,   toFloat64(toUnixTi
2026-08-01 18:59:24	3	6	213	0	             SELECT                 name,                 toJSONString(labels) as labels_serialized,                 value,                 help,                 type             FROM (                 SELECT   \'ClickHouse_CustomMetric_SharedCatalogRecoveryTime\' as name,   toFloat64(recovery_time) a
2026-08-01 18:59:29	1	0	0	1	             SELECT                 name,                 toJSONString(labels) as labels_serialized,                 value,                 help,                 type             FROM (                 SELECT   \'ClickHouse_CustomMetric_TotalMemoryUsedByAsynchronousInserts\' AS name,   toFloat64(SUM(t
2026-08-01 18:59:29	2	13	6340	1	             SELECT                 name,                 toJSONString(labels) as labels_serialized,                 value,                 help,                 type             FROM (                 SELECT   \'ClickHouse_CustomMetric_TotalMemoryUsedByDictionaries\' AS name,   toFloat64(SUM(bytes_al
2026-08-01 18:59:29	3	6	213	0	             SELECT                 name,                 toJSONString(labels) as labels_serialized,                 value,                 help,                 type             FROM (                 SELECT   \'ClickHouse_CustomMetric_DatabaseReplicatedRecoveryTime\' as name,   toFloat64(recovery_ti
2026-08-01 18:59:32	2	2	12834	1	SELECT count() FROM system.processes WHERE (initial_user NOT IN _CAST([\'backups-internal\', \'management-internal\', \'monitoring-internal\', \'observability-internal\', \'operator-internal\', \'prometheus-exporter\', \'prometheus-internal\', \'operator-cert-internal\', \'availability-monitoring-internal\', \'\'], \'Ar
2026-08-01 18:59:32	23	3160	593479	123	SELECT CAST(\'0fc3eaab-fbcb-4533-8825-9be9faaea781\', \'UUID\') AS instance_id, CAST(\'c-boneaws-al-46-server-j62zx3k-0\', \'LowCardinality(String)\') AS node_id, CAST(name, \'LowCardinality(String)\') AS metric, CAST(mapFilter((k, v) -> has(_CAST([\'remote\'], \'Array(String)\'), k), labels), \'Map(LowCardinality
2026-08-01 18:59:32	2	114	1598	1	SELECT countIf(database = \'system\') as systemParts, countIf(database != \'system\') as nonSystemParts FROM system.parts where active
2026-08-01 18:59:32	1	0	0	1	SELECT countIf(database = \'system\') as systemMerges, countIf(database != \'system\') as nonSystemMerges FROM system.merges
2026-08-01 18:59:34	1	6	2128	6	             SELECT                 name,                 toJSONString(labels) as labels_serialized,                 value,                 help,                 type             FROM (                 SELECT   concat(\'clickhouse_\', system.dimensional_metrics.metric) AS name,   toFloat64(system.dime
2026-08-01 18:59:34	3	14	9020	0	             SELECT                 name,                 toJSONString(labels) as labels_serialized,                 value,                 help,                 type             FROM (                 SELECT   \'clickhouse_table_replica_readonly_start_timestamp_seconds\' as name,   toFloat64(toUnixTi
2026-08-01 18:59:37	3	0	0	0	SELECT now64(6) as scrape_time_microseconds, \'j62zx3k\' AS pod_ident, \'boneaws-al-46\' AS spoken_name, \'cell-1\' AS cell, \'ap-south-1\' AS region, \'aws\' AS cloud_provider, \'26.2.1.525\' AS clickhouse_version, \'0fc3eaab-fbcb-4533-8825-9be9faaea781\' AS control_plane_id, \'aarch64\' AS system_processor, * FRO
2026-08-01 18:59:38	4	0	0	0	SELECT now64(6) as scrape_time_microseconds, \'j62zx3k\' AS pod_ident, \'boneaws-al-46\' AS spoken_name, \'cell-1\' AS cell, \'ap-south-1\' AS region, \'aws\' AS cloud_provider, \'26.2.1.525\' AS clickhouse_version, \'0fc3eaab-fbcb-4533-8825-9be9faaea781\' AS control_plane_id, \'aarch64\' AS system_processor, * FRO
2026-08-01 18:59:38	19	18219	4368633	5448	SELECT now64(6) as scrape_time_microseconds, \'j62zx3k\' AS pod_ident, \'boneaws-al-46\' AS spoken_name, \'cell-1\' AS cell, \'ap-south-1\' AS region, \'aws\' AS cloud_provider, \'26.2.1.525\' AS clickhouse_version, \'0fc3eaab-fbcb-4533-8825-9be9faaea781\' AS control_plane_id, \'aarch64\' AS system_processor, * FRO
2026-08-01 18:59:39	3	0	0	0	SELECT now64(6) as scrape_time_microseconds, \'j62zx3k\' AS pod_ident, \'boneaws-al-46\' AS spoken_name, \'cell-1\' AS cell, \'ap-south-1\' AS region, \'aws\' AS cloud_provider, \'26.2.1.525\' AS clickhouse_version, \'0fc3eaab-fbcb-4533-8825-9be9faaea781\' AS control_plane_id, \'aarch64\' AS system_processor, * FRO
2026-08-01 18:59:39	20	19118	4886178	10859	SELECT now64(6) as scrape_time_microseconds, \'j62zx3k\' AS pod_ident, \'boneaws-al-46\' AS spoken_name, \'cell-1\' AS cell, \'ap-south-1\' AS region, \'aws\' AS cloud_provider, \'26.2.1.525\' AS clickhouse_version, \'0fc3eaab-fbcb-4533-8825-9be9faaea781\' AS control_plane_id, \'aarch64\' AS system_processor, * FRO
2026-08-01 18:59:39	2	1	5022	1	             SELECT                 name,                 toJSONString(labels) as labels_serialized,                 value,                 help,                 type             FROM (                 SELECT   \'ClickHouse_CustomMetric_TotalMemoryUsedByQueries\' AS name,   toFloat64(SUM(peak_memory_u
2026-08-01 18:59:40	3	0	0	0	SELECT now64(6) as scrape_time_microseconds, \'j62zx3k\' AS pod_ident, \'boneaws-al-46\' AS spoken_name, \'cell-1\' AS cell, \'ap-south-1\' AS region, \'aws\' AS cloud_provider, \'26.2.1.525\' AS clickhouse_version, \'0fc3eaab-fbcb-4533-8825-9be9faaea781\' AS control_plane_id, \'aarch64\' AS system_processor, * FRO
2026-08-01 18:59:40	30	5167	9833355	330	SELECT now64(6) as scrape_time_microseconds, \'j62zx3k\' AS pod_ident, \'boneaws-al-46\' AS spoken_name, \'cell-1\' AS cell, \'ap-south-1\' AS region, \'aws\' AS cloud_provider, \'26.2.1.525\' AS clickhouse_version, \'0fc3eaab-fbcb-4533-8825-9be9faaea781\' AS control_plane_id, \'aarch64\' AS system_processor, * FRO
2026-08-01 18:59:40	5	133	32665	133	SELECT             name,             value,             help,             JSONExtract(labels_serialized, \'Map(String, String)\') as labels,             type         FROM merge(system, \'^_custom_metrics_dictionary_.*\')         FORMAT Prometheus
2026-08-01 18:59:41	3	0	0	0	SELECT now64(6) as scrape_time_microseconds, \'j62zx3k\' AS pod_ident, \'boneaws-al-46\' AS spoken_name, \'cell-1\' AS cell, \'ap-south-1\' AS region, \'aws\' AS cloud_provider, \'26.2.1.525\' AS clickhouse_version, \'0fc3eaab-fbcb-4533-8825-9be9faaea781\' AS control_plane_id, \'aarch64\' AS system_processor, * FRO
2026-08-01 18:59:41	237	635	1699472	120	SELECT now64(6) as scrape_time_microseconds, \'j62zx3k\' AS pod_ident, \'boneaws-al-46\' AS spoken_name, \'cell-1\' AS cell, \'ap-south-1\' AS region, \'aws\' AS cloud_provider, \'26.2.1.525\' AS clickhouse_version, \'0fc3eaab-fbcb-4533-8825-9be9faaea781\' AS control_plane_id, \'aarch64\' AS system_processor, * FRO
2026-08-01 18:59:42	3	0	0	0	SELECT now64(6) as scrape_time_microseconds, \'j62zx3k\' AS pod_ident, \'boneaws-al-46\' AS spoken_name, \'cell-1\' AS cell, \'ap-south-1\' AS region, \'aws\' AS cloud_provider, \'26.2.1.525\' AS clickhouse_version, \'0fc3eaab-fbcb-4533-8825-9be9faaea781\' AS control_plane_id, \'aarch64\' AS system_processor, * FRO
2026-08-01 18:59:42	2	1	5438	1	SELECT count() FROM system.processes WHERE (initial_user NOT IN _CAST([\'backups-internal\', \'management-internal\', \'monitoring-internal\', \'observability-internal\', \'operator-internal\', \'prometheus-exporter\', \'prometheus-internal\', \'operator-cert-internal\', \'availability-monitoring-internal\', \'\'], \'Ar
2026-08-01 18:59:42	2	119	1673	1	SELECT countIf(database = \'system\') as systemParts, countIf(database != \'system\') as nonSystemParts FROM system.parts where active
2026-08-01 18:59:42	1	0	0	1	SELECT countIf(database = \'system\') as systemMerges, countIf(database != \'system\') as nonSystemMerges FROM system.merges
2026-08-01 18:59:42	13	120	1457	1	SELECT avg(ProfileEvent_OSCPUWaitMicroseconds) as cpu_wait FROM  system.metric_log  WHERE event_time > now() - INTERVAL 2 MINUTE AND event_date >= yesterday()
2026-08-01 18:59:42	3	2	10208	2	SELECT count() as count, sum(elapsed) as total_elapsed, \'lh\' as usr FROM system.processes  WHERE user = \'observability-internal\' AND client_hostname LIKE \'loghouse-scraper%\'  UNION ALL SELECT count() as count, sum(elapsed) as total_elapsed, \'other\' as usr FROM system.processes  WHERE user != \'observ
2026-08-01 18:59:42	1	887	368225	1	SELECT value FROM system.asynchronous_metrics WHERE metric = \'OSMemoryAvailable\' ;
2026-08-01 18:59:44	3	0	0	0	SELECT now64(6) as scrape_time_microseconds, \'j62zx3k\' AS pod_ident, \'boneaws-al-46\' AS spoken_name, \'cell-1\' AS cell, \'ap-south-1\' AS region, \'aws\' AS cloud_provider, \'26.2.1.525\' AS clickhouse_version, \'0fc3eaab-fbcb-4533-8825-9be9faaea781\' AS control_plane_id, \'aarch64\' AS system_processor, * FRO
2026-08-01 18:59:45	3	0	0	0	SELECT now64(6) as scrape_time_microseconds, \'j62zx3k\' AS pod_ident, \'boneaws-al-46\' AS spoken_name, \'cell-1\' AS cell, \'ap-south-1\' AS region, \'aws\' AS cloud_provider, \'26.2.1.525\' AS clickhouse_version, \'0fc3eaab-fbcb-4533-8825-9be9faaea781\' AS control_plane_id, \'aarch64\' AS system_processor, * FRO
2026-08-01 18:59:45	8	4962	1450724	558	SELECT now64(6) as scrape_time_microseconds, \'j62zx3k\' AS pod_ident, \'boneaws-al-46\' AS spoken_name, \'cell-1\' AS cell, \'ap-south-1\' AS region, \'aws\' AS cloud_provider, \'26.2.1.525\' AS clickhouse_version, \'0fc3eaab-fbcb-4533-8825-9be9faaea781\' AS control_plane_id, \'aarch64\' AS system_processor, * FRO
2026-08-01 18:59:45	17	8909	4742964	200	SELECT now64(6) as scrape_time_microseconds, \'j62zx3k\' AS pod_ident, \'boneaws-al-46\' AS spoken_name, \'cell-1\' AS cell, \'ap-south-1\' AS region, \'aws\' AS cloud_provider, \'26.2.1.525\' AS clickhouse_version, \'0fc3eaab-fbcb-4533-8825-9be9faaea781\' AS control_plane_id, \'aarch64\' AS system_processor, * FRO
2026-08-01 18:59:45	97	1417780	22733781	106328	SELECT now64(6) as scrape_time_microseconds, \'j62zx3k\' AS pod_ident, \'boneaws-al-46\' AS spoken_name, \'cell-1\' AS cell, \'ap-south-1\' AS region, \'aws\' AS cloud_provider, \'26.2.1.525\' AS clickhouse_version, \'0fc3eaab-fbcb-4533-8825-9be9faaea781\' AS control_plane_id, \'aarch64\' AS system_processor, * FRO
2026-08-01 18:59:46	3	0	0	0	SELECT now64(6) as scrape_time_microseconds, \'j62zx3k\' AS pod_ident, \'boneaws-al-46\' AS spoken_name, \'cell-1\' AS cell, \'ap-south-1\' AS region, \'aws\' AS cloud_provider, \'26.2.1.525\' AS clickhouse_version, \'0fc3eaab-fbcb-4533-8825-9be9faaea781\' AS control_plane_id, \'aarch64\' AS system_processor, * FRO
2026-08-01 18:59:46	20	28118	6470751	16370	SELECT now64(6) as scrape_time_microseconds, \'j62zx3k\' AS pod_ident, \'boneaws-al-46\' AS spoken_name, \'cell-1\' AS cell, \'ap-south-1\' AS region, \'aws\' AS cloud_provider, \'26.2.1.525\' AS clickhouse_version, \'0fc3eaab-fbcb-4533-8825-9be9faaea781\' AS control_plane_id, \'aarch64\' AS system_processor, * FRO
2026-08-01 18:59:47	3	0	0	0	SELECT now64(6) as scrape_time_microseconds, \'j62zx3k\' AS pod_ident, \'boneaws-al-46\' AS spoken_name, \'cell-1\' AS cell, \'ap-south-1\' AS region, \'aws\' AS cloud_provider, \'26.2.1.525\' AS clickhouse_version, \'0fc3eaab-fbcb-4533-8825-9be9faaea781\' AS control_plane_id, \'aarch64\' AS system_processor, * FRO
2026-08-01 18:59:48	111	79	79612	21	SELECT now64(6) as scrape_time_microseconds, \'j62zx3k\' AS pod_ident, \'boneaws-al-46\' AS spoken_name, \'cell-1\' AS cell, \'ap-south-1\' AS region, \'aws\' AS cloud_provider, \'26.2.1.525\' AS clickhouse_version, \'0fc3eaab-fbcb-4533-8825-9be9faaea781\' AS control_plane_id, \'aarch64\' AS system_processor, * FRO
2026-08-01 18:59:49	2	0	0	0	             SELECT                 name,                 toJSONString(labels) as labels_serialized,                 value,                 help,                 type             FROM (                 SELECT   \'ClickHouse_CustomMetric_FailedMutations\' as name,   toFloat64(count()) as value,   \'The 
2026-08-01 18:59:49	2	13	6340	1	             SELECT                 name,                 toJSONString(labels) as labels_serialized,                 value,                 help,                 type             FROM (                 SELECT   \'ClickHouse_CustomMetric_TotalMemoryUsedByDictionaries\' AS name,   toFloat64(SUM(bytes_al
2026-08-01 18:59:50	5	133	32665	133	SELECT             name,             value,             help,             JSONExtract(labels_serialized, \'Map(String, String)\') as labels,             type         FROM merge(system, \'^_custom_metrics_dictionary_.*\')         FORMAT Prometheus
2026-08-01 18:59:52	2	2	12834	1	SELECT count() FROM system.processes WHERE (initial_user NOT IN _CAST([\'backups-internal\', \'management-internal\', \'monitoring-internal\', \'observability-internal\', \'operator-internal\', \'prometheus-exporter\', \'prometheus-internal\', \'operator-cert-internal\', \'availability-monitoring-internal\', \'\'], \'Ar
2026-08-01 18:59:52	23	3159	593337	123	SELECT CAST(\'0fc3eaab-fbcb-4533-8825-9be9faaea781\', \'UUID\') AS instance_id, CAST(\'c-boneaws-al-46-server-j62zx3k-0\', \'LowCardinality(String)\') AS node_id, CAST(name, \'LowCardinality(String)\') AS metric, CAST(mapFilter((k, v) -> has(_CAST([\'remote\'], \'Array(String)\'), k), labels), \'Map(LowCardinality
2026-08-01 18:59:52	2	120	1688	1	SELECT countIf(database = \'system\') as systemParts, countIf(database != \'system\') as nonSystemParts FROM system.parts where active
2026-08-01 18:59:52	1	0	0	1	SELECT countIf(database = \'system\') as systemMerges, countIf(database != \'system\') as nonSystemMerges FROM system.merges
2026-08-01 18:59:53	9	15301	1707629	1239	SELECT now64(6) as scrape_time_microseconds, \'j62zx3k\' AS pod_ident, \'boneaws-al-46\' AS spoken_name, \'cell-1\' AS cell, \'ap-south-1\' AS region, \'aws\' AS cloud_provider, \'26.2.1.525\' AS clickhouse_version, \'0fc3eaab-fbcb-4533-8825-9be9faaea781\' AS control_plane_id, \'aarch64\' AS system_processor, * FRO
2026-08-01 18:59:54	4	0	0	0	SELECT now64(6) as scrape_time_microseconds, \'j62zx3k\' AS pod_ident, \'boneaws-al-46\' AS spoken_name, \'cell-1\' AS cell, \'ap-south-1\' AS region, \'aws\' AS cloud_provider, \'26.2.1.525\' AS clickhouse_version, \'0fc3eaab-fbcb-4533-8825-9be9faaea781\' AS control_plane_id, \'aarch64\' AS system_processor, * FRO
2026-08-01 18:59:54	6	133	32665	133	SELECT             name,             value,             help,             JSONExtract(labels_serialized, \'Map(String, String)\') as labels,             type         FROM merge(system, \'^_custom_metrics_dictionary_.*\')         FORMAT Prometheus
2026-08-01 18:59:54	2	59	472	1	             SELECT                 name,                 toJSONString(labels) as labels_serialized,                 value,                 help,                 type             FROM (                 SELECT   \'ClickHouse_CustomMetric_TotalMemoryUsedByDataSkippingIndices\' AS name,   toFloat64(SUM(d
2026-08-01 18:59:54	3	14	9020	0	             SELECT                 name,                 toJSONString(labels) as labels_serialized,                 value,                 help,                 type             FROM (                 SELECT   \'clickhouse_table_replica_readonly_start_timestamp_seconds\' as name,   toFloat64(toUnixTi
2026-08-01 18:59:54	3	6	213	0	             SELECT                 name,                 toJSONString(labels) as labels_serialized,                 value,                 help,                 type             FROM (                 SELECT   \'ClickHouse_CustomMetric_DatabaseReplicatedRecoveryTime\' as name,   toFloat64(recovery_ti
2026-08-01 18:59:59	1	0	0	1	             SELECT                 name,                 toJSONString(labels) as labels_serialized,                 value,                 help,                 type             FROM (                 SELECT   \'ClickHouse_CustomMetric_TotalMemoryUsedByMerges\' AS name,   toFloat64(SUM(memory_usage))
2026-08-01 19:00:02	3	1	5438	1	SELECT count() FROM system.processes WHERE (initial_user NOT IN _CAST([\'backups-internal\', \'management-internal\', \'monitoring-internal\', \'observability-internal\', \'operator-internal\', \'prometheus-exporter\', \'prometheus-internal\', \'operator-cert-internal\', \'availability-monitoring-internal\', \'\'], \'Ar
2026-08-01 19:00:02	2	122	1718	1	SELECT countIf(database = \'system\') as systemParts, countIf(database != \'system\') as nonSystemParts FROM system.parts where active
2026-08-01 19:00:02	1	0	0	1	SELECT countIf(database = \'system\') as systemMerges, countIf(database != \'system\') as nonSystemMerges FROM system.merges
2026-08-01 19:00:09	8	1584	995789	56	SELECT now64(6) as scrape_time_microseconds, \'j62zx3k\' AS pod_ident, \'boneaws-al-46\' AS spoken_name, \'cell-1\' AS cell, \'ap-south-1\' AS region, \'aws\' AS cloud_provider, \'26.2.1.525\' AS clickhouse_version, \'0fc3eaab-fbcb-4533-8825-9be9faaea781\' AS control_plane_id, \'aarch64\' AS system_processor, * FRO
2026-08-01 19:00:09	2	59	472	1	             SELECT                 name,                 toJSONString(labels) as labels_serialized,                 value,                 help,                 type             FROM (                 SELECT   \'ClickHouse_CustomMetric_TotalMemoryUsedByDataSkippingIndices\' AS name,   toFloat64(SUM(d
2026-08-01 19:00:09	2	15	1013	15	             SELECT                 name,                 toJSONString(labels) as labels_serialized,                 value,                 help,                 type             FROM (                 SELECT     \'ClickHouse_MetricsCollection_CustomMetricsSystemTable\' AS name,     toFloat64(1) AS va
2026-08-01 19:00:10	5	133	32665	133	SELECT             name,             value,             help,             JSONExtract(labels_serialized, \'Map(String, String)\') as labels,             type         FROM merge(system, \'^_custom_metrics_dictionary_.*\')         FORMAT Prometheus
2026-08-01 19:00:12	2	2	12834	1	SELECT count() FROM system.processes WHERE (initial_user NOT IN _CAST([\'backups-internal\', \'management-internal\', \'monitoring-internal\', \'observability-internal\', \'operator-internal\', \'prometheus-exporter\', \'prometheus-internal\', \'operator-cert-internal\', \'availability-monitoring-internal\', \'\'], \'Ar
2026-08-01 19:00:12	23	3159	593337	123	SELECT CAST(\'0fc3eaab-fbcb-4533-8825-9be9faaea781\', \'UUID\') AS instance_id, CAST(\'c-boneaws-al-46-server-j62zx3k-0\', \'LowCardinality(String)\') AS node_id, CAST(name, \'LowCardinality(String)\') AS metric, CAST(mapFilter((k, v) -> has(_CAST([\'remote\'], \'Array(String)\'), k), labels), \'Map(LowCardinality
2026-08-01 19:00:12	2	117	1643	1	SELECT countIf(database = \'system\') as systemParts, countIf(database != \'system\') as nonSystemParts FROM system.parts where active
2026-08-01 19:00:12	2	0	0	1	SELECT countIf(database = \'system\') as systemMerges, countIf(database != \'system\') as nonSystemMerges FROM system.merges
2026-08-01 19:00:12	14	634	8876	1	SELECT avg(ProfileEvent_OSCPUWaitMicroseconds) as cpu_wait FROM  system.metric_log  WHERE event_time > now() - INTERVAL 2 MINUTE AND event_date >= yesterday()
2026-08-01 19:00:12	4	2	10208	2	SELECT count() as count, sum(elapsed) as total_elapsed, \'lh\' as usr FROM system.processes  WHERE user = \'observability-internal\' AND client_hostname LIKE \'loghouse-scraper%\'  UNION ALL SELECT count() as count, sum(elapsed) as total_elapsed, \'other\' as usr FROM system.processes  WHERE user != \'observ
2026-08-01 19:00:12	1	886	368083	1	SELECT value FROM system.asynchronous_metrics WHERE metric = \'OSMemoryAvailable\' ;
2026-08-01 19:00:14	3	6	213	0	             SELECT                 name,                 toJSONString(labels) as labels_serialized,                 value,                 help,                 type             FROM (                 SELECT   \'ClickHouse_CustomMetric_DatabaseReplicatedRecoveryTime\' as name,   toFloat64(recovery_ti
2026-08-01 19:00:19	1	0	0	1	             SELECT                 name,                 toJSONString(labels) as labels_serialized,                 value,                 help,                 type             FROM (                 SELECT   \'ClickHouse_CustomMetric_TotalMemoryUsedByAsynchronousInserts\' AS name,   toFloat64(SUM(t
2026-08-01 19:00:20	6	133	32665	133	SELECT             name,             value,             help,             JSONExtract(labels_serialized, \'Map(String, String)\') as labels,             type         FROM merge(system, \'^_custom_metrics_dictionary_.*\')         FORMAT Prometheus
2026-08-01 19:00:22	3	1	5438	1	SELECT count() FROM system.processes WHERE (initial_user NOT IN _CAST([\'backups-internal\', \'management-internal\', \'monitoring-internal\', \'observability-internal\', \'operator-internal\', \'prometheus-exporter\', \'prometheus-internal\', \'operator-cert-internal\', \'availability-monitoring-internal\', \'\'], \'Ar
2026-08-01 19:00:22	2	114	1598	1	SELECT countIf(database = \'system\') as systemParts, countIf(database != \'system\') as nonSystemParts FROM system.parts where active
2026-08-01 19:00:22	2	0	0	1	SELECT countIf(database = \'system\') as systemMerges, countIf(database != \'system\') as nonSystemMerges FROM system.merges
2026-08-01 19:00:24	6	133	32665	133	SELECT             name,             value,             help,             JSONExtract(labels_serialized, \'Map(String, String)\') as labels,             type         FROM merge(system, \'^_custom_metrics_dictionary_.*\')         FORMAT Prometheus
2026-08-01 19:00:24	2	15	1013	15	             SELECT                 name,                 toJSONString(labels) as labels_serialized,                 value,                 help,                 type             FROM (                 SELECT     \'ClickHouse_MetricsCollection_CustomMetricsSystemTable\' AS name,     toFloat64(1) AS va
2026-08-01 19:00:24	3	13	6340	1	             SELECT                 name,                 toJSONString(labels) as labels_serialized,                 value,                 help,                 type             FROM (                 SELECT   \'ClickHouse_CustomMetric_TotalMemoryUsedByDictionaries\' AS name,   toFloat64(SUM(bytes_al
2026-08-01 19:00:24	3	6	213	0	             SELECT                 name,                 toJSONString(labels) as labels_serialized,                 value,                 help,                 type             FROM (                 SELECT   \'ClickHouse_CustomMetric_SharedCatalogRecoveryTime\' as name,   toFloat64(recovery_time) a
2026-08-01 19:00:29	2	0	0	1	             SELECT                 name,                 toJSONString(labels) as labels_serialized,                 value,                 help,                 type             FROM (                 SELECT   \'ClickHouse_CustomMetric_TotalMemoryUsedByMerges\' AS name,   toFloat64(SUM(memory_usage))
2026-08-01 19:00:32	5	0	0	0	WITH source AS (SELECT [\'matview_execution_total\', if(exception_code != 0, \'matview_execution_fail\', \'\')] AS metrics, event_time AS ts FROM system.query_views_log WHERE (status != \'QueryStart\') AND (event_date >= toDate(_CAST(\'1785610677.833\', \'DateTime64\'))) AND (event_time >= toDateTime(_CAST(\'178
2026-08-01 19:00:32	4	378	114440	5	WITH metrics AS (SELECT name AS metric, toFloat64(value) AS val, now() AS ts FROM system.server_settings WHERE multiMatchAny(name, _CAST([\'^max_database_num_to_throw$\', \'^max_database_num_to_warn$\', \'^max_table_num_to_throw$\', \'^max_table_num_to_warn$\', \'^max_concurrent_queries$\'], \'Array(String)\'))
2026-08-01 19:00:32	9	81920	1230355	1560	SELECT CAST(\'0fc3eaab-fbcb-4533-8825-9be9faaea781\', \'UUID\') AS control_plane_id, CAST(\'c-boneaws-al-46-server-j62zx3k-0\', \'LowCardinality(String)\') AS pod_id, CAST(now64(), \'DateTime64(6)\') AS scrape_ts_microseconds, CAST(event_date, \'Date\') AS event_date, CAST(event_time, \'DateTime\') AS event_time,
2026-08-01 19:00:32	10	858	12856	12	WITH metrics AS (SELECT multiIf((event_type = \'MergeParts\') AND (error = 0), \'merges_finished\', (event_type = \'MergeParts\') AND (error != 0), \'merges_failed\', (event_type = \'MutatePart\') AND (error = 0), \'mutate_part_finished\', (event_type = \'MutatePart\') AND (error != 0), \'mutate_part_failed\', NULL
2026-08-01 19:00:32	9	0	0	1	WITH failed_mutations AS (SELECT toDateTime(create_time) AS ts, count() AS val FROM system.mutations WHERE (ts > toDateTime(_CAST(\'1785610677.833\', \'DateTime64\'))) AND (ts <= toDateTime(_CAST(\'1785610797.833\', \'DateTime64\'))) AND (latest_failed_part != \'\') AND (is_done = 0) GROUP BY ts), failed_muta
2026-08-01 19:00:32	3	6	31842	1	SELECT count() FROM system.processes WHERE (initial_user NOT IN _CAST([\'backups-internal\', \'management-internal\', \'monitoring-internal\', \'observability-internal\', \'operator-internal\', \'prometheus-exporter\', \'prometheus-internal\', \'operator-cert-internal\', \'availability-monitoring-internal\', \'\'], \'Ar
2026-08-01 19:00:32	24	3148	591701	123	SELECT CAST(\'0fc3eaab-fbcb-4533-8825-9be9faaea781\', \'UUID\') AS instance_id, CAST(\'c-boneaws-al-46-server-j62zx3k-0\', \'LowCardinality(String)\') AS node_id, CAST(name, \'LowCardinality(String)\') AS metric, CAST(mapFilter((k, v) -> has(_CAST([\'remote\'], \'Array(String)\'), k), labels), \'Map(LowCardinality
2026-08-01 19:00:32	2	113	1583	1	SELECT countIf(database = \'system\') as systemParts, countIf(database != \'system\') as nonSystemParts FROM system.parts where active
2026-08-01 19:00:32	2	0	0	1	SELECT countIf(database = \'system\') as systemMerges, countIf(database != \'system\') as nonSystemMerges FROM system.merges
2026-08-01 19:00:32	49	634	192184	120	SELECT CAST(\'0fc3eaab-fbcb-4533-8825-9be9faaea781\', \'UUID\') AS control_plane_id, CAST(\'c-boneaws-al-46-server-j62zx3k-0\', \'LowCardinality(String)\') AS pod_id, CAST(now64(), \'DateTime64(6)\') AS scrape_ts_microseconds, CAST(event_date, \'Date\') AS event_date, CAST(event_time, \'DateTime\') AS event_time,
2026-08-01 19:00:32	142	812	223395	18	WITH parts_agg AS (SELECT database AS agg_database, `table` AS agg_table, SUM(primary_key_size) AS primary_index_size, SUM(secondary_indices_compressed_bytes) AS secondary_index_size FROM system.parts WHERE active AND (database != \'system\') GROUP BY database, `table`), proj_agg AS (SELECT database A
2026-08-01 19:00:34	1	6	2128	6	             SELECT                 name,                 toJSONString(labels) as labels_serialized,                 value,                 help,                 type             FROM (                 SELECT   concat(\'clickhouse_\', system.dimensional_metrics.metric) AS name,   toFloat64(system.dime
2026-08-01 19:00:39	2	3	7522	1	             SELECT                 name,                 toJSONString(labels) as labels_serialized,                 value,                 help,                 type             FROM (                 SELECT   \'ClickHouse_CustomMetric_TotalMemoryUsedByQueries\' AS name,   toFloat64(SUM(peak_memory_u
2026-08-01 19:00:39	2	0	0	0	             SELECT                 name,                 toJSONString(labels) as labels_serialized,                 value,                 help,                 type             FROM (                 SELECT   \'ClickHouse_CustomMetric_FailedMutations\' as name,   toFloat64(count()) as value,   \'The 
2026-08-01 19:00:39	2	13	6340	1	             SELECT                 name,                 toJSONString(labels) as labels_serialized,                 value,                 help,                 type             FROM (                 SELECT   \'ClickHouse_CustomMetric_TotalMemoryUsedByDictionaries\' AS name,   toFloat64(SUM(bytes_al
2026-08-01 19:00:40	6	133	32665	133	SELECT             name,             value,             help,             JSONExtract(labels_serialized, \'Map(String, String)\') as labels,             type         FROM merge(system, \'^_custom_metrics_dictionary_.*\')         FORMAT Prometheus
2026-08-01 19:00:42	3	1	5438	1	SELECT count() FROM system.processes WHERE (initial_user NOT IN _CAST([\'backups-internal\', \'management-internal\', \'monitoring-internal\', \'observability-internal\', \'operator-internal\', \'prometheus-exporter\', \'prometheus-internal\', \'operator-cert-internal\', \'availability-monitoring-internal\', \'\'], \'Ar
2026-08-01 19:00:42	2	113	1583	1	SELECT countIf(database = \'system\') as systemParts, countIf(database != \'system\') as nonSystemParts FROM system.parts where active
2026-08-01 19:00:42	2	0	0	1	SELECT countIf(database = \'system\') as systemMerges, countIf(database != \'system\') as nonSystemMerges FROM system.merges
2026-08-01 19:00:42	14	664	9296	1	SELECT avg(ProfileEvent_OSCPUWaitMicroseconds) as cpu_wait FROM  system.metric_log  WHERE event_time > now() - INTERVAL 2 MINUTE AND event_date >= yesterday()
2026-08-01 19:00:42	4	2	10208	2	SELECT count() as count, sum(elapsed) as total_elapsed, \'lh\' as usr FROM system.processes  WHERE user = \'observability-internal\' AND client_hostname LIKE \'loghouse-scraper%\'  UNION ALL SELECT count() as count, sum(elapsed) as total_elapsed, \'other\' as usr FROM system.processes  WHERE user != \'observ
2026-08-01 19:00:42	1	875	366447	1	SELECT value FROM system.asynchronous_metrics WHERE metric = \'OSMemoryAvailable\' ;
2026-08-01 19:00:44	3	14	9020	0	             SELECT                 name,                 toJSONString(labels) as labels_serialized,                 value,                 help,                 type             FROM (                 SELECT   \'clickhouse_table_replica_readonly_start_timestamp_seconds\' as name,   toFloat64(toUnixTi
2026-08-01 19:00:44	3	6	213	0	             SELECT                 name,                 toJSONString(labels) as labels_serialized,                 value,                 help,                 type             FROM (                 SELECT   \'ClickHouse_CustomMetric_DatabaseReplicatedRecoveryTime\' as name,   toFloat64(recovery_ti
2026-08-01 19:00:50	5	133	32665	133	SELECT             name,             value,             help,             JSONExtract(labels_serialized, \'Map(String, String)\') as labels,             type         FROM merge(system, \'^_custom_metrics_dictionary_.*\')         FORMAT Prometheus
2026-08-01 19:00:52	3	2	12834	1	SELECT count() FROM system.processes WHERE (initial_user NOT IN _CAST([\'backups-internal\', \'management-internal\', \'monitoring-internal\', \'observability-internal\', \'operator-internal\', \'prometheus-exporter\', \'prometheus-internal\', \'operator-cert-internal\', \'availability-monitoring-internal\', \'\'], \'Ar
2026-08-01 19:00:52	26	3148	591701	123	SELECT CAST(\'0fc3eaab-fbcb-4533-8825-9be9faaea781\', \'UUID\') AS instance_id, CAST(\'c-boneaws-al-46-server-j62zx3k-0\', \'LowCardinality(String)\') AS node_id, CAST(name, \'LowCardinality(String)\') AS metric, CAST(mapFilter((k, v) -> has(_CAST([\'remote\'], \'Array(String)\'), k), labels), \'Map(LowCardinality
2026-08-01 19:00:52	2	109	1523	1	SELECT countIf(database = \'system\') as systemParts, countIf(database != \'system\') as nonSystemParts FROM system.parts where active
2026-08-01 19:00:52	2	0	0	1	SELECT countIf(database = \'system\') as systemMerges, countIf(database != \'system\') as nonSystemMerges FROM system.merges
2026-08-01 19:00:54	6	133	32665	133	SELECT             name,             value,             help,             JSONExtract(labels_serialized, \'Map(String, String)\') as labels,             type         FROM merge(system, \'^_custom_metrics_dictionary_.*\')         FORMAT Prometheus
2026-08-01 19:00:54	2	59	472	1	             SELECT                 name,                 toJSONString(labels) as labels_serialized,                 value,                 help,                 type             FROM (                 SELECT   \'ClickHouse_CustomMetric_TotalMemoryUsedByDataSkippingIndices\' AS name,   toFloat64(SUM(d
2026-08-01 19:01:02	3	1	5438	1	SELECT count() FROM system.processes WHERE (initial_user NOT IN _CAST([\'backups-internal\', \'management-internal\', \'monitoring-internal\', \'observability-internal\', \'operator-internal\', \'prometheus-exporter\', \'prometheus-internal\', \'operator-cert-internal\', \'availability-monitoring-internal\', \'\'], \'Ar
2026-08-01 19:01:02	2	112	1568	1	SELECT countIf(database = \'system\') as systemParts, countIf(database != \'system\') as nonSystemParts FROM system.parts where active
2026-08-01 19:01:02	1	0	0	1	SELECT countIf(database = \'system\') as systemMerges, countIf(database != \'system\') as nonSystemMerges FROM system.merges
2026-08-01 19:01:04	2	0	0	0	             SELECT                 name,                 toJSONString(labels) as labels_serialized,                 value,                 help,                 type             FROM (                 SELECT   \'ClickHouse_CustomMetric_FailedMutations\' as name,   toFloat64(count()) as value,   \'The 
2026-08-01 19:01:04	2	2	6302	1	             SELECT                 name,                 toJSONString(labels) as labels_serialized,                 value,                 help,                 type             FROM (                 SELECT   \'ClickHouse_CustomMetric_TotalMemoryUsedByQueries\' AS name,   toFloat64(SUM(peak_memory_u
2026-08-01 19:01:06	2	393	393	1	SELECT count(*) FROM system.parts
2026-08-01 19:01:09	2	6	2128	6	             SELECT                 name,                 toJSONString(labels) as labels_serialized,                 value,                 help,                 type             FROM (                 SELECT   concat(\'clickhouse_\', system.dimensional_metrics.metric) AS name,   toFloat64(system.dime
2026-08-01 19:01:09	3	6	213	0	             SELECT                 name,                 toJSONString(labels) as labels_serialized,                 value,                 help,                 type             FROM (                 SELECT   \'ClickHouse_CustomMetric_SharedCatalogRecoveryTime\' as name,   toFloat64(recovery_time) a
2026-08-01 19:01:10	6	133	32665	133	SELECT             name,             value,             help,             JSONExtract(labels_serialized, \'Map(String, String)\') as labels,             type         FROM merge(system, \'^_custom_metrics_dictionary_.*\')         FORMAT Prometheus
2026-08-01 19:01:12	3	2	12834	1	SELECT count() FROM system.processes WHERE (initial_user NOT IN _CAST([\'backups-internal\', \'management-internal\', \'monitoring-internal\', \'observability-internal\', \'operator-internal\', \'prometheus-exporter\', \'prometheus-internal\', \'operator-cert-internal\', \'availability-monitoring-internal\', \'\'], \'Ar
2026-08-01 19:01:12	25	3148	591701	123	SELECT CAST(\'0fc3eaab-fbcb-4533-8825-9be9faaea781\', \'UUID\') AS instance_id, CAST(\'c-boneaws-al-46-server-j62zx3k-0\', \'LowCardinality(String)\') AS node_id, CAST(name, \'LowCardinality(String)\') AS metric, CAST(mapFilter((k, v) -> has(_CAST([\'remote\'], \'Array(String)\'), k), labels), \'Map(LowCardinality
2026-08-01 19:01:12	2	122	1718	1	SELECT countIf(database = \'system\') as systemParts, countIf(database != \'system\') as nonSystemParts FROM system.parts where active
2026-08-01 19:01:12	2	0	0	1	SELECT countIf(database = \'system\') as systemMerges, countIf(database != \'system\') as nonSystemMerges FROM system.merges
2026-08-01 19:01:12	14	694	9476	1	SELECT avg(ProfileEvent_OSCPUWaitMicroseconds) as cpu_wait FROM  system.metric_log  WHERE event_time > now() - INTERVAL 2 MINUTE AND event_date >= yesterday()
2026-08-01 19:01:12	4	2	10208	2	SELECT count() as count, sum(elapsed) as total_elapsed, \'lh\' as usr FROM system.processes  WHERE user = \'observability-internal\' AND client_hostname LIKE \'loghouse-scraper%\'  UNION ALL SELECT count() as count, sum(elapsed) as total_elapsed, \'other\' as usr FROM system.processes  WHERE user != \'observ
2026-08-01 19:01:12	1	875	366447	1	SELECT value FROM system.asynchronous_metrics WHERE metric = \'OSMemoryAvailable\' ;
2026-08-01 19:01:14	1	0	0	1	             SELECT                 name,                 toJSONString(labels) as labels_serialized,                 value,                 help,                 type             FROM (                 SELECT   \'ClickHouse_CustomMetric_TotalMemoryUsedByMerges\' AS name,   toFloat64(SUM(memory_usage))
2026-08-01 19:01:19	1	0	0	1	             SELECT                 name,                 toJSONString(labels) as labels_serialized,                 value,                 help,                 type             FROM (                 SELECT   \'ClickHouse_CustomMetric_TotalMemoryUsedByAsynchronousInserts\' AS name,   toFloat64(SUM(t
2026-08-01 19:01:19	2	59	472	1	             SELECT                 name,                 toJSONString(labels) as labels_serialized,                 value,                 help,                 type             FROM (                 SELECT   \'ClickHouse_CustomMetric_TotalMemoryUsedByDataSkippingIndices\' AS name,   toFloat64(SUM(d
2026-08-01 19:01:19	2	15	1013	15	             SELECT                 name,                 toJSONString(labels) as labels_serialized,                 value,                 help,                 type             FROM (                 SELECT     \'ClickHouse_MetricsCollection_CustomMetricsSystemTable\' AS name,     toFloat64(1) AS va
2026-08-01 19:01:20	6	133	32665	133	SELECT             name,             value,             help,             JSONExtract(labels_serialized, \'Map(String, String)\') as labels,             type         FROM merge(system, \'^_custom_metrics_dictionary_.*\')         FORMAT Prometheus
2026-08-01 19:01:22	3	1	5438	1	SELECT count() FROM system.processes WHERE (initial_user NOT IN _CAST([\'backups-internal\', \'management-internal\', \'monitoring-internal\', \'observability-internal\', \'operator-internal\', \'prometheus-exporter\', \'prometheus-internal\', \'operator-cert-internal\', \'availability-monitoring-internal\', \'\'], \'Ar
2026-08-01 19:01:22	2	123	1733	1	SELECT countIf(database = \'system\') as systemParts, countIf(database != \'system\') as nonSystemParts FROM system.parts where active
2026-08-01 19:01:22	2	0	0	1	SELECT countIf(database = \'system\') as systemMerges, countIf(database != \'system\') as nonSystemMerges FROM system.merges
2026-08-01 19:01:24	6	133	32665	133	SELECT             name,             value,             help,             JSONExtract(labels_serialized, \'Map(String, String)\') as labels,             type         FROM merge(system, \'^_custom_metrics_dictionary_.*\')         FORMAT Prometheus
2026-08-01 19:01:24	2	13	6340	1	             SELECT                 name,                 toJSONString(labels) as labels_serialized,                 value,                 help,                 type             FROM (                 SELECT   \'ClickHouse_CustomMetric_TotalMemoryUsedByDictionaries\' AS name,   toFloat64(SUM(bytes_al
2026-08-01 19:01:24	2	14	9020	0	             SELECT                 name,                 toJSONString(labels) as labels_serialized,                 value,                 help,                 type             FROM (                 SELECT   \'clickhouse_table_replica_readonly_start_timestamp_seconds\' as name,   toFloat64(toUnixTi
2026-08-01 19:01:24	3	6	213	0	             SELECT                 name,                 toJSONString(labels) as labels_serialized,                 value,                 help,                 type             FROM (                 SELECT   \'ClickHouse_CustomMetric_DatabaseReplicatedRecoveryTime\' as name,   toFloat64(recovery_ti
2026-08-01 19:01:29	2	1	5022	1	             SELECT                 name,                 toJSONString(labels) as labels_serialized,                 value,                 help,                 type             FROM (                 SELECT   \'ClickHouse_CustomMetric_TotalMemoryUsedByQueries\' AS name,   toFloat64(SUM(peak_memory_u
2026-08-01 19:01:32	3	2	12834	1	SELECT count() FROM system.processes WHERE (initial_user NOT IN _CAST([\'backups-internal\', \'management-internal\', \'monitoring-internal\', \'observability-internal\', \'operator-internal\', \'prometheus-exporter\', \'prometheus-internal\', \'operator-cert-internal\', \'availability-monitoring-internal\', \'\'], \'Ar
2026-08-01 19:01:32	25	3143	590919	123	SELECT CAST(\'0fc3eaab-fbcb-4533-8825-9be9faaea781\', \'UUID\') AS instance_id, CAST(\'c-boneaws-al-46-server-j62zx3k-0\', \'LowCardinality(String)\') AS node_id, CAST(name, \'LowCardinality(String)\') AS metric, CAST(mapFilter((k, v) -> has(_CAST([\'remote\'], \'Array(String)\'), k), labels), \'Map(LowCardinality
2026-08-01 19:01:32	2	122	1718	1	SELECT countIf(database = \'system\') as systemParts, countIf(database != \'system\') as nonSystemParts FROM system.parts where active
2026-08-01 19:01:32	2	0	0	1	SELECT countIf(database = \'system\') as systemMerges, countIf(database != \'system\') as nonSystemMerges FROM system.merges
2026-08-01 19:01:34	2	2	6302	1	             SELECT                 name,                 toJSONString(labels) as labels_serialized,                 value,                 help,                 type             FROM (                 SELECT   \'ClickHouse_CustomMetric_TotalMemoryUsedByQueries\' AS name,   toFloat64(SUM(peak_memory_u
2026-08-01 19:01:34	2	0	0	0	             SELECT                 name,                 toJSONString(labels) as labels_serialized,                 value,                 help,                 type             FROM (                 SELECT   \'ClickHouse_CustomMetric_FailedMutations\' as name,   toFloat64(count()) as value,   \'The 
2026-08-01 19:01:37	3	0	0	0	SELECT now64(6) as scrape_time_microseconds, \'j62zx3k\' AS pod_ident, \'boneaws-al-46\' AS spoken_name, \'cell-1\' AS cell, \'ap-south-1\' AS region, \'aws\' AS cloud_provider, \'26.2.1.525\' AS clickhouse_version, \'0fc3eaab-fbcb-4533-8825-9be9faaea781\' AS control_plane_id, \'aarch64\' AS system_processor, * FRO
2026-08-01 19:01:38	4	0	0	0	SELECT now64(6) as scrape_time_microseconds, \'j62zx3k\' AS pod_ident, \'boneaws-al-46\' AS spoken_name, \'cell-1\' AS cell, \'ap-south-1\' AS region, \'aws\' AS cloud_provider, \'26.2.1.525\' AS clickhouse_version, \'0fc3eaab-fbcb-4533-8825-9be9faaea781\' AS control_plane_id, \'aarch64\' AS system_processor, * FRO
2026-08-01 19:01:38	12	8374	1994960	5104	SELECT now64(6) as scrape_time_microseconds, \'j62zx3k\' AS pod_ident, \'boneaws-al-46\' AS spoken_name, \'cell-1\' AS cell, \'ap-south-1\' AS region, \'aws\' AS cloud_provider, \'26.2.1.525\' AS clickhouse_version, \'0fc3eaab-fbcb-4533-8825-9be9faaea781\' AS control_plane_id, \'aarch64\' AS system_processor, * FRO
2026-08-01 19:01:39	3	0	0	0	SELECT now64(6) as scrape_time_microseconds, \'j62zx3k\' AS pod_ident, \'boneaws-al-46\' AS spoken_name, \'cell-1\' AS cell, \'ap-south-1\' AS region, \'aws\' AS cloud_provider, \'26.2.1.525\' AS clickhouse_version, \'0fc3eaab-fbcb-4533-8825-9be9faaea781\' AS control_plane_id, \'aarch64\' AS system_processor, * FRO
2026-08-01 19:01:39	20	21226	5303466	10338	SELECT now64(6) as scrape_time_microseconds, \'j62zx3k\' AS pod_ident, \'boneaws-al-46\' AS spoken_name, \'cell-1\' AS cell, \'ap-south-1\' AS region, \'aws\' AS cloud_provider, \'26.2.1.525\' AS clickhouse_version, \'0fc3eaab-fbcb-4533-8825-9be9faaea781\' AS control_plane_id, \'aarch64\' AS system_processor, * FRO
2026-08-01 19:01:39	2	0	0	1	             SELECT                 name,                 toJSONString(labels) as labels_serialized,                 value,                 help,                 type             FROM (                 SELECT   \'ClickHouse_CustomMetric_TotalMemoryUsedByMerges\' AS name,   toFloat64(SUM(memory_usage))
2026-08-01 19:01:39	2	0	0	0	             SELECT                 name,                 toJSONString(labels) as labels_serialized,                 value,                 help,                 type             FROM (                 SELECT   \'ClickHouse_CustomMetric_FailedMutations\' as name,   toFloat64(count()) as value,   \'The 
2026-08-01 19:01:40	3	0	0	0	SELECT now64(6) as scrape_time_microseconds, \'j62zx3k\' AS pod_ident, \'boneaws-al-46\' AS spoken_name, \'cell-1\' AS cell, \'ap-south-1\' AS region, \'aws\' AS cloud_provider, \'26.2.1.525\' AS clickhouse_version, \'0fc3eaab-fbcb-4533-8825-9be9faaea781\' AS control_plane_id, \'aarch64\' AS system_processor, * FRO
2026-08-01 19:01:40	26	5167	9833355	310	SELECT now64(6) as scrape_time_microseconds, \'j62zx3k\' AS pod_ident, \'boneaws-al-46\' AS spoken_name, \'cell-1\' AS cell, \'ap-south-1\' AS region, \'aws\' AS cloud_provider, \'26.2.1.525\' AS clickhouse_version, \'0fc3eaab-fbcb-4533-8825-9be9faaea781\' AS control_plane_id, \'aarch64\' AS system_processor, * FRO
2026-08-01 19:01:40	6	128	31370	128	SELECT             name,             value,             help,             JSONExtract(labels_serialized, \'Map(String, String)\') as labels,             type         FROM merge(system, \'^_custom_metrics_dictionary_.*\')         FORMAT Prometheus
2026-08-01 19:01:41	3	0	0	0	SELECT now64(6) as scrape_time_microseconds, \'j62zx3k\' AS pod_ident, \'boneaws-al-46\' AS spoken_name, \'cell-1\' AS cell, \'ap-south-1\' AS region, \'aws\' AS cloud_provider, \'26.2.1.525\' AS clickhouse_version, \'0fc3eaab-fbcb-4533-8825-9be9faaea781\' AS control_plane_id, \'aarch64\' AS system_processor, * FRO
2026-08-01 19:01:41	168	634	1692336	120	SELECT now64(6) as scrape_time_microseconds, \'j62zx3k\' AS pod_ident, \'boneaws-al-46\' AS spoken_name, \'cell-1\' AS cell, \'ap-south-1\' AS region, \'aws\' AS cloud_provider, \'26.2.1.525\' AS clickhouse_version, \'0fc3eaab-fbcb-4533-8825-9be9faaea781\' AS control_plane_id, \'aarch64\' AS system_processor, * FRO
2026-08-01 19:01:42	3	0	0	0	SELECT now64(6) as scrape_time_microseconds, \'j62zx3k\' AS pod_ident, \'boneaws-al-46\' AS spoken_name, \'cell-1\' AS cell, \'ap-south-1\' AS region, \'aws\' AS cloud_provider, \'26.2.1.525\' AS clickhouse_version, \'0fc3eaab-fbcb-4533-8825-9be9faaea781\' AS control_plane_id, \'aarch64\' AS system_processor, * FRO
2026-08-01 19:01:42	3	1	5438	1	SELECT count() FROM system.processes WHERE (initial_user NOT IN _CAST([\'backups-internal\', \'management-internal\', \'monitoring-internal\', \'observability-internal\', \'operator-internal\', \'prometheus-exporter\', \'prometheus-internal\', \'operator-cert-internal\', \'availability-monitoring-internal\', \'\'], \'Ar
2026-08-01 19:01:42	3	116	1628	1	SELECT countIf(database = \'system\') as systemParts, countIf(database != \'system\') as nonSystemParts FROM system.parts where active
2026-08-01 19:01:42	2	0	0	1	SELECT countIf(database = \'system\') as systemMerges, countIf(database != \'system\') as nonSystemMerges FROM system.merges
2026-08-01 19:01:42	15	724	9896	1	SELECT avg(ProfileEvent_OSCPUWaitMicroseconds) as cpu_wait FROM  system.metric_log  WHERE event_time > now() - INTERVAL 2 MINUTE AND event_date >= yesterday()
2026-08-01 19:01:42	4	2	10208	2	SELECT count() as count, sum(elapsed) as total_elapsed, \'lh\' as usr FROM system.processes  WHERE user = \'observability-internal\' AND client_hostname LIKE \'loghouse-scraper%\'  UNION ALL SELECT count() as count, sum(elapsed) as total_elapsed, \'other\' as usr FROM system.processes  WHERE user != \'observ
2026-08-01 19:01:42	1	875	366447	1	SELECT value FROM system.asynchronous_metrics WHERE metric = \'OSMemoryAvailable\' ;
2026-08-01 19:01:44	4	0	0	0	SELECT now64(6) as scrape_time_microseconds, \'j62zx3k\' AS pod_ident, \'boneaws-al-46\' AS spoken_name, \'cell-1\' AS cell, \'ap-south-1\' AS region, \'aws\' AS cloud_provider, \'26.2.1.525\' AS clickhouse_version, \'0fc3eaab-fbcb-4533-8825-9be9faaea781\' AS control_plane_id, \'aarch64\' AS system_processor, * FRO
2026-08-01 19:01:44	2	59	472	1	             SELECT                 name,                 toJSONString(labels) as labels_serialized,                 value,                 help,                 type             FROM (                 SELECT   \'ClickHouse_CustomMetric_TotalMemoryUsedByDataSkippingIndices\' AS name,   toFloat64(SUM(d
2026-08-01 19:01:45	3	0	0	0	SELECT now64(6) as scrape_time_microseconds, \'j62zx3k\' AS pod_ident, \'boneaws-al-46\' AS spoken_name, \'cell-1\' AS cell, \'ap-south-1\' AS region, \'aws\' AS cloud_provider, \'26.2.1.525\' AS clickhouse_version, \'0fc3eaab-fbcb-4533-8825-9be9faaea781\' AS control_plane_id, \'aarch64\' AS system_processor, * FRO
2026-08-01 19:01:45	8	5410	1583195	285	SELECT now64(6) as scrape_time_microseconds, \'j62zx3k\' AS pod_ident, \'boneaws-al-46\' AS spoken_name, \'cell-1\' AS cell, \'ap-south-1\' AS region, \'aws\' AS cloud_provider, \'26.2.1.525\' AS clickhouse_version, \'0fc3eaab-fbcb-4533-8825-9be9faaea781\' AS control_plane_id, \'aarch64\' AS system_processor, * FRO
2026-08-01 19:01:45	8	883	463466	126	SELECT now64(6) as scrape_time_microseconds, \'j62zx3k\' AS pod_ident, \'boneaws-al-46\' AS spoken_name, \'cell-1\' AS cell, \'ap-south-1\' AS region, \'aws\' AS cloud_provider, \'26.2.1.525\' AS clickhouse_version, \'0fc3eaab-fbcb-4533-8825-9be9faaea781\' AS control_plane_id, \'aarch64\' AS system_processor, * FRO
2026-08-01 19:01:45	102	1551656	24878265	105351	SELECT now64(6) as scrape_time_microseconds, \'j62zx3k\' AS pod_ident, \'boneaws-al-46\' AS spoken_name, \'cell-1\' AS cell, \'ap-south-1\' AS region, \'aws\' AS cloud_provider, \'26.2.1.525\' AS clickhouse_version, \'0fc3eaab-fbcb-4533-8825-9be9faaea781\' AS control_plane_id, \'aarch64\' AS system_processor, * FRO
2026-08-01 19:01:46	4	0	0	0	SELECT now64(6) as scrape_time_microseconds, \'j62zx3k\' AS pod_ident, \'boneaws-al-46\' AS spoken_name, \'cell-1\' AS cell, \'ap-south-1\' AS region, \'aws\' AS cloud_provider, \'26.2.1.525\' AS clickhouse_version, \'0fc3eaab-fbcb-4533-8825-9be9faaea781\' AS control_plane_id, \'aarch64\' AS system_processor, * FRO
2026-08-01 19:01:46	22	25479	5750410	14001	SELECT now64(6) as scrape_time_microseconds, \'j62zx3k\' AS pod_ident, \'boneaws-al-46\' AS spoken_name, \'cell-1\' AS cell, \'ap-south-1\' AS region, \'aws\' AS cloud_provider, \'26.2.1.525\' AS clickhouse_version, \'0fc3eaab-fbcb-4533-8825-9be9faaea781\' AS control_plane_id, \'aarch64\' AS system_processor, * FRO
2026-08-01 19:01:47	3	0	0	0	SELECT now64(6) as scrape_time_microseconds, \'j62zx3k\' AS pod_ident, \'boneaws-al-46\' AS spoken_name, \'cell-1\' AS cell, \'ap-south-1\' AS region, \'aws\' AS cloud_provider, \'26.2.1.525\' AS clickhouse_version, \'0fc3eaab-fbcb-4533-8825-9be9faaea781\' AS control_plane_id, \'aarch64\' AS system_processor, * FRO
2026-08-01 19:01:48	78	0	0	0	SELECT now64(6) as scrape_time_microseconds, \'j62zx3k\' AS pod_ident, \'boneaws-al-46\' AS spoken_name, \'cell-1\' AS cell, \'ap-south-1\' AS region, \'aws\' AS cloud_provider, \'26.2.1.525\' AS clickhouse_version, \'0fc3eaab-fbcb-4533-8825-9be9faaea781\' AS control_plane_id, \'aarch64\' AS system_processor, * FRO
2026-08-01 19:01:49	2	0	0	0	             SELECT                 name,                 toJSONString(labels) as labels_serialized,                 value,                 help,                 type             FROM (                 SELECT   \'ClickHouse_CustomMetric_FailedMutations\' as name,   toFloat64(count()) as value,   \'The 
2026-08-01 19:01:49	3	14	9020	0	             SELECT                 name,                 toJSONString(labels) as labels_serialized,                 value,                 help,                 type             FROM (                 SELECT   \'clickhouse_table_replica_readonly_start_timestamp_seconds\' as name,   toFloat64(toUnixTi
2026-08-01 19:01:49	3	6	213	0	             SELECT                 name,                 toJSONString(labels) as labels_serialized,                 value,                 help,                 type             FROM (                 SELECT   \'ClickHouse_CustomMetric_DatabaseReplicatedRecoveryTime\' as name,   toFloat64(recovery_ti
2026-08-01 19:01:49	3	6	213	0	             SELECT                 name,                 toJSONString(labels) as labels_serialized,                 value,                 help,                 type             FROM (                 SELECT   \'ClickHouse_CustomMetric_SharedCatalogRecoveryTime\' as name,   toFloat64(recovery_time) a
2026-08-01 19:01:50	5	128	31370	128	SELECT             name,             value,             help,             JSONExtract(labels_serialized, \'Map(String, String)\') as labels,             type         FROM merge(system, \'^_custom_metrics_dictionary_.*\')         FORMAT Prometheus
2026-08-01 19:01:51	2	0	8	1	SELECT count() FROM system.backups where status IN (0,3)
2026-08-01 19:01:51	3	1	5472	1	SELECT count() FROM system.processes WHERE (elapsed > _CAST(0, \'Int64\')) AND (initial_user NOT IN _CAST([\'backups-internal\', \'management-internal\', \'monitoring-internal\', \'observability-internal\', \'operator-internal\', \'prometheus-exporter\', \'prometheus-internal\', \'operator-cert-internal\', \'availabil
2026-08-01 19:01:52	3	2	12834	1	SELECT count() FROM system.processes WHERE (initial_user NOT IN _CAST([\'backups-internal\', \'management-internal\', \'monitoring-internal\', \'observability-internal\', \'operator-internal\', \'prometheus-exporter\', \'prometheus-internal\', \'operator-cert-internal\', \'availability-monitoring-internal\', \'\'], \'Ar
2026-08-01 19:01:52	25	3143	590919	123	SELECT CAST(\'0fc3eaab-fbcb-4533-8825-9be9faaea781\', \'UUID\') AS instance_id, CAST(\'c-boneaws-al-46-server-j62zx3k-0\', \'LowCardinality(String)\') AS node_id, CAST(name, \'LowCardinality(String)\') AS metric, CAST(mapFilter((k, v) -> has(_CAST([\'remote\'], \'Array(String)\'), k), labels), \'Map(LowCardinality
2026-08-01 19:01:52	2	117	1643	1	SELECT countIf(database = \'system\') as systemParts, countIf(database != \'system\') as nonSystemParts FROM system.parts where active
2026-08-01 19:01:52	2	0	0	1	SELECT countIf(database = \'system\') as systemMerges, countIf(database != \'system\') as nonSystemMerges FROM system.merges
2026-08-01 19:01:53	8	8203	891930	1329	SELECT now64(6) as scrape_time_microseconds, \'j62zx3k\' AS pod_ident, \'boneaws-al-46\' AS spoken_name, \'cell-1\' AS cell, \'ap-south-1\' AS region, \'aws\' AS cloud_provider, \'26.2.1.525\' AS clickhouse_version, \'0fc3eaab-fbcb-4533-8825-9be9faaea781\' AS control_plane_id, \'aarch64\' AS system_processor, * FRO
2026-08-01 19:01:54	4	0	0	0	SELECT now64(6) as scrape_time_microseconds, \'j62zx3k\' AS pod_ident, \'boneaws-al-46\' AS spoken_name, \'cell-1\' AS cell, \'ap-south-1\' AS region, \'aws\' AS cloud_provider, \'26.2.1.525\' AS clickhouse_version, \'0fc3eaab-fbcb-4533-8825-9be9faaea781\' AS control_plane_id, \'aarch64\' AS system_processor, * FRO
2026-08-01 19:01:54	6	128	31370	128	SELECT             name,             value,             help,             JSONExtract(labels_serialized, \'Map(String, String)\') as labels,             type         FROM merge(system, \'^_custom_metrics_dictionary_.*\')         FORMAT Prometheus
2026-08-01 19:01:54	1	0	0	1	             SELECT                 name,                 toJSONString(labels) as labels_serialized,                 value,                 help,                 type             FROM (                 SELECT   \'ClickHouse_CustomMetric_TotalMemoryUsedByAsynchronousInserts\' AS name,   toFloat64(SUM(t
2026-08-01 19:01:59	1	0	0	1	             SELECT                 name,                 toJSONString(labels) as labels_serialized,                 value,                 help,                 type             FROM (                 SELECT   \'ClickHouse_CustomMetric_TotalMemoryUsedByMerges\' AS name,   toFloat64(SUM(memory_usage))
2026-08-01 19:02:02	3	1	5438	1	SELECT count() FROM system.processes WHERE (initial_user NOT IN _CAST([\'backups-internal\', \'management-internal\', \'monitoring-internal\', \'observability-internal\', \'operator-internal\', \'prometheus-exporter\', \'prometheus-internal\', \'operator-cert-internal\', \'availability-monitoring-internal\', \'\'], \'Ar
2026-08-01 19:02:02	2	115	1613	1	SELECT countIf(database = \'system\') as systemParts, countIf(database != \'system\') as nonSystemParts FROM system.parts where active
2026-08-01 19:02:02	1	0	0	1	SELECT countIf(database = \'system\') as systemMerges, countIf(database != \'system\') as nonSystemMerges FROM system.merges
2026-08-01 19:02:09	8	1678	1053523	38	SELECT now64(6) as scrape_time_microseconds, \'j62zx3k\' AS pod_ident, \'boneaws-al-46\' AS spoken_name, \'cell-1\' AS cell, \'ap-south-1\' AS region, \'aws\' AS cloud_provider, \'26.2.1.525\' AS clickhouse_version, \'0fc3eaab-fbcb-4533-8825-9be9faaea781\' AS control_plane_id, \'aarch64\' AS system_processor, * FRO
2026-08-01 19:02:09	1	6	2128	6	             SELECT                 name,                 toJSONString(labels) as labels_serialized,                 value,                 help,                 type             FROM (                 SELECT   concat(\'clickhouse_\', system.dimensional_metrics.metric) AS name,   toFloat64(system.dime
2026-08-01 19:02:09	2	0	0	0	             SELECT                 name,                 toJSONString(labels) as labels_serialized,                 value,                 help,                 type             FROM (                 SELECT   \'ClickHouse_CustomMetric_FailedMutations\' as name,   toFloat64(count()) as value,   \'The 
2026-08-01 19:02:09	2	15	1013	15	             SELECT                 name,                 toJSONString(labels) as labels_serialized,                 value,                 help,                 type             FROM (                 SELECT     \'ClickHouse_MetricsCollection_CustomMetricsSystemTable\' AS name,     toFloat64(1) AS va
2026-08-01 19:02:09	2	13	6340	1	             SELECT                 name,                 toJSONString(labels) as labels_serialized,                 value,                 help,                 type             FROM (                 SELECT   \'ClickHouse_CustomMetric_TotalMemoryUsedByDictionaries\' AS name,   toFloat64(SUM(bytes_al
2026-08-01 19:02:10	5	128	31370	128	SELECT             name,             value,             help,             JSONExtract(labels_serialized, \'Map(String, String)\') as labels,             type         FROM merge(system, \'^_custom_metrics_dictionary_.*\')         FORMAT Prometheus
2026-08-01 19:02:12	2	2	12834	1	SELECT count() FROM system.processes WHERE (initial_user NOT IN _CAST([\'backups-internal\', \'management-internal\', \'monitoring-internal\', \'observability-internal\', \'operator-internal\', \'prometheus-exporter\', \'prometheus-internal\', \'operator-cert-internal\', \'availability-monitoring-internal\', \'\'], \'Ar
2026-08-01 19:02:12	23	3143	590919	123	SELECT CAST(\'0fc3eaab-fbcb-4533-8825-9be9faaea781\', \'UUID\') AS instance_id, CAST(\'c-boneaws-al-46-server-j62zx3k-0\', \'LowCardinality(String)\') AS node_id, CAST(name, \'LowCardinality(String)\') AS metric, CAST(mapFilter((k, v) -> has(_CAST([\'remote\'], \'Array(String)\'), k), labels), \'Map(LowCardinality
2026-08-01 19:02:12	2	119	1673	1	SELECT countIf(database = \'system\') as systemParts, countIf(database != \'system\') as nonSystemParts FROM system.parts where active
2026-08-01 19:02:12	1	0	0	1	SELECT countIf(database = \'system\') as systemMerges, countIf(database != \'system\') as nonSystemMerges FROM system.merges
2026-08-01 19:02:12	13	120	1440	1	SELECT avg(ProfileEvent_OSCPUWaitMicroseconds) as cpu_wait FROM  system.metric_log  WHERE event_time > now() - INTERVAL 2 MINUTE AND event_date >= yesterday()
2026-08-01 19:02:12	3	2	10208	2	SELECT count() as count, sum(elapsed) as total_elapsed, \'lh\' as usr FROM system.processes  WHERE user = \'observability-internal\' AND client_hostname LIKE \'loghouse-scraper%\'  UNION ALL SELECT count() as count, sum(elapsed) as total_elapsed, \'other\' as usr FROM system.processes  WHERE user != \'observ
2026-08-01 19:02:12	1	875	366447	1	SELECT value FROM system.asynchronous_metrics WHERE metric = \'OSMemoryAvailable\' ;
2026-08-01 19:02:19	3	6	213	0	             SELECT                 name,                 toJSONString(labels) as labels_serialized,                 value,                 help,                 type             FROM (                 SELECT   \'ClickHouse_CustomMetric_SharedCatalogRecoveryTime\' as name,   toFloat64(recovery_time) a
2026-08-01 19:02:20	5	128	31370	128	SELECT             name,             value,             help,             JSONExtract(labels_serialized, \'Map(String, String)\') as labels,             type         FROM merge(system, \'^_custom_metrics_dictionary_.*\')         FORMAT Prometheus
2026-08-01 19:02:22	3	1	5438	1	SELECT count() FROM system.processes WHERE (initial_user NOT IN _CAST([\'backups-internal\', \'management-internal\', \'monitoring-internal\', \'observability-internal\', \'operator-internal\', \'prometheus-exporter\', \'prometheus-internal\', \'operator-cert-internal\', \'availability-monitoring-internal\', \'\'], \'Ar
2026-08-01 19:02:22	2	120	1688	1	SELECT countIf(database = \'system\') as systemParts, countIf(database != \'system\') as nonSystemParts FROM system.parts where active
2026-08-01 19:02:22	1	0	0	1	SELECT countIf(database = \'system\') as systemMerges, countIf(database != \'system\') as nonSystemMerges FROM system.merges
2026-08-01 19:02:24	6	128	31370	128	SELECT             name,             value,             help,             JSONExtract(labels_serialized, \'Map(String, String)\') as labels,             type         FROM merge(system, \'^_custom_metrics_dictionary_.*\')         FORMAT Prometheus
2026-08-01 19:02:24	1	6	2128	6	             SELECT                 name,                 toJSONString(labels) as labels_serialized,                 value,                 help,                 type             FROM (                 SELECT   concat(\'clickhouse_\', system.dimensional_metrics.metric) AS name,   toFloat64(system.dime
2026-08-01 19:02:24	1	0	0	1	             SELECT                 name,                 toJSONString(labels) as labels_serialized,                 value,                 help,                 type             FROM (                 SELECT   \'ClickHouse_CustomMetric_TotalMemoryUsedByMerges\' AS name,   toFloat64(SUM(memory_usage))
2026-08-01 19:02:24	2	0	0	0	             SELECT                 name,                 toJSONString(labels) as labels_serialized,                 value,                 help,                 type             FROM (                 SELECT   \'ClickHouse_CustomMetric_FailedMutations\' as name,   toFloat64(count()) as value,   \'The 
2026-08-01 19:02:24	2	15	1013	15	             SELECT                 name,                 toJSONString(labels) as labels_serialized,                 value,                 help,                 type             FROM (                 SELECT     \'ClickHouse_MetricsCollection_CustomMetricsSystemTable\' AS name,     toFloat64(1) AS va
2026-08-01 19:02:29	3	6	213	0	             SELECT                 name,                 toJSONString(labels) as labels_serialized,                 value,                 help,                 type             FROM (                 SELECT   \'ClickHouse_CustomMetric_SharedCatalogRecoveryTime\' as name,   toFloat64(recovery_time) a
2026-08-01 19:02:32	5	0	0	0	WITH source AS (SELECT [\'matview_execution_total\', if(exception_code != 0, \'matview_execution_fail\', \'\')] AS metrics, event_time AS ts FROM system.query_views_log WHERE (status != \'QueryStart\') AND (event_date >= toDate(_CAST(\'1785610797.833\', \'DateTime64\'))) AND (event_time >= toDateTime(_CAST(\'178
2026-08-01 19:02:32	4	378	114440	5	WITH metrics AS (SELECT name AS metric, toFloat64(value) AS val, now() AS ts FROM system.server_settings WHERE multiMatchAny(name, _CAST([\'^max_database_num_to_throw$\', \'^max_database_num_to_warn$\', \'^max_table_num_to_throw$\', \'^max_table_num_to_warn$\', \'^max_concurrent_queries$\'], \'Array(String)\'))
2026-08-01 19:02:32	10	0	0	1	WITH failed_mutations AS (SELECT toDateTime(create_time) AS ts, count() AS val FROM system.mutations WHERE (ts > toDateTime(_CAST(\'1785610797.833\', \'DateTime64\'))) AND (ts <= toDateTime(_CAST(\'1785610917.833\', \'DateTime64\'))) AND (latest_failed_part != \'\') AND (is_done = 0) GROUP BY ts), failed_muta
2026-08-01 19:02:32	10	155137	2467834	1560	SELECT CAST(\'0fc3eaab-fbcb-4533-8825-9be9faaea781\', \'UUID\') AS control_plane_id, CAST(\'c-boneaws-al-46-server-j62zx3k-0\', \'LowCardinality(String)\') AS pod_id, CAST(now64(), \'DateTime64(6)\') AS scrape_ts_microseconds, CAST(event_date, \'Date\') AS event_date, CAST(event_time, \'DateTime\') AS event_time,
2026-08-01 19:02:32	10	1005	15061	14	WITH metrics AS (SELECT multiIf((event_type = \'MergeParts\') AND (error = 0), \'merges_finished\', (event_type = \'MergeParts\') AND (error != 0), \'merges_failed\', (event_type = \'MutatePart\') AND (error = 0), \'mutate_part_finished\', (event_type = \'MutatePart\') AND (error != 0), \'mutate_part_failed\', NULL
2026-08-01 19:02:32	2	6	34579	1	SELECT count() FROM system.processes WHERE (initial_user NOT IN _CAST([\'backups-internal\', \'management-internal\', \'monitoring-internal\', \'observability-internal\', \'operator-internal\', \'prometheus-exporter\', \'prometheus-internal\', \'operator-cert-internal\', \'availability-monitoring-internal\', \'\'], \'Ar
2026-08-01 19:02:32	2	123	1733	1	SELECT countIf(database = \'system\') as systemParts, countIf(database != \'system\') as nonSystemParts FROM system.parts where active
2026-08-01 19:02:32	26	3143	590919	123	SELECT CAST(\'0fc3eaab-fbcb-4533-8825-9be9faaea781\', \'UUID\') AS instance_id, CAST(\'c-boneaws-al-46-server-j62zx3k-0\', \'LowCardinality(String)\') AS node_id, CAST(name, \'LowCardinality(String)\') AS metric, CAST(mapFilter((k, v) -> has(_CAST([\'remote\'], \'Array(String)\'), k), labels), \'Map(LowCardinality
2026-08-01 19:02:32	1	0	0	1	SELECT countIf(database = \'system\') as systemMerges, countIf(database != \'system\') as nonSystemMerges FROM system.merges
2026-08-01 19:02:32	56	754	228080	120	SELECT CAST(\'0fc3eaab-fbcb-4533-8825-9be9faaea781\', \'UUID\') AS control_plane_id, CAST(\'c-boneaws-al-46-server-j62zx3k-0\', \'LowCardinality(String)\') AS pod_id, CAST(now64(), \'DateTime64(6)\') AS scrape_ts_microseconds, CAST(event_date, \'Date\') AS event_date, CAST(event_time, \'DateTime\') AS event_time,
2026-08-01 19:02:32	156	812	223395	18	WITH parts_agg AS (SELECT database AS agg_database, `table` AS agg_table, SUM(primary_key_size) AS primary_index_size, SUM(secondary_indices_compressed_bytes) AS secondary_index_size FROM system.parts WHERE active AND (database != \'system\') GROUP BY database, `table`), proj_agg AS (SELECT database A
2026-08-01 19:02:34	2	2	6282	1	             SELECT                 name,                 toJSONString(labels) as labels_serialized,                 value,                 help,                 type             FROM (                 SELECT   \'ClickHouse_CustomMetric_TotalMemoryUsedByQueries\' AS name,   toFloat64(SUM(peak_memory_u
2026-08-01 19:02:34	2	15	1013	15	             SELECT                 name,                 toJSONString(labels) as labels_serialized,                 value,                 help,                 type             FROM (                 SELECT     \'ClickHouse_MetricsCollection_CustomMetricsSystemTable\' AS name,     toFloat64(1) AS va
2026-08-01 19:02:39	2	15	1013	15	             SELECT                 name,                 toJSONString(labels) as labels_serialized,                 value,                 help,                 type             FROM (                 SELECT     \'ClickHouse_MetricsCollection_CustomMetricsSystemTable\' AS name,     toFloat64(1) AS va
2026-08-01 19:02:39	2	59	472	1	             SELECT                 name,                 toJSONString(labels) as labels_serialized,                 value,                 help,                 type             FROM (                 SELECT   \'ClickHouse_CustomMetric_TotalMemoryUsedByDataSkippingIndices\' AS name,   toFloat64(SUM(d
2026-08-01 19:02:39	2	4	8874	1	             SELECT                 name,                 toJSONString(labels) as labels_serialized,                 value,                 help,                 type             FROM (                 SELECT   \'ClickHouse_CustomMetric_TotalMemoryUsedByQueries\' AS name,   toFloat64(SUM(peak_memory_u
2026-08-01 19:02:39	2	14	9020	0	             SELECT                 name,                 toJSONString(labels) as labels_serialized,                 value,                 help,                 type             FROM (                 SELECT   \'clickhouse_table_replica_readonly_start_timestamp_seconds\' as name,   toFloat64(toUnixTi
2026-08-01 19:02:40	5	128	31370	128	SELECT             name,             value,             help,             JSONExtract(labels_serialized, \'Map(String, String)\') as labels,             type         FROM merge(system, \'^_custom_metrics_dictionary_.*\')         FORMAT Prometheus
2026-08-01 19:02:42	3	1	5438	1	SELECT count() FROM system.processes WHERE (initial_user NOT IN _CAST([\'backups-internal\', \'management-internal\', \'monitoring-internal\', \'observability-internal\', \'operator-internal\', \'prometheus-exporter\', \'prometheus-internal\', \'operator-cert-internal\', \'availability-monitoring-internal\', \'\'], \'Ar
2026-08-01 19:02:42	2	117	1643	1	SELECT countIf(database = \'system\') as systemParts, countIf(database != \'system\') as nonSystemParts FROM system.parts where active
2026-08-01 19:02:42	1	0	0	1	SELECT countIf(database = \'system\') as systemMerges, countIf(database != \'system\') as nonSystemMerges FROM system.merges
2026-08-01 19:02:43	13	785	10990	1	SELECT avg(ProfileEvent_OSCPUWaitMicroseconds) as cpu_wait FROM  system.metric_log  WHERE event_time > now() - INTERVAL 2 MINUTE AND event_date >= yesterday()
2026-08-01 19:02:43	3	2	10208	2	SELECT count() as count, sum(elapsed) as total_elapsed, \'lh\' as usr FROM system.processes  WHERE user = \'observability-internal\' AND client_hostname LIKE \'loghouse-scraper%\'  UNION ALL SELECT count() as count, sum(elapsed) as total_elapsed, \'other\' as usr FROM system.processes  WHERE user != \'observ
2026-08-01 19:02:43	1	875	366447	1	SELECT value FROM system.asynchronous_metrics WHERE metric = \'OSMemoryAvailable\' ;
2026-08-01 19:02:44	3	6	213	0	             SELECT                 name,                 toJSONString(labels) as labels_serialized,                 value,                 help,                 type             FROM (                 SELECT   \'ClickHouse_CustomMetric_DatabaseReplicatedRecoveryTime\' as name,   toFloat64(recovery_ti
2026-08-01 19:02:49	1	6	2128	6	             SELECT                 name,                 toJSONString(labels) as labels_serialized,                 value,                 help,                 type             FROM (                 SELECT   concat(\'clickhouse_\', system.dimensional_metrics.metric) AS name,   toFloat64(system.dime
2026-08-01 19:02:49	1	0	0	1	             SELECT                 name,                 toJSONString(labels) as labels_serialized,                 value,                 help,                 type             FROM (                 SELECT   \'ClickHouse_CustomMetric_TotalMemoryUsedByAsynchronousInserts\' AS name,   toFloat64(SUM(t
2026-08-01 19:02:50	5	129	31646	129	SELECT             name,             value,             help,             JSONExtract(labels_serialized, \'Map(String, String)\') as labels,             type         FROM merge(system, \'^_custom_metrics_dictionary_.*\')         FORMAT Prometheus
2026-08-01 19:02:52	2	2	12834	1	SELECT count() FROM system.processes WHERE (initial_user NOT IN _CAST([\'backups-internal\', \'management-internal\', \'monitoring-internal\', \'observability-internal\', \'operator-internal\', \'prometheus-exporter\', \'prometheus-internal\', \'operator-cert-internal\', \'availability-monitoring-internal\', \'\'], \'Ar
2026-08-01 19:02:52	23	3144	591057	123	SELECT CAST(\'0fc3eaab-fbcb-4533-8825-9be9faaea781\', \'UUID\') AS instance_id, CAST(\'c-boneaws-al-46-server-j62zx3k-0\', \'LowCardinality(String)\') AS node_id, CAST(name, \'LowCardinality(String)\') AS metric, CAST(mapFilter((k, v) -> has(_CAST([\'remote\'], \'Array(String)\'), k), labels), \'Map(LowCardinality
2026-08-01 19:02:52	2	118	1658	1	SELECT countIf(database = \'system\') as systemParts, countIf(database != \'system\') as nonSystemParts FROM system.parts where active
2026-08-01 19:02:52	1	0	0	1	SELECT countIf(database = \'system\') as systemMerges, countIf(database != \'system\') as nonSystemMerges FROM system.merges
2026-08-01 19:02:54	5	129	31646	129	SELECT             name,             value,             help,             JSONExtract(labels_serialized, \'Map(String, String)\') as labels,             type         FROM merge(system, \'^_custom_metrics_dictionary_.*\')         FORMAT Prometheus
2026-08-01 19:03:02	3	1	5438	1	SELECT count() FROM system.processes WHERE (initial_user NOT IN _CAST([\'backups-internal\', \'management-internal\', \'monitoring-internal\', \'observability-internal\', \'operator-internal\', \'prometheus-exporter\', \'prometheus-internal\', \'operator-cert-internal\', \'availability-monitoring-internal\', \'\'], \'Ar
2026-08-01 19:03:02	2	117	1643	1	SELECT countIf(database = \'system\') as systemParts, countIf(database != \'system\') as nonSystemParts FROM system.parts where active
2026-08-01 19:03:02	1	0	0	1	SELECT countIf(database = \'system\') as systemMerges, countIf(database != \'system\') as nonSystemMerges FROM system.merges
2026-08-01 19:03:04	1	0	0	1	             SELECT                 name,                 toJSONString(labels) as labels_serialized,                 value,                 help,                 type             FROM (                 SELECT   \'ClickHouse_CustomMetric_TotalMemoryUsedByMerges\' AS name,   toFloat64(SUM(memory_usage))
2026-08-01 19:03:09	2	13	6340	1	             SELECT                 name,                 toJSONString(labels) as labels_serialized,                 value,                 help,                 type             FROM (                 SELECT   \'ClickHouse_CustomMetric_TotalMemoryUsedByDictionaries\' AS name,   toFloat64(SUM(bytes_al
2026-08-01 19:03:09	2	14	9020	0	             SELECT                 name,                 toJSONString(labels) as labels_serialized,                 value,                 help,                 type             FROM (                 SELECT   \'clickhouse_table_replica_readonly_start_timestamp_seconds\' as name,   toFloat64(toUnixTi
2026-08-01 19:03:10	5	129	31646	129	SELECT             name,             value,             help,             JSONExtract(labels_serialized, \'Map(String, String)\') as labels,             type         FROM merge(system, \'^_custom_metrics_dictionary_.*\')         FORMAT Prometheus
2026-08-01 19:03:12	2	2	12834	1	SELECT count() FROM system.processes WHERE (initial_user NOT IN _CAST([\'backups-internal\', \'management-internal\', \'monitoring-internal\', \'observability-internal\', \'operator-internal\', \'prometheus-exporter\', \'prometheus-internal\', \'operator-cert-internal\', \'availability-monitoring-internal\', \'\'], \'Ar
2026-08-01 19:03:12	23	3144	591057	123	SELECT CAST(\'0fc3eaab-fbcb-4533-8825-9be9faaea781\', \'UUID\') AS instance_id, CAST(\'c-boneaws-al-46-server-j62zx3k-0\', \'LowCardinality(String)\') AS node_id, CAST(name, \'LowCardinality(String)\') AS metric, CAST(mapFilter((k, v) -> has(_CAST([\'remote\'], \'Array(String)\'), k), labels), \'Map(LowCardinality
2026-08-01 19:03:12	2	116	1628	1	SELECT countIf(database = \'system\') as systemParts, countIf(database != \'system\') as nonSystemParts FROM system.parts where active
2026-08-01 19:03:12	1	0	0	1	SELECT countIf(database = \'system\') as systemMerges, countIf(database != \'system\') as nonSystemMerges FROM system.merges
2026-08-01 19:03:13	14	815	11410	1	SELECT avg(ProfileEvent_OSCPUWaitMicroseconds) as cpu_wait FROM  system.metric_log  WHERE event_time > now() - INTERVAL 2 MINUTE AND event_date >= yesterday()
2026-08-01 19:03:13	4	2	10208	2	SELECT count() as count, sum(elapsed) as total_elapsed, \'lh\' as usr FROM system.processes  WHERE user = \'observability-internal\' AND client_hostname LIKE \'loghouse-scraper%\'  UNION ALL SELECT count() as count, sum(elapsed) as total_elapsed, \'other\' as usr FROM system.processes  WHERE user != \'observ
2026-08-01 19:03:13	1	875	366447	1	SELECT value FROM system.asynchronous_metrics WHERE metric = \'OSMemoryAvailable\' ;
2026-08-01 19:03:14	2	1	5022	1	             SELECT                 name,                 toJSONString(labels) as labels_serialized,                 value,                 help,                 type             FROM (                 SELECT   \'ClickHouse_CustomMetric_TotalMemoryUsedByQueries\' AS name,   toFloat64(SUM(peak_memory_u
2026-08-01 19:03:19	2	2	6302	1	             SELECT                 name,                 toJSONString(labels) as labels_serialized,                 value,                 help,                 type             FROM (                 SELECT   \'ClickHouse_CustomMetric_TotalMemoryUsedByQueries\' AS name,   toFloat64(SUM(peak_memory_u
2026-08-01 19:03:19	2	59	472	1	             SELECT                 name,                 toJSONString(labels) as labels_serialized,                 value,                 help,                 type             FROM (                 SELECT   \'ClickHouse_CustomMetric_TotalMemoryUsedByDataSkippingIndices\' AS name,   toFloat64(SUM(d
2026-08-01 19:03:20	5	129	31646	129	SELECT             name,             value,             help,             JSONExtract(labels_serialized, \'Map(String, String)\') as labels,             type         FROM merge(system, \'^_custom_metrics_dictionary_.*\')         FORMAT Prometheus
2026-08-01 19:03:22	3	1	5438	1	SELECT count() FROM system.processes WHERE (initial_user NOT IN _CAST([\'backups-internal\', \'management-internal\', \'monitoring-internal\', \'observability-internal\', \'operator-internal\', \'prometheus-exporter\', \'prometheus-internal\', \'operator-cert-internal\', \'availability-monitoring-internal\', \'\'], \'Ar
2026-08-01 19:03:22	2	112	1568	1	SELECT countIf(database = \'system\') as systemParts, countIf(database != \'system\') as nonSystemParts FROM system.parts where active
2026-08-01 19:03:22	1	0	0	1	SELECT countIf(database = \'system\') as systemMerges, countIf(database != \'system\') as nonSystemMerges FROM system.merges
2026-08-01 19:03:24	5	129	31646	129	SELECT             name,             value,             help,             JSONExtract(labels_serialized, \'Map(String, String)\') as labels,             type         FROM merge(system, \'^_custom_metrics_dictionary_.*\')         FORMAT Prometheus
2026-08-01 19:03:24	2	13	6340	1	             SELECT                 name,                 toJSONString(labels) as labels_serialized,                 value,                 help,                 type             FROM (                 SELECT   \'ClickHouse_CustomMetric_TotalMemoryUsedByDictionaries\' AS name,   toFloat64(SUM(bytes_al
2026-08-01 19:03:24	2	0	0	0	             SELECT                 name,                 toJSONString(labels) as labels_serialized,                 value,                 help,                 type             FROM (                 SELECT   \'ClickHouse_CustomMetric_FailedMutations\' as name,   toFloat64(count()) as value,   \'The 
2026-08-01 19:03:24	3	6	213	0	             SELECT                 name,                 toJSONString(labels) as labels_serialized,                 value,                 help,                 type             FROM (                 SELECT   \'ClickHouse_CustomMetric_SharedCatalogRecoveryTime\' as name,   toFloat64(recovery_time) a
2026-08-01 19:03:29	1	6	2128	6	             SELECT                 name,                 toJSONString(labels) as labels_serialized,                 value,                 help,                 type             FROM (                 SELECT   concat(\'clickhouse_\', system.dimensional_metrics.metric) AS name,   toFloat64(system.dime
2026-08-01 19:03:29	2	15	1013	15	             SELECT                 name,                 toJSONString(labels) as labels_serialized,                 value,                 help,                 type             FROM (                 SELECT     \'ClickHouse_MetricsCollection_CustomMetricsSystemTable\' AS name,     toFloat64(1) AS va
2026-08-01 19:03:29	3	14	9020	0	             SELECT                 name,                 toJSONString(labels) as labels_serialized,                 value,                 help,                 type             FROM (                 SELECT   \'clickhouse_table_replica_readonly_start_timestamp_seconds\' as name,   toFloat64(toUnixTi
2026-08-01 19:03:29	3	6	213	0	             SELECT                 name,                 toJSONString(labels) as labels_serialized,                 value,                 help,                 type             FROM (                 SELECT   \'ClickHouse_CustomMetric_DatabaseReplicatedRecoveryTime\' as name,   toFloat64(recovery_ti
2026-08-01 19:03:32	2	2	12834	1	SELECT count() FROM system.processes WHERE (initial_user NOT IN _CAST([\'backups-internal\', \'management-internal\', \'monitoring-internal\', \'observability-internal\', \'operator-internal\', \'prometheus-exporter\', \'prometheus-internal\', \'operator-cert-internal\', \'availability-monitoring-internal\', \'\'], \'Ar
2026-08-01 19:03:32	24	3144	591057	123	SELECT CAST(\'0fc3eaab-fbcb-4533-8825-9be9faaea781\', \'UUID\') AS instance_id, CAST(\'c-boneaws-al-46-server-j62zx3k-0\', \'LowCardinality(String)\') AS node_id, CAST(name, \'LowCardinality(String)\') AS metric, CAST(mapFilter((k, v) -> has(_CAST([\'remote\'], \'Array(String)\'), k), labels), \'Map(LowCardinality
2026-08-01 19:03:32	2	116	1628	1	SELECT countIf(database = \'system\') as systemParts, countIf(database != \'system\') as nonSystemParts FROM system.parts where active
2026-08-01 19:03:32	1	0	0	1	SELECT countIf(database = \'system\') as systemMerges, countIf(database != \'system\') as nonSystemMerges FROM system.merges
2026-08-01 19:03:34	2	13	6340	1	             SELECT                 name,                 toJSONString(labels) as labels_serialized,                 value,                 help,                 type             FROM (                 SELECT   \'ClickHouse_CustomMetric_TotalMemoryUsedByDictionaries\' AS name,   toFloat64(SUM(bytes_al
2026-08-01 19:03:34	2	15	1013	15	             SELECT                 name,                 toJSONString(labels) as labels_serialized,                 value,                 help,                 type             FROM (                 SELECT     \'ClickHouse_MetricsCollection_CustomMetricsSystemTable\' AS name,     toFloat64(1) AS va
2026-08-01 19:03:37	3	0	0	0	SELECT now64(6) as scrape_time_microseconds, \'j62zx3k\' AS pod_ident, \'boneaws-al-46\' AS spoken_name, \'cell-1\' AS cell, \'ap-south-1\' AS region, \'aws\' AS cloud_provider, \'26.2.1.525\' AS clickhouse_version, \'0fc3eaab-fbcb-4533-8825-9be9faaea781\' AS control_plane_id, \'aarch64\' AS system_processor, * FRO
2026-08-01 19:03:38	4	0	0	0	SELECT now64(6) as scrape_time_microseconds, \'j62zx3k\' AS pod_ident, \'boneaws-al-46\' AS spoken_name, \'cell-1\' AS cell, \'ap-south-1\' AS region, \'aws\' AS cloud_provider, \'26.2.1.525\' AS clickhouse_version, \'0fc3eaab-fbcb-4533-8825-9be9faaea781\' AS control_plane_id, \'aarch64\' AS system_processor, * FRO
2026-08-01 19:03:38	16	17537	4166465	4346	SELECT now64(6) as scrape_time_microseconds, \'j62zx3k\' AS pod_ident, \'boneaws-al-46\' AS spoken_name, \'cell-1\' AS cell, \'ap-south-1\' AS region, \'aws\' AS cloud_provider, \'26.2.1.525\' AS clickhouse_version, \'0fc3eaab-fbcb-4533-8825-9be9faaea781\' AS control_plane_id, \'aarch64\' AS system_processor, * FRO
2026-08-01 19:03:39	3	0	0	0	SELECT now64(6) as scrape_time_microseconds, \'j62zx3k\' AS pod_ident, \'boneaws-al-46\' AS spoken_name, \'cell-1\' AS cell, \'ap-south-1\' AS region, \'aws\' AS cloud_provider, \'26.2.1.525\' AS clickhouse_version, \'0fc3eaab-fbcb-4533-8825-9be9faaea781\' AS control_plane_id, \'aarch64\' AS system_processor, * FRO
2026-08-01 19:03:39	18	20649	5006668	10241	SELECT now64(6) as scrape_time_microseconds, \'j62zx3k\' AS pod_ident, \'boneaws-al-46\' AS spoken_name, \'cell-1\' AS cell, \'ap-south-1\' AS region, \'aws\' AS cloud_provider, \'26.2.1.525\' AS clickhouse_version, \'0fc3eaab-fbcb-4533-8825-9be9faaea781\' AS control_plane_id, \'aarch64\' AS system_processor, * FRO
2026-08-01 19:03:40	3	0	0	0	SELECT now64(6) as scrape_time_microseconds, \'j62zx3k\' AS pod_ident, \'boneaws-al-46\' AS spoken_name, \'cell-1\' AS cell, \'ap-south-1\' AS region, \'aws\' AS cloud_provider, \'26.2.1.525\' AS clickhouse_version, \'0fc3eaab-fbcb-4533-8825-9be9faaea781\' AS control_plane_id, \'aarch64\' AS system_processor, * FRO
2026-08-01 19:03:40	28	5167	9833355	302	SELECT now64(6) as scrape_time_microseconds, \'j62zx3k\' AS pod_ident, \'boneaws-al-46\' AS spoken_name, \'cell-1\' AS cell, \'ap-south-1\' AS region, \'aws\' AS cloud_provider, \'26.2.1.525\' AS clickhouse_version, \'0fc3eaab-fbcb-4533-8825-9be9faaea781\' AS control_plane_id, \'aarch64\' AS system_processor, * FRO
2026-08-01 19:03:40	5	129	31646	129	SELECT             name,             value,             help,             JSONExtract(labels_serialized, \'Map(String, String)\') as labels,             type         FROM merge(system, \'^_custom_metrics_dictionary_.*\')         FORMAT Prometheus
2026-08-01 19:03:41	3	0	0	0	SELECT now64(6) as scrape_time_microseconds, \'j62zx3k\' AS pod_ident, \'boneaws-al-46\' AS spoken_name, \'cell-1\' AS cell, \'ap-south-1\' AS region, \'aws\' AS cloud_provider, \'26.2.1.525\' AS clickhouse_version, \'0fc3eaab-fbcb-4533-8825-9be9faaea781\' AS control_plane_id, \'aarch64\' AS system_processor, * FRO
2026-08-01 19:03:41	168	785	2089132	120	SELECT now64(6) as scrape_time_microseconds, \'j62zx3k\' AS pod_ident, \'boneaws-al-46\' AS spoken_name, \'cell-1\' AS cell, \'ap-south-1\' AS region, \'aws\' AS cloud_provider, \'26.2.1.525\' AS clickhouse_version, \'0fc3eaab-fbcb-4533-8825-9be9faaea781\' AS control_plane_id, \'aarch64\' AS system_processor, * FRO
2026-08-01 19:03:42	3	0	0	0	SELECT now64(6) as scrape_time_microseconds, \'j62zx3k\' AS pod_ident, \'boneaws-al-46\' AS spoken_name, \'cell-1\' AS cell, \'ap-south-1\' AS region, \'aws\' AS cloud_provider, \'26.2.1.525\' AS clickhouse_version, \'0fc3eaab-fbcb-4533-8825-9be9faaea781\' AS control_plane_id, \'aarch64\' AS system_processor, * FRO
2026-08-01 19:03:42	3	1	5438	1	SELECT count() FROM system.processes WHERE (initial_user NOT IN _CAST([\'backups-internal\', \'management-internal\', \'monitoring-internal\', \'observability-internal\', \'operator-internal\', \'prometheus-exporter\', \'prometheus-internal\', \'operator-cert-internal\', \'availability-monitoring-internal\', \'\'], \'Ar
2026-08-01 19:03:42	2	125	1763	1	SELECT countIf(database = \'system\') as systemParts, countIf(database != \'system\') as nonSystemParts FROM system.parts where active
2026-08-01 19:03:42	1	0	0	1	SELECT countIf(database = \'system\') as systemMerges, countIf(database != \'system\') as nonSystemMerges FROM system.merges
2026-08-01 19:03:43	14	845	11590	1	SELECT avg(ProfileEvent_OSCPUWaitMicroseconds) as cpu_wait FROM  system.metric_log  WHERE event_time > now() - INTERVAL 2 MINUTE AND event_date >= yesterday()
2026-08-01 19:03:43	3	2	10208	2	SELECT count() as count, sum(elapsed) as total_elapsed, \'lh\' as usr FROM system.processes  WHERE user = \'observability-internal\' AND client_hostname LIKE \'loghouse-scraper%\'  UNION ALL SELECT count() as count, sum(elapsed) as total_elapsed, \'other\' as usr FROM system.processes  WHERE user != \'observ
2026-08-01 19:03:43	1	875	366447	1	SELECT value FROM system.asynchronous_metrics WHERE metric = \'OSMemoryAvailable\' ;
2026-08-01 19:03:44	3	0	0	0	SELECT now64(6) as scrape_time_microseconds, \'j62zx3k\' AS pod_ident, \'boneaws-al-46\' AS spoken_name, \'cell-1\' AS cell, \'ap-south-1\' AS region, \'aws\' AS cloud_provider, \'26.2.1.525\' AS clickhouse_version, \'0fc3eaab-fbcb-4533-8825-9be9faaea781\' AS control_plane_id, \'aarch64\' AS system_processor, * FRO
2026-08-01 19:03:44	2	1	5022	1	             SELECT                 name,                 toJSONString(labels) as labels_serialized,                 value,                 help,                 type             FROM (                 SELECT   \'ClickHouse_CustomMetric_TotalMemoryUsedByQueries\' AS name,   toFloat64(SUM(peak_memory_u
2026-08-01 19:03:45	3	0	0	0	SELECT now64(6) as scrape_time_microseconds, \'j62zx3k\' AS pod_ident, \'boneaws-al-46\' AS spoken_name, \'cell-1\' AS cell, \'ap-south-1\' AS region, \'aws\' AS cloud_provider, \'26.2.1.525\' AS clickhouse_version, \'0fc3eaab-fbcb-4533-8825-9be9faaea781\' AS control_plane_id, \'aarch64\' AS system_processor, * FRO
2026-08-01 19:03:45	8	5907	1729270	451	SELECT now64(6) as scrape_time_microseconds, \'j62zx3k\' AS pod_ident, \'boneaws-al-46\' AS spoken_name, \'cell-1\' AS cell, \'ap-south-1\' AS region, \'aws\' AS cloud_provider, \'26.2.1.525\' AS clickhouse_version, \'0fc3eaab-fbcb-4533-8825-9be9faaea781\' AS control_plane_id, \'aarch64\' AS system_processor, * FRO
2026-08-01 19:03:45	8	1082	567022	185	SELECT now64(6) as scrape_time_microseconds, \'j62zx3k\' AS pod_ident, \'boneaws-al-46\' AS spoken_name, \'cell-1\' AS cell, \'ap-south-1\' AS region, \'aws\' AS cloud_provider, \'26.2.1.525\' AS clickhouse_version, \'0fc3eaab-fbcb-4533-8825-9be9faaea781\' AS control_plane_id, \'aarch64\' AS system_processor, * FRO
2026-08-01 19:03:45	108	1683896	26996453	105015	SELECT now64(6) as scrape_time_microseconds, \'j62zx3k\' AS pod_ident, \'boneaws-al-46\' AS spoken_name, \'cell-1\' AS cell, \'ap-south-1\' AS region, \'aws\' AS cloud_provider, \'26.2.1.525\' AS clickhouse_version, \'0fc3eaab-fbcb-4533-8825-9be9faaea781\' AS control_plane_id, \'aarch64\' AS system_processor, * FRO
2026-08-01 19:03:46	3	0	0	0	SELECT now64(6) as scrape_time_microseconds, \'j62zx3k\' AS pod_ident, \'boneaws-al-46\' AS spoken_name, \'cell-1\' AS cell, \'ap-south-1\' AS region, \'aws\' AS cloud_provider, \'26.2.1.525\' AS clickhouse_version, \'0fc3eaab-fbcb-4533-8825-9be9faaea781\' AS control_plane_id, \'aarch64\' AS system_processor, * FRO
2026-08-01 19:03:46	17	20638	4555587	14378	SELECT now64(6) as scrape_time_microseconds, \'j62zx3k\' AS pod_ident, \'boneaws-al-46\' AS spoken_name, \'cell-1\' AS cell, \'ap-south-1\' AS region, \'aws\' AS cloud_provider, \'26.2.1.525\' AS clickhouse_version, \'0fc3eaab-fbcb-4533-8825-9be9faaea781\' AS control_plane_id, \'aarch64\' AS system_processor, * FRO
2026-08-01 19:03:47	3	0	0	0	SELECT now64(6) as scrape_time_microseconds, \'j62zx3k\' AS pod_ident, \'boneaws-al-46\' AS spoken_name, \'cell-1\' AS cell, \'ap-south-1\' AS region, \'aws\' AS cloud_provider, \'26.2.1.525\' AS clickhouse_version, \'0fc3eaab-fbcb-4533-8825-9be9faaea781\' AS control_plane_id, \'aarch64\' AS system_processor, * FRO
2026-08-01 19:03:48	79	0	0	0	SELECT now64(6) as scrape_time_microseconds, \'j62zx3k\' AS pod_ident, \'boneaws-al-46\' AS spoken_name, \'cell-1\' AS cell, \'ap-south-1\' AS region, \'aws\' AS cloud_provider, \'26.2.1.525\' AS clickhouse_version, \'0fc3eaab-fbcb-4533-8825-9be9faaea781\' AS control_plane_id, \'aarch64\' AS system_processor, * FRO
2026-08-01 19:03:49	1	6	2128	6	             SELECT                 name,                 toJSONString(labels) as labels_serialized,                 value,                 help,                 type             FROM (                 SELECT   concat(\'clickhouse_\', system.dimensional_metrics.metric) AS name,   toFloat64(system.dime
2026-08-01 19:03:49	2	0	0	1	             SELECT                 name,                 toJSONString(labels) as labels_serialized,                 value,                 help,                 type             FROM (                 SELECT   \'ClickHouse_CustomMetric_TotalMemoryUsedByAsynchronousInserts\' AS name,   toFloat64(SUM(t
2026-08-01 19:03:49	3	6	213	0	             SELECT                 name,                 toJSONString(labels) as labels_serialized,                 value,                 help,                 type             FROM (                 SELECT   \'ClickHouse_CustomMetric_SharedCatalogRecoveryTime\' as name,   toFloat64(recovery_time) a
2026-08-01 19:03:50	5	130	31872	130	SELECT             name,             value,             help,             JSONExtract(labels_serialized, \'Map(String, String)\') as labels,             type         FROM merge(system, \'^_custom_metrics_dictionary_.*\')         FORMAT Prometheus
2026-08-01 19:03:52	2	2	12834	1	SELECT count() FROM system.processes WHERE (initial_user NOT IN _CAST([\'backups-internal\', \'management-internal\', \'monitoring-internal\', \'observability-internal\', \'operator-internal\', \'prometheus-exporter\', \'prometheus-internal\', \'operator-cert-internal\', \'availability-monitoring-internal\', \'\'], \'Ar
2026-08-01 19:03:52	24	3145	591212	123	SELECT CAST(\'0fc3eaab-fbcb-4533-8825-9be9faaea781\', \'UUID\') AS instance_id, CAST(\'c-boneaws-al-46-server-j62zx3k-0\', \'LowCardinality(String)\') AS node_id, CAST(name, \'LowCardinality(String)\') AS metric, CAST(mapFilter((k, v) -> has(_CAST([\'remote\'], \'Array(String)\'), k), labels), \'Map(LowCardinality
2026-08-01 19:03:52	2	126	1778	1	SELECT countIf(database = \'system\') as systemParts, countIf(database != \'system\') as nonSystemParts FROM system.parts where active
2026-08-01 19:03:52	1	0	0	1	SELECT countIf(database = \'system\') as systemMerges, countIf(database != \'system\') as nonSystemMerges FROM system.merges
2026-08-01 19:03:53	7	8203	891930	1238	SELECT now64(6) as scrape_time_microseconds, \'j62zx3k\' AS pod_ident, \'boneaws-al-46\' AS spoken_name, \'cell-1\' AS cell, \'ap-south-1\' AS region, \'aws\' AS cloud_provider, \'26.2.1.525\' AS clickhouse_version, \'0fc3eaab-fbcb-4533-8825-9be9faaea781\' AS control_plane_id, \'aarch64\' AS system_processor, * FRO
2026-08-01 19:03:54	4	0	0	0	SELECT now64(6) as scrape_time_microseconds, \'j62zx3k\' AS pod_ident, \'boneaws-al-46\' AS spoken_name, \'cell-1\' AS cell, \'ap-south-1\' AS region, \'aws\' AS cloud_provider, \'26.2.1.525\' AS clickhouse_version, \'0fc3eaab-fbcb-4533-8825-9be9faaea781\' AS control_plane_id, \'aarch64\' AS system_processor, * FRO
2026-08-01 19:03:54	6	130	31872	130	SELECT             name,             value,             help,             JSONExtract(labels_serialized, \'Map(String, String)\') as labels,             type         FROM merge(system, \'^_custom_metrics_dictionary_.*\')         FORMAT Prometheus
2026-08-01 19:03:54	1	6	2128	6	             SELECT                 name,                 toJSONString(labels) as labels_serialized,                 value,                 help,                 type             FROM (                 SELECT   concat(\'clickhouse_\', system.dimensional_metrics.metric) AS name,   toFloat64(system.dime
2026-08-01 19:03:54	2	13	6340	1	             SELECT                 name,                 toJSONString(labels) as labels_serialized,                 value,                 help,                 type             FROM (                 SELECT   \'ClickHouse_CustomMetric_TotalMemoryUsedByDictionaries\' AS name,   toFloat64(SUM(bytes_al
2026-08-01 19:04:02	3	1	5438	1	SELECT count() FROM system.processes WHERE (initial_user NOT IN _CAST([\'backups-internal\', \'management-internal\', \'monitoring-internal\', \'observability-internal\', \'operator-internal\', \'prometheus-exporter\', \'prometheus-internal\', \'operator-cert-internal\', \'availability-monitoring-internal\', \'\'], \'Ar
2026-08-01 19:04:02	2	124	1748	1	SELECT countIf(database = \'system\') as systemParts, countIf(database != \'system\') as nonSystemParts FROM system.parts where active
2026-08-01 19:04:02	1	0	0	1	SELECT countIf(database = \'system\') as systemMerges, countIf(database != \'system\') as nonSystemMerges FROM system.merges
2026-08-01 19:04:04	1	0	0	1	             SELECT                 name,                 toJSONString(labels) as labels_serialized,                 value,                 help,                 type             FROM (                 SELECT   \'ClickHouse_CustomMetric_TotalMemoryUsedByMerges\' AS name,   toFloat64(SUM(memory_usage))
2026-08-01 19:04:04	1	0	0	1	             SELECT                 name,                 toJSONString(labels) as labels_serialized,                 value,                 help,                 type             FROM (                 SELECT   \'ClickHouse_CustomMetric_TotalMemoryUsedByAsynchronousInserts\' AS name,   toFloat64(SUM(t
2026-08-01 19:04:04	2	0	0	0	             SELECT                 name,                 toJSONString(labels) as labels_serialized,                 value,                 help,                 type             FROM (                 SELECT   \'ClickHouse_CustomMetric_FailedMutations\' as name,   toFloat64(count()) as value,   \'The 
2026-08-01 19:04:04	3	6	213	0	             SELECT                 name,                 toJSONString(labels) as labels_serialized,                 value,                 help,                 type             FROM (                 SELECT   \'ClickHouse_CustomMetric_DatabaseReplicatedRecoveryTime\' as name,   toFloat64(recovery_ti
2026-08-01 19:04:04	20	33465	737419	33465	SELECT `content_id`, `title`, `video_type`, `category` FROM `sony`.`content_dim`;
2026-08-01 19:04:09	8	1678	1053523	36	SELECT now64(6) as scrape_time_microseconds, \'j62zx3k\' AS pod_ident, \'boneaws-al-46\' AS spoken_name, \'cell-1\' AS cell, \'ap-south-1\' AS region, \'aws\' AS cloud_provider, \'26.2.1.525\' AS clickhouse_version, \'0fc3eaab-fbcb-4533-8825-9be9faaea781\' AS control_plane_id, \'aarch64\' AS system_processor, * FRO
2026-08-01 19:04:09	2	0	0	0	             SELECT                 name,                 toJSONString(labels) as labels_serialized,                 value,                 help,                 type             FROM (                 SELECT   \'ClickHouse_CustomMetric_FailedMutations\' as name,   toFloat64(count()) as value,   \'The 
2026-08-01 19:04:09	2	2	6302	1	             SELECT                 name,                 toJSONString(labels) as labels_serialized,                 value,                 help,                 type             FROM (                 SELECT   \'ClickHouse_CustomMetric_TotalMemoryUsedByQueries\' AS name,   toFloat64(SUM(peak_memory_u
2026-08-01 19:04:10	5	130	31872	130	SELECT             name,             value,             help,             JSONExtract(labels_serialized, \'Map(String, String)\') as labels,             type         FROM merge(system, \'^_custom_metrics_dictionary_.*\')         FORMAT Prometheus
2026-08-01 19:04:12	3	2	12834	1	SELECT count() FROM system.processes WHERE (initial_user NOT IN _CAST([\'backups-internal\', \'management-internal\', \'monitoring-internal\', \'observability-internal\', \'operator-internal\', \'prometheus-exporter\', \'prometheus-internal\', \'operator-cert-internal\', \'availability-monitoring-internal\', \'\'], \'Ar
2026-08-01 19:04:12	23	3145	591212	123	SELECT CAST(\'0fc3eaab-fbcb-4533-8825-9be9faaea781\', \'UUID\') AS instance_id, CAST(\'c-boneaws-al-46-server-j62zx3k-0\', \'LowCardinality(String)\') AS node_id, CAST(name, \'LowCardinality(String)\') AS metric, CAST(mapFilter((k, v) -> has(_CAST([\'remote\'], \'Array(String)\'), k), labels), \'Map(LowCardinality
2026-08-01 19:04:12	2	123	1733	1	SELECT countIf(database = \'system\') as systemParts, countIf(database != \'system\') as nonSystemParts FROM system.parts where active
2026-08-01 19:04:12	1	0	0	1	SELECT countIf(database = \'system\') as systemMerges, countIf(database != \'system\') as nonSystemMerges FROM system.merges
2026-08-01 19:04:13	14	876	12024	1	SELECT avg(ProfileEvent_OSCPUWaitMicroseconds) as cpu_wait FROM  system.metric_log  WHERE event_time > now() - INTERVAL 2 MINUTE AND event_date >= yesterday()
2026-08-01 19:04:13	3	2	10208	2	SELECT count() as count, sum(elapsed) as total_elapsed, \'lh\' as usr FROM system.processes  WHERE user = \'observability-internal\' AND client_hostname LIKE \'loghouse-scraper%\'  UNION ALL SELECT count() as count, sum(elapsed) as total_elapsed, \'other\' as usr FROM system.processes  WHERE user != \'observ
2026-08-01 19:04:13	1	875	366447	1	SELECT value FROM system.asynchronous_metrics WHERE metric = \'OSMemoryAvailable\' ;
2026-08-01 19:04:14	2	0	0	1	             SELECT                 name,                 toJSONString(labels) as labels_serialized,                 value,                 help,                 type             FROM (                 SELECT   \'ClickHouse_CustomMetric_TotalMemoryUsedByMerges\' AS name,   toFloat64(SUM(memory_usage))
2026-08-01 19:04:19	2	59	472	1	             SELECT                 name,                 toJSONString(labels) as labels_serialized,                 value,                 help,                 type             FROM (                 SELECT   \'ClickHouse_CustomMetric_TotalMemoryUsedByDataSkippingIndices\' AS name,   toFloat64(SUM(d
2026-08-01 19:04:19	3	14	9020	0	             SELECT                 name,                 toJSONString(labels) as labels_serialized,                 value,                 help,                 type             FROM (                 SELECT   \'clickhouse_table_replica_readonly_start_timestamp_seconds\' as name,   toFloat64(toUnixTi
2026-08-01 19:04:20	5	130	31872	130	SELECT             name,             value,             help,             JSONExtract(labels_serialized, \'Map(String, String)\') as labels,             type         FROM merge(system, \'^_custom_metrics_dictionary_.*\')         FORMAT Prometheus
2026-08-01 19:04:22	3	1	5438	1	SELECT count() FROM system.processes WHERE (initial_user NOT IN _CAST([\'backups-internal\', \'management-internal\', \'monitoring-internal\', \'observability-internal\', \'operator-internal\', \'prometheus-exporter\', \'prometheus-internal\', \'operator-cert-internal\', \'availability-monitoring-internal\', \'\'], \'Ar
2026-08-01 19:04:22	2	124	1748	1	SELECT countIf(database = \'system\') as systemParts, countIf(database != \'system\') as nonSystemParts FROM system.parts where active
2026-08-01 19:04:22	1	0	0	1	SELECT countIf(database = \'system\') as systemMerges, countIf(database != \'system\') as nonSystemMerges FROM system.merges
2026-08-01 19:04:24	6	130	31872	130	SELECT             name,             value,             help,             JSONExtract(labels_serialized, \'Map(String, String)\') as labels,             type         FROM merge(system, \'^_custom_metrics_dictionary_.*\')         FORMAT Prometheus
2026-08-01 19:04:24	2	2	6282	1	             SELECT                 name,                 toJSONString(labels) as labels_serialized,                 value,                 help,                 type             FROM (                 SELECT   \'ClickHouse_CustomMetric_TotalMemoryUsedByQueries\' AS name,   toFloat64(SUM(peak_memory_u
2026-08-01 19:04:24	2	15	1013	15	             SELECT                 name,                 toJSONString(labels) as labels_serialized,                 value,                 help,                 type             FROM (                 SELECT     \'ClickHouse_MetricsCollection_CustomMetricsSystemTable\' AS name,     toFloat64(1) AS va
2026-08-01 19:04:32	5	378	114440	5	WITH metrics AS (SELECT name AS metric, toFloat64(value) AS val, now() AS ts FROM system.server_settings WHERE multiMatchAny(name, _CAST([\'^max_database_num_to_throw$\', \'^max_database_num_to_warn$\', \'^max_table_num_to_throw$\', \'^max_table_num_to_warn$\', \'^max_concurrent_queries$\'], \'Array(String)\'))
2026-08-01 19:04:32	3	10	39776	1	SELECT count() FROM system.processes WHERE (initial_user NOT IN _CAST([\'backups-internal\', \'management-internal\', \'monitoring-internal\', \'observability-internal\', \'operator-internal\', \'prometheus-exporter\', \'prometheus-internal\', \'operator-cert-internal\', \'availability-monitoring-internal\', \'\'], \'Ar
2026-08-01 19:04:32	5	0	0	0	WITH source AS (SELECT [\'matview_execution_total\', if(exception_code != 0, \'matview_execution_fail\', \'\')] AS metrics, event_time AS ts FROM system.query_views_log WHERE (status != \'QueryStart\') AND (event_date >= toDate(_CAST(\'1785610917.833\', \'DateTime64\'))) AND (event_time >= toDateTime(_CAST(\'178
2026-08-01 19:04:32	9	1161	17401	13	WITH metrics AS (SELECT multiIf((event_type = \'MergeParts\') AND (error = 0), \'merges_finished\', (event_type = \'MergeParts\') AND (error != 0), \'merges_failed\', (event_type = \'MutatePart\') AND (error = 0), \'mutate_part_finished\', (event_type = \'MutatePart\') AND (error != 0), \'mutate_part_failed\', NULL
2026-08-01 19:04:32	10	153361	2406353	1560	SELECT CAST(\'0fc3eaab-fbcb-4533-8825-9be9faaea781\', \'UUID\') AS control_plane_id, CAST(\'c-boneaws-al-46-server-j62zx3k-0\', \'LowCardinality(String)\') AS pod_id, CAST(now64(), \'DateTime64(6)\') AS scrape_ts_microseconds, CAST(event_date, \'Date\') AS event_date, CAST(event_time, \'DateTime\') AS event_time,
2026-08-01 19:04:32	9	0	0	1	WITH failed_mutations AS (SELECT toDateTime(create_time) AS ts, count() AS val FROM system.mutations WHERE (ts > toDateTime(_CAST(\'1785610917.833\', \'DateTime64\'))) AND (ts <= toDateTime(_CAST(\'1785611037.833\', \'DateTime64\'))) AND (latest_failed_part != \'\') AND (is_done = 0) GROUP BY ts), failed_muta
2026-08-01 19:04:32	2	123	1733	1	SELECT countIf(database = \'system\') as systemParts, countIf(database != \'system\') as nonSystemParts FROM system.parts where active
2026-08-01 19:04:32	1	0	0	1	SELECT countIf(database = \'system\') as systemMerges, countIf(database != \'system\') as nonSystemMerges FROM system.merges
2026-08-01 19:04:32	24	3146	591355	123	SELECT CAST(\'0fc3eaab-fbcb-4533-8825-9be9faaea781\', \'UUID\') AS instance_id, CAST(\'c-boneaws-al-46-server-j62zx3k-0\', \'LowCardinality(String)\') AS node_id, CAST(name, \'LowCardinality(String)\') AS metric, CAST(mapFilter((k, v) -> has(_CAST([\'remote\'], \'Array(String)\'), k), labels), \'Map(LowCardinality
2026-08-01 19:04:32	55	876	264746	120	SELECT CAST(\'0fc3eaab-fbcb-4533-8825-9be9faaea781\', \'UUID\') AS control_plane_id, CAST(\'c-boneaws-al-46-server-j62zx3k-0\', \'LowCardinality(String)\') AS pod_id, CAST(now64(), \'DateTime64(6)\') AS scrape_ts_microseconds, CAST(event_date, \'Date\') AS event_date, CAST(event_time, \'DateTime\') AS event_time,
2026-08-01 19:04:33	160	812	223395	18	WITH parts_agg AS (SELECT database AS agg_database, `table` AS agg_table, SUM(primary_key_size) AS primary_index_size, SUM(secondary_indices_compressed_bytes) AS secondary_index_size FROM system.parts WHERE active AND (database != \'system\') GROUP BY database, `table`), proj_agg AS (SELECT database A
2026-08-01 19:04:34	2	13	6340	1	             SELECT                 name,                 toJSONString(labels) as labels_serialized,                 value,                 help,                 type             FROM (                 SELECT   \'ClickHouse_CustomMetric_TotalMemoryUsedByDictionaries\' AS name,   toFloat64(SUM(bytes_al
2026-08-01 19:04:39	1	6	2128	6	             SELECT                 name,                 toJSONString(labels) as labels_serialized,                 value,                 help,                 type             FROM (                 SELECT   concat(\'clickhouse_\', system.dimensional_metrics.metric) AS name,   toFloat64(system.dime
2026-08-01 19:04:39	3	6	213	0	             SELECT                 name,                 toJSONString(labels) as labels_serialized,                 value,                 help,                 type             FROM (                 SELECT   \'ClickHouse_CustomMetric_SharedCatalogRecoveryTime\' as name,   toFloat64(recovery_time) a
2026-08-01 19:04:40	5	130	31872	130	SELECT             name,             value,             help,             JSONExtract(labels_serialized, \'Map(String, String)\') as labels,             type         FROM merge(system, \'^_custom_metrics_dictionary_.*\')         FORMAT Prometheus
2026-08-01 19:04:42	3	1	5438	1	SELECT count() FROM system.processes WHERE (initial_user NOT IN _CAST([\'backups-internal\', \'management-internal\', \'monitoring-internal\', \'observability-internal\', \'operator-internal\', \'prometheus-exporter\', \'prometheus-internal\', \'operator-cert-internal\', \'availability-monitoring-internal\', \'\'], \'Ar
2026-08-01 19:04:42	2	123	1733	1	SELECT countIf(database = \'system\') as systemParts, countIf(database != \'system\') as nonSystemParts FROM system.parts where active
2026-08-01 19:04:42	1	0	0	1	SELECT countIf(database = \'system\') as systemMerges, countIf(database != \'system\') as nonSystemMerges FROM system.merges
2026-08-01 19:04:43	14	121	1214	1	SELECT avg(ProfileEvent_OSCPUWaitMicroseconds) as cpu_wait FROM  system.metric_log  WHERE event_time > now() - INTERVAL 2 MINUTE AND event_date >= yesterday()
2026-08-01 19:04:43	4	2	10208	2	SELECT count() as count, sum(elapsed) as total_elapsed, \'lh\' as usr FROM system.processes  WHERE user = \'observability-internal\' AND client_hostname LIKE \'loghouse-scraper%\'  UNION ALL SELECT count() as count, sum(elapsed) as total_elapsed, \'other\' as usr FROM system.processes  WHERE user != \'observ
2026-08-01 19:04:43	1	876	366590	1	SELECT value FROM system.asynchronous_metrics WHERE metric = \'OSMemoryAvailable\' ;
2026-08-01 19:04:48	1	1	1	1	SELECT displayName(), version(), revision(), timezone()
2026-08-01 19:04:49	1	1	1	1	SELECT 1;
2026-08-01 19:04:50	5	130	31872	130	SELECT             name,             value,             help,             JSONExtract(labels_serialized, \'Map(String, String)\') as labels,             type         FROM merge(system, \'^_custom_metrics_dictionary_.*\')         FORMAT Prometheus
2026-08-01 19:04:51	2	0	8	1	SELECT count() FROM system.backups where status IN (0,3)
2026-08-01 19:04:51	3	1	5472	1	SELECT count() FROM system.processes WHERE (elapsed > _CAST(0, \'Int64\')) AND (initial_user NOT IN _CAST([\'backups-internal\', \'management-internal\', \'monitoring-internal\', \'observability-internal\', \'operator-internal\', \'prometheus-exporter\', \'prometheus-internal\', \'operator-cert-internal\', \'availabil
2026-08-01 19:04:51	2	6	60	1	SELECT countIf(`__table1`.`is_shared_catalog_cluster` AND (`__table1`.`recovery_time` > 600000)) = 0 AS `equals(countIf(and(if(hasColumnInTable(\'system\', \'clusters\', \'is_shared_catalog_cluster\'), is_shared_catalog_cluster, false), if(hasColumnInTable(\'system\', \'clusters\', \'recovery_time\'), greater(r
2026-08-01 19:04:52	5	0	0	0	WITH source AS (SELECT [\'matview_execution_total\', if(exception_code != 0, \'matview_execution_fail\', \'\')] AS metrics, event_time AS ts FROM system.query_views_log WHERE (status != \'QueryStart\') AND (event_date >= toDate(_CAST(\'1785611037.833\', \'DateTime64\'))) AND (event_time >= toDateTime(_CAST(\'178
2026-08-01 19:04:52	4	378	114440	5	WITH metrics AS (SELECT name AS metric, toFloat64(value) AS val, now() AS ts FROM system.server_settings WHERE multiMatchAny(name, _CAST([\'^max_database_num_to_throw$\', \'^max_database_num_to_warn$\', \'^max_table_num_to_throw$\', \'^max_table_num_to_warn$\', \'^max_concurrent_queries$\'], \'Array(String)\'))
2026-08-01 19:04:52	9	36140	610928	507	SELECT CAST(\'0fc3eaab-fbcb-4533-8825-9be9faaea781\', \'UUID\') AS control_plane_id, CAST(\'c-boneaws-al-46-server-j62zx3k-0\', \'LowCardinality(String)\') AS pod_id, CAST(now64(), \'DateTime64(6)\') AS scrape_ts_microseconds, CAST(event_date, \'Date\') AS event_date, CAST(event_time, \'DateTime\') AS event_time,
2026-08-01 19:04:52	9	0	0	1	WITH failed_mutations AS (SELECT toDateTime(create_time) AS ts, count() AS val FROM system.mutations WHERE (ts > toDateTime(_CAST(\'1785611037.833\', \'DateTime64\'))) AND (ts <= toDateTime(_CAST(\'1785611092.645\', \'DateTime64\'))) AND (latest_failed_part != \'\') AND (is_done = 0) GROUP BY ts), failed_muta
2026-08-01 19:04:52	9	78	1156	7	WITH metrics AS (SELECT multiIf((event_type = \'MergeParts\') AND (error = 0), \'merges_finished\', (event_type = \'MergeParts\') AND (error != 0), \'merges_failed\', (event_type = \'MutatePart\') AND (error = 0), \'mutate_part_finished\', (event_type = \'MutatePart\') AND (error != 0), \'mutate_part_failed\', NULL
2026-08-01 19:04:52	24	3146	591355	123	SELECT CAST(\'0fc3eaab-fbcb-4533-8825-9be9faaea781\', \'UUID\') AS instance_id, CAST(\'c-boneaws-al-46-server-j62zx3k-0\', \'LowCardinality(String)\') AS node_id, CAST(name, \'LowCardinality(String)\') AS metric, CAST(mapFilter((k, v) -> has(_CAST([\'remote\'], \'Array(String)\'), k), labels), \'Map(LowCardinality
2026-08-01 19:04:52	52	61	18490	41	SELECT CAST(\'0fc3eaab-fbcb-4533-8825-9be9faaea781\', \'UUID\') AS control_plane_id, CAST(\'c-boneaws-al-46-server-j62zx3k-0\', \'LowCardinality(String)\') AS pod_id, CAST(now64(), \'DateTime64(6)\') AS scrape_ts_microseconds, CAST(event_date, \'Date\') AS event_date, CAST(event_time, \'DateTime\') AS event_time,
2026-08-01 19:04:52	145	812	223395	18	WITH parts_agg AS (SELECT database AS agg_database, `table` AS agg_table, SUM(primary_key_size) AS primary_index_size, SUM(secondary_indices_compressed_bytes) AS secondary_index_size FROM system.parts WHERE active AND (database != \'system\') GROUP BY database, `table`), proj_agg AS (SELECT database A
2026-08-01 19:04:52	2	1	5438	1	SELECT count() FROM system.processes WHERE (initial_user NOT IN _CAST([\'backups-internal\', \'management-internal\', \'monitoring-internal\', \'observability-internal\', \'operator-internal\', \'prometheus-exporter\', \'prometheus-internal\', \'operator-cert-internal\', \'availability-monitoring-internal\', \'\'], \'Ar
2026-08-01 19:04:52	2	124	1748	1	SELECT countIf(database = \'system\') as systemParts, countIf(database != \'system\') as nonSystemParts FROM system.parts where active
2026-08-01 19:04:52	1	0	0	1	SELECT countIf(database = \'system\') as systemMerges, countIf(database != \'system\') as nonSystemMerges FROM system.merges
2026-08-01 19:04:54	6	130	31872	130	SELECT             name,             value,             help,             JSONExtract(labels_serialized, \'Map(String, String)\') as labels,             type         FROM merge(system, \'^_custom_metrics_dictionary_.*\')         FORMAT Prometheus
2026-08-01 19:04:54	1	0	0	1	             SELECT                 name,                 toJSONString(labels) as labels_serialized,                 value,                 help,                 type             FROM (                 SELECT   \'ClickHouse_CustomMetric_TotalMemoryUsedByAsynchronousInserts\' AS name,   toFloat64(SUM(t
2026-08-01 19:04:54	3	6	213	0	             SELECT                 name,                 toJSONString(labels) as labels_serialized,                 value,                 help,                 type             FROM (                 SELECT   \'ClickHouse_CustomMetric_DatabaseReplicatedRecoveryTime\' as name,   toFloat64(recovery_ti
2026-08-01 19:05:02	3	1	5438	1	SELECT count() FROM system.processes WHERE (initial_user NOT IN _CAST([\'backups-internal\', \'management-internal\', \'monitoring-internal\', \'observability-internal\', \'operator-internal\', \'prometheus-exporter\', \'prometheus-internal\', \'operator-cert-internal\', \'availability-monitoring-internal\', \'\'], \'Ar
2026-08-01 19:05:02	2	126	1778	1	SELECT countIf(database = \'system\') as systemParts, countIf(database != \'system\') as nonSystemParts FROM system.parts where active
2026-08-01 19:05:02	1	0	0	1	SELECT countIf(database = \'system\') as systemMerges, countIf(database != \'system\') as nonSystemMerges FROM system.merges
2026-08-01 19:05:04	1	0	0	1	             SELECT                 name,                 toJSONString(labels) as labels_serialized,                 value,                 help,                 type             FROM (                 SELECT   \'ClickHouse_CustomMetric_TotalMemoryUsedByMerges\' AS name,   toFloat64(SUM(memory_usage))
2026-08-01 19:05:04	2	0	0	0	             SELECT                 name,                 toJSONString(labels) as labels_serialized,                 value,                 help,                 type             FROM (                 SELECT   \'ClickHouse_CustomMetric_FailedMutations\' as name,   toFloat64(count()) as value,   \'The 
2026-08-01 19:05:04	2	4	8775	1	             SELECT                 name,                 toJSONString(labels) as labels_serialized,                 value,                 help,                 type             FROM (                 SELECT   \'ClickHouse_CustomMetric_TotalMemoryUsedByQueries\' AS name,   toFloat64(SUM(peak_memory_u
2026-08-01 19:05:04	2	59	472	1	             SELECT                 name,                 toJSONString(labels) as labels_serialized,                 value,                 help,                 type             FROM (                 SELECT   \'ClickHouse_CustomMetric_TotalMemoryUsedByDataSkippingIndices\' AS name,   toFloat64(SUM(d
2026-08-01 19:05:09	2	0	0	1	             SELECT                 name,                 toJSONString(labels) as labels_serialized,                 value,                 help,                 type             FROM (                 SELECT   \'ClickHouse_CustomMetric_TotalMemoryUsedByMerges\' AS name,   toFloat64(SUM(memory_usage))
2026-08-01 19:05:09	3	14	9020	0	             SELECT                 name,                 toJSONString(labels) as labels_serialized,                 value,                 help,                 type             FROM (                 SELECT   \'clickhouse_table_replica_readonly_start_timestamp_seconds\' as name,   toFloat64(toUnixTi
2026-08-01 19:05:10	5	130	31872	130	SELECT             name,             value,             help,             JSONExtract(labels_serialized, \'Map(String, String)\') as labels,             type         FROM merge(system, \'^_custom_metrics_dictionary_.*\')         FORMAT Prometheus
2026-08-01 19:05:12	2	1	5438	1	SELECT count() FROM system.processes WHERE (initial_user NOT IN _CAST([\'backups-internal\', \'management-internal\', \'monitoring-internal\', \'observability-internal\', \'operator-internal\', \'prometheus-exporter\', \'prometheus-internal\', \'operator-cert-internal\', \'availability-monitoring-internal\', \'\'], \'Ar
2026-08-01 19:05:12	2	120	1688	1	SELECT countIf(database = \'system\') as systemParts, countIf(database != \'system\') as nonSystemParts FROM system.parts where active
2026-08-01 19:05:12	1	0	0	1	SELECT countIf(database = \'system\') as systemMerges, countIf(database != \'system\') as nonSystemMerges FROM system.merges
2026-08-01 19:05:13	13	151	2114	1	SELECT avg(ProfileEvent_OSCPUWaitMicroseconds) as cpu_wait FROM  system.metric_log  WHERE event_time > now() - INTERVAL 2 MINUTE AND event_date >= yesterday()
2026-08-01 19:05:13	4	2	10208	2	SELECT count() as count, sum(elapsed) as total_elapsed, \'lh\' as usr FROM system.processes  WHERE user = \'observability-internal\' AND client_hostname LIKE \'loghouse-scraper%\'  UNION ALL SELECT count() as count, sum(elapsed) as total_elapsed, \'other\' as usr FROM system.processes  WHERE user != \'observ
2026-08-01 19:05:13	1	876	366590	1	SELECT value FROM system.asynchronous_metrics WHERE metric = \'OSMemoryAvailable\' ;
2026-08-01 19:05:14	1	0	0	1	             SELECT                 name,                 toJSONString(labels) as labels_serialized,                 value,                 help,                 type             FROM (                 SELECT   \'ClickHouse_CustomMetric_TotalMemoryUsedByMerges\' AS name,   toFloat64(SUM(memory_usage))
2026-08-01 19:05:14	3	6	213	0	             SELECT                 name,                 toJSONString(labels) as labels_serialized,                 value,                 help,                 type             FROM (                 SELECT   \'ClickHouse_CustomMetric_SharedCatalogRecoveryTime\' as name,   toFloat64(recovery_time) a
2026-08-01 19:05:19	1	0	0	1	             SELECT                 name,                 toJSONString(labels) as labels_serialized,                 value,                 help,                 type             FROM (                 SELECT   \'ClickHouse_CustomMetric_TotalMemoryUsedByMerges\' AS name,   toFloat64(SUM(memory_usage))
2026-08-01 19:05:19	2	59	472	1	             SELECT                 name,                 toJSONString(labels) as labels_serialized,                 value,                 help,                 type             FROM (                 SELECT   \'ClickHouse_CustomMetric_TotalMemoryUsedByDataSkippingIndices\' AS name,   toFloat64(SUM(d
2026-08-01 19:05:19	2	15	1013	15	             SELECT                 name,                 toJSONString(labels) as labels_serialized,                 value,                 help,                 type             FROM (                 SELECT     \'ClickHouse_MetricsCollection_CustomMetricsSystemTable\' AS name,     toFloat64(1) AS va
2026-08-01 19:05:19	2	13	6340	1	             SELECT                 name,                 toJSONString(labels) as labels_serialized,                 value,                 help,                 type             FROM (                 SELECT   \'ClickHouse_CustomMetric_TotalMemoryUsedByDictionaries\' AS name,   toFloat64(SUM(bytes_al
2026-08-01 19:05:20	5	146	35782	146	SELECT             name,             value,             help,             JSONExtract(labels_serialized, \'Map(String, String)\') as labels,             type         FROM merge(system, \'^_custom_metrics_dictionary_.*\')         FORMAT Prometheus
2026-08-01 19:05:22	3	1	5438	1	SELECT count() FROM system.processes WHERE (initial_user NOT IN _CAST([\'backups-internal\', \'management-internal\', \'monitoring-internal\', \'observability-internal\', \'operator-internal\', \'prometheus-exporter\', \'prometheus-internal\', \'operator-cert-internal\', \'availability-monitoring-internal\', \'\'], \'Ar
2026-08-01 19:05:22	2	117	1643	1	SELECT countIf(database = \'system\') as systemParts, countIf(database != \'system\') as nonSystemParts FROM system.parts where active
2026-08-01 19:05:22	1	0	0	1	SELECT countIf(database = \'system\') as systemMerges, countIf(database != \'system\') as nonSystemMerges FROM system.merges
2026-08-01 19:05:24	6	146	35782	146	SELECT             name,             value,             help,             JSONExtract(labels_serialized, \'Map(String, String)\') as labels,             type         FROM merge(system, \'^_custom_metrics_dictionary_.*\')         FORMAT Prometheus
2026-08-01 19:05:24	1	0	0	1	             SELECT                 name,                 toJSONString(labels) as labels_serialized,                 value,                 help,                 type             FROM (                 SELECT   \'ClickHouse_CustomMetric_TotalMemoryUsedByAsynchronousInserts\' AS name,   toFloat64(SUM(t
2026-08-01 19:05:24	2	3	7591	1	             SELECT                 name,                 toJSONString(labels) as labels_serialized,                 value,                 help,                 type             FROM (                 SELECT   \'ClickHouse_CustomMetric_TotalMemoryUsedByQueries\' AS name,   toFloat64(SUM(peak_memory_u
2026-08-01 19:05:24	2	14	9020	0	             SELECT                 name,                 toJSONString(labels) as labels_serialized,                 value,                 help,                 type             FROM (                 SELECT   \'clickhouse_table_replica_readonly_start_timestamp_seconds\' as name,   toFloat64(toUnixTi
2026-08-01 19:05:29	2	2	6348	1	             SELECT                 name,                 toJSONString(labels) as labels_serialized,                 value,                 help,                 type             FROM (                 SELECT   \'ClickHouse_CustomMetric_TotalMemoryUsedByQueries\' AS name,   toFloat64(SUM(peak_memory_u
2026-08-01 19:05:29	3	6	213	0	             SELECT                 name,                 toJSONString(labels) as labels_serialized,                 value,                 help,                 type             FROM (                 SELECT   \'ClickHouse_CustomMetric_SharedCatalogRecoveryTime\' as name,   toFloat64(recovery_time) a
2026-08-01 19:05:32	2	2	12834	1	SELECT count() FROM system.processes WHERE (initial_user NOT IN _CAST([\'backups-internal\', \'management-internal\', \'monitoring-internal\', \'observability-internal\', \'operator-internal\', \'prometheus-exporter\', \'prometheus-internal\', \'operator-cert-internal\', \'availability-monitoring-internal\', \'\'], \'Ar
2026-08-01 19:05:32	23	3161	593510	123	SELECT CAST(\'0fc3eaab-fbcb-4533-8825-9be9faaea781\', \'UUID\') AS instance_id, CAST(\'c-boneaws-al-46-server-j62zx3k-0\', \'LowCardinality(String)\') AS node_id, CAST(name, \'LowCardinality(String)\') AS metric, CAST(mapFilter((k, v) -> has(_CAST([\'remote\'], \'Array(String)\'), k), labels), \'Map(LowCardinality
2026-08-01 19:05:32	2	116	1628	1	SELECT countIf(database = \'system\') as systemParts, countIf(database != \'system\') as nonSystemParts FROM system.parts where active
2026-08-01 19:05:32	1	0	0	1	SELECT countIf(database = \'system\') as systemMerges, countIf(database != \'system\') as nonSystemMerges FROM system.merges
2026-08-01 19:05:34	1	0	0	1	             SELECT                 name,                 toJSONString(labels) as labels_serialized,                 value,                 help,                 type             FROM (                 SELECT   \'ClickHouse_CustomMetric_TotalMemoryUsedByAsynchronousInserts\' AS name,   toFloat64(SUM(t
2026-08-01 19:05:34	2	0	0	0	             SELECT                 name,                 toJSONString(labels) as labels_serialized,                 value,                 help,                 type             FROM (                 SELECT   \'ClickHouse_CustomMetric_FailedMutations\' as name,   toFloat64(count()) as value,   \'The 
2026-08-01 19:05:34	3	6	213	0	             SELECT                 name,                 toJSONString(labels) as labels_serialized,                 value,                 help,                 type             FROM (                 SELECT   \'ClickHouse_CustomMetric_DatabaseReplicatedRecoveryTime\' as name,   toFloat64(recovery_ti
2026-08-01 19:05:37	3	0	0	0	SELECT now64(6) as scrape_time_microseconds, \'j62zx3k\' AS pod_ident, \'boneaws-al-46\' AS spoken_name, \'cell-1\' AS cell, \'ap-south-1\' AS region, \'aws\' AS cloud_provider, \'26.2.1.525\' AS clickhouse_version, \'0fc3eaab-fbcb-4533-8825-9be9faaea781\' AS control_plane_id, \'aarch64\' AS system_processor, * FRO
2026-08-01 19:05:38	4	0	0	0	SELECT now64(6) as scrape_time_microseconds, \'j62zx3k\' AS pod_ident, \'boneaws-al-46\' AS spoken_name, \'cell-1\' AS cell, \'ap-south-1\' AS region, \'aws\' AS cloud_provider, \'26.2.1.525\' AS clickhouse_version, \'0fc3eaab-fbcb-4533-8825-9be9faaea781\' AS control_plane_id, \'aarch64\' AS system_processor, * FRO
2026-08-01 19:05:38	12	9163	2171505	4397	SELECT now64(6) as scrape_time_microseconds, \'j62zx3k\' AS pod_ident, \'boneaws-al-46\' AS spoken_name, \'cell-1\' AS cell, \'ap-south-1\' AS region, \'aws\' AS cloud_provider, \'26.2.1.525\' AS clickhouse_version, \'0fc3eaab-fbcb-4533-8825-9be9faaea781\' AS control_plane_id, \'aarch64\' AS system_processor, * FRO
2026-08-01 19:05:39	3	0	0	0	SELECT now64(6) as scrape_time_microseconds, \'j62zx3k\' AS pod_ident, \'boneaws-al-46\' AS spoken_name, \'cell-1\' AS cell, \'ap-south-1\' AS region, \'aws\' AS cloud_provider, \'26.2.1.525\' AS clickhouse_version, \'0fc3eaab-fbcb-4533-8825-9be9faaea781\' AS control_plane_id, \'aarch64\' AS system_processor, * FRO
2026-08-01 19:05:39	19	20679	5033016	10357	SELECT now64(6) as scrape_time_microseconds, \'j62zx3k\' AS pod_ident, \'boneaws-al-46\' AS spoken_name, \'cell-1\' AS cell, \'ap-south-1\' AS region, \'aws\' AS cloud_provider, \'26.2.1.525\' AS clickhouse_version, \'0fc3eaab-fbcb-4533-8825-9be9faaea781\' AS control_plane_id, \'aarch64\' AS system_processor, * FRO
2026-08-01 19:05:39	1	6	2128	6	             SELECT                 name,                 toJSONString(labels) as labels_serialized,                 value,                 help,                 type             FROM (                 SELECT   concat(\'clickhouse_\', system.dimensional_metrics.metric) AS name,   toFloat64(system.dime
2026-08-01 19:05:40	3	0	0	0	SELECT now64(6) as scrape_time_microseconds, \'j62zx3k\' AS pod_ident, \'boneaws-al-46\' AS spoken_name, \'cell-1\' AS cell, \'ap-south-1\' AS region, \'aws\' AS cloud_provider, \'26.2.1.525\' AS clickhouse_version, \'0fc3eaab-fbcb-4533-8825-9be9faaea781\' AS control_plane_id, \'aarch64\' AS system_processor, * FRO
2026-08-01 19:05:40	30	5167	9833355	318	SELECT now64(6) as scrape_time_microseconds, \'j62zx3k\' AS pod_ident, \'boneaws-al-46\' AS spoken_name, \'cell-1\' AS cell, \'ap-south-1\' AS region, \'aws\' AS cloud_provider, \'26.2.1.525\' AS clickhouse_version, \'0fc3eaab-fbcb-4533-8825-9be9faaea781\' AS control_plane_id, \'aarch64\' AS system_processor, * FRO
2026-08-01 19:05:40	5	146	35782	146	SELECT             name,             value,             help,             JSONExtract(labels_serialized, \'Map(String, String)\') as labels,             type         FROM merge(system, \'^_custom_metrics_dictionary_.*\')         FORMAT Prometheus
2026-08-01 19:05:41	2	0	0	0	SELECT now64(6) as scrape_time_microseconds, \'j62zx3k\' AS pod_ident, \'boneaws-al-46\' AS spoken_name, \'cell-1\' AS cell, \'ap-south-1\' AS region, \'aws\' AS cloud_provider, \'26.2.1.525\' AS clickhouse_version, \'0fc3eaab-fbcb-4533-8825-9be9faaea781\' AS control_plane_id, \'aarch64\' AS system_processor, * FRO
2026-08-01 19:05:41	164	785	2094914	120	SELECT now64(6) as scrape_time_microseconds, \'j62zx3k\' AS pod_ident, \'boneaws-al-46\' AS spoken_name, \'cell-1\' AS cell, \'ap-south-1\' AS region, \'aws\' AS cloud_provider, \'26.2.1.525\' AS clickhouse_version, \'0fc3eaab-fbcb-4533-8825-9be9faaea781\' AS control_plane_id, \'aarch64\' AS system_processor, * FRO
2026-08-01 19:05:42	3	0	0	0	SELECT now64(6) as scrape_time_microseconds, \'j62zx3k\' AS pod_ident, \'boneaws-al-46\' AS spoken_name, \'cell-1\' AS cell, \'ap-south-1\' AS region, \'aws\' AS cloud_provider, \'26.2.1.525\' AS clickhouse_version, \'0fc3eaab-fbcb-4533-8825-9be9faaea781\' AS control_plane_id, \'aarch64\' AS system_processor, * FRO
2026-08-01 19:05:42	2	1	5438	1	SELECT count() FROM system.processes WHERE (initial_user NOT IN _CAST([\'backups-internal\', \'management-internal\', \'monitoring-internal\', \'observability-internal\', \'operator-internal\', \'prometheus-exporter\', \'prometheus-internal\', \'operator-cert-internal\', \'availability-monitoring-internal\', \'\'], \'Ar
2026-08-01 19:05:42	2	115	1613	1	SELECT countIf(database = \'system\') as systemParts, countIf(database != \'system\') as nonSystemParts FROM system.parts where active
2026-08-01 19:05:42	1	0	0	1	SELECT countIf(database = \'system\') as systemMerges, countIf(database != \'system\') as nonSystemMerges FROM system.merges
2026-08-01 19:05:43	13	181	2534	1	SELECT avg(ProfileEvent_OSCPUWaitMicroseconds) as cpu_wait FROM  system.metric_log  WHERE event_time > now() - INTERVAL 2 MINUTE AND event_date >= yesterday()
2026-08-01 19:05:43	3	2	10208	2	SELECT count() as count, sum(elapsed) as total_elapsed, \'lh\' as usr FROM system.processes  WHERE user = \'observability-internal\' AND client_hostname LIKE \'loghouse-scraper%\'  UNION ALL SELECT count() as count, sum(elapsed) as total_elapsed, \'other\' as usr FROM system.processes  WHERE user != \'observ
2026-08-01 19:05:43	1	875	366447	1	SELECT value FROM system.asynchronous_metrics WHERE metric = \'OSMemoryAvailable\' ;
2026-08-01 19:05:44	3	0	0	0	SELECT now64(6) as scrape_time_microseconds, \'j62zx3k\' AS pod_ident, \'boneaws-al-46\' AS spoken_name, \'cell-1\' AS cell, \'ap-south-1\' AS region, \'aws\' AS cloud_provider, \'26.2.1.525\' AS clickhouse_version, \'0fc3eaab-fbcb-4533-8825-9be9faaea781\' AS control_plane_id, \'aarch64\' AS system_processor, * FRO
2026-08-01 19:05:44	2	1	5022	1	             SELECT                 name,                 toJSONString(labels) as labels_serialized,                 value,                 help,                 type             FROM (                 SELECT   \'ClickHouse_CustomMetric_TotalMemoryUsedByQueries\' AS name,   toFloat64(SUM(peak_memory_u
2026-08-01 19:05:45	3	0	0	0	SELECT now64(6) as scrape_time_microseconds, \'j62zx3k\' AS pod_ident, \'boneaws-al-46\' AS spoken_name, \'cell-1\' AS cell, \'ap-south-1\' AS region, \'aws\' AS cloud_provider, \'26.2.1.525\' AS clickhouse_version, \'0fc3eaab-fbcb-4533-8825-9be9faaea781\' AS control_plane_id, \'aarch64\' AS system_processor, * FRO
2026-08-01 19:05:45	8	1267	663623	146	SELECT now64(6) as scrape_time_microseconds, \'j62zx3k\' AS pod_ident, \'boneaws-al-46\' AS spoken_name, \'cell-1\' AS cell, \'ap-south-1\' AS region, \'aws\' AS cloud_provider, \'26.2.1.525\' AS clickhouse_version, \'0fc3eaab-fbcb-4533-8825-9be9faaea781\' AS control_plane_id, \'aarch64\' AS system_processor, * FRO
2026-08-01 19:05:45	8	6368	1865609	338	SELECT now64(6) as scrape_time_microseconds, \'j62zx3k\' AS pod_ident, \'boneaws-al-46\' AS spoken_name, \'cell-1\' AS cell, \'ap-south-1\' AS region, \'aws\' AS cloud_provider, \'26.2.1.525\' AS clickhouse_version, \'0fc3eaab-fbcb-4533-8825-9be9faaea781\' AS control_plane_id, \'aarch64\' AS system_processor, * FRO
2026-08-01 19:05:45	109	1816082	29014837	105077	SELECT now64(6) as scrape_time_microseconds, \'j62zx3k\' AS pod_ident, \'boneaws-al-46\' AS spoken_name, \'cell-1\' AS cell, \'ap-south-1\' AS region, \'aws\' AS cloud_provider, \'26.2.1.525\' AS clickhouse_version, \'0fc3eaab-fbcb-4533-8825-9be9faaea781\' AS control_plane_id, \'aarch64\' AS system_processor, * FRO
2026-08-01 19:05:46	3	0	0	0	SELECT now64(6) as scrape_time_microseconds, \'j62zx3k\' AS pod_ident, \'boneaws-al-46\' AS spoken_name, \'cell-1\' AS cell, \'ap-south-1\' AS region, \'aws\' AS cloud_provider, \'26.2.1.525\' AS clickhouse_version, \'0fc3eaab-fbcb-4533-8825-9be9faaea781\' AS control_plane_id, \'aarch64\' AS system_processor, * FRO
2026-08-01 19:05:46	19	21471	4759436	14208	SELECT now64(6) as scrape_time_microseconds, \'j62zx3k\' AS pod_ident, \'boneaws-al-46\' AS spoken_name, \'cell-1\' AS cell, \'ap-south-1\' AS region, \'aws\' AS cloud_provider, \'26.2.1.525\' AS clickhouse_version, \'0fc3eaab-fbcb-4533-8825-9be9faaea781\' AS control_plane_id, \'aarch64\' AS system_processor, * FRO
2026-08-01 19:05:47	3	0	0	0	SELECT now64(6) as scrape_time_microseconds, \'j62zx3k\' AS pod_ident, \'boneaws-al-46\' AS spoken_name, \'cell-1\' AS cell, \'ap-south-1\' AS region, \'aws\' AS cloud_provider, \'26.2.1.525\' AS clickhouse_version, \'0fc3eaab-fbcb-4533-8825-9be9faaea781\' AS control_plane_id, \'aarch64\' AS system_processor, * FRO
2026-08-01 19:05:48	77	0	0	0	SELECT now64(6) as scrape_time_microseconds, \'j62zx3k\' AS pod_ident, \'boneaws-al-46\' AS spoken_name, \'cell-1\' AS cell, \'ap-south-1\' AS region, \'aws\' AS cloud_provider, \'26.2.1.525\' AS clickhouse_version, \'0fc3eaab-fbcb-4533-8825-9be9faaea781\' AS control_plane_id, \'aarch64\' AS system_processor, * FRO
2026-08-01 19:05:49	3	6	213	0	             SELECT                 name,                 toJSONString(labels) as labels_serialized,                 value,                 help,                 type             FROM (                 SELECT   \'ClickHouse_CustomMetric_SharedCatalogRecoveryTime\' as name,   toFloat64(recovery_time) a
2026-08-01 19:05:50	5	146	35782	146	SELECT             name,             value,             help,             JSONExtract(labels_serialized, \'Map(String, String)\') as labels,             type         FROM merge(system, \'^_custom_metrics_dictionary_.*\')         FORMAT Prometheus
2026-08-01 19:05:52	2	3	13634	1	SELECT count() FROM system.processes WHERE (initial_user NOT IN _CAST([\'backups-internal\', \'management-internal\', \'monitoring-internal\', \'observability-internal\', \'operator-internal\', \'prometheus-exporter\', \'prometheus-internal\', \'operator-cert-internal\', \'availability-monitoring-internal\', \'\'], \'Ar
2026-08-01 19:05:52	23	3161	593510	123	SELECT CAST(\'0fc3eaab-fbcb-4533-8825-9be9faaea781\', \'UUID\') AS instance_id, CAST(\'c-boneaws-al-46-server-j62zx3k-0\', \'LowCardinality(String)\') AS node_id, CAST(name, \'LowCardinality(String)\') AS metric, CAST(mapFilter((k, v) -> has(_CAST([\'remote\'], \'Array(String)\'), k), labels), \'Map(LowCardinality
2026-08-01 19:05:52	2	112	1568	1	SELECT countIf(database = \'system\') as systemParts, countIf(database != \'system\') as nonSystemParts FROM system.parts where active
2026-08-01 19:05:52	1	0	0	1	SELECT countIf(database = \'system\') as systemMerges, countIf(database != \'system\') as nonSystemMerges FROM system.merges
2026-08-01 19:05:53	7	8203	891930	1353	SELECT now64(6) as scrape_time_microseconds, \'j62zx3k\' AS pod_ident, \'boneaws-al-46\' AS spoken_name, \'cell-1\' AS cell, \'ap-south-1\' AS region, \'aws\' AS cloud_provider, \'26.2.1.525\' AS clickhouse_version, \'0fc3eaab-fbcb-4533-8825-9be9faaea781\' AS control_plane_id, \'aarch64\' AS system_processor, * FRO
2026-08-01 19:05:53	653	0	0	0	SYSTEM FLUSH LOGS
2026-08-01 19:05:53	0	0	0	0	SYSTEM STOP LISTEN CUSTOM \'tcp\'
2026-08-01 19:05:53	0	0	0	0	SYSTEM STOP LISTEN CUSTOM \'tcp_secure\'
2026-08-01 19:05:53	0	0	0	0	SYSTEM STOP LISTEN CUSTOM \'http\'
2026-08-01 19:05:53	0	0	0	0	SYSTEM STOP LISTEN CUSTOM \'http_secure\'
2026-08-01 19:05:53	0	0	0	0	SYSTEM STOP LISTEN CUSTOM \'tcp_over_proxy\'
2026-08-01 19:05:53	0	0	0	0	SYSTEM STOP LISTEN CUSTOM \'http_over_proxy\'
2026-08-01 19:05:53	0	0	0	0	SYSTEM STOP LISTEN CUSTOM \'mysql\'
2026-08-01 19:05:53	0	0	0	0	SYSTEM PAUSE VIEWS
2026-08-01 19:05:53	1	1	1	1	SELECT subtractSeconds(now(), 15) FORMAT TabSeparatedRaw
2026-08-01 19:05:54	6	146	35782	146	SELECT             name,             value,             help,             JSONExtract(labels_serialized, \'Map(String, String)\') as labels,             type         FROM merge(system, \'^_custom_metrics_dictionary_.*\')         FORMAT Prometheus
2026-08-01 19:05:59	2	15	1013	15	             SELECT                 name,                 toJSONString(labels) as labels_serialized,                 value,                 help,                 type             FROM (                 SELECT     \'ClickHouse_MetricsCollection_CustomMetricsSystemTable\' AS name,     toFloat64(1) AS va
2026-08-01 19:05:59	2	13	6340	1	             SELECT                 name,                 toJSONString(labels) as labels_serialized,                 value,                 help,                 type             FROM (                 SELECT   \'ClickHouse_CustomMetric_TotalMemoryUsedByDictionaries\' AS name,   toFloat64(SUM(bytes_al
2026-08-01 19:05:59	3	6	213	0	             SELECT                 name,                 toJSONString(labels) as labels_serialized,                 value,                 help,                 type             FROM (                 SELECT   \'ClickHouse_CustomMetric_DatabaseReplicatedRecoveryTime\' as name,   toFloat64(recovery_ti
2026-08-01 19:06:04	1	0	0	1	             SELECT                 name,                 toJSONString(labels) as labels_serialized,                 value,                 help,                 type             FROM (                 SELECT   \'ClickHouse_CustomMetric_TotalMemoryUsedByMerges\' AS name,   toFloat64(SUM(memory_usage))
2026-08-01 19:06:04	2	14	9020	0	             SELECT                 name,                 toJSONString(labels) as labels_serialized,                 value,                 help,                 type             FROM (                 SELECT   \'clickhouse_table_replica_readonly_start_timestamp_seconds\' as name,   toFloat64(toUnixTi
2026-08-01 19:06:09	1	6	2128	6	             SELECT                 name,                 toJSONString(labels) as labels_serialized,                 value,                 help,                 type             FROM (                 SELECT   concat(\'clickhouse_\', system.dimensional_metrics.metric) AS name,   toFloat64(system.dime
2026-08-01 19:06:10	5	144	35288	144	SELECT             name,             value,             help,             JSONExtract(labels_serialized, \'Map(String, String)\') as labels,             type         FROM merge(system, \'^_custom_metrics_dictionary_.*\')         FORMAT Prometheus
2026-08-01 19:06:19	1	0	0	1	             SELECT                 name,                 toJSONString(labels) as labels_serialized,                 value,                 help,                 type             FROM (                 SELECT   \'ClickHouse_CustomMetric_TotalMemoryUsedByAsynchronousInserts\' AS name,   toFloat64(SUM(t
2026-08-01 19:06:19	2	0	0	0	             SELECT                 name,                 toJSONString(labels) as labels_serialized,                 value,                 help,                 type             FROM (                 SELECT   \'ClickHouse_CustomMetric_FailedMutations\' as name,   toFloat64(count()) as value,   \'The 
2026-08-01 19:06:19	2	59	472	1	             SELECT                 name,                 toJSONString(labels) as labels_serialized,                 value,                 help,                 type             FROM (                 SELECT   \'ClickHouse_CustomMetric_TotalMemoryUsedByDataSkippingIndices\' AS name,   toFloat64(SUM(d
2026-08-01 19:06:20	5	144	35288	144	SELECT             name,             value,             help,             JSONExtract(labels_serialized, \'Map(String, String)\') as labels,             type         FROM merge(system, \'^_custom_metrics_dictionary_.*\')         FORMAT Prometheus
2026-08-01 19:06:24	5	144	35288	144	SELECT             name,             value,             help,             JSONExtract(labels_serialized, \'Map(String, String)\') as labels,             type         FROM merge(system, \'^_custom_metrics_dictionary_.*\')         FORMAT Prometheus
2026-08-01 19:06:24	1	6	2128	6	             SELECT                 name,                 toJSONString(labels) as labels_serialized,                 value,                 help,                 type             FROM (                 SELECT   concat(\'clickhouse_\', system.dimensional_metrics.metric) AS name,   toFloat64(system.dime
2026-08-01 19:06:24	2	15	1013	15	             SELECT                 name,                 toJSONString(labels) as labels_serialized,                 value,                 help,                 type             FROM (                 SELECT     \'ClickHouse_MetricsCollection_CustomMetricsSystemTable\' AS name,     toFloat64(1) AS va
2026-08-01 19:06:24	3	6	213	0	             SELECT                 name,                 toJSONString(labels) as labels_serialized,                 value,                 help,                 type             FROM (                 SELECT   \'ClickHouse_CustomMetric_SharedCatalogRecoveryTime\' as name,   toFloat64(recovery_time) a
2026-08-01 19:06:29	1	0	0	1	             SELECT                 name,                 toJSONString(labels) as labels_serialized,                 value,                 help,                 type             FROM (                 SELECT   \'ClickHouse_CustomMetric_TotalMemoryUsedByAsynchronousInserts\' AS name,   toFloat64(SUM(t
2026-08-01 19:06:34	2	1	5022	1	             SELECT                 name,                 toJSONString(labels) as labels_serialized,                 value,                 help,                 type             FROM (                 SELECT   \'ClickHouse_CustomMetric_TotalMemoryUsedByQueries\' AS name,   toFloat64(SUM(peak_memory_u
2026-08-01 19:06:40	6	144	35288	144	SELECT             name,             value,             help,             JSONExtract(labels_serialized, \'Map(String, String)\') as labels,             type         FROM merge(system, \'^_custom_metrics_dictionary_.*\')         FORMAT Prometheus
2026-08-01 19:06:44	1	0	0	1	             SELECT                 name,                 toJSONString(labels) as labels_serialized,                 value,                 help,                 type             FROM (                 SELECT   \'ClickHouse_CustomMetric_TotalMemoryUsedByAsynchronousInserts\' AS name,   toFloat64(SUM(t
2026-08-01 19:06:44	2	0	0	0	             SELECT                 name,                 toJSONString(labels) as labels_serialized,                 value,                 help,                 type             FROM (                 SELECT   \'ClickHouse_CustomMetric_FailedMutations\' as name,   toFloat64(count()) as value,   \'The 
2026-08-01 19:06:44	3	14	9020	0	             SELECT                 name,                 toJSONString(labels) as labels_serialized,                 value,                 help,                 type             FROM (                 SELECT   \'clickhouse_table_replica_readonly_start_timestamp_seconds\' as name,   toFloat64(toUnixTi
2026-08-01 19:06:49	1	0	0	1	             SELECT                 name,                 toJSONString(labels) as labels_serialized,                 value,                 help,                 type             FROM (                 SELECT   \'ClickHouse_CustomMetric_TotalMemoryUsedByAsynchronousInserts\' AS name,   toFloat64(SUM(t
2026-08-01 19:06:49	2	14	9020	0	             SELECT                 name,                 toJSONString(labels) as labels_serialized,                 value,                 help,                 type             FROM (                 SELECT   \'clickhouse_table_replica_readonly_start_timestamp_seconds\' as name,   toFloat64(toUnixTi
2026-08-01 19:06:50	5	138	33742	138	SELECT             name,             value,             help,             JSONExtract(labels_serialized, \'Map(String, String)\') as labels,             type         FROM merge(system, \'^_custom_metrics_dictionary_.*\')         FORMAT Prometheus
2026-08-01 19:06:54	0	0	0	0	SYSTEM FLUSH ASYNC INSERT QUEUE
2026-08-01 19:06:54	3	14	9257	1	select count() from system.processes where user not in (select name from system.users where name like \'%-internal\' and storage = \'users_xml\') and query not ilike \'%sql console internal query%\' format TabSeparatedRaw;
2026-08-01 19:06:54	0	0	0	0	SYSTEM FLUSH ASYNC INSERT QUEUE
2026-08-01 19:06:54	1	0	0	1	             SELECT                 name,                 toJSONString(labels) as labels_serialized,                 value,                 help,                 type             FROM (                 SELECT   \'ClickHouse_CustomMetric_TotalMemoryUsedByAsynchronousInserts\' AS name,   toFloat64(SUM(t
2026-08-01 19:06:54	2	15	1013	15	             SELECT                 name,                 toJSONString(labels) as labels_serialized,                 value,                 help,                 type             FROM (                 SELECT     \'ClickHouse_MetricsCollection_CustomMetricsSystemTable\' AS name,     toFloat64(1) AS va
2026-08-01 19:06:54	2	13	6340	1	             SELECT                 name,                 toJSONString(labels) as labels_serialized,                 value,                 help,                 type             FROM (                 SELECT   \'ClickHouse_CustomMetric_TotalMemoryUsedByDictionaries\' AS name,   toFloat64(SUM(bytes_al
2026-08-01 19:06:54	3	6	213	0	             SELECT                 name,                 toJSONString(labels) as labels_serialized,                 value,                 help,                 type             FROM (                 SELECT   \'ClickHouse_CustomMetric_DatabaseReplicatedRecoveryTime\' as name,   toFloat64(recovery_ti
2026-08-01 19:06:59	2	0	0	1	             SELECT                 name,                 toJSONString(labels) as labels_serialized,                 value,                 help,                 type             FROM (                 SELECT   \'ClickHouse_CustomMetric_TotalMemoryUsedByMerges\' AS name,   toFloat64(SUM(memory_usage))
2026-08-01 19:06:59	2	2	6215	1	             SELECT                 name,                 toJSONString(labels) as labels_serialized,                 value,                 help,                 type             FROM (                 SELECT   \'ClickHouse_CustomMetric_TotalMemoryUsedByQueries\' AS name,   toFloat64(SUM(peak_memory_u
2026-08-01 19:09:13	2	15	1013	15	             SELECT                 name,                 toJSONString(labels) as labels_serialized,                 value,                 help,                 type             FROM (                 SELECT     \'ClickHouse_MetricsCollection_CustomMetricsSystemTable\' AS name,     toFloat64(1) AS va
2026-08-01 19:09:13	4	6	2128	6	             SELECT                 name,                 toJSONString(labels) as labels_serialized,                 value,                 help,                 type             FROM (                 SELECT   concat(\'clickhouse_\', system.dimensional_metrics.metric) AS name,   toFloat64(system.dime
2026-08-01 19:09:13	4	0	0	1	             SELECT                 name,                 toJSONString(labels) as labels_serialized,                 value,                 help,                 type             FROM (                 SELECT   \'ClickHouse_CustomMetric_TotalMemoryUsedByAsynchronousInserts\' AS name,   toFloat64(SUM(t
2026-08-01 19:09:13	3	6	213	0	             SELECT                 name,                 toJSONString(labels) as labels_serialized,                 value,                 help,                 type             FROM (                 SELECT   \'ClickHouse_CustomMetric_DatabaseReplicatedRecoveryTime\' as name,   toFloat64(recovery_ti
2026-08-01 19:09:13	4	0	0	1	             SELECT                 name,                 toJSONString(labels) as labels_serialized,                 value,                 help,                 type             FROM (                 SELECT   \'ClickHouse_CustomMetric_TotalMemoryUsedByMerges\' AS name,   toFloat64(SUM(memory_usage))
2026-08-01 19:09:13	4	0	0	0	             SELECT                 name,                 toJSONString(labels) as labels_serialized,                 value,                 help,                 type             FROM (                 SELECT   \'ClickHouse_CustomMetric_FailedMutations\' as name,   toFloat64(count()) as value,   \'The 
2026-08-01 19:09:13	4	59	472	1	             SELECT                 name,                 toJSONString(labels) as labels_serialized,                 value,                 help,                 type             FROM (                 SELECT   \'ClickHouse_CustomMetric_TotalMemoryUsedByDataSkippingIndices\' AS name,   toFloat64(SUM(d
2026-08-01 19:09:13	5	14	9020	0	             SELECT                 name,                 toJSONString(labels) as labels_serialized,                 value,                 help,                 type             FROM (                 SELECT   \'clickhouse_table_replica_readonly_start_timestamp_seconds\' as name,   toFloat64(toUnixTi
2026-08-01 19:09:13	5	12	19909	1	             SELECT                 name,                 toJSONString(labels) as labels_serialized,                 value,                 help,                 type             FROM (                 SELECT   \'ClickHouse_CustomMetric_TotalMemoryUsedByQueries\' AS name,   toFloat64(SUM(peak_memory_u
2026-08-01 19:09:13	5	6	213	0	             SELECT                 name,                 toJSONString(labels) as labels_serialized,                 value,                 help,                 type             FROM (                 SELECT   \'ClickHouse_CustomMetric_SharedCatalogRecoveryTime\' as name,   toFloat64(recovery_time) a
2026-08-01 19:09:13	26	33465	737419	33465	SELECT `content_id`, `title`, `video_type`, `category` FROM `sony`.`content_dim`;
2026-08-01 19:09:13	41	13	5876	1	             SELECT                 name,                 toJSONString(labels) as labels_serialized,                 value,                 help,                 type             FROM (                 SELECT   \'ClickHouse_CustomMetric_TotalMemoryUsedByDictionaries\' AS name,   toFloat64(SUM(bytes_al
2026-08-01 19:09:16	3432	0	0	0	SYSTEM FLUSH LOGS;
2026-08-01 19:09:16	11	0	0	0	DROP TABLE IF EXISTS system.custom_metrics;
2026-08-01 19:09:16	82	0	0	0	CREATE OR REPLACE VIEW system.prometheus_metrics (   `name` String,   `value` Float64,   `help` String,   `labels` Map(String, String),   `type` String ) AS SELECT   concat(\'ClickHouse_\', event) AS name,   toFloat64(value) as value,   description AS help,   map(\'hostname\', hostName(), \'table\', \'syst
2026-08-01 19:09:16	0	0	0	0	DROP TABLE IF EXISTS system._custom_metrics_readonly_table_replicas;
2026-08-01 19:09:16	0	0	0	0	DROP TABLE IF EXISTS system._custom_metrics_shared_catalog_recovery_time;
2026-08-01 19:09:16	0	0	0	0	DROP TABLE IF EXISTS system._custom_metrics_data_parts_merge_duration_increase;
2026-08-01 19:09:16	0	0	0	0	DROP TABLE IF EXISTS system._custom_metrics_failed_mutations;
2026-08-01 19:09:16	0	0	0	0	DROP TABLE IF EXISTS system._custom_metrics_index_granularity_bytes_in_memory;
2026-08-01 19:09:16	0	0	0	0	DROP TABLE IF EXISTS system._custom_metrics_table_read_only_duration_seconds;
2026-08-01 19:09:16	0	0	0	0	DROP TABLE IF EXISTS system._custom_metrics_view_error_metrics_important;
2026-08-01 19:09:16	12	0	0	0	DROP TABLE IF EXISTS system._custom_metrics_view_error_metrics;
2026-08-01 19:09:16	66	0	0	0	CREATE VIEW system._custom_metrics_view_error_metrics (     `name` String,     `value` Float64,     `help` String,     `labels` Map(String, String),     `type` String ) AS (     SELECT         concat(\'ClickHouseErrorMetric_\', system.errors.name) AS name,         toFloat64(value) AS value,         sy
2026-08-01 19:09:16	0	0	0	0	DROP TABLE IF EXISTS system._custom_metrics_view_database_replicated_recovery_time;
2026-08-01 19:09:16	12	0	0	0	DROP DICTIONARY IF EXISTS system._custom_metrics_dictionary_database_replicated_recovery_time;
2026-08-01 19:09:16	11	6	213	0	             SELECT                 name,                 toJSONString(labels) as labels_serialized,                 value,                 help,                 type             FROM (                 SELECT   \'ClickHouse_CustomMetric_DatabaseReplicatedRecoveryTime\' as name,   toFloat64(recovery_ti
2026-08-01 19:09:16	79	0	0	0	CREATE DICTIONARY system._custom_metrics_dictionary_database_replicated_recovery_time (     `name` String,     `labels_serialized` String,     `value` Float64,     `help` String,     `type` String ) PRIMARY KEY (name, labels_serialized) SOURCE(     CLICKHOUSE(         QUERY `             SELECT     
2026-08-01 19:09:16	0	0	0	0	DROP TABLE IF EXISTS system._custom_metrics_view_table_read_only_duration_seconds;
2026-08-01 19:09:16	12	0	0	0	DROP DICTIONARY IF EXISTS system._custom_metrics_dictionary_table_read_only_duration_seconds;
2026-08-01 19:09:16	2	14	9020	0	             SELECT                 name,                 toJSONString(labels) as labels_serialized,                 value,                 help,                 type             FROM (                 SELECT   \'clickhouse_table_replica_readonly_start_timestamp_seconds\' as name,   toFloat64(toUnixTi
2026-08-01 19:09:17	65	0	0	0	CREATE DICTIONARY system._custom_metrics_dictionary_table_read_only_duration_seconds (     `name` String,     `labels_serialized` String,     `value` Float64,     `help` String,     `type` String ) PRIMARY KEY (name, labels_serialized) SOURCE(     CLICKHOUSE(         QUERY `             SELECT      
2026-08-01 19:09:17	0	0	0	0	DROP TABLE IF EXISTS system._custom_metrics_view_total_memory_async_inserts;
2026-08-01 19:09:17	11	0	0	0	DROP DICTIONARY IF EXISTS system._custom_metrics_dictionary_total_memory_async_inserts;
2026-08-01 19:09:17	1	0	0	1	             SELECT                 name,                 toJSONString(labels) as labels_serialized,                 value,                 help,                 type             FROM (                 SELECT   \'ClickHouse_CustomMetric_TotalMemoryUsedByAsynchronousInserts\' AS name,   toFloat64(SUM(t
2026-08-01 19:09:17	67	0	0	0	CREATE DICTIONARY system._custom_metrics_dictionary_total_memory_async_inserts (     `name` String,     `labels_serialized` String,     `value` Float64,     `help` String,     `type` String ) PRIMARY KEY (name, labels_serialized) SOURCE(     CLICKHOUSE(         QUERY `             SELECT            
2026-08-01 19:09:17	0	0	0	0	DROP TABLE IF EXISTS system._custom_metrics_view_total_memory_data_skipping_indices;
2026-08-01 19:09:17	11	0	0	0	DROP DICTIONARY IF EXISTS system._custom_metrics_dictionary_total_memory_data_skipping_indices;
2026-08-01 19:09:17	2	59	472	1	             SELECT                 name,                 toJSONString(labels) as labels_serialized,                 value,                 help,                 type             FROM (                 SELECT   \'ClickHouse_CustomMetric_TotalMemoryUsedByDataSkippingIndices\' AS name,   toFloat64(SUM(d
2026-08-01 19:09:17	72	0	0	0	CREATE DICTIONARY system._custom_metrics_dictionary_total_memory_data_skipping_indices (     `name` String,     `labels_serialized` String,     `value` Float64,     `help` String,     `type` String ) PRIMARY KEY (name, labels_serialized) SOURCE(     CLICKHOUSE(         QUERY `             SELECT    
2026-08-01 19:09:17	0	0	0	0	DROP TABLE IF EXISTS system._custom_metrics_view_total_memory_dictionaries;
2026-08-01 19:09:17	17	0	0	0	DROP DICTIONARY IF EXISTS system._custom_metrics_dictionary_total_memory_dictionaries;
2026-08-01 19:09:17	2	13	6305	1	             SELECT                 name,                 toJSONString(labels) as labels_serialized,                 value,                 help,                 type             FROM (                 SELECT   \'ClickHouse_CustomMetric_TotalMemoryUsedByDictionaries\' AS name,   toFloat64(SUM(bytes_al
2026-08-01 19:09:17	67	0	0	0	CREATE DICTIONARY system._custom_metrics_dictionary_total_memory_dictionaries (     `name` String,     `labels_serialized` String,     `value` Float64,     `help` String,     `type` String ) PRIMARY KEY (name, labels_serialized) SOURCE(     CLICKHOUSE(         QUERY `             SELECT             
2026-08-01 19:09:17	0	0	0	0	DROP TABLE IF EXISTS system._custom_metrics_view_total_memory_merges;
2026-08-01 19:09:17	11	0	0	0	DROP DICTIONARY IF EXISTS system._custom_metrics_dictionary_total_memory_merges;
2026-08-01 19:09:17	1	1	1400	1	             SELECT                 name,                 toJSONString(labels) as labels_serialized,                 value,                 help,                 type             FROM (                 SELECT   \'ClickHouse_CustomMetric_TotalMemoryUsedByMerges\' AS name,   toFloat64(SUM(memory_usage))
2026-08-01 19:09:17	73	0	0	0	CREATE DICTIONARY system._custom_metrics_dictionary_total_memory_merges (     `name` String,     `labels_serialized` String,     `value` Float64,     `help` String,     `type` String ) PRIMARY KEY (name, labels_serialized) SOURCE(     CLICKHOUSE(         QUERY `             SELECT                 na
2026-08-01 19:09:17	0	0	0	0	DROP TABLE IF EXISTS system._custom_metrics_view_total_memory_processes;
2026-08-01 19:09:17	12	0	0	0	DROP DICTIONARY IF EXISTS system._custom_metrics_dictionary_total_memory_processes;
2026-08-01 19:09:17	2	2	7175	1	             SELECT                 name,                 toJSONString(labels) as labels_serialized,                 value,                 help,                 type             FROM (                 SELECT   \'ClickHouse_CustomMetric_TotalMemoryUsedByQueries\' AS name,   toFloat64(SUM(peak_memory_u
2026-08-01 19:09:17	68	0	0	0	CREATE DICTIONARY system._custom_metrics_dictionary_total_memory_processes (     `name` String,     `labels_serialized` String,     `value` Float64,     `help` String,     `type` String ) PRIMARY KEY (name, labels_serialized) SOURCE(     CLICKHOUSE(         QUERY `             SELECT                
2026-08-01 19:09:17	0	0	0	0	DROP TABLE IF EXISTS system._custom_metrics_view_failed_mutations;
2026-08-01 19:09:17	12	0	0	0	DROP DICTIONARY IF EXISTS system._custom_metrics_dictionary_failed_mutations;
2026-08-01 19:09:17	2	0	0	0	             SELECT                 name,                 toJSONString(labels) as labels_serialized,                 value,                 help,                 type             FROM (                 SELECT   \'ClickHouse_CustomMetric_FailedMutations\' as name,   toFloat64(count()) as value,   \'The 
2026-08-01 19:09:17	68	0	0	0	CREATE DICTIONARY system._custom_metrics_dictionary_failed_mutations (     `name` String,     `labels_serialized` String,     `value` Float64,     `help` String,     `type` String ) PRIMARY KEY (name, labels_serialized) SOURCE(     CLICKHOUSE(         QUERY `             SELECT                 name,
2026-08-01 19:09:17	0	0	0	0	DROP TABLE IF EXISTS system._custom_metrics_view_index_granularity_bytes_in_memory;
2026-08-01 19:09:17	0	0	0	0	DROP TABLE IF EXISTS system._custom_metrics_view_index_granularity_bytes_in_memory_allocated;
2026-08-01 19:09:17	0	0	0	0	DROP TABLE IF EXISTS system._custom_metrics_view_shared_catalog_recovery_time;
2026-08-01 19:09:17	12	0	0	0	DROP DICTIONARY IF EXISTS system._custom_metrics_dictionary_shared_catalog_recovery_time;
2026-08-01 19:09:17	19	6	213	0	             SELECT                 name,                 toJSONString(labels) as labels_serialized,                 value,                 help,                 type             FROM (                 SELECT   \'ClickHouse_CustomMetric_SharedCatalogRecoveryTime\' as name,   toFloat64(recovery_time) a
2026-08-01 19:09:17	81	0	0	0	CREATE DICTIONARY system._custom_metrics_dictionary_shared_catalog_recovery_time (     `name` String,     `labels_serialized` String,     `value` Float64,     `help` String,     `type` String ) PRIMARY KEY (name, labels_serialized) SOURCE(     CLICKHOUSE(         QUERY `             SELECT          
2026-08-01 19:09:17	0	0	0	0	DROP TABLE IF EXISTS system._custom_metrics_data_parts_merge_duration_increase_mv;
2026-08-01 19:09:17	0	0	0	0	DROP TABLE IF EXISTS system._custom_metrics_failed_mutations_with_retries_mv;
2026-08-01 19:09:17	0	0	0	0	DROP TABLE IF EXISTS system._custom_metrics_readonly_table_replicas_mv;
2026-08-01 19:09:17	0	0	0	0	DROP TABLE IF EXISTS system._custom_metrics_table_read_only_duration_seconds_mv;
2026-08-01 19:09:17	0	0	0	0	DROP TABLE IF EXISTS system._custom_metrics_failed_mutations_mv;
2026-08-01 19:09:17	0	0	0	0	DROP TABLE IF EXISTS system._custom_metrics_index_granularity_bytes_in_memory_mv;
2026-08-01 19:09:17	0	0	0	0	DROP TABLE IF EXISTS system._custom_metrics_index_granularity_bytes_in_memory_allocated_mv;
2026-08-01 19:09:17	0	0	0	0	DROP TABLE IF EXISTS system._custom_metrics_shared_catalog_recovery_time_mv;
2026-08-01 19:09:17	0	0	0	0	DROP TABLE IF EXISTS system._custom_metrics_total_memory_async_inserts_mv;
2026-08-01 19:09:17	0	0	0	0	DROP TABLE IF EXISTS system._custom_metrics_total_memory_data_skipping_indices_mv;
2026-08-01 19:09:17	0	0	0	0	DROP TABLE IF EXISTS system._custom_metrics_total_memory_dictionaries_mv;
2026-08-01 19:09:17	0	0	0	0	DROP TABLE IF EXISTS system._custom_metrics_total_memory_merges_mv;
2026-08-01 19:09:17	0	0	0	0	DROP TABLE IF EXISTS system._custom_metrics_total_memory_processes_mv;
2026-08-01 19:09:17	0	0	0	0	DROP TABLE IF EXISTS system._custom_metrics_index_granularity_bytes_in_memory_allocated;
2026-08-01 19:09:17	0	0	0	0	DROP TABLE IF EXISTS system._custom_metrics_view_custom_metrics_tables;
2026-08-01 19:09:17	11	0	0	0	DROP DICTIONARY IF EXISTS system._custom_metrics_dictionary_custom_metrics_tables;
2026-08-01 19:09:17	2	13	907	13	             SELECT                 name,                 toJSONString(labels) as labels_serialized,                 value,                 help,                 type             FROM (                 SELECT     \'ClickHouse_MetricsCollection_CustomMetricsSystemTable\' AS name,     toFloat64(1) AS va
2026-08-01 19:09:17	66	0	0	0	CREATE DICTIONARY system._custom_metrics_dictionary_custom_metrics_tables (     `name` String,     `labels_serialized` String,     `value` Float64,     `help` String,     `type` String ) PRIMARY KEY (name, labels_serialized) SOURCE(     CLICKHOUSE(         QUERY `             SELECT                 
2026-08-01 19:09:17	0	0	0	0	DROP TABLE IF EXISTS system._custom_metrics_view_error_metrics_important;
2026-08-01 19:09:17	0	0	0	0	CREATE TABLE IF NOT EXISTS system.clickpipes_log (     `event_date` Date,     `event_time` DateTime,     `event_time_microseconds` DateTime64(6) COMMENT \'Query starting time with microseconds precision.\',     `log_level` LowCardinality(String),     `message` String,     `error` String,     `error_ty
2026-08-01 19:09:17	0	0	0	0	DROP TABLE IF EXISTS system.custom_metrics_refresher;
2026-08-01 19:09:17	12	0	0	0	DROP DICTIONARY IF EXISTS system._custom_metrics_dictionary_group;
2026-08-01 19:09:18	0	0	0	0	DROP VIEW IF EXISTS system.custom_metrics;
2026-08-01 19:09:18	59	0	0	0	CREATE VIEW system.custom_metrics AS SELECT * FROM merge(system, \'^_custom_metrics_view_.*\') UNION ALL SELECT     name,     value,     help,     JSONExtract(labels_serialized, \'Map(String, String)\') AS labels,     type FROM merge(system, \'^_custom_metrics_dictionary_.*\'); 
2026-08-01 19:09:18	0	0	0	0	DROP TABLE IF EXISTS system._custom_metrics_view_histograms;
2026-08-01 19:09:18	0	0	0	0	DROP DICTIONARY IF EXISTS system._custom_metrics_dictionary_histograms;
2026-08-01 19:09:18	14	0	0	0	DROP TABLE IF EXISTS system._custom_metrics_view_metrics_and_events;
2026-08-01 19:09:18	60	0	0	0	CREATE VIEW system._custom_metrics_view_metrics_and_events (     `name` String,     `value` Float64,     `help` String,     `labels` Map(String, String),     `type` String ) AS SELECT   concat(\'ClickHouseProfileEvents_\', event) AS name,   toFloat64(value) as value,   description AS help,   map(\'host
2026-08-01 19:09:18	0	0	0	0	DROP TABLE IF EXISTS system._custom_metrics_view_dimensional;
2026-08-01 19:09:18	13	0	0	0	DROP DICTIONARY IF EXISTS system._custom_metrics_dictionary_dimensional;
2026-08-01 19:09:18	3	2	42	1	SELECT EXISTS(SELECT 1 FROM system.tables WHERE database = \'system\' AND name = \'dimensional_metrics\')
2026-08-01 19:09:18	1	6	2128	6	             SELECT                 name,                 toJSONString(labels) as labels_serialized,                 value,                 help,                 type             FROM (                 SELECT   concat(\'clickhouse_\', system.dimensional_metrics.metric) AS name,   toFloat64(system.dime
2026-08-01 19:09:18	72	0	0	0	CREATE DICTIONARY system._custom_metrics_dictionary_dimensional (     `name` String,     `labels_serialized` String,     `value` Float64,     `help` String,     `type` String ) PRIMARY KEY (name, labels_serialized) SOURCE(     CLICKHOUSE(         QUERY `             SELECT                 name,     
2026-08-01 19:09:18	6	106	25741	106	SELECT             name,             value,             help,             JSONExtract(labels_serialized, \'Map(String, String)\') as labels,             type         FROM merge(system, \'^_custom_metrics_dictionary_.*\')         FORMAT Prometheus
2026-08-01 19:09:19	2	13	4480	1	SELECT COUNT() FROM system.users WHERE name=\'sql-console\'
2026-08-01 19:09:19	2	13	4480	1	SELECT COUNT() FROM system.users WHERE name = \'sql-console\' AND arrayExists(p -> has(JSONExtract(p, \'common_names\', \'Array(String)\'), \'6762a73de56d2d7758c5dfbd888dc99003c6640e682e00acfab0b7fba016dcb1\'), auth_params)
2026-08-01 19:09:19	1	4	235	1	SELECT COUNT() FROM system.roles WHERE name=\'default_role\'
2026-08-01 19:09:19	1	5	374	3	SELECT user_name AS UserName FROM system.role_grants WHERE granted_role_name=\'default_role\'
2026-08-01 19:09:19	1	13	4480	1	SELECT COUNT() FROM system.users WHERE name=\'default\'
2026-08-01 19:09:19	0	0	0	0	DROP USER IF EXISTS \'mysql4s9vfs5b226\';
2026-08-01 19:09:19	0	0	0	0	DROP ROLE IF EXISTS clickpipes;
2026-08-01 19:09:19	1	4	235	1	SELECT COUNT() FROM system.roles WHERE name=\'clickpipes_system\'
2026-08-01 19:09:19	1	5	374	1	SELECT user_name AS UserName FROM system.role_grants WHERE granted_role_name=\'clickpipes_system\'
2026-08-01 19:09:19	1	4	235	1	SELECT COUNT() FROM system.roles WHERE name=\'clickpipes_system\'
2026-08-01 19:09:19	1	5	374	1	SELECT user_name AS UserName FROM system.role_grants WHERE granted_role_name=\'clickpipes_system\'
2026-08-01 19:09:19	1	4	235	1	SELECT COUNT() FROM system.roles WHERE name=\'sql_console_admin\'
2026-08-01 19:09:19	1	5	374	1	SELECT user_name AS UserName FROM system.role_grants WHERE granted_role_name=\'sql_console_admin\'
2026-08-01 19:09:19	1	4	235	1	SELECT COUNT() FROM system.roles WHERE name=\'sql_console_read_only\'
2026-08-01 19:09:19	1	5	374	0	SELECT user_name AS UserName FROM system.role_grants WHERE granted_role_name=\'sql_console_read_only\'
2026-08-01 19:09:19	9	0	0	0	REVOKE clickpipes_system FROM \'default_role\';
2026-08-01 19:09:20	2	73	5182	1	SELECT  now() as current_time, version() as chVersion, (SELECT value FROM system.build_options WHERE name = \'SYSTEM_PROCESSOR\') as system_processor
2026-08-01 19:09:22	3286	0	0	0	SYSTEM FLUSH LOGS
2026-08-01 19:09:22	2	2	55	1	SELECT COUNT() FROM system.databases WHERE name = \'default\' AND engine = \'Shared\'
2026-08-01 19:09:22	0	1	1	1	SELECT hostname()
2026-08-01 19:09:22	24	1	573	1	         SELECT             count(*),             create_table_query         FROM system.tables         WHERE database = \'system\'         AND name = \'system_tables_tracking_boneaws_al_46\'         GROUP by create_table_query
2026-08-01 19:09:22	3	27	6373	22	         SELECT             name,             uuid,             hostname() as h,             data_paths[1] as data_path         FROM system.tables         WHERE database = \'system\'         AND (name LIKE \'%_log\' OR name LIKE \'%_log_%\')         AND (storage_policy = \'plain_rewritable_system_tables\' O
2026-08-01 19:09:22	11	66	8619	22	 SELECT hostname() as executing_replica, uuid, name, origin_replica, attached_replica_id FROM system.system_tables_tracking_boneaws_al_46 WHERE attached_replica_id = \'c-boneaws-al-46-server-j62zx3k-0\' OR attached_replica_id IS NULL OR origin_replica = \'c-boneaws-al-46-server-j62zx3k-0\'        
2026-08-01 19:09:22	14	9	126	1	SELECT avg(ProfileEvent_OSCPUWaitMicroseconds) as cpu_wait FROM  system.metric_log  WHERE event_time > now() - INTERVAL 2 MINUTE AND event_date >= yesterday()
2026-08-01 19:09:22	0	0	0	0	SYSTEM REPLICA READY
2026-08-01 19:09:22	6	391	120780	1	         WITH (             SELECT coalesce(value, \'false\')             FROM system.server_settings             WHERE name = \'dictionaries_lazy_load\'         ) as lazy SELECT count() as total, countIf(status = \'LOADED\') as loaded, countIf(status = \'LOADING\') as loading, countIf(status 
2026-08-01 19:09:23	1542	88	467446	22	SELECT name, cityHash64(replaceAll(create_table_query, name, \'__table_name__\')) as hash, primary_key, sorting_key, partition_key, comment FROM system.tables LEFT OUTER JOIN ( SELECT table, max(max_date) AS max_date FROM system.parts WHERE database = \'system\' AND active GROUP BY table ) AS parts 
2026-08-01 19:09:23	1	1	1	1	SELECT version() FORMAT TabSeparated 
2026-08-01 19:09:23	4	4	14522	2	SELECT count() as count, sum(elapsed) as total_elapsed, \'lh\' as usr FROM system.processes  WHERE user = \'observability-internal\' AND client_hostname LIKE \'loghouse-scraper%\'  UNION ALL SELECT count() as count, sum(elapsed) as total_elapsed, \'other\' as usr FROM system.processes  WHERE user != \'observ
2026-08-01 19:09:24	14	19	16713	19	SELECT name, cityHash64(replaceAll(create_table_query, name, \'__table_name__\')) as hash, comment FROM system.tables WHERE database = \'system\' AND engine like \'System%\' AND name NOT LIKE \'%_log\' AND NOT match(name, \'log_\\d+\') AND (name = \'build_options\' OR name = \'columns\' OR name = \'databases\' OR na
2026-08-01 19:09:25	0	0	0	0	CREATE DATABASE IF NOT EXISTS sony 
2026-08-01 19:09:25	0	0	0	0	CREATE TABLE IF NOT EXISTS sony.content_dim UUID \'20c71185-8964-444f-abb5-ddeffea5bca9\' (`content_id` Int64, `title` String, `video_type` LowCardinality(String), `category` LowCardinality(String)) ENGINE = SharedReplacingMergeTree ORDER BY content_id
2026-08-01 19:09:25	1	0	0	0	CREATE TABLE IF NOT EXISTS sony.content_dim (     content_id Int64,     title      String,     video_type LowCardinality(String),     category   LowCardinality(String) ) ENGINE = ReplacingMergeTree ORDER BY content_id 
2026-08-01 19:09:25	0	0	0	0	CREATE DICTIONARY IF NOT EXISTS sony.content_dict UUID \'a9601e90-ec05-4b8c-8879-2b1d8cb2390d\' (`content_id` Int64, `title` String, `video_type` String, `category` String) PRIMARY KEY content_id SOURCE(CLICKHOUSE(TABLE \'content_dim\' DB \'sony\' USER \'default\' PASSWORD \'[HIDDEN]\')) LIFETIME(MIN 300 MAX 
2026-08-01 19:09:25	1	0	0	0	CREATE DICTIONARY IF NOT EXISTS sony.content_dict (`content_id` Int64, `title` String, `video_type` String, `category` String) PRIMARY KEY content_id SOURCE(CLICKHOUSE(TABLE \'content_dim\' DB \'sony\' USER \'default\' PASSWORD \'[HIDDEN]\')) LIFETIME(MIN 300 MAX 600) LAYOUT(COMPLEX_KEY_HASHED())
2026-08-01 19:09:25	0	0	0	0	CREATE TABLE IF NOT EXISTS sony.pipeline_runs UUID \'6561f205-0fce-4461-8691-cff473451309\' (`run_id` String, `started_at` DateTime64(3, \'UTC\'), `finished_at` DateTime64(3, \'UTC\'), `duration_s` Float32, `status` LowCardinality(String), `git_commit` String, `git_dirty` UInt8, `input_path` String, `inpu
2026-08-01 19:09:25	1	0	0	0	CREATE TABLE IF NOT EXISTS sony.pipeline_runs (     run_id              String,     started_at          DateTime64(3, \'UTC\'),     finished_at         DateTime64(3, \'UTC\'),     duration_s          Float32,     status              LowCardinality(String),             git_commit          String,     gi
2026-08-01 19:09:25	2373	0	0	0	SYSTEM FLUSH LOGS
2026-08-01 19:09:25	2	2	55	1	SELECT COUNT() FROM system.databases WHERE name = \'default\' AND engine = \'Shared\'
2026-08-01 19:09:25	0	1	1	1	SELECT hostname()
2026-08-01 19:09:25	1	887	368225	1	SELECT value FROM system.asynchronous_metrics WHERE metric = \'OSMemoryAvailable\' ;
2026-08-01 19:09:25	24	1	573	1	         SELECT             count(*),             create_table_query         FROM system.tables         WHERE database = \'system\'         AND name = \'system_tables_tracking_boneaws_al_46\'         GROUP by create_table_query
2026-08-01 19:09:25	2	27	6373	22	         SELECT             name,             uuid,             hostname() as h,             data_paths[1] as data_path         FROM system.tables         WHERE database = \'system\'         AND (name LIKE \'%_log\' OR name LIKE \'%_log_%\')         AND (storage_policy = \'plain_rewritable_system_tables\' O
2026-08-01 19:09:25	10	66	8619	22	 SELECT hostname() as executing_replica, uuid, name, origin_replica, attached_replica_id FROM system.system_tables_tracking_boneaws_al_46 WHERE attached_replica_id = \'c-boneaws-al-46-server-j62zx3k-0\' OR attached_replica_id IS NULL OR origin_replica = \'c-boneaws-al-46-server-j62zx3k-0\'        
2026-08-01 19:09:25	0	0	0	0	SYSTEM REPLICA READY
2026-08-01 19:09:25	5	391	120780	1	         WITH (             SELECT coalesce(value, \'false\')             FROM system.server_settings             WHERE name = \'dictionaries_lazy_load\'         ) as lazy SELECT count() as total, countIf(status = \'LOADED\') as loaded, countIf(status = \'LOADING\') as loading, countIf(status 
2026-08-01 19:09:26	13	0	0	0	CREATE OR REPLACE VIEW sony.pipeline_runs_summary UUID \'27ec256f-50b7-455b-b534-df8a10c2cdde\' (`run_id` String, `started_at` DateTime64(3, \'UTC\'), `status` LowCardinality(String), `commit` String, `input` String, `events` UInt64, `intervals` UInt64, `peak_concurrency` UInt32, `naive_peak` UInt32, `o
2026-08-01 19:09:26	77	0	0	0	CREATE OR REPLACE VIEW sony.pipeline_runs_summary AS SELECT     run_id,     started_at,     status,     substring(git_commit, 1, 12)  AS commit,     substring(input_sha256, 1, 16) AS input,     events,     intervals,     peak_concurrency,     naive_peak,     overcount_pct,     if(oracle_match, \'exac
2026-08-01 19:09:26	69	0	0	0	TRUNCATE TABLE IF EXISTS sony.raw_events
2026-08-01 19:09:26	69	0	0	0	TRUNCATE TABLE IF EXISTS sony.raw_events 
2026-08-01 19:09:26	2	15	1013	15	             SELECT                 name,                 toJSONString(labels) as labels_serialized,                 value,                 help,                 type             FROM (                 SELECT     \'ClickHouse_MetricsCollection_CustomMetricsSystemTable\' AS name,     toFloat64(1) AS va
2026-08-01 19:09:27	1	1	1	1	SELECT hostname()
2026-08-01 19:09:27	3	6	60	1	SELECT countIf(`__table1`.`is_shared_catalog_cluster` AND (`__table1`.`recovery_time` > 600000)) = 0 AS `equals(countIf(and(if(hasColumnInTable(\'system\', \'clusters\', \'is_shared_catalog_cluster\'), is_shared_catalog_cluster, false), if(hasColumnInTable(\'system\', \'clusters\', \'recovery_time\'), greater(r
2026-08-01 19:09:27	27	1	573	1	         SELECT             count(*),             create_table_query         FROM system.tables         WHERE database = \'system\'         AND name = \'system_tables_tracking_boneaws_al_46\'         GROUP by create_table_query
2026-08-01 19:09:27	3	27	6373	22	         SELECT             name,             uuid,             hostname() as h,             data_paths[1] as data_path         FROM system.tables         WHERE database = \'system\'         AND (name LIKE \'%_log\' OR name LIKE \'%_log_%\')         AND (storage_policy = \'plain_rewritable_system_tables\' O
2026-08-01 19:09:27	10	66	8619	22	 SELECT hostname() as executing_replica, uuid, name, origin_replica, attached_replica_id FROM system.system_tables_tracking_boneaws_al_46 WHERE attached_replica_id = \'c-boneaws-al-46-server-j62zx3k-0\' OR attached_replica_id IS NULL OR origin_replica = \'c-boneaws-al-46-server-j62zx3k-0\'        
2026-08-01 19:09:27	19	0	0	0	TRUNCATE TABLE IF EXISTS sony.content_dim
2026-08-01 19:09:27	20	0	0	0	TRUNCATE TABLE IF EXISTS sony.content_dim 
2026-08-01 19:09:27	2	13	4480	1	SELECT COUNT() FROM system.users WHERE name=\'sql-console\'
2026-08-01 19:09:27	2	13	4480	1	SELECT COUNT() FROM system.users WHERE name = \'sql-console\' AND arrayExists(p -> has(JSONExtract(p, \'common_names\', \'Array(String)\'), \'6762a73de56d2d7758c5dfbd888dc99003c6640e682e00acfab0b7fba016dcb1\'), auth_params)
2026-08-01 19:09:27	1	4	235	1	SELECT COUNT() FROM system.roles WHERE name=\'default_role\'
2026-08-01 19:09:27	1	5	374	3	SELECT user_name AS UserName FROM system.role_grants WHERE granted_role_name=\'default_role\'
2026-08-01 19:09:27	1	13	4480	1	SELECT COUNT() FROM system.users WHERE name=\'default\'
2026-08-01 19:09:27	0	0	0	0	DROP USER IF EXISTS \'mysql4s9vfs5b226\';
2026-08-01 19:09:27	0	0	0	0	DROP ROLE IF EXISTS clickpipes;
2026-08-01 19:09:27	1	4	235	1	SELECT COUNT() FROM system.roles WHERE name=\'clickpipes_system\'
2026-08-01 19:09:27	1	5	374	1	SELECT user_name AS UserName FROM system.role_grants WHERE granted_role_name=\'clickpipes_system\'
2026-08-01 19:09:27	1	4	235	1	SELECT COUNT() FROM system.roles WHERE name=\'clickpipes_system\'
2026-08-01 19:09:27	1	5	374	1	SELECT user_name AS UserName FROM system.role_grants WHERE granted_role_name=\'clickpipes_system\'
2026-08-01 19:09:27	1	4	235	1	SELECT COUNT() FROM system.roles WHERE name=\'sql_console_admin\'
2026-08-01 19:09:27	1	5	374	1	SELECT user_name AS UserName FROM system.role_grants WHERE granted_role_name=\'sql_console_admin\'
2026-08-01 19:09:27	1	4	235	1	SELECT COUNT() FROM system.roles WHERE name=\'sql_console_read_only\'
2026-08-01 19:09:27	1	5	374	0	SELECT user_name AS UserName FROM system.role_grants WHERE granted_role_name=\'sql_console_read_only\'
2026-08-01 19:09:27	8	0	0	0	REVOKE clickpipes_system FROM \'default_role\';
2026-08-01 19:09:27	2	0	0	1	SELECT min(event_time), now() - INTERVAL 600 SECOND maxSettlePoint FROM system.filesystem_cache_log WHERE event_time >= toDateTime32(\'1785589768\') AND event_date >= toDate(toDateTime32(\'1785589768\')) AND event_time <= maxSettlePoint
2026-08-01 19:09:28	101	0	0	33464	INSERT INTO sony.stage_content_dim (c0, c1, c2, c3) FORMAT CSV
2026-08-01 19:09:28	696	33464	1181455	33464	INSERT INTO sony.stage_content_dim FORMAT CSV 
2026-08-01 19:09:28	1428	0	0	0	SYSTEM FLUSH LOGS
2026-08-01 19:09:28	2	2	55	1	SELECT COUNT() FROM system.databases WHERE name = \'default\' AND engine = \'Shared\'
2026-08-01 19:09:28	1	1	1	1	SELECT hostname()
2026-08-01 19:09:28	26	1	573	1	         SELECT             count(*),             create_table_query         FROM system.tables         WHERE database = \'system\'         AND name = \'system_tables_tracking_boneaws_al_46\'         GROUP by create_table_query
2026-08-01 19:09:28	3	27	6373	22	         SELECT             name,             uuid,             hostname() as h,             data_paths[1] as data_path         FROM system.tables         WHERE database = \'system\'         AND (name LIKE \'%_log\' OR name LIKE \'%_log_%\')         AND (storage_policy = \'plain_rewritable_system_tables\' O
2026-08-01 19:09:28	9	66	8619	22	 SELECT hostname() as executing_replica, uuid, name, origin_replica, attached_replica_id FROM system.system_tables_tracking_boneaws_al_46 WHERE attached_replica_id = \'c-boneaws-al-46-server-j62zx3k-0\' OR attached_replica_id IS NULL OR origin_replica = \'c-boneaws-al-46-server-j62zx3k-0\'        
2026-08-01 19:09:28	0	0	0	0	SYSTEM REPLICA READY
2026-08-01 19:09:28	6	391	120780	1	         WITH (             SELECT coalesce(value, \'false\')             FROM system.server_settings             WHERE name = \'dictionaries_lazy_load\'         ) as lazy SELECT count() as total, countIf(status = \'LOADED\') as loaded, countIf(status = \'LOADING\') as loading, countIf(status 
2026-08-01 19:09:28	2	0	0	1	SELECT min(event_time), now() - INTERVAL 600 SECOND maxSettlePoint FROM system.query_thread_log WHERE event_time >= toDateTime32(\'1785589768\') AND event_date >= toDate(toDateTime32(\'1785589768\')) AND event_time <= maxSettlePoint
2026-08-01 19:09:29	5	33464	381348	1	SELECT countIf(toInt64OrZero(trim(BOTH \' \' FROM c0)) = 0) FROM sony.stage_content_dim FORMAT TabSeparated 
2026-08-01 19:09:29	2	0	0	1	SELECT min(event_time), now() - INTERVAL 600 SECOND maxSettlePoint FROM system.filesystem_read_prefetches_log WHERE event_time >= toDateTime32(\'1785589768\') AND event_date >= toDate(toDateTime32(\'1785589768\')) AND event_time <= maxSettlePoint
2026-08-01 19:09:29	0	0	0	0	DROP TABLE IF EXISTS sony.stage_raw_events 
2026-08-01 19:09:30	16	0	0	1	SELECT min(event_time), now() - INTERVAL 600 SECOND maxSettlePoint FROM system.backup_log WHERE event_time >= toDateTime32(\'1785589768\') AND event_date >= toDate(toDateTime32(\'1785589768\')) AND event_time <= maxSettlePoint
2026-08-01 19:09:31	1	0	0	1	             SELECT                 name,                 toJSONString(labels) as labels_serialized,                 value,                 help,                 type             FROM (                 SELECT   \'ClickHouse_CustomMetric_TotalMemoryUsedByAsynchronousInserts\' AS name,   toFloat64(SUM(t
2026-08-01 19:09:31	2	15	1013	15	             SELECT                 name,                 toJSONString(labels) as labels_serialized,                 value,                 help,                 type             FROM (                 SELECT     \'ClickHouse_MetricsCollection_CustomMetricsSystemTable\' AS name,     toFloat64(1) AS va
2026-08-01 19:09:31	2	4	8626	1	             SELECT                 name,                 toJSONString(labels) as labels_serialized,                 value,                 help,                 type             FROM (                 SELECT   \'ClickHouse_CustomMetric_TotalMemoryUsedByQueries\' AS name,   toFloat64(SUM(peak_memory_u
2026-08-01 19:09:31	2	0	0	1	SELECT min(event_time), now() - INTERVAL 600 SECOND maxSettlePoint FROM system.clickpipes_log WHERE event_time >= toDateTime32(\'1785589768\') AND event_date >= toDate(toDateTime32(\'1785589768\')) AND event_time <= maxSettlePoint
2026-08-01 19:09:32	2	88	4725	1	SELECT count() FROM system.columns WHERE database=\'system\' AND table=\'query_log\' AND name=\'is_internal\'
2026-08-01 19:09:32	2	1	36	1	SELECT count() FROM system.tables WHERE (database = \'system\') AND (name = \'custom_metrics\')
2026-08-01 19:09:32	1	1	1	1	SELECT version()
2026-08-01 19:09:32	3	88	4725	1	SELECT count() FROM system.columns WHERE database=\'system\' AND table=\'query_log\' AND name=\'is_internal\'
2026-08-01 19:09:32	1	1	1	1	SELECT version()
2026-08-01 19:09:32	2	1	37	1	SELECT count() FROM system.tables WHERE (database = \'system\') AND (name = \'query_views_log\')
2026-08-01 19:09:32	7	378	114440	5	WITH metrics AS (SELECT name AS metric, toFloat64(value) AS val, now() AS ts FROM system.server_settings WHERE multiMatchAny(name, _CAST([\'^max_database_num_to_throw$\', \'^max_database_num_to_warn$\', \'^max_table_num_to_throw$\', \'^max_table_num_to_warn$\', \'^max_concurrent_queries$\'], \'Array(String)\'))
2026-08-01 19:09:32	4	0	0	1	SELECT count() FROM system.query_views_log WHERE (status != \'QueryStart\') AND (event_date >= toDate(_CAST(\'1785604561.413\', \'DateTime64\'))) AND (event_time >= toDateTime(_CAST(\'1785604561.413\', \'DateTime64\'))) AND (event_time <= (toDateTime(_CAST(\'1785611337.61\', \'DateTime64\')) + toIntervalSecond(1)
2026-08-01 19:09:32	10	0	0	1	WITH failed_mutations AS (SELECT toDateTime(create_time) AS ts, count() AS val FROM system.mutations WHERE (ts > toDateTime(_CAST(\'1785611092.648\', \'DateTime64\'))) AND (ts <= toDateTime(_CAST(\'1785611337.61\', \'DateTime64\'))) AND (latest_failed_part != \'\') AND (is_done = 0) GROUP BY ts), failed_mutat
2026-08-01 19:09:32	9	1417	21241	19	WITH metrics AS (SELECT multiIf((event_type = \'MergeParts\') AND (error = 0), \'merges_finished\', (event_type = \'MergeParts\') AND (error != 0), \'merges_failed\', (event_type = \'MutatePart\') AND (error = 0), \'mutate_part_finished\', (event_type = \'MutatePart\') AND (error != 0), \'mutate_part_failed\', NULL
2026-08-01 19:09:32	10	114688	1721113	1924	SELECT CAST(\'0fc3eaab-fbcb-4533-8825-9be9faaea781\', \'UUID\') AS control_plane_id, CAST(\'c-boneaws-al-46-server-j62zx3k-0\', \'LowCardinality(String)\') AS pod_id, CAST(now64(), \'DateTime64(6)\') AS scrape_ts_microseconds, CAST(event_date, \'Date\') AS event_date, CAST(event_time, \'DateTime\') AS event_time,
2026-08-01 19:09:32	27	3112	587186	127	SELECT CAST(\'0fc3eaab-fbcb-4533-8825-9be9faaea781\', \'UUID\') AS instance_id, CAST(\'c-boneaws-al-46-server-j62zx3k-0\', \'LowCardinality(String)\') AS node_id, CAST(name, \'LowCardinality(String)\') AS metric, CAST(mapFilter((k, v) -> has(_CAST([\'remote\'], \'Array(String)\'), k), labels), \'Map(LowCardinality
2026-08-01 19:09:32	51	270	81824	149	SELECT CAST(\'0fc3eaab-fbcb-4533-8825-9be9faaea781\', \'UUID\') AS control_plane_id, CAST(\'c-boneaws-al-46-server-j62zx3k-0\', \'LowCardinality(String)\') AS pod_id, CAST(now64(), \'DateTime64(6)\') AS scrape_ts_microseconds, CAST(event_date, \'Date\') AS event_date, CAST(event_time, \'DateTime\') AS event_time,
2026-08-01 19:09:32	169	771	221632	19	WITH parts_agg AS (SELECT database AS agg_database, `table` AS agg_table, SUM(primary_key_size) AS primary_index_size, SUM(secondary_indices_compressed_bytes) AS secondary_index_size FROM system.parts WHERE active AND (database != \'system\') GROUP BY database, `table`), proj_agg AS (SELECT database A
2026-08-01 19:09:32	2	0	0	1	SELECT min(event_time), now() - INTERVAL 600 SECOND maxSettlePoint FROM system.crash_log WHERE event_time >= toDateTime32(\'1785589768\') AND event_date >= toDate(toDateTime32(\'1785589768\')) AND event_time <= maxSettlePoint
2026-08-01 19:09:33	3	0	0	1	SELECT min(event_time), now() - INTERVAL 600 SECOND maxSettlePoint FROM system.asynchronous_insert_log WHERE event_time >= toDateTime32(\'1785604170\') AND event_date >= toDate(toDateTime32(\'1785604170\')) AND event_time <= maxSettlePoint
2026-08-01 19:09:34	3	0	0	1	SELECT min(event_time), now() - INTERVAL 600 SECOND maxSettlePoint FROM system.zookeeper_connection_log WHERE event_time >= toDateTime32(\'1785609617\') AND event_date >= toDate(toDateTime32(\'1785609617\')) AND event_time <= maxSettlePoint
2026-08-01 19:09:35	2	0	0	1	SELECT min(event_time), now() - INTERVAL 600 SECOND maxSettlePoint FROM system.s3queue_log WHERE event_time >= toDateTime32(\'1785589768\') AND event_date >= toDate(toDateTime32(\'1785589768\')) AND event_time <= maxSettlePoint
2026-08-01 19:09:36	11	0	0	1	SELECT min(event_time), now() - INTERVAL 600 SECOND maxSettlePoint FROM system.query_metric_log WHERE event_time >= toDateTime32(\'1785610161\') AND event_date >= toDate(toDateTime32(\'1785610161\')) AND event_time <= maxSettlePoint
2026-08-01 19:09:37	3	0	0	1	SELECT min(event_time), now() - INTERVAL 600 SECOND maxSettlePoint FROM system.error_log WHERE event_time >= toDateTime32(\'1785609626\') AND event_date >= toDate(toDateTime32(\'1785609626\')) AND event_time <= maxSettlePoint
2026-08-01 19:09:38	4	6685	40110	1	SELECT min(event_time), now() - INTERVAL 600 SECOND maxSettlePoint FROM system.blob_storage_log WHERE event_time >= toDateTime32(\'1785610545\') AND event_date >= toDate(toDateTime32(\'1785610545\')) AND event_time <= maxSettlePoint
2026-08-01 19:09:40	4	1416	8496	1	SELECT min(event_time), now() - INTERVAL 600 SECOND maxSettlePoint FROM system.part_log WHERE event_time >= toDateTime32(\'1785610545\') AND event_date >= toDate(toDateTime32(\'1785610545\')) AND event_time <= maxSettlePoint
2026-08-01 19:09:41	3	0	0	0	             SELECT                 name,                 toJSONString(labels) as labels_serialized,                 value,                 help,                 type             FROM (                 SELECT   \'ClickHouse_CustomMetric_FailedMutations\' as name,   toFloat64(count()) as value,   \'The 
2026-08-01 19:09:41	3	0	0	1	SELECT min(event_time), now() - INTERVAL 600 SECOND maxSettlePoint FROM system.query_views_log WHERE event_time >= toDateTime32(\'1785604452\') AND event_date >= toDate(toDateTime32(\'1785604452\')) AND event_time <= maxSettlePoint
2026-08-01 19:09:42	3	2	6511	1	SELECT count() FROM system.processes WHERE (initial_user NOT IN _CAST([\'backups-internal\', \'management-internal\', \'monitoring-internal\', \'observability-internal\', \'operator-internal\', \'prometheus-exporter\', \'prometheus-internal\', \'operator-cert-internal\', \'availability-monitoring-internal\', \'\'], \'Ar
2026-08-01 19:09:42	2	88	1274	1	SELECT countIf(database = \'system\') as systemParts, countIf(database != \'system\') as nonSystemParts FROM system.parts where active
2026-08-01 19:09:42	2	0	0	1	SELECT countIf(database = \'system\') as systemMerges, countIf(database != \'system\') as nonSystemMerges FROM system.merges
2026-08-01 19:09:42	4	2003	12018	1	SELECT min(event_time), now() - INTERVAL 600 SECOND maxSettlePoint FROM system.session_log WHERE event_time >= toDateTime32(\'1785610435\') AND event_date >= toDate(toDateTime32(\'1785610435\')) AND event_time <= maxSettlePoint
2026-08-01 19:09:42	5	108	26229	108	SELECT             name,             value,             help,             JSONExtract(labels_serialized, \'Map(String, String)\') as labels,             type         FROM merge(system, \'^_custom_metrics_dictionary_.*\')         FORMAT Prometheus
2026-08-01 19:09:43	3	0	0	1	SELECT min(event_time), now() - INTERVAL 600 SECOND maxSettlePoint FROM system.aggregated_zookeeper_log WHERE event_time >= toDateTime32(\'1785610553\') AND event_date >= toDate(toDateTime32(\'1785610553\')) AND event_time <= maxSettlePoint
2026-08-01 19:09:44	14	785	4710	1	SELECT min(event_time), now() - INTERVAL 600 SECOND maxSettlePoint FROM system.metric_log WHERE event_time >= toDateTime32(\'1785610541\') AND event_date >= toDate(toDateTime32(\'1785610541\')) AND event_time <= maxSettlePoint
2026-08-01 19:09:45	5	108	26229	108	SELECT             name,             value,             help,             JSONExtract(labels_serialized, \'Map(String, String)\') as labels,             type         FROM merge(system, \'^_custom_metrics_dictionary_.*\')         FORMAT Prometheus
2026-08-01 19:09:45	4	26639	159834	1	SELECT min(event_time), now() - INTERVAL 600 SECOND maxSettlePoint FROM system.processors_profile_log WHERE event_time >= toDateTime32(\'1785610538\') AND event_date >= toDate(toDateTime32(\'1785610538\')) AND event_time <= maxSettlePoint
2026-08-01 19:09:46	2	0	0	0	             SELECT                 name,                 toJSONString(labels) as labels_serialized,                 value,                 help,                 type             FROM (                 SELECT   \'ClickHouse_CustomMetric_FailedMutations\' as name,   toFloat64(count()) as value,   \'The 
2026-08-01 19:09:46	4	48019	288114	1	SELECT min(event_time), now() - INTERVAL 600 SECOND maxSettlePoint FROM system.text_log WHERE event_time >= toDateTime32(\'1785610546\') AND event_date >= toDate(toDateTime32(\'1785610546\')) AND event_time <= maxSettlePoint
2026-08-01 19:09:47	112	7836895	46267706	1	SELECT min(event_time), now() - INTERVAL 600 SECOND maxSettlePoint FROM system.asynchronous_metric_log WHERE event_time >= toDateTime32(\'1785610545\') AND event_date >= toDate(toDateTime32(\'1785610545\')) AND event_time <= maxSettlePoint
2026-08-01 19:09:48	4	31471	188826	1	SELECT min(event_time), now() - INTERVAL 600 SECOND maxSettlePoint FROM system.trace_log WHERE event_time >= toDateTime32(\'1785610539\') AND event_date >= toDate(toDateTime32(\'1785610539\')) AND event_time <= maxSettlePoint
2026-08-01 19:09:49	9	6685	1959555	167	SELECT now64(6) as scrape_time_microseconds, \'j62zx3k\' AS pod_ident, \'boneaws-al-46\' AS spoken_name, \'cell-1\' AS cell, \'ap-south-1\' AS region, \'aws\' AS cloud_provider, \'?\' AS clickhouse_version, \'0fc3eaab-fbcb-4533-8825-9be9faaea781\' AS control_plane_id, \'?\' AS system_processor, * FROM system."blob_
2026-08-01 19:09:50	30	5167	9833355	175	SELECT now64(6) as scrape_time_microseconds, \'j62zx3k\' AS pod_ident, \'boneaws-al-46\' AS spoken_name, \'cell-1\' AS cell, \'ap-south-1\' AS region, \'aws\' AS cloud_provider, \'?\' AS clickhouse_version, \'0fc3eaab-fbcb-4533-8825-9be9faaea781\' AS control_plane_id, \'?\' AS system_processor, * FROM system."query
2026-08-01 19:09:51	21	2	6143	1	             SELECT                 name,                 toJSONString(labels) as labels_serialized,                 value,                 help,                 type             FROM (                 SELECT   \'ClickHouse_CustomMetric_TotalMemoryUsedByQueries\' AS name,   toFloat64(SUM(peak_memory_u
2026-08-01 19:09:51	8	1416	742994	77	SELECT now64(6) as scrape_time_microseconds, \'j62zx3k\' AS pod_ident, \'boneaws-al-46\' AS spoken_name, \'cell-1\' AS cell, \'ap-south-1\' AS region, \'aws\' AS cloud_provider, \'?\' AS clickhouse_version, \'0fc3eaab-fbcb-4533-8825-9be9faaea781\' AS control_plane_id, \'?\' AS system_processor, * FROM system."part_
2026-08-01 19:09:52	2	3	13907	1	SELECT count() FROM system.processes WHERE (initial_user NOT IN _CAST([\'backups-internal\', \'management-internal\', \'monitoring-internal\', \'observability-internal\', \'operator-internal\', \'prometheus-exporter\', \'prometheus-internal\', \'operator-cert-internal\', \'availability-monitoring-internal\', \'\'], \'Ar
2026-08-01 19:09:52	2	92	1330	1	SELECT countIf(database = \'system\') as systemParts, countIf(database != \'system\') as nonSystemParts FROM system.parts where active
2026-08-01 19:09:52	24	3119	587988	128	SELECT CAST(\'0fc3eaab-fbcb-4533-8825-9be9faaea781\', \'UUID\') AS instance_id, CAST(\'c-boneaws-al-46-server-j62zx3k-0\', \'LowCardinality(String)\') AS node_id, CAST(name, \'LowCardinality(String)\') AS metric, CAST(mapFilter((k, v) -> has(_CAST([\'remote\'], \'Array(String)\'), k), labels), \'Map(LowCardinality
2026-08-01 19:09:52	15	0	0	1	SELECT countIf(database = \'system\') as systemMerges, countIf(database != \'system\') as nonSystemMerges FROM system.merges
2026-08-01 19:09:52	8	2003	1248134	24	SELECT now64(6) as scrape_time_microseconds, \'j62zx3k\' AS pod_ident, \'boneaws-al-46\' AS spoken_name, \'cell-1\' AS cell, \'ap-south-1\' AS region, \'aws\' AS cloud_provider, \'?\' AS clickhouse_version, \'0fc3eaab-fbcb-4533-8825-9be9faaea781\' AS control_plane_id, \'?\' AS system_processor, * FROM system."sessi
2026-08-01 19:09:53	533	0	0	226247	INSERT INTO sony.stage_raw_events (c0, c1, c2, c3, c4, c5, c6, c7, c8, c9, c10, c11, c12) FORMAT CSV
2026-08-01 19:09:53	22476	226247	58206610	226247	INSERT INTO sony.stage_raw_events FORMAT CSV 
2026-08-01 19:09:53	6	108	26229	108	SELECT             name,             value,             help,             JSONExtract(labels_serialized, \'Map(String, String)\') as labels,             type         FROM merge(system, \'^_custom_metrics_dictionary_.*\')         FORMAT Prometheus
2026-08-01 19:09:54	170	785	2089202	60	SELECT now64(6) as scrape_time_microseconds, \'j62zx3k\' AS pod_ident, \'boneaws-al-46\' AS spoken_name, \'cell-1\' AS cell, \'ap-south-1\' AS region, \'aws\' AS cloud_provider, \'?\' AS clickhouse_version, \'0fc3eaab-fbcb-4533-8825-9be9faaea781\' AS control_plane_id, \'?\' AS system_processor, * FROM system."metri
2026-08-01 19:09:54	14	17937	4270780	2474	SELECT now64(6) as scrape_time_microseconds, \'j62zx3k\' AS pod_ident, \'boneaws-al-46\' AS spoken_name, \'cell-1\' AS cell, \'ap-south-1\' AS region, \'aws\' AS cloud_provider, \'?\' AS clickhouse_version, \'0fc3eaab-fbcb-4533-8825-9be9faaea781\' AS control_plane_id, \'?\' AS system_processor, * FROM system."proce
2026-08-01 19:09:55	17	20346	4655060	8961	SELECT now64(6) as scrape_time_microseconds, \'j62zx3k\' AS pod_ident, \'boneaws-al-46\' AS spoken_name, \'cell-1\' AS cell, \'ap-south-1\' AS region, \'aws\' AS cloud_provider, \'?\' AS clickhouse_version, \'0fc3eaab-fbcb-4533-8825-9be9faaea781\' AS control_plane_id, \'?\' AS system_processor, * FROM system."text_
2026-08-01 19:09:56	2	0	0	1	             SELECT                 name,                 toJSONString(labels) as labels_serialized,                 value,                 help,                 type             FROM (                 SELECT   \'ClickHouse_CustomMetric_TotalMemoryUsedByMerges\' AS name,   toFloat64(SUM(memory_usage))
2026-08-01 19:09:56	2	15	1013	15	             SELECT                 name,                 toJSONString(labels) as labels_serialized,                 value,                 help,                 type             FROM (                 SELECT     \'ClickHouse_MetricsCollection_CustomMetricsSystemTable\' AS name,     toFloat64(1) AS va
2026-08-01 19:09:56	2	13	6340	1	             SELECT                 name,                 toJSONString(labels) as labels_serialized,                 value,                 help,                 type             FROM (                 SELECT   \'ClickHouse_CustomMetric_TotalMemoryUsedByDictionaries\' AS name,   toFloat64(SUM(bytes_al
2026-08-01 19:09:56	3	6	213	0	             SELECT                 name,                 toJSONString(labels) as labels_serialized,                 value,                 help,                 type             FROM (                 SELECT   \'ClickHouse_CustomMetric_DatabaseReplicatedRecoveryTime\' as name,   toFloat64(recovery_ti
2026-08-01 19:09:57	252	7836895	118071300	52506	SELECT now64(6) as scrape_time_microseconds, \'j62zx3k\' AS pod_ident, \'boneaws-al-46\' AS spoken_name, \'cell-1\' AS cell, \'ap-south-1\' AS region, \'aws\' AS cloud_provider, \'?\' AS clickhouse_version, \'0fc3eaab-fbcb-4533-8825-9be9faaea781\' AS control_plane_id, \'?\' AS system_processor, * FROM system."async
2026-08-01 19:09:57	19	20964	5133872	5337	SELECT now64(6) as scrape_time_microseconds, \'j62zx3k\' AS pod_ident, \'boneaws-al-46\' AS spoken_name, \'cell-1\' AS cell, \'ap-south-1\' AS region, \'aws\' AS cloud_provider, \'?\' AS clickhouse_version, \'0fc3eaab-fbcb-4533-8825-9be9faaea781\' AS control_plane_id, \'?\' AS system_processor, * FROM system."trace
2026-08-01 19:09:58	1267	2716674	394128782	921801	INSERT INTO sony.raw_events (content_id, video_session_id, user_id, event_type, event, event_timestamp_ms, platform, app_version, country, audio_language, subtitle_language, player_version, session_start_ms) SELECT toInt64OrZero(trim(BOTH \' \' FROM c0)) AS content_id, trim(BOTH \' \' FROM c1) AS video_
2026-08-01 19:09:58	17	905558	11090634	1	SELECT countIf(toInt64OrZero(trim(BOTH \' \' FROM c0)) = 0) FROM sony.stage_raw_events FORMAT TabSeparated 
2026-08-01 19:09:58	15	19	226	1	SELECT avg(ProfileEvent_OSCPUWaitMicroseconds) as cpu_wait FROM  system.metric_log  WHERE event_time > now() - INTERVAL 2 MINUTE AND event_date >= yesterday()
2026-08-01 19:09:59	1	1	16	1	SELECT count() FROM sony.raw_events FORMAT TabSeparated 
2026-08-01 19:09:59	9	7339	2150993	429	SELECT now64(6) as scrape_time_microseconds, \'j62zx3k\' AS pod_ident, \'boneaws-al-46\' AS spoken_name, \'cell-1\' AS cell, \'ap-south-1\' AS region, \'aws\' AS cloud_provider, \'?\' AS clickhouse_version, \'0fc3eaab-fbcb-4533-8825-9be9faaea781\' AS control_plane_id, \'?\' AS system_processor, * FROM system."blob_
2026-08-01 19:10:00	21	2	10208	2	SELECT count() as count, sum(elapsed) as total_elapsed, \'lh\' as usr FROM system.processes  WHERE user = \'observability-internal\' AND client_hostname LIKE \'loghouse-scraper%\'  UNION ALL SELECT count() as count, sum(elapsed) as total_elapsed, \'other\' as usr FROM system.processes  WHERE user != \'observ
2026-08-01 19:10:01	27	0	0	0	DROP TABLE IF EXISTS sony.session_active_intervals
2026-08-01 19:10:01	34	0	0	0	DROP TABLE IF EXISTS sony.session_active_intervals 
2026-08-01 19:10:01	1	6	2128	6	             SELECT                 name,                 toJSONString(labels) as labels_serialized,                 value,                 help,                 type             FROM (                 SELECT   concat(\'clickhouse_\', system.dimensional_metrics.metric) AS name,   toFloat64(system.dime
2026-08-01 19:10:01	2	13	8366	0	             SELECT                 name,                 toJSONString(labels) as labels_serialized,                 value,                 help,                 type             FROM (                 SELECT   \'clickhouse_table_replica_readonly_start_timestamp_seconds\' as name,   toFloat64(toUnixTi
2026-08-01 19:10:01	36	6947	13732475	309	SELECT now64(6) as scrape_time_microseconds, \'j62zx3k\' AS pod_ident, \'boneaws-al-46\' AS spoken_name, \'cell-1\' AS cell, \'ap-south-1\' AS region, \'aws\' AS cloud_provider, \'?\' AS clickhouse_version, \'0fc3eaab-fbcb-4533-8825-9be9faaea781\' AS control_plane_id, \'?\' AS system_processor, * FROM system."query
2026-08-01 19:10:02	3	2	10736	1	SELECT count() FROM system.processes WHERE (initial_user NOT IN _CAST([\'backups-internal\', \'management-internal\', \'monitoring-internal\', \'observability-internal\', \'operator-internal\', \'prometheus-exporter\', \'prometheus-internal\', \'operator-cert-internal\', \'availability-monitoring-internal\', \'\'], \'Ar
2026-08-01 19:10:02	2	101	1451	1	SELECT countIf(database = \'system\') as systemParts, countIf(database != \'system\') as nonSystemParts FROM system.parts where active
2026-08-01 19:10:02	1	0	0	1	SELECT countIf(database = \'system\') as systemMerges, countIf(database != \'system\') as nonSystemMerges FROM system.merges
2026-08-01 19:10:02	9	1416	742994	171	SELECT now64(6) as scrape_time_microseconds, \'j62zx3k\' AS pod_ident, \'boneaws-al-46\' AS spoken_name, \'cell-1\' AS cell, \'ap-south-1\' AS region, \'aws\' AS cloud_provider, \'?\' AS clickhouse_version, \'0fc3eaab-fbcb-4533-8825-9be9faaea781\' AS control_plane_id, \'?\' AS system_processor, * FROM system."part_
2026-08-01 19:10:03	973	939022	142644980	35902	INSERT INTO sony.session_active_intervals WITH                    toInt64(120000) AS gap_timeout,     toInt64(0)   AS gap_grace,     toInt64(1785065404847)   AS watermark SELECT     video_session_id,     (iv.1) AS interval_seq,     fromUnixTimestamp64Milli(iv.2, \'UTC\')  AS active_start,     fromUni
2026-08-01 19:10:03	1	1	16	1	SELECT count() FROM sony.session_active_intervals FORMAT TabSeparated 
2026-08-01 19:10:03	1	886	368083	1	SELECT value FROM system.asynchronous_metrics WHERE metric = \'OSMemoryAvailable\' ;
2026-08-01 19:10:04	7	35902	3085968	1	SELECT round(sum(duration_ms)/3600000,2) FROM sony.session_active_intervals FINAL FORMAT TabSeparated 
2026-08-01 19:10:04	8	2003	1248134	44	SELECT now64(6) as scrape_time_microseconds, \'j62zx3k\' AS pod_ident, \'boneaws-al-46\' AS spoken_name, \'cell-1\' AS cell, \'ap-south-1\' AS region, \'aws\' AS cloud_provider, \'?\' AS clickhouse_version, \'0fc3eaab-fbcb-4533-8825-9be9faaea781\' AS control_plane_id, \'?\' AS system_processor, * FROM system."sessi
2026-08-01 19:10:06	696	71804	6895144	35692	INSERT INTO sony.concurrency_minute_delta SELECT platform, country, video_type, content_id, minute, sum(d) AS delta FROM (     SELECT platform, country, video_type, content_id,            toDateTime(intDiv(active_start_ms, 60000) * 60, \'UTC\') AS minute,            1 AS d     FROM sony.session_active
2026-08-01 19:10:06	174	785	2124444	120	SELECT now64(6) as scrape_time_microseconds, \'j62zx3k\' AS pod_ident, \'boneaws-al-46\' AS spoken_name, \'cell-1\' AS cell, \'ap-south-1\' AS region, \'aws\' AS cloud_provider, \'?\' AS clickhouse_version, \'0fc3eaab-fbcb-4533-8825-9be9faaea781\' AS control_plane_id, \'?\' AS system_processor, * FROM system."metri
2026-08-01 19:10:06	78	35902	3734788	1964	INSERT INTO sony.concurrency_hourly_checkpoint SELECT     platform, country, video_type, content_id,     toDateTime(hb, \'UTC\') AS hour_boundary,     toUInt32(count())     AS concurrency FROM (     SELECT         platform, country, video_type, content_id,                                              
2026-08-01 19:10:06	1	6	2128	6	             SELECT                 name,                 toJSONString(labels) as labels_serialized,                 value,                 help,                 type             FROM (                 SELECT   concat(\'clickhouse_\', system.dimensional_metrics.metric) AS name,   toFloat64(system.dime
2026-08-01 19:10:06	1	0	0	1	             SELECT                 name,                 toJSONString(labels) as labels_serialized,                 value,                 help,                 type             FROM (                 SELECT   \'ClickHouse_CustomMetric_TotalMemoryUsedByAsynchronousInserts\' AS name,   toFloat64(SUM(t
2026-08-01 19:10:06	1	1	16	1	SELECT count() FROM sony.concurrency_minute_delta FORMAT TabSeparated 
2026-08-01 19:10:06	13	8774	2099275	5891	SELECT now64(6) as scrape_time_microseconds, \'j62zx3k\' AS pod_ident, \'boneaws-al-46\' AS spoken_name, \'cell-1\' AS cell, \'ap-south-1\' AS region, \'aws\' AS cloud_provider, \'?\' AS clickhouse_version, \'0fc3eaab-fbcb-4533-8825-9be9faaea781\' AS control_plane_id, \'?\' AS system_processor, * FROM system."proce
2026-08-01 19:10:07	11	35902	3373184	1	SELECT sum(intDiv(active_end_ms,60000)-intDiv(active_start_ms,60000)+1) FROM sony.session_active_intervals FINAL FORMAT TabSeparated 
2026-08-01 19:10:07	19	28286	6419665	14242	SELECT now64(6) as scrape_time_microseconds, \'j62zx3k\' AS pod_ident, \'boneaws-al-46\' AS spoken_name, \'cell-1\' AS cell, \'ap-south-1\' AS region, \'aws\' AS cloud_provider, \'?\' AS clickhouse_version, \'0fc3eaab-fbcb-4533-8825-9be9faaea781\' AS control_plane_id, \'?\' AS system_processor, * FROM system."text_
2026-08-01 19:10:08	5	31521	252168	1	SELECT toString(toDate(argMax(minute, delta))) FROM sony.concurrency_minute_delta FORMAT TabSeparated 
2026-08-01 19:10:09	285	7795935	119483922	105819	SELECT now64(6) as scrape_time_microseconds, \'j62zx3k\' AS pod_ident, \'boneaws-al-46\' AS spoken_name, \'cell-1\' AS cell, \'ap-south-1\' AS region, \'aws\' AS cloud_provider, \'?\' AS clickhouse_version, \'0fc3eaab-fbcb-4533-8825-9be9faaea781\' AS control_plane_id, \'?\' AS system_processor, * FROM system."async
2026-08-01 19:10:09	17	21076	5159165	10425	SELECT now64(6) as scrape_time_microseconds, \'j62zx3k\' AS pod_ident, \'boneaws-al-46\' AS spoken_name, \'cell-1\' AS cell, \'ap-south-1\' AS region, \'aws\' AS cloud_provider, \'?\' AS clickhouse_version, \'0fc3eaab-fbcb-4533-8825-9be9faaea781\' AS control_plane_id, \'?\' AS system_processor, * FROM system."trace
2026-08-01 19:10:11	2	15	1013	15	             SELECT                 name,                 toJSONString(labels) as labels_serialized,                 value,                 help,                 type             FROM (                 SELECT     \'ClickHouse_MetricsCollection_CustomMetricsSystemTable\' AS name,     toFloat64(1) AS va
2026-08-01 19:10:12	10	2	12834	1	SELECT count() FROM system.processes WHERE (initial_user NOT IN _CAST([\'backups-internal\', \'management-internal\', \'monitoring-internal\', \'observability-internal\', \'operator-internal\', \'prometheus-exporter\', \'prometheus-internal\', \'operator-cert-internal\', \'availability-monitoring-internal\', \'\'], \'Ar
2026-08-01 19:10:12	23	3130	589447	129	SELECT CAST(\'0fc3eaab-fbcb-4533-8825-9be9faaea781\', \'UUID\') AS instance_id, CAST(\'c-boneaws-al-46-server-j62zx3k-0\', \'LowCardinality(String)\') AS node_id, CAST(name, \'LowCardinality(String)\') AS metric, CAST(mapFilter((k, v) -> has(_CAST([\'remote\'], \'Array(String)\'), k), labels), \'Map(LowCardinality
2026-08-01 19:10:12	2	119	1691	1	SELECT countIf(database = \'system\') as systemParts, countIf(database != \'system\') as nonSystemParts FROM system.parts where active
2026-08-01 19:10:12	1	0	0	1	SELECT countIf(database = \'system\') as systemMerges, countIf(database != \'system\') as nonSystemMerges FROM system.merges
2026-08-01 19:10:12	5	108	26229	108	SELECT             name,             value,             help,             JSONExtract(labels_serialized, \'Map(String, String)\') as labels,             type         FROM merge(system, \'^_custom_metrics_dictionary_.*\')         FORMAT Prometheus
2026-08-01 19:10:15	6	108	26229	108	SELECT             name,             value,             help,             JSONExtract(labels_serialized, \'Map(String, String)\') as labels,             type         FROM merge(system, \'^_custom_metrics_dictionary_.*\')         FORMAT Prometheus
2026-08-01 19:10:16	2	0	0	0	             SELECT                 name,                 toJSONString(labels) as labels_serialized,                 value,                 help,                 type             FROM (                 SELECT   \'ClickHouse_CustomMetric_FailedMutations\' as name,   toFloat64(count()) as value,   \'The 
2026-08-01 19:10:16	2	59	472	1	             SELECT                 name,                 toJSONString(labels) as labels_serialized,                 value,                 help,                 type             FROM (                 SELECT   \'ClickHouse_CustomMetric_TotalMemoryUsedByDataSkippingIndices\' AS name,   toFloat64(SUM(d
2026-08-01 19:10:16	2	14	9020	0	             SELECT                 name,                 toJSONString(labels) as labels_serialized,                 value,                 help,                 type             FROM (                 SELECT   \'clickhouse_table_replica_readonly_start_timestamp_seconds\' as name,   toFloat64(toUnixTi
2026-08-01 19:10:16	3	6	213	0	             SELECT                 name,                 toJSONString(labels) as labels_serialized,                 value,                 help,                 type             FROM (                 SELECT   \'ClickHouse_CustomMetric_SharedCatalogRecoveryTime\' as name,   toFloat64(recovery_time) a
2026-08-01 19:10:18	19	71804	6895144	1	SELECT ifNull(sum(delta), 0) FROM sony.concurrency_delta_all WHERE minute < toDateTime(\'2026-07-14 15:43:00\', \'UTC\')  FORMAT TabSeparated 
2026-08-01 19:10:20	28	103325	7147312	1	 WITH toDateTime(\'2026-07-14 15:43:00\', \'UTC\') AS t0 SELECT max(c) AS peak, toString(argMax(minute, c)) AS peak_minute, round(avg(c), 4) AS avg_c FROM (     SELECT minute, 0 + sum(d) OVER (ORDER BY minute) AS c     FROM (         SELECT minute, sum(delta) AS d         FROM sony.concurrency_delta_all
2026-08-01 19:10:20	17	35903	3373185	1	 WITH toDateTime(\'2026-07-14 15:43:00\', \'UTC\') AS t0,      (SELECT max(hour_boundary) FROM sony.concurrency_hourly_checkpoint        WHERE hour_boundary <= t0 ) AS anchor SELECT     toString(ifNull(anchor, toDateTime(0, \'UTC\'))) AS anchor_ts,     ifNull((SELECT sum(concurrency) FROM sony.concurrency
2026-08-01 19:10:20	43	71804	6895144	1	SELECT ifNull(sum(delta), 0) FROM sony.concurrency_delta_all WHERE minute < toDateTime(\'2026-07-14 15:43:00\', \'UTC\')  FORMAT TabSeparated 
2026-08-01 19:10:20	1	1	1	1	SELECT toString(toDateTime(\'2026-07-14 15:43:00\', \'UTC\') - INTERVAL 1 MINUTE) FORMAT TabSeparated 
2026-08-01 19:10:21	51	103325	7147312	1	 WITH toDateTime(\'2026-07-14 15:43:00\', \'UTC\') AS t0 SELECT max(c) AS peak, toString(argMax(minute, c)) AS peak_minute, round(avg(c), 4) AS avg_c FROM (     SELECT minute, 0 + sum(d) OVER (ORDER BY minute) AS c     FROM (         SELECT minute, sum(delta) AS d         FROM sony.concurrency_delta_all
2026-08-01 19:10:21	26	90047	7059650	1	 WITH toDateTime(\'2026-07-14 15:43:00\', \'UTC\') AS t0, toDateTime(\'2026-07-26 11:30:00\', \'UTC\') AS t1 SELECT max(c) AS peak, toString(argMax(minute, c)) AS peak_minute, round(avg(c), 4) AS avg_c FROM (     SELECT minute, sum(d) OVER (ORDER BY minute) AS c     FROM (         SELECT minute, sum(delta) 
2026-08-01 19:10:21	43	90047	7059650	1	 WITH toDateTime(\'2026-07-14 15:43:00\', \'UTC\') AS t0, toDateTime(\'2026-07-26 11:30:00\', \'UTC\') AS t1 SELECT max(c) AS peak, toString(argMax(minute, c)) AS peak_minute, round(avg(c), 4) AS avg_c FROM (     SELECT minute, sum(d) OVER (ORDER BY minute) AS c     FROM (         SELECT minute, sum(delta) 
2026-08-01 19:10:21	2	2	6302	1	             SELECT                 name,                 toJSONString(labels) as labels_serialized,                 value,                 help,                 type             FROM (                 SELECT   \'ClickHouse_CustomMetric_TotalMemoryUsedByQueries\' AS name,   toFloat64(SUM(peak_memory_u
2026-08-01 19:10:21	2	0	0	0	             SELECT                 name,                 toJSONString(labels) as labels_serialized,                 value,                 help,                 type             FROM (                 SELECT   \'ClickHouse_CustomMetric_FailedMutations\' as name,   toFloat64(count()) as value,   \'The 
2026-08-01 19:10:21	16	35903	3375173	1	 WITH toDateTime(\'2026-07-14 15:43:00\', \'UTC\') AS t0,      (SELECT max(hour_boundary) FROM sony.concurrency_hourly_checkpoint        WHERE hour_boundary <= t0  AND platform = \'ANDROID_PHONE\') AS anchor SELECT     toString(ifNull(anchor, toDateTime(0, \'UTC\'))) AS anchor_ts,     ifNull((SELECT sum(con
2026-08-01 19:10:22	16	35903	3375173	1	 WITH toDateTime(\'2026-07-14 15:43:00\', \'UTC\') AS t0,      (SELECT max(hour_boundary) FROM sony.concurrency_hourly_checkpoint        WHERE hour_boundary <= t0  AND platform = \'ANDROID_PHONE\') AS anchor SELECT     toString(ifNull(anchor, toDateTime(0, \'UTC\'))) AS anchor_ts,     ifNull((SELECT sum(con
2026-08-01 19:10:22	2	1	5438	1	SELECT count() FROM system.processes WHERE (initial_user NOT IN _CAST([\'backups-internal\', \'management-internal\', \'monitoring-internal\', \'observability-internal\', \'operator-internal\', \'prometheus-exporter\', \'prometheus-internal\', \'operator-cert-internal\', \'availability-monitoring-internal\', \'\'], \'Ar
2026-08-01 19:10:22	2	109	1541	1	SELECT countIf(database = \'system\') as systemParts, countIf(database != \'system\') as nonSystemParts FROM system.parts where active
2026-08-01 19:10:22	1	0	0	1	SELECT countIf(database = \'system\') as systemMerges, countIf(database != \'system\') as nonSystemMerges FROM system.merges
2026-08-01 19:10:22	20	71804	6895144	1	SELECT ifNull(sum(delta), 0) FROM sony.concurrency_delta_all WHERE minute < toDateTime(\'2026-07-14 15:43:00\', \'UTC\')  AND platform = \'ANDROID_PHONE\' FORMAT TabSeparated 
2026-08-01 19:10:22	8	2003	1248134	38	SELECT now64(6) as scrape_time_microseconds, \'j62zx3k\' AS pod_ident, \'boneaws-al-46\' AS spoken_name, \'cell-1\' AS cell, \'ap-south-1\' AS region, \'aws\' AS cloud_provider, \'?\' AS clickhouse_version, \'0fc3eaab-fbcb-4533-8825-9be9faaea781\' AS control_plane_id, \'?\' AS system_processor, * FROM system."sessi
2026-08-01 19:10:23	28	90047	7059650	1	 WITH toDateTime(\'2026-07-14 15:43:00\', \'UTC\') AS t0 SELECT max(c) AS peak, toString(argMax(minute, c)) AS peak_minute, round(avg(c), 4) AS avg_c FROM (     SELECT minute, 0 + sum(d) OVER (ORDER BY minute) AS c     FROM (         SELECT minute, sum(delta) AS d         FROM sony.concurrency_delta_all
2026-08-01 19:10:23	48	35903	3375173	1	 WITH toDateTime(\'2026-07-14 15:43:00\', \'UTC\') AS t0,      (SELECT max(hour_boundary) FROM sony.concurrency_hourly_checkpoint        WHERE hour_boundary <= t0  AND platform = \'ANDROID_PHONE\') AS anchor SELECT     toString(ifNull(anchor, toDateTime(0, \'UTC\'))) AS anchor_ts,     ifNull((SELECT sum(con
2026-08-01 19:10:23	5	108	26229	108	SELECT             name,             value,             help,             JSONExtract(labels_serialized, \'Map(String, String)\') as labels,             type         FROM merge(system, \'^_custom_metrics_dictionary_.*\')         FORMAT Prometheus
2026-08-01 19:10:23	27	90047	7059650	1	 WITH toDateTime(\'2026-07-14 15:43:00\', \'UTC\') AS t0 SELECT max(c) AS peak, toString(argMax(minute, c)) AS peak_minute, round(avg(c), 4) AS avg_c FROM (     SELECT minute, 0 + sum(d) OVER (ORDER BY minute) AS c     FROM (         SELECT minute, sum(delta) AS d         FROM sony.concurrency_delta_all
2026-08-01 19:10:24	27	81867	6986112	1	 WITH toDateTime(\'2026-07-14 15:43:00\', \'UTC\') AS t0, toDateTime(\'2026-07-26 11:30:00\', \'UTC\') AS t1 SELECT max(c) AS peak, toString(argMax(minute, c)) AS peak_minute, round(avg(c), 4) AS avg_c FROM (     SELECT minute, sum(d) OVER (ORDER BY minute) AS c     FROM (         SELECT minute, sum(delta) 
2026-08-01 19:10:24	16	35903	3375173	1	 WITH toDateTime(\'2026-07-14 15:43:00\', \'UTC\') AS t0,      (SELECT max(hour_boundary) FROM sony.concurrency_hourly_checkpoint        WHERE hour_boundary <= t0  AND platform = \'IPHONE\') AS anchor SELECT     toString(ifNull(anchor, toDateTime(0, \'UTC\'))) AS anchor_ts,     ifNull((SELECT sum(concurrenc
2026-08-01 19:10:25	18	71804	6895144	1	SELECT ifNull(sum(delta), 0) FROM sony.concurrency_delta_all WHERE minute < toDateTime(\'2026-07-14 15:43:00\', \'UTC\')  AND platform = \'IPHONE\' FORMAT TabSeparated 
2026-08-01 19:10:25	1	1	1	1	SELECT toString(toDateTime(\'2026-07-14 15:43:00\', \'UTC\') - INTERVAL 1 MINUTE) FORMAT TabSeparated 
2026-08-01 19:10:25	16	35903	3375173	1	 WITH toDateTime(\'2026-07-14 15:43:00\', \'UTC\') AS t0,      (SELECT max(hour_boundary) FROM sony.concurrency_hourly_checkpoint        WHERE hour_boundary <= t0  AND platform = \'IPHONE\') AS anchor SELECT     toString(ifNull(anchor, toDateTime(0, \'UTC\'))) AS anchor_ts,     ifNull((SELECT sum(concurrenc
2026-08-01 19:10:26	25	76878	6940901	1	 WITH toDateTime(\'2026-07-14 15:43:00\', \'UTC\') AS t0, toDateTime(\'2026-07-26 11:30:00\', \'UTC\') AS t1 SELECT max(c) AS peak, toString(argMax(minute, c)) AS peak_minute, round(avg(c), 4) AS avg_c FROM (     SELECT minute, sum(d) OVER (ORDER BY minute) AS c     FROM (         SELECT minute, sum(delta) 
2026-08-01 19:10:26	2	0	0	1	             SELECT                 name,                 toJSONString(labels) as labels_serialized,                 value,                 help,                 type             FROM (                 SELECT   \'ClickHouse_CustomMetric_TotalMemoryUsedByMerges\' AS name,   toFloat64(SUM(memory_usage))
2026-08-01 19:10:26	3	6	213	0	             SELECT                 name,                 toJSONString(labels) as labels_serialized,                 value,                 help,                 type             FROM (                 SELECT   \'ClickHouse_CustomMetric_SharedCatalogRecoveryTime\' as name,   toFloat64(recovery_time) a
2026-08-01 19:10:27	3	0	0	0	SELECT now64(6) as scrape_time_microseconds, \'j62zx3k\' AS pod_ident, \'boneaws-al-46\' AS spoken_name, \'cell-1\' AS cell, \'ap-south-1\' AS region, \'aws\' AS cloud_provider, \'?\' AS clickhouse_version, \'0fc3eaab-fbcb-4533-8825-9be9faaea781\' AS control_plane_id, \'?\' AS system_processor, * FROM system."files
2026-08-01 19:10:27	17	35903	3375173	1	 WITH toDateTime(\'2026-07-14 15:43:00\', \'UTC\') AS t0,      (SELECT max(hour_boundary) FROM sony.concurrency_hourly_checkpoint        WHERE hour_boundary <= t0  AND platform = \'SONY_ANDROID_TV\') AS anchor SELECT     toString(ifNull(anchor, toDateTime(0, \'UTC\'))) AS anchor_ts,     ifNull((SELECT sum(c
2026-08-01 19:10:28	5	0	0	0	SELECT now64(6) as scrape_time_microseconds, \'j62zx3k\' AS pod_ident, \'boneaws-al-46\' AS spoken_name, \'cell-1\' AS cell, \'ap-south-1\' AS region, \'aws\' AS cloud_provider, \'?\' AS clickhouse_version, \'0fc3eaab-fbcb-4533-8825-9be9faaea781\' AS control_plane_id, \'?\' AS system_processor, * FROM system."query
2026-08-01 19:10:28	17	35903	3375173	1	 WITH toDateTime(\'2026-07-14 15:43:00\', \'UTC\') AS t0,      (SELECT max(hour_boundary) FROM sony.concurrency_hourly_checkpoint        WHERE hour_boundary <= t0  AND platform = \'SONY_ANDROID_TV\') AS anchor SELECT     toString(ifNull(anchor, toDateTime(0, \'UTC\'))) AS anchor_ts,     ifNull((SELECT sum(c
2026-08-01 19:10:29	3	0	0	0	SELECT now64(6) as scrape_time_microseconds, \'j62zx3k\' AS pod_ident, \'boneaws-al-46\' AS spoken_name, \'cell-1\' AS cell, \'ap-south-1\' AS region, \'aws\' AS cloud_provider, \'?\' AS clickhouse_version, \'0fc3eaab-fbcb-4533-8825-9be9faaea781\' AS control_plane_id, \'?\' AS system_processor, * FROM system."files
