event_time	duration_ms	read_rows	read_bytes	result_rows	query
2026-08-01 18:19:43	3	14	9020	0	             SELECT                 name,                 toJSONString(labels) as labels_serialized,                 value,                 help,                 type             FROM (                 SELECT   \'clickhouse_table_replica_readonly_start_timestamp_seconds\' as name,   toFloat64(toUnixTi
2026-08-01 18:19:44	6	146	35738	146	SELECT             name,             value,             help,             JSONExtract(labels_serialized, \'Map(String, String)\') as labels,             type         FROM merge(system, \'^_custom_metrics_dictionary_.*\')         FORMAT Prometheus
2026-08-01 18:19:46	3	1	5438	1	SELECT count() FROM system.processes WHERE (initial_user NOT IN _CAST([\'backups-internal\', \'management-internal\', \'monitoring-internal\', \'observability-internal\', \'operator-internal\', \'prometheus-exporter\', \'prometheus-internal\', \'operator-cert-internal\', \'availability-monitoring-internal\', \'\'], \'Ar
2026-08-01 18:19:46	2	131	1855	1	SELECT countIf(database = \'system\') as systemParts, countIf(database != \'system\') as nonSystemParts FROM system.parts where active
2026-08-01 18:19:46	1	0	0	1	SELECT countIf(database = \'system\') as systemMerges, countIf(database != \'system\') as nonSystemMerges FROM system.merges
2026-08-01 18:19:48	3	6	213	0	             SELECT                 name,                 toJSONString(labels) as labels_serialized,                 value,                 help,                 type             FROM (                 SELECT   \'ClickHouse_CustomMetric_SharedCatalogRecoveryTime\' as name,   toFloat64(recovery_time) a
2026-08-01 18:19:50	1	1	1	1	SELECT count(*) FROM system.projections
2026-08-01 18:19:50	1	1	292	1	SELECT  now64(6) as scrape_time_microseconds, \'tzy1uvq\' AS pod_ident, \'boneaws-al-46\' AS spoken_name, \'cell-1\' AS cell, \'ap-south-1\' AS region, \'aws\' AS cloud_provider, \'26.2.1.525\' AS clickhouse_version, \'0fc3eaab-fbcb-4533-8825-9be9faaea781\' AS control_plane_id, \'aarch64\' AS system_processor, * FR
2026-08-01 18:19:50	2	0	8	1	SELECT count() FROM system.backups where status IN (0,3)
2026-08-01 18:19:50	3	1	5472	1	SELECT count() FROM system.processes WHERE (elapsed > _CAST(0, \'Int64\')) AND (initial_user NOT IN _CAST([\'backups-internal\', \'management-internal\', \'monitoring-internal\', \'observability-internal\', \'operator-internal\', \'prometheus-exporter\', \'prometheus-internal\', \'operator-cert-internal\', \'availabil
2026-08-01 18:19:51	6	146	35738	146	SELECT             name,             value,             help,             JSONExtract(labels_serialized, \'Map(String, String)\') as labels,             type         FROM merge(system, \'^_custom_metrics_dictionary_.*\')         FORMAT Prometheus
2026-08-01 18:19:53	2	15	1013	15	             SELECT                 name,                 toJSONString(labels) as labels_serialized,                 value,                 help,                 type             FROM (                 SELECT     \'ClickHouse_MetricsCollection_CustomMetricsSystemTable\' AS name,     toFloat64(1) AS va
2026-08-01 18:19:54	13	151	2114	1	SELECT avg(ProfileEvent_OSCPUWaitMicroseconds) as cpu_wait FROM  system.metric_log  WHERE event_time > now() - INTERVAL 2 MINUTE AND event_date >= yesterday()
2026-08-01 18:19:54	4	2	10208	2	SELECT count() as count, sum(elapsed) as total_elapsed, \'lh\' as usr FROM system.processes  WHERE user = \'observability-internal\' AND client_hostname LIKE \'loghouse-scraper%\'  UNION ALL SELECT count() as count, sum(elapsed) as total_elapsed, \'other\' as usr FROM system.processes  WHERE user != \'observ
2026-08-01 18:19:54	1	886	368083	1	SELECT value FROM system.asynchronous_metrics WHERE metric = \'OSMemoryAvailable\' ;
2026-08-01 18:19:56	2	2	12834	1	SELECT count() FROM system.processes WHERE (initial_user NOT IN _CAST([\'backups-internal\', \'management-internal\', \'monitoring-internal\', \'observability-internal\', \'operator-internal\', \'prometheus-exporter\', \'prometheus-internal\', \'operator-cert-internal\', \'availability-monitoring-internal\', \'\'], \'Ar
2026-08-01 18:19:56	2	131	1855	1	SELECT countIf(database = \'system\') as systemParts, countIf(database != \'system\') as nonSystemParts FROM system.parts where active
2026-08-01 18:19:56	26	3183	597001	129	SELECT CAST(\'0fc3eaab-fbcb-4533-8825-9be9faaea781\', \'UUID\') AS instance_id, CAST(\'c-boneaws-al-46-server-tzy1uvq-0\', \'LowCardinality(String)\') AS node_id, CAST(name, \'LowCardinality(String)\') AS metric, CAST(mapFilter((k, v) -> has(_CAST([\'remote\'], \'Array(String)\'), k), labels), \'Map(LowCardinality
2026-08-01 18:19:56	1	0	0	1	SELECT countIf(database = \'system\') as systemMerges, countIf(database != \'system\') as nonSystemMerges FROM system.merges
2026-08-01 18:19:58	2	1	5022	1	             SELECT                 name,                 toJSONString(labels) as labels_serialized,                 value,                 help,                 type             FROM (                 SELECT   \'ClickHouse_CustomMetric_TotalMemoryUsedByQueries\' AS name,   toFloat64(SUM(peak_memory_u
2026-08-01 18:20:03	1	6	2128	6	             SELECT                 name,                 toJSONString(labels) as labels_serialized,                 value,                 help,                 type             FROM (                 SELECT   concat(\'clickhouse_\', system.dimensional_metrics.metric) AS name,   toFloat64(system.dime
2026-08-01 18:20:04	1	0	0	1	SELECT count(*) FROM system.view_refreshes
2026-08-01 18:20:05	6	146	35738	146	SELECT             name,             value,             help,             JSONExtract(labels_serialized, \'Map(String, String)\') as labels,             type         FROM merge(system, \'^_custom_metrics_dictionary_.*\')         FORMAT Prometheus
2026-08-01 18:20:06	3	1	5438	1	SELECT count() FROM system.processes WHERE (initial_user NOT IN _CAST([\'backups-internal\', \'management-internal\', \'monitoring-internal\', \'observability-internal\', \'operator-internal\', \'prometheus-exporter\', \'prometheus-internal\', \'operator-cert-internal\', \'availability-monitoring-internal\', \'\'], \'Ar
2026-08-01 18:20:06	2	124	1750	1	SELECT countIf(database = \'system\') as systemParts, countIf(database != \'system\') as nonSystemParts FROM system.parts where active
2026-08-01 18:20:06	1	0	0	1	SELECT countIf(database = \'system\') as systemMerges, countIf(database != \'system\') as nonSystemMerges FROM system.merges
2026-08-01 18:20:08	2	0	0	1	             SELECT                 name,                 toJSONString(labels) as labels_serialized,                 value,                 help,                 type             FROM (                 SELECT   \'ClickHouse_CustomMetric_TotalMemoryUsedByMerges\' AS name,   toFloat64(SUM(memory_usage))
2026-08-01 18:20:08	3	6	213	0	             SELECT                 name,                 toJSONString(labels) as labels_serialized,                 value,                 help,                 type             FROM (                 SELECT   \'ClickHouse_CustomMetric_DatabaseReplicatedRecoveryTime\' as name,   toFloat64(recovery_ti
2026-08-01 18:20:13	1	0	0	1	             SELECT                 name,                 toJSONString(labels) as labels_serialized,                 value,                 help,                 type             FROM (                 SELECT   \'ClickHouse_CustomMetric_TotalMemoryUsedByAsynchronousInserts\' AS name,   toFloat64(SUM(t
2026-08-01 18:20:14	6	146	35738	146	SELECT             name,             value,             help,             JSONExtract(labels_serialized, \'Map(String, String)\') as labels,             type         FROM merge(system, \'^_custom_metrics_dictionary_.*\')         FORMAT Prometheus
2026-08-01 18:20:15	4847	101976	6939199	1	 WITH toDateTime(\'1970-01-21 15:46:00\', \'UTC\') AS t0 SELECT max(c) AS peak, toString(argMax(minute, c)) AS peak_minute, round(avg(c), 4) AS avg_c FROM (     SELECT minute, 0 + sum(d) OVER (ORDER BY minute) AS c     FROM (         SELECT minute, sum(delta) AS d         FROM sony.concurrency_delta_all
2026-08-01 18:20:16	21	69324	6659572	1	SELECT ifNull(sum(delta), 0) FROM sony.concurrency_delta_all WHERE minute < toDateTime(\'1970-01-21 15:46:00\', \'UTC\')  AND video_type = \'live\' FORMAT TabSeparated 
2026-08-01 18:20:16	5	0	0	0	WITH source AS (SELECT [\'matview_execution_total\', if(exception_code != 0, \'matview_execution_fail\', \'\')] AS metrics, event_time AS ts FROM system.query_views_log WHERE (status != \'QueryStart\') AND (event_date >= toDate(_CAST(\'1785608261.239\', \'DateTime64\'))) AND (event_time >= toDateTime(_CAST(\'178
2026-08-01 18:20:16	5	378	114440	5	WITH metrics AS (SELECT name AS metric, toFloat64(value) AS val, now() AS ts FROM system.server_settings WHERE multiMatchAny(name, _CAST([\'^max_database_num_to_throw$\', \'^max_database_num_to_warn$\', \'^max_table_num_to_throw$\', \'^max_table_num_to_warn$\', \'^max_concurrent_queries$\'], \'Array(String)\'))
2026-08-01 18:20:16	11	0	0	1	WITH failed_mutations AS (SELECT toDateTime(create_time) AS ts, count() AS val FROM system.mutations WHERE (ts > toDateTime(_CAST(\'1785608261.239\', \'DateTime64\'))) AND (ts <= toDateTime(_CAST(\'1785608381.239\', \'DateTime64\'))) AND (latest_failed_part != \'\') AND (is_done = 0) GROUP BY ts), failed_muta
2026-08-01 18:20:16	3	8	39805	1	SELECT count() FROM system.processes WHERE (initial_user NOT IN _CAST([\'backups-internal\', \'management-internal\', \'monitoring-internal\', \'observability-internal\', \'operator-internal\', \'prometheus-exporter\', \'prometheus-internal\', \'operator-cert-internal\', \'availability-monitoring-internal\', \'\'], \'Ar
2026-08-01 18:20:16	12	5739	85949	13	WITH metrics AS (SELECT multiIf((event_type = \'MergeParts\') AND (error = 0), \'merges_finished\', (event_type = \'MergeParts\') AND (error != 0), \'merges_failed\', (event_type = \'MutatePart\') AND (error = 0), \'mutate_part_finished\', (event_type = \'MutatePart\') AND (error != 0), \'mutate_part_failed\', NULL
2026-08-01 18:20:16	10	170744	2669436	1560	SELECT CAST(\'0fc3eaab-fbcb-4533-8825-9be9faaea781\', \'UUID\') AS control_plane_id, CAST(\'c-boneaws-al-46-server-tzy1uvq-0\', \'LowCardinality(String)\') AS pod_id, CAST(now64(), \'DateTime64(6)\') AS scrape_ts_microseconds, CAST(event_date, \'Date\') AS event_date, CAST(event_time, \'DateTime\') AS event_time,
2026-08-01 18:20:16	2	126	1780	1	SELECT countIf(database = \'system\') as systemParts, countIf(database != \'system\') as nonSystemParts FROM system.parts where active
2026-08-01 18:20:16	24	3172	595365	129	SELECT CAST(\'0fc3eaab-fbcb-4533-8825-9be9faaea781\', \'UUID\') AS instance_id, CAST(\'c-boneaws-al-46-server-tzy1uvq-0\', \'LowCardinality(String)\') AS node_id, CAST(name, \'LowCardinality(String)\') AS metric, CAST(mapFilter((k, v) -> has(_CAST([\'remote\'], \'Array(String)\'), k), labels), \'Map(LowCardinality
2026-08-01 18:20:16	1	0	0	1	SELECT countIf(database = \'system\') as systemMerges, countIf(database != \'system\') as nonSystemMerges FROM system.merges
2026-08-01 18:20:16	51	181	56327	120	SELECT CAST(\'0fc3eaab-fbcb-4533-8825-9be9faaea781\', \'UUID\') AS control_plane_id, CAST(\'c-boneaws-al-46-server-tzy1uvq-0\', \'LowCardinality(String)\') AS pod_id, CAST(now64(), \'DateTime64(6)\') AS scrape_ts_microseconds, CAST(event_date, \'Date\') AS event_date, CAST(event_time, \'DateTime\') AS event_time,
2026-08-01 18:20:16	154	811	223343	18	WITH parts_agg AS (SELECT database AS agg_database, `table` AS agg_table, SUM(primary_key_size) AS primary_index_size, SUM(secondary_indices_compressed_bytes) AS secondary_index_size FROM system.parts WHERE active AND (database != \'system\') GROUP BY database, `table`), proj_agg AS (SELECT database A
2026-08-01 18:20:18	1	6	2128	6	             SELECT                 name,                 toJSONString(labels) as labels_serialized,                 value,                 help,                 type             FROM (                 SELECT   concat(\'clickhouse_\', system.dimensional_metrics.metric) AS name,   toFloat64(system.dime
2026-08-01 18:20:18	2	59	472	1	             SELECT                 name,                 toJSONString(labels) as labels_serialized,                 value,                 help,                 type             FROM (                 SELECT   \'ClickHouse_CustomMetric_TotalMemoryUsedByDataSkippingIndices\' AS name,   toFloat64(SUM(d
2026-08-01 18:20:21	6	146	35738	146	SELECT             name,             value,             help,             JSONExtract(labels_serialized, \'Map(String, String)\') as labels,             type         FROM merge(system, \'^_custom_metrics_dictionary_.*\')         FORMAT Prometheus
2026-08-01 18:20:21	1	1	1	1	SELECT toString(toDateTime(\'1970-01-21 15:46:00\', \'UTC\') - INTERVAL 1 MINUTE) FORMAT TabSeparated 
2026-08-01 18:20:23	2	0	0	1	             SELECT                 name,                 toJSONString(labels) as labels_serialized,                 value,                 help,                 type             FROM (                 SELECT   \'ClickHouse_CustomMetric_TotalMemoryUsedByMerges\' AS name,   toFloat64(SUM(memory_usage))
2026-08-01 18:20:23	3	14	9020	0	             SELECT                 name,                 toJSONString(labels) as labels_serialized,                 value,                 help,                 type             FROM (                 SELECT   \'clickhouse_table_replica_readonly_start_timestamp_seconds\' as name,   toFloat64(toUnixTi
2026-08-01 18:20:24	13	181	2534	1	SELECT avg(ProfileEvent_OSCPUWaitMicroseconds) as cpu_wait FROM  system.metric_log  WHERE event_time > now() - INTERVAL 2 MINUTE AND event_date >= yesterday()
2026-08-01 18:20:24	4	2	10208	2	SELECT count() as count, sum(elapsed) as total_elapsed, \'lh\' as usr FROM system.processes  WHERE user = \'observability-internal\' AND client_hostname LIKE \'loghouse-scraper%\'  UNION ALL SELECT count() as count, sum(elapsed) as total_elapsed, \'other\' as usr FROM system.processes  WHERE user != \'observ
2026-08-01 18:20:24	1	875	366447	1	SELECT value FROM system.asynchronous_metrics WHERE metric = \'OSMemoryAvailable\' ;
2026-08-01 18:20:26	3	1	5438	1	SELECT count() FROM system.processes WHERE (initial_user NOT IN _CAST([\'backups-internal\', \'management-internal\', \'monitoring-internal\', \'observability-internal\', \'operator-internal\', \'prometheus-exporter\', \'prometheus-internal\', \'operator-cert-internal\', \'availability-monitoring-internal\', \'\'], \'Ar
2026-08-01 18:20:26	2	121	1705	1	SELECT countIf(database = \'system\') as systemParts, countIf(database != \'system\') as nonSystemParts FROM system.parts where active
2026-08-01 18:20:26	1	0	0	1	SELECT countIf(database = \'system\') as systemMerges, countIf(database != \'system\') as nonSystemMerges FROM system.merges
2026-08-01 18:20:28	2	0	0	0	             SELECT                 name,                 toJSONString(labels) as labels_serialized,                 value,                 help,                 type             FROM (                 SELECT   \'ClickHouse_CustomMetric_FailedMutations\' as name,   toFloat64(count()) as value,   \'The 
2026-08-01 18:20:28	2	13	6340	1	             SELECT                 name,                 toJSONString(labels) as labels_serialized,                 value,                 help,                 type             FROM (                 SELECT   \'ClickHouse_CustomMetric_TotalMemoryUsedByDictionaries\' AS name,   toFloat64(SUM(bytes_al
2026-08-01 18:20:33	2	2	6348	1	             SELECT                 name,                 toJSONString(labels) as labels_serialized,                 value,                 help,                 type             FROM (                 SELECT   \'ClickHouse_CustomMetric_TotalMemoryUsedByQueries\' AS name,   toFloat64(SUM(peak_memory_u
2026-08-01 18:20:33	3	6	213	0	             SELECT                 name,                 toJSONString(labels) as labels_serialized,                 value,                 help,                 type             FROM (                 SELECT   \'ClickHouse_CustomMetric_SharedCatalogRecoveryTime\' as name,   toFloat64(recovery_time) a
2026-08-01 18:20:35	6	140	34251	140	SELECT             name,             value,             help,             JSONExtract(labels_serialized, \'Map(String, String)\') as labels,             type         FROM merge(system, \'^_custom_metrics_dictionary_.*\')         FORMAT Prometheus
2026-08-01 18:20:36	3	2	12834	1	SELECT count() FROM system.processes WHERE (initial_user NOT IN _CAST([\'backups-internal\', \'management-internal\', \'monitoring-internal\', \'observability-internal\', \'operator-internal\', \'prometheus-exporter\', \'prometheus-internal\', \'operator-cert-internal\', \'availability-monitoring-internal\', \'\'], \'Ar
2026-08-01 18:20:36	2	124	1750	1	SELECT countIf(database = \'system\') as systemParts, countIf(database != \'system\') as nonSystemParts FROM system.parts where active
2026-08-01 18:20:36	24	3166	594450	129	SELECT CAST(\'0fc3eaab-fbcb-4533-8825-9be9faaea781\', \'UUID\') AS instance_id, CAST(\'c-boneaws-al-46-server-tzy1uvq-0\', \'LowCardinality(String)\') AS node_id, CAST(name, \'LowCardinality(String)\') AS metric, CAST(mapFilter((k, v) -> has(_CAST([\'remote\'], \'Array(String)\'), k), labels), \'Map(LowCardinality
2026-08-01 18:20:36	1	0	0	1	SELECT countIf(database = \'system\') as systemMerges, countIf(database != \'system\') as nonSystemMerges FROM system.merges
2026-08-01 18:20:38	9	6578	1939454	404	SELECT now64(6) as scrape_time_microseconds, \'tzy1uvq\' AS pod_ident, \'boneaws-al-46\' AS spoken_name, \'cell-1\' AS cell, \'ap-south-1\' AS region, \'aws\' AS cloud_provider, \'26.2.1.525\' AS clickhouse_version, \'0fc3eaab-fbcb-4533-8825-9be9faaea781\' AS control_plane_id, \'aarch64\' AS system_processor, * FRO
2026-08-01 18:20:38	27	3260	7571655	340	SELECT now64(6) as scrape_time_microseconds, \'tzy1uvq\' AS pod_ident, \'boneaws-al-46\' AS spoken_name, \'cell-1\' AS cell, \'ap-south-1\' AS region, \'aws\' AS cloud_provider, \'26.2.1.525\' AS clickhouse_version, \'0fc3eaab-fbcb-4533-8825-9be9faaea781\' AS control_plane_id, \'aarch64\' AS system_processor, * FRO
2026-08-01 18:20:38	2	0	0	1	             SELECT                 name,                 toJSONString(labels) as labels_serialized,                 value,                 help,                 type             FROM (                 SELECT   \'ClickHouse_CustomMetric_TotalMemoryUsedByAsynchronousInserts\' AS name,   toFloat64(SUM(t
2026-08-01 18:20:38	2	59	472	1	             SELECT                 name,                 toJSONString(labels) as labels_serialized,                 value,                 help,                 type             FROM (                 SELECT   \'ClickHouse_CustomMetric_TotalMemoryUsedByDataSkippingIndices\' AS name,   toFloat64(SUM(d
2026-08-01 18:20:39	13	9310	2223404	4910	SELECT now64(6) as scrape_time_microseconds, \'tzy1uvq\' AS pod_ident, \'boneaws-al-46\' AS spoken_name, \'cell-1\' AS cell, \'ap-south-1\' AS region, \'aws\' AS cloud_provider, \'26.2.1.525\' AS clickhouse_version, \'0fc3eaab-fbcb-4533-8825-9be9faaea781\' AS control_plane_id, \'aarch64\' AS system_processor, * FRO
2026-08-01 18:20:43	14	5761	3083517	191	SELECT now64(6) as scrape_time_microseconds, \'tzy1uvq\' AS pod_ident, \'boneaws-al-46\' AS spoken_name, \'cell-1\' AS cell, \'ap-south-1\' AS region, \'aws\' AS cloud_provider, \'26.2.1.525\' AS clickhouse_version, \'0fc3eaab-fbcb-4533-8825-9be9faaea781\' AS control_plane_id, \'aarch64\' AS system_processor, * FRO
2026-08-01 18:20:44	6	140	34251	140	SELECT             name,             value,             help,             JSONExtract(labels_serialized, \'Map(String, String)\') as labels,             type         FROM merge(system, \'^_custom_metrics_dictionary_.*\')         FORMAT Prometheus
2026-08-01 18:20:45	179	787	2159827	120	SELECT now64(6) as scrape_time_microseconds, \'tzy1uvq\' AS pod_ident, \'boneaws-al-46\' AS spoken_name, \'cell-1\' AS cell, \'ap-south-1\' AS region, \'aws\' AS cloud_provider, \'26.2.1.525\' AS clickhouse_version, \'0fc3eaab-fbcb-4533-8825-9be9faaea781\' AS control_plane_id, \'aarch64\' AS system_processor, * FRO
2026-08-01 18:20:46	148	2580451	41357542	105858	SELECT now64(6) as scrape_time_microseconds, \'tzy1uvq\' AS pod_ident, \'boneaws-al-46\' AS spoken_name, \'cell-1\' AS cell, \'ap-south-1\' AS region, \'aws\' AS cloud_provider, \'26.2.1.525\' AS clickhouse_version, \'0fc3eaab-fbcb-4533-8825-9be9faaea781\' AS control_plane_id, \'aarch64\' AS system_processor, * FRO
2026-08-01 18:20:46	3	1	5438	1	SELECT count() FROM system.processes WHERE (initial_user NOT IN _CAST([\'backups-internal\', \'management-internal\', \'monitoring-internal\', \'observability-internal\', \'operator-internal\', \'prometheus-exporter\', \'prometheus-internal\', \'operator-cert-internal\', \'availability-monitoring-internal\', \'\'], \'Ar
2026-08-01 18:20:46	2	122	1720	1	SELECT countIf(database = \'system\') as systemParts, countIf(database != \'system\') as nonSystemParts FROM system.parts where active
2026-08-01 18:20:46	1	0	0	1	SELECT countIf(database = \'system\') as systemMerges, countIf(database != \'system\') as nonSystemMerges FROM system.merges
2026-08-01 18:20:47	19	18494	4638888	10963	SELECT now64(6) as scrape_time_microseconds, \'tzy1uvq\' AS pod_ident, \'boneaws-al-46\' AS spoken_name, \'cell-1\' AS cell, \'ap-south-1\' AS region, \'aws\' AS cloud_provider, \'26.2.1.525\' AS clickhouse_version, \'0fc3eaab-fbcb-4533-8825-9be9faaea781\' AS control_plane_id, \'aarch64\' AS system_processor, * FRO
2026-08-01 18:20:48	2	15	1013	15	             SELECT                 name,                 toJSONString(labels) as labels_serialized,                 value,                 help,                 type             FROM (                 SELECT     \'ClickHouse_MetricsCollection_CustomMetricsSystemTable\' AS name,     toFloat64(1) AS va
2026-08-01 18:20:48	2	4	8827	1	             SELECT                 name,                 toJSONString(labels) as labels_serialized,                 value,                 help,                 type             FROM (                 SELECT   \'ClickHouse_CustomMetric_TotalMemoryUsedByQueries\' AS name,   toFloat64(SUM(peak_memory_u
2026-08-01 18:20:48	2	13	6340	1	             SELECT                 name,                 toJSONString(labels) as labels_serialized,                 value,                 help,                 type             FROM (                 SELECT   \'ClickHouse_CustomMetric_TotalMemoryUsedByDictionaries\' AS name,   toFloat64(SUM(bytes_al
2026-08-01 18:20:48	3	6	213	0	             SELECT                 name,                 toJSONString(labels) as labels_serialized,                 value,                 help,                 type             FROM (                 SELECT   \'ClickHouse_CustomMetric_DatabaseReplicatedRecoveryTime\' as name,   toFloat64(recovery_ti
2026-08-01 18:20:49	20	25767	5824910	18075	SELECT now64(6) as scrape_time_microseconds, \'tzy1uvq\' AS pod_ident, \'boneaws-al-46\' AS spoken_name, \'cell-1\' AS cell, \'ap-south-1\' AS region, \'aws\' AS cloud_provider, \'26.2.1.525\' AS clickhouse_version, \'0fc3eaab-fbcb-4533-8825-9be9faaea781\' AS control_plane_id, \'aarch64\' AS system_processor, * FRO
2026-08-01 18:20:50	1	1	1	1	SELECT displayName(), version(), revision(), timezone()
2026-08-01 18:20:50	0	1	1	1	SELECT 1;
2026-08-01 18:20:51	6	140	34251	140	SELECT             name,             value,             help,             JSONExtract(labels_serialized, \'Map(String, String)\') as labels,             type         FROM merge(system, \'^_custom_metrics_dictionary_.*\')         FORMAT Prometheus
2026-08-01 18:20:53	2	0	0	1	             SELECT                 name,                 toJSONString(labels) as labels_serialized,                 value,                 help,                 type             FROM (                 SELECT   \'ClickHouse_CustomMetric_TotalMemoryUsedByAsynchronousInserts\' AS name,   toFloat64(SUM(t
2026-08-01 18:20:53	3	14	9020	0	             SELECT                 name,                 toJSONString(labels) as labels_serialized,                 value,                 help,                 type             FROM (                 SELECT   \'clickhouse_table_replica_readonly_start_timestamp_seconds\' as name,   toFloat64(toUnixTi
2026-08-01 18:20:54	14	211	2954	1	SELECT avg(ProfileEvent_OSCPUWaitMicroseconds) as cpu_wait FROM  system.metric_log  WHERE event_time > now() - INTERVAL 2 MINUTE AND event_date >= yesterday()
2026-08-01 18:20:54	3	2	10208	2	SELECT count() as count, sum(elapsed) as total_elapsed, \'lh\' as usr FROM system.processes  WHERE user = \'observability-internal\' AND client_hostname LIKE \'loghouse-scraper%\'  UNION ALL SELECT count() as count, sum(elapsed) as total_elapsed, \'other\' as usr FROM system.processes  WHERE user != \'observ
2026-08-01 18:20:54	1	875	366447	1	SELECT value FROM system.asynchronous_metrics WHERE metric = \'OSMemoryAvailable\' ;
2026-08-01 18:20:56	3	2	12868	1	SELECT count() FROM system.processes WHERE (initial_user NOT IN _CAST([\'backups-internal\', \'management-internal\', \'monitoring-internal\', \'observability-internal\', \'operator-internal\', \'prometheus-exporter\', \'prometheus-internal\', \'operator-cert-internal\', \'availability-monitoring-internal\', \'\'], \'Ar
2026-08-01 18:20:56	2	126	1780	1	SELECT countIf(database = \'system\') as systemParts, countIf(database != \'system\') as nonSystemParts FROM system.parts where active
2026-08-01 18:20:56	24	3166	594450	129	SELECT CAST(\'0fc3eaab-fbcb-4533-8825-9be9faaea781\', \'UUID\') AS instance_id, CAST(\'c-boneaws-al-46-server-tzy1uvq-0\', \'LowCardinality(String)\') AS node_id, CAST(name, \'LowCardinality(String)\') AS metric, CAST(mapFilter((k, v) -> has(_CAST([\'remote\'], \'Array(String)\'), k), labels), \'Map(LowCardinality
2026-08-01 18:20:56	1	0	0	1	SELECT countIf(database = \'system\') as systemMerges, countIf(database != \'system\') as nonSystemMerges FROM system.merges
2026-08-01 18:20:57	7	296	181947	70	SELECT now64(6) as scrape_time_microseconds, \'tzy1uvq\' AS pod_ident, \'boneaws-al-46\' AS spoken_name, \'cell-1\' AS cell, \'ap-south-1\' AS region, \'aws\' AS cloud_provider, \'26.2.1.525\' AS clickhouse_version, \'0fc3eaab-fbcb-4533-8825-9be9faaea781\' AS control_plane_id, \'aarch64\' AS system_processor, * FRO
2026-08-01 18:20:58	1	6	2128	6	             SELECT                 name,                 toJSONString(labels) as labels_serialized,                 value,                 help,                 type             FROM (                 SELECT   concat(\'clickhouse_\', system.dimensional_metrics.metric) AS name,   toFloat64(system.dime
2026-08-01 18:20:58	2	59	472	1	             SELECT                 name,                 toJSONString(labels) as labels_serialized,                 value,                 help,                 type             FROM (                 SELECT   \'ClickHouse_CustomMetric_TotalMemoryUsedByDataSkippingIndices\' AS name,   toFloat64(SUM(d
2026-08-01 18:21:03	2	0	0	1	             SELECT                 name,                 toJSONString(labels) as labels_serialized,                 value,                 help,                 type             FROM (                 SELECT   \'ClickHouse_CustomMetric_TotalMemoryUsedByMerges\' AS name,   toFloat64(SUM(memory_usage))
2026-08-01 18:21:03	4	6	213	0	             SELECT                 name,                 toJSONString(labels) as labels_serialized,                 value,                 help,                 type             FROM (                 SELECT   \'ClickHouse_CustomMetric_SharedCatalogRecoveryTime\' as name,   toFloat64(recovery_time) a
2026-08-01 18:21:05	5	140	34251	140	SELECT             name,             value,             help,             JSONExtract(labels_serialized, \'Map(String, String)\') as labels,             type         FROM merge(system, \'^_custom_metrics_dictionary_.*\')         FORMAT Prometheus
2026-08-01 18:21:06	3	2	10912	1	SELECT count() FROM system.processes WHERE (initial_user NOT IN _CAST([\'backups-internal\', \'management-internal\', \'monitoring-internal\', \'observability-internal\', \'operator-internal\', \'prometheus-exporter\', \'prometheus-internal\', \'operator-cert-internal\', \'availability-monitoring-internal\', \'\'], \'Ar
2026-08-01 18:21:06	2	129	1825	1	SELECT countIf(database = \'system\') as systemParts, countIf(database != \'system\') as nonSystemParts FROM system.parts where active
2026-08-01 18:21:06	1	0	0	1	SELECT countIf(database = \'system\') as systemMerges, countIf(database != \'system\') as nonSystemMerges FROM system.merges
2026-08-01 18:21:06	4476	101996	6954059	1	 WITH toDateTime(\'1970-01-21 15:46:00\', \'UTC\') AS t0, toDateTime(\'2031-07-25 11:28:00\', \'UTC\') AS t1 SELECT max(c) AS peak, toString(argMax(minute, c)) AS peak_minute, round(avg(c), 4) AS avg_c FROM (     SELECT minute, sum(d) OVER (ORDER BY minute) AS c     FROM (         SELECT minute, sum(delta) 
2026-08-01 18:21:07	1	1	1	1	SELECT toString(toDateTime(\'1970-01-21 15:46:00\', \'UTC\') - INTERVAL 1 MINUTE) FORMAT TabSeparated 
2026-08-01 18:21:08	4	6	213	0	             SELECT                 name,                 toJSONString(labels) as labels_serialized,                 value,                 help,                 type             FROM (                 SELECT   \'ClickHouse_CustomMetric_DatabaseReplicatedRecoveryTime\' as name,   toFloat64(recovery_ti
2026-08-01 18:21:13	2	13	6340	1	             SELECT                 name,                 toJSONString(labels) as labels_serialized,                 value,                 help,                 type             FROM (                 SELECT   \'ClickHouse_CustomMetric_TotalMemoryUsedByDictionaries\' AS name,   toFloat64(SUM(bytes_al
2026-08-01 18:21:13	3	6	213	0	             SELECT                 name,                 toJSONString(labels) as labels_serialized,                 value,                 help,                 type             FROM (                 SELECT   \'ClickHouse_CustomMetric_SharedCatalogRecoveryTime\' as name,   toFloat64(recovery_time) a
2026-08-01 18:21:14	6	145	35540	145	SELECT             name,             value,             help,             JSONExtract(labels_serialized, \'Map(String, String)\') as labels,             type         FROM merge(system, \'^_custom_metrics_dictionary_.*\')         FORMAT Prometheus
2026-08-01 18:21:16	2	2	12834	1	SELECT count() FROM system.processes WHERE (initial_user NOT IN _CAST([\'backups-internal\', \'management-internal\', \'monitoring-internal\', \'observability-internal\', \'operator-internal\', \'prometheus-exporter\', \'prometheus-internal\', \'operator-cert-internal\', \'availability-monitoring-internal\', \'\'], \'Ar
2026-08-01 18:21:16	2	118	1660	1	SELECT countIf(database = \'system\') as systemParts, countIf(database != \'system\') as nonSystemParts FROM system.parts where active
2026-08-01 18:21:16	1	0	0	1	SELECT countIf(database = \'system\') as systemMerges, countIf(database != \'system\') as nonSystemMerges FROM system.merges
2026-08-01 18:21:16	25	3171	595226	129	SELECT CAST(\'0fc3eaab-fbcb-4533-8825-9be9faaea781\', \'UUID\') AS instance_id, CAST(\'c-boneaws-al-46-server-tzy1uvq-0\', \'LowCardinality(String)\') AS node_id, CAST(name, \'LowCardinality(String)\') AS metric, CAST(mapFilter((k, v) -> has(_CAST([\'remote\'], \'Array(String)\'), k), labels), \'Map(LowCardinality
2026-08-01 18:21:18	1	1	1	1	SELECT toString(toDateTime(\'1970-01-21 15:46:00\', \'UTC\') - INTERVAL 1 MINUTE) FORMAT TabSeparated 
2026-08-01 18:21:18	2	0	0	0	             SELECT                 name,                 toJSONString(labels) as labels_serialized,                 value,                 help,                 type             FROM (                 SELECT   \'ClickHouse_CustomMetric_FailedMutations\' as name,   toFloat64(count()) as value,   \'The 
2026-08-01 18:21:19	3	0	0	0	SELECT now64(6) as scrape_time_microseconds, \'tzy1uvq\' AS pod_ident, \'boneaws-al-46\' AS spoken_name, \'cell-1\' AS cell, \'ap-south-1\' AS region, \'aws\' AS cloud_provider, \'26.2.1.525\' AS clickhouse_version, \'0fc3eaab-fbcb-4533-8825-9be9faaea781\' AS control_plane_id, \'aarch64\' AS system_processor, * FRO
2026-08-01 18:21:19	4	0	0	0	SELECT now64(6) as scrape_time_microseconds, \'tzy1uvq\' AS pod_ident, \'boneaws-al-46\' AS spoken_name, \'cell-1\' AS cell, \'ap-south-1\' AS region, \'aws\' AS cloud_provider, \'26.2.1.525\' AS clickhouse_version, \'0fc3eaab-fbcb-4533-8825-9be9faaea781\' AS control_plane_id, \'aarch64\' AS system_processor, * FRO
2026-08-01 18:21:20	3	0	0	0	SELECT now64(6) as scrape_time_microseconds, \'tzy1uvq\' AS pod_ident, \'boneaws-al-46\' AS spoken_name, \'cell-1\' AS cell, \'ap-south-1\' AS region, \'aws\' AS cloud_provider, \'26.2.1.525\' AS clickhouse_version, \'0fc3eaab-fbcb-4533-8825-9be9faaea781\' AS control_plane_id, \'aarch64\' AS system_processor, * FRO
2026-08-01 18:21:21	3	0	0	0	SELECT now64(6) as scrape_time_microseconds, \'tzy1uvq\' AS pod_ident, \'boneaws-al-46\' AS spoken_name, \'cell-1\' AS cell, \'ap-south-1\' AS region, \'aws\' AS cloud_provider, \'26.2.1.525\' AS clickhouse_version, \'0fc3eaab-fbcb-4533-8825-9be9faaea781\' AS control_plane_id, \'aarch64\' AS system_processor, * FRO
2026-08-01 18:21:21	6	145	35540	145	SELECT             name,             value,             help,             JSONExtract(labels_serialized, \'Map(String, String)\') as labels,             type         FROM merge(system, \'^_custom_metrics_dictionary_.*\')         FORMAT Prometheus
2026-08-01 18:21:22	3	0	0	0	SELECT now64(6) as scrape_time_microseconds, \'tzy1uvq\' AS pod_ident, \'boneaws-al-46\' AS spoken_name, \'cell-1\' AS cell, \'ap-south-1\' AS region, \'aws\' AS cloud_provider, \'26.2.1.525\' AS clickhouse_version, \'0fc3eaab-fbcb-4533-8825-9be9faaea781\' AS control_plane_id, \'aarch64\' AS system_processor, * FRO
2026-08-01 18:21:23	3	0	0	0	SELECT now64(6) as scrape_time_microseconds, \'tzy1uvq\' AS pod_ident, \'boneaws-al-46\' AS spoken_name, \'cell-1\' AS cell, \'ap-south-1\' AS region, \'aws\' AS cloud_provider, \'26.2.1.525\' AS clickhouse_version, \'0fc3eaab-fbcb-4533-8825-9be9faaea781\' AS control_plane_id, \'aarch64\' AS system_processor, * FRO
2026-08-01 18:21:23	1	6	2128	6	             SELECT                 name,                 toJSONString(labels) as labels_serialized,                 value,                 help,                 type             FROM (                 SELECT   concat(\'clickhouse_\', system.dimensional_metrics.metric) AS name,   toFloat64(system.dime
2026-08-01 18:21:23	2	4	8870	1	             SELECT                 name,                 toJSONString(labels) as labels_serialized,                 value,                 help,                 type             FROM (                 SELECT   \'ClickHouse_CustomMetric_TotalMemoryUsedByQueries\' AS name,   toFloat64(SUM(peak_memory_u
2026-08-01 18:21:23	2	15	1013	15	             SELECT                 name,                 toJSONString(labels) as labels_serialized,                 value,                 help,                 type             FROM (                 SELECT     \'ClickHouse_MetricsCollection_CustomMetricsSystemTable\' AS name,     toFloat64(1) AS va
2026-08-01 18:21:23	2	14	9020	0	             SELECT                 name,                 toJSONString(labels) as labels_serialized,                 value,                 help,                 type             FROM (                 SELECT   \'clickhouse_table_replica_readonly_start_timestamp_seconds\' as name,   toFloat64(toUnixTi
2026-08-01 18:21:24	3	0	0	0	SELECT now64(6) as scrape_time_microseconds, \'tzy1uvq\' AS pod_ident, \'boneaws-al-46\' AS spoken_name, \'cell-1\' AS cell, \'ap-south-1\' AS region, \'aws\' AS cloud_provider, \'26.2.1.525\' AS clickhouse_version, \'0fc3eaab-fbcb-4533-8825-9be9faaea781\' AS control_plane_id, \'aarch64\' AS system_processor, * FRO
2026-08-01 18:21:24	14	242	3157	1	SELECT avg(ProfileEvent_OSCPUWaitMicroseconds) as cpu_wait FROM  system.metric_log  WHERE event_time > now() - INTERVAL 2 MINUTE AND event_date >= yesterday()
2026-08-01 18:21:24	4	2	10208	2	SELECT count() as count, sum(elapsed) as total_elapsed, \'lh\' as usr FROM system.processes  WHERE user = \'observability-internal\' AND client_hostname LIKE \'loghouse-scraper%\'  UNION ALL SELECT count() as count, sum(elapsed) as total_elapsed, \'other\' as usr FROM system.processes  WHERE user != \'observ
2026-08-01 18:21:24	1	875	366447	1	SELECT value FROM system.asynchronous_metrics WHERE metric = \'OSMemoryAvailable\' ;
2026-08-01 18:21:25	92	105	420	0	SELECT now64(6) as scrape_time_microseconds, \'tzy1uvq\' AS pod_ident, \'boneaws-al-46\' AS spoken_name, \'cell-1\' AS cell, \'ap-south-1\' AS region, \'aws\' AS cloud_provider, \'26.2.1.525\' AS clickhouse_version, \'0fc3eaab-fbcb-4533-8825-9be9faaea781\' AS control_plane_id, \'aarch64\' AS system_processor, * FRO
2026-08-01 18:21:26	4	36	144	0	SELECT now64(6) as scrape_time_microseconds, \'tzy1uvq\' AS pod_ident, \'boneaws-al-46\' AS spoken_name, \'cell-1\' AS cell, \'ap-south-1\' AS region, \'aws\' AS cloud_provider, \'26.2.1.525\' AS clickhouse_version, \'0fc3eaab-fbcb-4533-8825-9be9faaea781\' AS control_plane_id, \'aarch64\' AS system_processor, * FRO
2026-08-01 18:21:26	3	1	5438	1	SELECT count() FROM system.processes WHERE (initial_user NOT IN _CAST([\'backups-internal\', \'management-internal\', \'monitoring-internal\', \'observability-internal\', \'operator-internal\', \'prometheus-exporter\', \'prometheus-internal\', \'operator-cert-internal\', \'availability-monitoring-internal\', \'\'], \'Ar
2026-08-01 18:21:26	36	118	1660	1	SELECT countIf(database = \'system\') as systemParts, countIf(database != \'system\') as nonSystemParts FROM system.parts where active
2026-08-01 18:21:26	1	0	0	1	SELECT countIf(database = \'system\') as systemMerges, countIf(database != \'system\') as nonSystemMerges FROM system.merges
2026-08-01 18:21:27	3	0	0	0	SELECT now64(6) as scrape_time_microseconds, \'tzy1uvq\' AS pod_ident, \'boneaws-al-46\' AS spoken_name, \'cell-1\' AS cell, \'ap-south-1\' AS region, \'aws\' AS cloud_provider, \'26.2.1.525\' AS clickhouse_version, \'0fc3eaab-fbcb-4533-8825-9be9faaea781\' AS control_plane_id, \'aarch64\' AS system_processor, * FRO
2026-08-01 18:21:28	4	0	0	0	SELECT now64(6) as scrape_time_microseconds, \'tzy1uvq\' AS pod_ident, \'boneaws-al-46\' AS spoken_name, \'cell-1\' AS cell, \'ap-south-1\' AS region, \'aws\' AS cloud_provider, \'26.2.1.525\' AS clickhouse_version, \'0fc3eaab-fbcb-4533-8825-9be9faaea781\' AS control_plane_id, \'aarch64\' AS system_processor, * FRO
2026-08-01 18:21:28	2	0	0	1	             SELECT                 name,                 toJSONString(labels) as labels_serialized,                 value,                 help,                 type             FROM (                 SELECT   \'ClickHouse_CustomMetric_TotalMemoryUsedByMerges\' AS name,   toFloat64(SUM(memory_usage))
2026-08-01 18:21:30	3	0	0	0	SELECT now64(6) as scrape_time_microseconds, \'tzy1uvq\' AS pod_ident, \'boneaws-al-46\' AS spoken_name, \'cell-1\' AS cell, \'ap-south-1\' AS region, \'aws\' AS cloud_provider, \'26.2.1.525\' AS clickhouse_version, \'0fc3eaab-fbcb-4533-8825-9be9faaea781\' AS control_plane_id, \'aarch64\' AS system_processor, * FRO
2026-08-01 18:21:30	1	1	1	1	SELECT displayName(), version(), revision(), timezone()
2026-08-01 18:21:30	1	1	1	1	SELECT 1;
2026-08-01 18:21:31	2	316	114923	316	SELECT  now64(6) as scrape_time_microseconds, \'tzy1uvq\' AS pod_ident, \'boneaws-al-46\' AS spoken_name, \'cell-1\' AS cell, \'ap-south-1\' AS region, \'aws\' AS cloud_provider, \'26.2.1.525\' AS clickhouse_version, \'0fc3eaab-fbcb-4533-8825-9be9faaea781\' AS control_plane_id, \'aarch64\' AS system_processor, * FR
2026-08-01 18:21:35	6	145	35540	145	SELECT             name,             value,             help,             JSONExtract(labels_serialized, \'Map(String, String)\') as labels,             type         FROM merge(system, \'^_custom_metrics_dictionary_.*\')         FORMAT Prometheus
2026-08-01 18:21:36	3	2	12834	1	SELECT count() FROM system.processes WHERE (initial_user NOT IN _CAST([\'backups-internal\', \'management-internal\', \'monitoring-internal\', \'observability-internal\', \'operator-internal\', \'prometheus-exporter\', \'prometheus-internal\', \'operator-cert-internal\', \'availability-monitoring-internal\', \'\'], \'Ar
2026-08-01 18:21:36	2	116	1630	1	SELECT countIf(database = \'system\') as systemParts, countIf(database != \'system\') as nonSystemParts FROM system.parts where active
2026-08-01 18:21:36	2	0	0	1	SELECT countIf(database = \'system\') as systemMerges, countIf(database != \'system\') as nonSystemMerges FROM system.merges
2026-08-01 18:21:36	27	3171	595226	129	SELECT CAST(\'0fc3eaab-fbcb-4533-8825-9be9faaea781\', \'UUID\') AS instance_id, CAST(\'c-boneaws-al-46-server-tzy1uvq-0\', \'LowCardinality(String)\') AS node_id, CAST(name, \'LowCardinality(String)\') AS metric, CAST(mapFilter((k, v) -> has(_CAST([\'remote\'], \'Array(String)\'), k), labels), \'Map(LowCardinality
2026-08-01 18:21:37	8	8200	915140	1386	SELECT now64(6) as scrape_time_microseconds, \'tzy1uvq\' AS pod_ident, \'boneaws-al-46\' AS spoken_name, \'cell-1\' AS cell, \'ap-south-1\' AS region, \'aws\' AS cloud_provider, \'26.2.1.525\' AS clickhouse_version, \'0fc3eaab-fbcb-4533-8825-9be9faaea781\' AS control_plane_id, \'aarch64\' AS system_processor, * FRO
2026-08-01 18:21:43	2	0	0	1	             SELECT                 name,                 toJSONString(labels) as labels_serialized,                 value,                 help,                 type             FROM (                 SELECT   \'ClickHouse_CustomMetric_TotalMemoryUsedByAsynchronousInserts\' AS name,   toFloat64(SUM(t
2026-08-01 18:21:43	3	6	213	0	             SELECT                 name,                 toJSONString(labels) as labels_serialized,                 value,                 help,                 type             FROM (                 SELECT   \'ClickHouse_CustomMetric_SharedCatalogRecoveryTime\' as name,   toFloat64(recovery_time) a
2026-08-01 18:21:44	6	145	35540	145	SELECT             name,             value,             help,             JSONExtract(labels_serialized, \'Map(String, String)\') as labels,             type         FROM merge(system, \'^_custom_metrics_dictionary_.*\')         FORMAT Prometheus
2026-08-01 18:21:46	3	1	5438	1	SELECT count() FROM system.processes WHERE (initial_user NOT IN _CAST([\'backups-internal\', \'management-internal\', \'monitoring-internal\', \'observability-internal\', \'operator-internal\', \'prometheus-exporter\', \'prometheus-internal\', \'operator-cert-internal\', \'availability-monitoring-internal\', \'\'], \'Ar
2026-08-01 18:21:46	2	118	1660	1	SELECT countIf(database = \'system\') as systemParts, countIf(database != \'system\') as nonSystemParts FROM system.parts where active
2026-08-01 18:21:46	2	0	0	1	SELECT countIf(database = \'system\') as systemMerges, countIf(database != \'system\') as nonSystemMerges FROM system.merges
2026-08-01 18:21:51	6	145	35540	145	SELECT             name,             value,             help,             JSONExtract(labels_serialized, \'Map(String, String)\') as labels,             type         FROM merge(system, \'^_custom_metrics_dictionary_.*\')         FORMAT Prometheus
2026-08-01 18:21:53	2	59	472	1	             SELECT                 name,                 toJSONString(labels) as labels_serialized,                 value,                 help,                 type             FROM (                 SELECT   \'ClickHouse_CustomMetric_TotalMemoryUsedByDataSkippingIndices\' AS name,   toFloat64(SUM(d
2026-08-01 18:21:53	3	6	213	0	             SELECT                 name,                 toJSONString(labels) as labels_serialized,                 value,                 help,                 type             FROM (                 SELECT   \'ClickHouse_CustomMetric_DatabaseReplicatedRecoveryTime\' as name,   toFloat64(recovery_ti
2026-08-01 18:21:54	4336	88627	6853795	1	 WITH toDateTime(\'1970-01-21 15:46:00\', \'UTC\') AS t0, toDateTime(\'2031-07-25 11:28:00\', \'UTC\') AS t1 SELECT max(c) AS peak, toString(argMax(minute, c)) AS peak_minute, round(avg(c), 4) AS avg_c FROM (     SELECT minute, sum(d) OVER (ORDER BY minute) AS c     FROM (         SELECT minute, sum(delta) 
2026-08-01 18:21:54	14	121	1463	1	SELECT avg(ProfileEvent_OSCPUWaitMicroseconds) as cpu_wait FROM  system.metric_log  WHERE event_time > now() - INTERVAL 2 MINUTE AND event_date >= yesterday()
2026-08-01 18:21:54	4	2	10208	2	SELECT count() as count, sum(elapsed) as total_elapsed, \'lh\' as usr FROM system.processes  WHERE user = \'observability-internal\' AND client_hostname LIKE \'loghouse-scraper%\'  UNION ALL SELECT count() as count, sum(elapsed) as total_elapsed, \'other\' as usr FROM system.processes  WHERE user != \'observ
2026-08-01 18:21:54	1	875	366447	1	SELECT value FROM system.asynchronous_metrics WHERE metric = \'OSMemoryAvailable\' ;
2026-08-01 18:21:56	2	2	12834	1	SELECT count() FROM system.processes WHERE (initial_user NOT IN _CAST([\'backups-internal\', \'management-internal\', \'monitoring-internal\', \'observability-internal\', \'operator-internal\', \'prometheus-exporter\', \'prometheus-internal\', \'operator-cert-internal\', \'availability-monitoring-internal\', \'\'], \'Ar
2026-08-01 18:21:56	2	117	1645	1	SELECT countIf(database = \'system\') as systemParts, countIf(database != \'system\') as nonSystemParts FROM system.parts where active
2026-08-01 18:21:56	2	0	0	1	SELECT countIf(database = \'system\') as systemMerges, countIf(database != \'system\') as nonSystemMerges FROM system.merges
2026-08-01 18:21:56	24	3171	595226	129	SELECT CAST(\'0fc3eaab-fbcb-4533-8825-9be9faaea781\', \'UUID\') AS instance_id, CAST(\'c-boneaws-al-46-server-tzy1uvq-0\', \'LowCardinality(String)\') AS node_id, CAST(name, \'LowCardinality(String)\') AS metric, CAST(mapFilter((k, v) -> has(_CAST([\'remote\'], \'Array(String)\'), k), labels), \'Map(LowCardinality
2026-08-01 18:21:58	1	6	2128	6	             SELECT                 name,                 toJSONString(labels) as labels_serialized,                 value,                 help,                 type             FROM (                 SELECT   concat(\'clickhouse_\', system.dimensional_metrics.metric) AS name,   toFloat64(system.dime
2026-08-01 18:21:58	2	5	10104	1	             SELECT                 name,                 toJSONString(labels) as labels_serialized,                 value,                 help,                 type             FROM (                 SELECT   \'ClickHouse_CustomMetric_TotalMemoryUsedByQueries\' AS name,   toFloat64(SUM(peak_memory_u
2026-08-01 18:21:58	2	15	1013	15	             SELECT                 name,                 toJSONString(labels) as labels_serialized,                 value,                 help,                 type             FROM (                 SELECT     \'ClickHouse_MetricsCollection_CustomMetricsSystemTable\' AS name,     toFloat64(1) AS va
2026-08-01 18:21:58	2	13	6340	1	             SELECT                 name,                 toJSONString(labels) as labels_serialized,                 value,                 help,                 type             FROM (                 SELECT   \'ClickHouse_CustomMetric_TotalMemoryUsedByDictionaries\' AS name,   toFloat64(SUM(bytes_al
2026-08-01 18:21:58	3	6	213	0	             SELECT                 name,                 toJSONString(labels) as labels_serialized,                 value,                 help,                 type             FROM (                 SELECT   \'ClickHouse_CustomMetric_SharedCatalogRecoveryTime\' as name,   toFloat64(recovery_time) a
2026-08-01 18:22:03	2	0	0	0	             SELECT                 name,                 toJSONString(labels) as labels_serialized,                 value,                 help,                 type             FROM (                 SELECT   \'ClickHouse_CustomMetric_FailedMutations\' as name,   toFloat64(count()) as value,   \'The 
2026-08-01 18:22:03	3	6	213	0	             SELECT                 name,                 toJSONString(labels) as labels_serialized,                 value,                 help,                 type             FROM (                 SELECT   \'ClickHouse_CustomMetric_SharedCatalogRecoveryTime\' as name,   toFloat64(recovery_time) a
2026-08-01 18:22:05	5	145	35540	145	SELECT             name,             value,             help,             JSONExtract(labels_serialized, \'Map(String, String)\') as labels,             type         FROM merge(system, \'^_custom_metrics_dictionary_.*\')         FORMAT Prometheus
2026-08-01 18:22:06	3	1	5438	1	SELECT count() FROM system.processes WHERE (initial_user NOT IN _CAST([\'backups-internal\', \'management-internal\', \'monitoring-internal\', \'observability-internal\', \'operator-internal\', \'prometheus-exporter\', \'prometheus-internal\', \'operator-cert-internal\', \'availability-monitoring-internal\', \'\'], \'Ar
2026-08-01 18:22:06	2	120	1690	1	SELECT countIf(database = \'system\') as systemParts, countIf(database != \'system\') as nonSystemParts FROM system.parts where active
2026-08-01 18:22:06	1	0	0	1	SELECT countIf(database = \'system\') as systemMerges, countIf(database != \'system\') as nonSystemMerges FROM system.merges
2026-08-01 18:22:08	1	1	1	1	SELECT displayName(), version(), revision(), timezone()
2026-08-01 18:22:08	1	0	0	1	             SELECT                 name,                 toJSONString(labels) as labels_serialized,                 value,                 help,                 type             FROM (                 SELECT   \'ClickHouse_CustomMetric_TotalMemoryUsedByAsynchronousInserts\' AS name,   toFloat64(SUM(t
2026-08-01 18:22:08	3	6	213	0	             SELECT                 name,                 toJSONString(labels) as labels_serialized,                 value,                 help,                 type             FROM (                 SELECT   \'ClickHouse_CustomMetric_SharedCatalogRecoveryTime\' as name,   toFloat64(recovery_time) a
2026-08-01 18:22:09	0	1	1	1	SELECT 1;
2026-08-01 18:22:12	2	3	860	3	SELECT  now64(6) as scrape_time_microseconds, \'tzy1uvq\' AS pod_ident, \'boneaws-al-46\' AS spoken_name, \'cell-1\' AS cell, \'ap-south-1\' AS region, \'aws\' AS cloud_provider, \'26.2.1.525\' AS clickhouse_version, \'0fc3eaab-fbcb-4533-8825-9be9faaea781\' AS control_plane_id, \'aarch64\' AS system_processor, * FR
2026-08-01 18:22:13	2	0	0	1	             SELECT                 name,                 toJSONString(labels) as labels_serialized,                 value,                 help,                 type             FROM (                 SELECT   \'ClickHouse_CustomMetric_TotalMemoryUsedByMerges\' AS name,   toFloat64(SUM(memory_usage))
2026-08-01 18:22:13	2	13	6340	1	             SELECT                 name,                 toJSONString(labels) as labels_serialized,                 value,                 help,                 type             FROM (                 SELECT   \'ClickHouse_CustomMetric_TotalMemoryUsedByDictionaries\' AS name,   toFloat64(SUM(bytes_al
2026-08-01 18:22:14	7	145	35540	145	SELECT             name,             value,             help,             JSONExtract(labels_serialized, \'Map(String, String)\') as labels,             type         FROM merge(system, \'^_custom_metrics_dictionary_.*\')         FORMAT Prometheus
2026-08-01 18:22:16	7	378	114440	5	WITH metrics AS (SELECT name AS metric, toFloat64(value) AS val, now() AS ts FROM system.server_settings WHERE multiMatchAny(name, _CAST([\'^max_database_num_to_throw$\', \'^max_database_num_to_warn$\', \'^max_table_num_to_throw$\', \'^max_table_num_to_warn$\', \'^max_concurrent_queries$\'], \'Array(String)\'))
2026-08-01 18:22:16	5	0	0	0	WITH source AS (SELECT [\'matview_execution_total\', if(exception_code != 0, \'matview_execution_fail\', \'\')] AS metrics, event_time AS ts FROM system.query_views_log WHERE (status != \'QueryStart\') AND (event_date >= toDate(_CAST(\'1785608381.239\', \'DateTime64\'))) AND (event_time >= toDateTime(_CAST(\'178
2026-08-01 18:22:16	9	69760	1123006	1560	SELECT CAST(\'0fc3eaab-fbcb-4533-8825-9be9faaea781\', \'UUID\') AS control_plane_id, CAST(\'c-boneaws-al-46-server-tzy1uvq-0\', \'LowCardinality(String)\') AS pod_id, CAST(now64(), \'DateTime64(6)\') AS scrape_ts_microseconds, CAST(event_date, \'Date\') AS event_date, CAST(event_time, \'DateTime\') AS event_time,
2026-08-01 18:22:16	10	0	0	1	WITH failed_mutations AS (SELECT toDateTime(create_time) AS ts, count() AS val FROM system.mutations WHERE (ts > toDateTime(_CAST(\'1785608381.239\', \'DateTime64\'))) AND (ts <= toDateTime(_CAST(\'1785608501.239\', \'DateTime64\'))) AND (latest_failed_part != \'\') AND (is_done = 0) GROUP BY ts), failed_muta
2026-08-01 18:22:16	3	8	39414	1	SELECT count() FROM system.processes WHERE (initial_user NOT IN _CAST([\'backups-internal\', \'management-internal\', \'monitoring-internal\', \'observability-internal\', \'operator-internal\', \'prometheus-exporter\', \'prometheus-internal\', \'operator-cert-internal\', \'availability-monitoring-internal\', \'\'], \'Ar
2026-08-01 18:22:16	10	5906	88586	16	WITH metrics AS (SELECT multiIf((event_type = \'MergeParts\') AND (error = 0), \'merges_finished\', (event_type = \'MergeParts\') AND (error != 0), \'merges_failed\', (event_type = \'MutatePart\') AND (error = 0), \'mutate_part_finished\', (event_type = \'MutatePart\') AND (error != 0), \'mutate_part_failed\', NULL
2026-08-01 18:22:16	2	122	1720	1	SELECT countIf(database = \'system\') as systemParts, countIf(database != \'system\') as nonSystemParts FROM system.parts where active
2026-08-01 18:22:16	25	3171	595226	129	SELECT CAST(\'0fc3eaab-fbcb-4533-8825-9be9faaea781\', \'UUID\') AS instance_id, CAST(\'c-boneaws-al-46-server-tzy1uvq-0\', \'LowCardinality(String)\') AS node_id, CAST(name, \'LowCardinality(String)\') AS metric, CAST(mapFilter((k, v) -> has(_CAST([\'remote\'], \'Array(String)\'), k), labels), \'Map(LowCardinality
2026-08-01 18:22:16	1	0	0	1	SELECT countIf(database = \'system\') as systemMerges, countIf(database != \'system\') as nonSystemMerges FROM system.merges
2026-08-01 18:22:16	51	635	196812	120	SELECT CAST(\'0fc3eaab-fbcb-4533-8825-9be9faaea781\', \'UUID\') AS control_plane_id, CAST(\'c-boneaws-al-46-server-tzy1uvq-0\', \'LowCardinality(String)\') AS pod_id, CAST(now64(), \'DateTime64(6)\') AS scrape_ts_microseconds, CAST(event_date, \'Date\') AS event_date, CAST(event_time, \'DateTime\') AS event_time,
2026-08-01 18:22:16	158	811	223343	18	WITH parts_agg AS (SELECT database AS agg_database, `table` AS agg_table, SUM(primary_key_size) AS primary_index_size, SUM(secondary_indices_compressed_bytes) AS secondary_index_size FROM system.parts WHERE active AND (database != \'system\') GROUP BY database, `table`), proj_agg AS (SELECT database A
2026-08-01 18:22:17	6	6201	6201	1	SELECT count(*) FROM system.columns
2026-08-01 18:22:18	2	59	472	1	             SELECT                 name,                 toJSONString(labels) as labels_serialized,                 value,                 help,                 type             FROM (                 SELECT   \'ClickHouse_CustomMetric_TotalMemoryUsedByDataSkippingIndices\' AS name,   toFloat64(SUM(d
2026-08-01 18:22:21	6	145	35540	145	SELECT             name,             value,             help,             JSONExtract(labels_serialized, \'Map(String, String)\') as labels,             type         FROM merge(system, \'^_custom_metrics_dictionary_.*\')         FORMAT Prometheus
2026-08-01 18:22:23	2	0	0	1	             SELECT                 name,                 toJSONString(labels) as labels_serialized,                 value,                 help,                 type             FROM (                 SELECT   \'ClickHouse_CustomMetric_TotalMemoryUsedByAsynchronousInserts\' AS name,   toFloat64(SUM(t
2026-08-01 18:22:23	3	14	9020	0	             SELECT                 name,                 toJSONString(labels) as labels_serialized,                 value,                 help,                 type             FROM (                 SELECT   \'clickhouse_table_replica_readonly_start_timestamp_seconds\' as name,   toFloat64(toUnixTi
2026-08-01 18:22:24	13	635	8890	1	SELECT avg(ProfileEvent_OSCPUWaitMicroseconds) as cpu_wait FROM  system.metric_log  WHERE event_time > now() - INTERVAL 2 MINUTE AND event_date >= yesterday()
2026-08-01 18:22:24	4	2	10208	2	SELECT count() as count, sum(elapsed) as total_elapsed, \'lh\' as usr FROM system.processes  WHERE user = \'observability-internal\' AND client_hostname LIKE \'loghouse-scraper%\'  UNION ALL SELECT count() as count, sum(elapsed) as total_elapsed, \'other\' as usr FROM system.processes  WHERE user != \'observ
2026-08-01 18:22:24	1	875	366447	1	SELECT value FROM system.asynchronous_metrics WHERE metric = \'OSMemoryAvailable\' ;
2026-08-01 18:22:26	3	1	5438	1	SELECT count() FROM system.processes WHERE (initial_user NOT IN _CAST([\'backups-internal\', \'management-internal\', \'monitoring-internal\', \'observability-internal\', \'operator-internal\', \'prometheus-exporter\', \'prometheus-internal\', \'operator-cert-internal\', \'availability-monitoring-internal\', \'\'], \'Ar
2026-08-01 18:22:26	2	126	1780	1	SELECT countIf(database = \'system\') as systemParts, countIf(database != \'system\') as nonSystemParts FROM system.parts where active
2026-08-01 18:22:26	2	0	0	1	SELECT countIf(database = \'system\') as systemMerges, countIf(database != \'system\') as nonSystemMerges FROM system.merges
2026-08-01 18:22:28	4	6	213	0	             SELECT                 name,                 toJSONString(labels) as labels_serialized,                 value,                 help,                 type             FROM (                 SELECT   \'ClickHouse_CustomMetric_SharedCatalogRecoveryTime\' as name,   toFloat64(recovery_time) a
2026-08-01 18:22:33	1	6	2128	6	             SELECT                 name,                 toJSONString(labels) as labels_serialized,                 value,                 help,                 type             FROM (                 SELECT   concat(\'clickhouse_\', system.dimensional_metrics.metric) AS name,   toFloat64(system.dime
2026-08-01 18:22:33	1	0	0	1	             SELECT                 name,                 toJSONString(labels) as labels_serialized,                 value,                 help,                 type             FROM (                 SELECT   \'ClickHouse_CustomMetric_TotalMemoryUsedByMerges\' AS name,   toFloat64(SUM(memory_usage))
2026-08-01 18:22:33	2	0	0	0	             SELECT                 name,                 toJSONString(labels) as labels_serialized,                 value,                 help,                 type             FROM (                 SELECT   \'ClickHouse_CustomMetric_FailedMutations\' as name,   toFloat64(count()) as value,   \'The 
2026-08-01 18:22:35	6	143	34994	143	SELECT             name,             value,             help,             JSONExtract(labels_serialized, \'Map(String, String)\') as labels,             type         FROM merge(system, \'^_custom_metrics_dictionary_.*\')         FORMAT Prometheus
2026-08-01 18:22:36	3	2	12834	1	SELECT count() FROM system.processes WHERE (initial_user NOT IN _CAST([\'backups-internal\', \'management-internal\', \'monitoring-internal\', \'observability-internal\', \'operator-internal\', \'prometheus-exporter\', \'prometheus-internal\', \'operator-cert-internal\', \'availability-monitoring-internal\', \'\'], \'Ar
2026-08-01 18:22:36	2	119	1675	1	SELECT countIf(database = \'system\') as systemParts, countIf(database != \'system\') as nonSystemParts FROM system.parts where active
2026-08-01 18:22:36	2	0	0	1	SELECT countIf(database = \'system\') as systemMerges, countIf(database != \'system\') as nonSystemMerges FROM system.merges
2026-08-01 18:22:36	25	3170	595099	129	SELECT CAST(\'0fc3eaab-fbcb-4533-8825-9be9faaea781\', \'UUID\') AS instance_id, CAST(\'c-boneaws-al-46-server-tzy1uvq-0\', \'LowCardinality(String)\') AS node_id, CAST(name, \'LowCardinality(String)\') AS metric, CAST(mapFilter((k, v) -> has(_CAST([\'remote\'], \'Array(String)\'), k), labels), \'Map(LowCardinality
2026-08-01 18:22:38	9	7053	2079648	313	SELECT now64(6) as scrape_time_microseconds, \'tzy1uvq\' AS pod_ident, \'boneaws-al-46\' AS spoken_name, \'cell-1\' AS cell, \'ap-south-1\' AS region, \'aws\' AS cloud_provider, \'26.2.1.525\' AS clickhouse_version, \'0fc3eaab-fbcb-4533-8825-9be9faaea781\' AS control_plane_id, \'aarch64\' AS system_processor, * FRO
2026-08-01 18:22:38	28	3674	8438301	319	SELECT now64(6) as scrape_time_microseconds, \'tzy1uvq\' AS pod_ident, \'boneaws-al-46\' AS spoken_name, \'cell-1\' AS cell, \'ap-south-1\' AS region, \'aws\' AS cloud_provider, \'26.2.1.525\' AS clickhouse_version, \'0fc3eaab-fbcb-4533-8825-9be9faaea781\' AS control_plane_id, \'aarch64\' AS system_processor, * FRO
2026-08-01 18:22:38	2	13	6340	1	             SELECT                 name,                 toJSONString(labels) as labels_serialized,                 value,                 help,                 type             FROM (                 SELECT   \'ClickHouse_CustomMetric_TotalMemoryUsedByDictionaries\' AS name,   toFloat64(SUM(bytes_al
2026-08-01 18:22:38	3	6	213	0	             SELECT                 name,                 toJSONString(labels) as labels_serialized,                 value,                 help,                 type             FROM (                 SELECT   \'ClickHouse_CustomMetric_SharedCatalogRecoveryTime\' as name,   toFloat64(recovery_time) a
2026-08-01 18:22:39	16	17559	4192987	5997	SELECT now64(6) as scrape_time_microseconds, \'tzy1uvq\' AS pod_ident, \'boneaws-al-46\' AS spoken_name, \'cell-1\' AS cell, \'ap-south-1\' AS region, \'aws\' AS cloud_provider, \'26.2.1.525\' AS clickhouse_version, \'0fc3eaab-fbcb-4533-8825-9be9faaea781\' AS control_plane_id, \'aarch64\' AS system_processor, * FRO
2026-08-01 18:22:43	14	5761	3083517	132	SELECT now64(6) as scrape_time_microseconds, \'tzy1uvq\' AS pod_ident, \'boneaws-al-46\' AS spoken_name, \'cell-1\' AS cell, \'ap-south-1\' AS region, \'aws\' AS cloud_provider, \'26.2.1.525\' AS clickhouse_version, \'0fc3eaab-fbcb-4533-8825-9be9faaea781\' AS control_plane_id, \'aarch64\' AS system_processor, * FRO
2026-08-01 18:22:43	2	1	5022	1	             SELECT                 name,                 toJSONString(labels) as labels_serialized,                 value,                 help,                 type             FROM (                 SELECT   \'ClickHouse_CustomMetric_TotalMemoryUsedByQueries\' AS name,   toFloat64(SUM(peak_memory_u
2026-08-01 18:22:44	6	143	34994	143	SELECT             name,             value,             help,             JSONExtract(labels_serialized, \'Map(String, String)\') as labels,             type         FROM merge(system, \'^_custom_metrics_dictionary_.*\')         FORMAT Prometheus
2026-08-01 18:22:45	231	1422	3909858	120	SELECT now64(6) as scrape_time_microseconds, \'tzy1uvq\' AS pod_ident, \'boneaws-al-46\' AS spoken_name, \'cell-1\' AS cell, \'ap-south-1\' AS region, \'aws\' AS cloud_provider, \'26.2.1.525\' AS clickhouse_version, \'0fc3eaab-fbcb-4533-8825-9be9faaea781\' AS control_plane_id, \'aarch64\' AS system_processor, * FRO
2026-08-01 18:22:46	154	2580451	41357542	105367	SELECT now64(6) as scrape_time_microseconds, \'tzy1uvq\' AS pod_ident, \'boneaws-al-46\' AS spoken_name, \'cell-1\' AS cell, \'ap-south-1\' AS region, \'aws\' AS cloud_provider, \'26.2.1.525\' AS clickhouse_version, \'0fc3eaab-fbcb-4533-8825-9be9faaea781\' AS control_plane_id, \'aarch64\' AS system_processor, * FRO
2026-08-01 18:22:46	3	1	5438	1	SELECT count() FROM system.processes WHERE (initial_user NOT IN _CAST([\'backups-internal\', \'management-internal\', \'monitoring-internal\', \'observability-internal\', \'operator-internal\', \'prometheus-exporter\', \'prometheus-internal\', \'operator-cert-internal\', \'availability-monitoring-internal\', \'\'], \'Ar
2026-08-01 18:22:46	2	121	1705	1	SELECT countIf(database = \'system\') as systemParts, countIf(database != \'system\') as nonSystemParts FROM system.parts where active
2026-08-01 18:22:46	2	0	0	1	SELECT countIf(database = \'system\') as systemMerges, countIf(database != \'system\') as nonSystemMerges FROM system.merges
2026-08-01 18:22:47	21	27219	6800895	10532	SELECT now64(6) as scrape_time_microseconds, \'tzy1uvq\' AS pod_ident, \'boneaws-al-46\' AS spoken_name, \'cell-1\' AS cell, \'ap-south-1\' AS region, \'aws\' AS cloud_provider, \'26.2.1.525\' AS clickhouse_version, \'0fc3eaab-fbcb-4533-8825-9be9faaea781\' AS control_plane_id, \'aarch64\' AS system_processor, * FRO
2026-08-01 18:22:48	1	0	0	1	             SELECT                 name,                 toJSONString(labels) as labels_serialized,                 value,                 help,                 type             FROM (                 SELECT   \'ClickHouse_CustomMetric_TotalMemoryUsedByMerges\' AS name,   toFloat64(SUM(memory_usage))
2026-08-01 18:22:48	2	14	9020	0	             SELECT                 name,                 toJSONString(labels) as labels_serialized,                 value,                 help,                 type             FROM (                 SELECT   \'clickhouse_table_replica_readonly_start_timestamp_seconds\' as name,   toFloat64(toUnixTi
2026-08-01 18:22:48	3	6	213	0	             SELECT                 name,                 toJSONString(labels) as labels_serialized,                 value,                 help,                 type             FROM (                 SELECT   \'ClickHouse_CustomMetric_DatabaseReplicatedRecoveryTime\' as name,   toFloat64(recovery_ti
2026-08-01 18:22:49	21	29441	6715778	16187	SELECT now64(6) as scrape_time_microseconds, \'tzy1uvq\' AS pod_ident, \'boneaws-al-46\' AS spoken_name, \'cell-1\' AS cell, \'ap-south-1\' AS region, \'aws\' AS cloud_provider, \'26.2.1.525\' AS clickhouse_version, \'0fc3eaab-fbcb-4533-8825-9be9faaea781\' AS control_plane_id, \'aarch64\' AS system_processor, * FRO
2026-08-01 18:22:50	2	0	8	1	SELECT count() FROM system.backups where status IN (0,3)
2026-08-01 18:22:50	3	1	5472	1	SELECT count() FROM system.processes WHERE (elapsed > _CAST(0, \'Int64\')) AND (initial_user NOT IN _CAST([\'backups-internal\', \'management-internal\', \'monitoring-internal\', \'observability-internal\', \'operator-internal\', \'prometheus-exporter\', \'prometheus-internal\', \'operator-cert-internal\', \'availabil
2026-08-01 18:22:51	6	143	34994	143	SELECT             name,             value,             help,             JSONExtract(labels_serialized, \'Map(String, String)\') as labels,             type         FROM merge(system, \'^_custom_metrics_dictionary_.*\')         FORMAT Prometheus
2026-08-01 18:22:53	2	15	1013	15	             SELECT                 name,                 toJSONString(labels) as labels_serialized,                 value,                 help,                 type             FROM (                 SELECT     \'ClickHouse_MetricsCollection_CustomMetricsSystemTable\' AS name,     toFloat64(1) AS va
2026-08-01 18:22:53	3	14	9020	0	             SELECT                 name,                 toJSONString(labels) as labels_serialized,                 value,                 help,                 type             FROM (                 SELECT   \'clickhouse_table_replica_readonly_start_timestamp_seconds\' as name,   toFloat64(toUnixTi
2026-08-01 18:22:54	14	665	9310	1	SELECT avg(ProfileEvent_OSCPUWaitMicroseconds) as cpu_wait FROM  system.metric_log  WHERE event_time > now() - INTERVAL 2 MINUTE AND event_date >= yesterday()
2026-08-01 18:22:54	3	2	10208	2	SELECT count() as count, sum(elapsed) as total_elapsed, \'lh\' as usr FROM system.processes  WHERE user = \'observability-internal\' AND client_hostname LIKE \'loghouse-scraper%\'  UNION ALL SELECT count() as count, sum(elapsed) as total_elapsed, \'other\' as usr FROM system.processes  WHERE user != \'observ
2026-08-01 18:22:54	1	875	366447	1	SELECT value FROM system.asynchronous_metrics WHERE metric = \'OSMemoryAvailable\' ;
2026-08-01 18:22:56	3	2	12834	1	SELECT count() FROM system.processes WHERE (initial_user NOT IN _CAST([\'backups-internal\', \'management-internal\', \'monitoring-internal\', \'observability-internal\', \'operator-internal\', \'prometheus-exporter\', \'prometheus-internal\', \'operator-cert-internal\', \'availability-monitoring-internal\', \'\'], \'Ar
2026-08-01 18:22:56	2	114	1600	1	SELECT countIf(database = \'system\') as systemParts, countIf(database != \'system\') as nonSystemParts FROM system.parts where active
2026-08-01 18:22:56	25	3169	594956	129	SELECT CAST(\'0fc3eaab-fbcb-4533-8825-9be9faaea781\', \'UUID\') AS instance_id, CAST(\'c-boneaws-al-46-server-tzy1uvq-0\', \'LowCardinality(String)\') AS node_id, CAST(name, \'LowCardinality(String)\') AS metric, CAST(mapFilter((k, v) -> has(_CAST([\'remote\'], \'Array(String)\'), k), labels), \'Map(LowCardinality
2026-08-01 18:22:56	1	0	0	1	SELECT countIf(database = \'system\') as systemMerges, countIf(database != \'system\') as nonSystemMerges FROM system.merges
2026-08-01 18:22:57	7	420	256137	47	SELECT now64(6) as scrape_time_microseconds, \'tzy1uvq\' AS pod_ident, \'boneaws-al-46\' AS spoken_name, \'cell-1\' AS cell, \'ap-south-1\' AS region, \'aws\' AS cloud_provider, \'26.2.1.525\' AS clickhouse_version, \'0fc3eaab-fbcb-4533-8825-9be9faaea781\' AS control_plane_id, \'aarch64\' AS system_processor, * FRO
2026-08-01 18:22:58	2	0	0	0	             SELECT                 name,                 toJSONString(labels) as labels_serialized,                 value,                 help,                 type             FROM (                 SELECT   \'ClickHouse_CustomMetric_FailedMutations\' as name,   toFloat64(count()) as value,   \'The 
2026-08-01 18:23:03	2	0	0	0	             SELECT                 name,                 toJSONString(labels) as labels_serialized,                 value,                 help,                 type             FROM (                 SELECT   \'ClickHouse_CustomMetric_FailedMutations\' as name,   toFloat64(count()) as value,   \'The 
2026-08-01 18:23:05	6	143	34994	143	SELECT             name,             value,             help,             JSONExtract(labels_serialized, \'Map(String, String)\') as labels,             type         FROM merge(system, \'^_custom_metrics_dictionary_.*\')         FORMAT Prometheus
2026-08-01 18:23:06	3	1	5438	1	SELECT count() FROM system.processes WHERE (initial_user NOT IN _CAST([\'backups-internal\', \'management-internal\', \'monitoring-internal\', \'observability-internal\', \'operator-internal\', \'prometheus-exporter\', \'prometheus-internal\', \'operator-cert-internal\', \'availability-monitoring-internal\', \'\'], \'Ar
2026-08-01 18:23:06	2	117	1645	1	SELECT countIf(database = \'system\') as systemParts, countIf(database != \'system\') as nonSystemParts FROM system.parts where active
2026-08-01 18:23:06	2	0	0	1	SELECT countIf(database = \'system\') as systemMerges, countIf(database != \'system\') as nonSystemMerges FROM system.merges
2026-08-01 18:23:08	2	0	0	1	             SELECT                 name,                 toJSONString(labels) as labels_serialized,                 value,                 help,                 type             FROM (                 SELECT   \'ClickHouse_CustomMetric_TotalMemoryUsedByMerges\' AS name,   toFloat64(SUM(memory_usage))
2026-08-01 18:23:08	2	0	0	1	             SELECT                 name,                 toJSONString(labels) as labels_serialized,                 value,                 help,                 type             FROM (                 SELECT   \'ClickHouse_CustomMetric_TotalMemoryUsedByAsynchronousInserts\' AS name,   toFloat64(SUM(t
2026-08-01 18:23:08	2	59	472	1	             SELECT                 name,                 toJSONString(labels) as labels_serialized,                 value,                 help,                 type             FROM (                 SELECT   \'ClickHouse_CustomMetric_TotalMemoryUsedByDataSkippingIndices\' AS name,   toFloat64(SUM(d
2026-08-01 18:23:13	3	6	213	0	             SELECT                 name,                 toJSONString(labels) as labels_serialized,                 value,                 help,                 type             FROM (                 SELECT   \'ClickHouse_CustomMetric_SharedCatalogRecoveryTime\' as name,   toFloat64(recovery_time) a
2026-08-01 18:23:14	6	143	34994	143	SELECT             name,             value,             help,             JSONExtract(labels_serialized, \'Map(String, String)\') as labels,             type         FROM merge(system, \'^_custom_metrics_dictionary_.*\')         FORMAT Prometheus
2026-08-01 18:23:16	2	2	12834	1	SELECT count() FROM system.processes WHERE (initial_user NOT IN _CAST([\'backups-internal\', \'management-internal\', \'monitoring-internal\', \'observability-internal\', \'operator-internal\', \'prometheus-exporter\', \'prometheus-internal\', \'operator-cert-internal\', \'availability-monitoring-internal\', \'\'], \'Ar
2026-08-01 18:23:16	2	115	1615	1	SELECT countIf(database = \'system\') as systemParts, countIf(database != \'system\') as nonSystemParts FROM system.parts where active
2026-08-01 18:23:16	24	3169	594956	129	SELECT CAST(\'0fc3eaab-fbcb-4533-8825-9be9faaea781\', \'UUID\') AS instance_id, CAST(\'c-boneaws-al-46-server-tzy1uvq-0\', \'LowCardinality(String)\') AS node_id, CAST(name, \'LowCardinality(String)\') AS metric, CAST(mapFilter((k, v) -> has(_CAST([\'remote\'], \'Array(String)\'), k), labels), \'Map(LowCardinality
2026-08-01 18:23:16	1	0	0	1	SELECT countIf(database = \'system\') as systemMerges, countIf(database != \'system\') as nonSystemMerges FROM system.merges
2026-08-01 18:23:18	2	3	7628	1	             SELECT                 name,                 toJSONString(labels) as labels_serialized,                 value,                 help,                 type             FROM (                 SELECT   \'ClickHouse_CustomMetric_TotalMemoryUsedByQueries\' AS name,   toFloat64(SUM(peak_memory_u
2026-08-01 18:23:18	2	0	0	0	             SELECT                 name,                 toJSONString(labels) as labels_serialized,                 value,                 help,                 type             FROM (                 SELECT   \'ClickHouse_CustomMetric_FailedMutations\' as name,   toFloat64(count()) as value,   \'The 
2026-08-01 18:23:18	3	6	213	0	             SELECT                 name,                 toJSONString(labels) as labels_serialized,                 value,                 help,                 type             FROM (                 SELECT   \'ClickHouse_CustomMetric_SharedCatalogRecoveryTime\' as name,   toFloat64(recovery_time) a
2026-08-01 18:23:19	3	0	0	0	SELECT now64(6) as scrape_time_microseconds, \'tzy1uvq\' AS pod_ident, \'boneaws-al-46\' AS spoken_name, \'cell-1\' AS cell, \'ap-south-1\' AS region, \'aws\' AS cloud_provider, \'26.2.1.525\' AS clickhouse_version, \'0fc3eaab-fbcb-4533-8825-9be9faaea781\' AS control_plane_id, \'aarch64\' AS system_processor, * FRO
2026-08-01 18:23:19	4	0	0	0	SELECT now64(6) as scrape_time_microseconds, \'tzy1uvq\' AS pod_ident, \'boneaws-al-46\' AS spoken_name, \'cell-1\' AS cell, \'ap-south-1\' AS region, \'aws\' AS cloud_provider, \'26.2.1.525\' AS clickhouse_version, \'0fc3eaab-fbcb-4533-8825-9be9faaea781\' AS control_plane_id, \'aarch64\' AS system_processor, * FRO
2026-08-01 18:23:20	3	0	0	0	SELECT now64(6) as scrape_time_microseconds, \'tzy1uvq\' AS pod_ident, \'boneaws-al-46\' AS spoken_name, \'cell-1\' AS cell, \'ap-south-1\' AS region, \'aws\' AS cloud_provider, \'26.2.1.525\' AS clickhouse_version, \'0fc3eaab-fbcb-4533-8825-9be9faaea781\' AS control_plane_id, \'aarch64\' AS system_processor, * FRO
2026-08-01 18:23:21	3	0	0	0	SELECT now64(6) as scrape_time_microseconds, \'tzy1uvq\' AS pod_ident, \'boneaws-al-46\' AS spoken_name, \'cell-1\' AS cell, \'ap-south-1\' AS region, \'aws\' AS cloud_provider, \'26.2.1.525\' AS clickhouse_version, \'0fc3eaab-fbcb-4533-8825-9be9faaea781\' AS control_plane_id, \'aarch64\' AS system_processor, * FRO
2026-08-01 18:23:21	5	134	32875	134	SELECT             name,             value,             help,             JSONExtract(labels_serialized, \'Map(String, String)\') as labels,             type         FROM merge(system, \'^_custom_metrics_dictionary_.*\')         FORMAT Prometheus
2026-08-01 18:23:22	2	0	0	0	SELECT now64(6) as scrape_time_microseconds, \'tzy1uvq\' AS pod_ident, \'boneaws-al-46\' AS spoken_name, \'cell-1\' AS cell, \'ap-south-1\' AS region, \'aws\' AS cloud_provider, \'26.2.1.525\' AS clickhouse_version, \'0fc3eaab-fbcb-4533-8825-9be9faaea781\' AS control_plane_id, \'aarch64\' AS system_processor, * FRO
2026-08-01 18:23:23	3	0	0	0	SELECT now64(6) as scrape_time_microseconds, \'tzy1uvq\' AS pod_ident, \'boneaws-al-46\' AS spoken_name, \'cell-1\' AS cell, \'ap-south-1\' AS region, \'aws\' AS cloud_provider, \'26.2.1.525\' AS clickhouse_version, \'0fc3eaab-fbcb-4533-8825-9be9faaea781\' AS control_plane_id, \'aarch64\' AS system_processor, * FRO
2026-08-01 18:23:23	2	0	0	0	             SELECT                 name,                 toJSONString(labels) as labels_serialized,                 value,                 help,                 type             FROM (                 SELECT   \'ClickHouse_CustomMetric_FailedMutations\' as name,   toFloat64(count()) as value,   \'The 
2026-08-01 18:23:23	2	13	6340	1	             SELECT                 name,                 toJSONString(labels) as labels_serialized,                 value,                 help,                 type             FROM (                 SELECT   \'ClickHouse_CustomMetric_TotalMemoryUsedByDictionaries\' AS name,   toFloat64(SUM(bytes_al
2026-08-01 18:23:23	3	14	9020	0	             SELECT                 name,                 toJSONString(labels) as labels_serialized,                 value,                 help,                 type             FROM (                 SELECT   \'clickhouse_table_replica_readonly_start_timestamp_seconds\' as name,   toFloat64(toUnixTi
2026-08-01 18:23:24	3	0	0	0	SELECT now64(6) as scrape_time_microseconds, \'tzy1uvq\' AS pod_ident, \'boneaws-al-46\' AS spoken_name, \'cell-1\' AS cell, \'ap-south-1\' AS region, \'aws\' AS cloud_provider, \'26.2.1.525\' AS clickhouse_version, \'0fc3eaab-fbcb-4533-8825-9be9faaea781\' AS control_plane_id, \'aarch64\' AS system_processor, * FRO
2026-08-01 18:23:24	13	695	9730	1	SELECT avg(ProfileEvent_OSCPUWaitMicroseconds) as cpu_wait FROM  system.metric_log  WHERE event_time > now() - INTERVAL 2 MINUTE AND event_date >= yesterday()
2026-08-01 18:23:24	4	2	10208	2	SELECT count() as count, sum(elapsed) as total_elapsed, \'lh\' as usr FROM system.processes  WHERE user = \'observability-internal\' AND client_hostname LIKE \'loghouse-scraper%\'  UNION ALL SELECT count() as count, sum(elapsed) as total_elapsed, \'other\' as usr FROM system.processes  WHERE user != \'observ
2026-08-01 18:23:24	1	875	366447	1	SELECT value FROM system.asynchronous_metrics WHERE metric = \'OSMemoryAvailable\' ;
2026-08-01 18:23:25	114	120	121047	5	SELECT now64(6) as scrape_time_microseconds, \'tzy1uvq\' AS pod_ident, \'boneaws-al-46\' AS spoken_name, \'cell-1\' AS cell, \'ap-south-1\' AS region, \'aws\' AS cloud_provider, \'26.2.1.525\' AS clickhouse_version, \'0fc3eaab-fbcb-4533-8825-9be9faaea781\' AS control_plane_id, \'aarch64\' AS system_processor, * FRO
2026-08-01 18:23:26	4	36	144	0	SELECT now64(6) as scrape_time_microseconds, \'tzy1uvq\' AS pod_ident, \'boneaws-al-46\' AS spoken_name, \'cell-1\' AS cell, \'ap-south-1\' AS region, \'aws\' AS cloud_provider, \'26.2.1.525\' AS clickhouse_version, \'0fc3eaab-fbcb-4533-8825-9be9faaea781\' AS control_plane_id, \'aarch64\' AS system_processor, * FRO
2026-08-01 18:23:26	3	1	5438	1	SELECT count() FROM system.processes WHERE (initial_user NOT IN _CAST([\'backups-internal\', \'management-internal\', \'monitoring-internal\', \'observability-internal\', \'operator-internal\', \'prometheus-exporter\', \'prometheus-internal\', \'operator-cert-internal\', \'availability-monitoring-internal\', \'\'], \'Ar
2026-08-01 18:23:26	2	119	1675	1	SELECT countIf(database = \'system\') as systemParts, countIf(database != \'system\') as nonSystemParts FROM system.parts where active
2026-08-01 18:23:26	1	0	0	1	SELECT countIf(database = \'system\') as systemMerges, countIf(database != \'system\') as nonSystemMerges FROM system.merges
2026-08-01 18:23:27	3	0	0	0	SELECT now64(6) as scrape_time_microseconds, \'tzy1uvq\' AS pod_ident, \'boneaws-al-46\' AS spoken_name, \'cell-1\' AS cell, \'ap-south-1\' AS region, \'aws\' AS cloud_provider, \'26.2.1.525\' AS clickhouse_version, \'0fc3eaab-fbcb-4533-8825-9be9faaea781\' AS control_plane_id, \'aarch64\' AS system_processor, * FRO
2026-08-01 18:23:28	4	0	0	0	SELECT now64(6) as scrape_time_microseconds, \'tzy1uvq\' AS pod_ident, \'boneaws-al-46\' AS spoken_name, \'cell-1\' AS cell, \'ap-south-1\' AS region, \'aws\' AS cloud_provider, \'26.2.1.525\' AS clickhouse_version, \'0fc3eaab-fbcb-4533-8825-9be9faaea781\' AS control_plane_id, \'aarch64\' AS system_processor, * FRO
2026-08-01 18:23:28	2	15	1013	15	             SELECT                 name,                 toJSONString(labels) as labels_serialized,                 value,                 help,                 type             FROM (                 SELECT     \'ClickHouse_MetricsCollection_CustomMetricsSystemTable\' AS name,     toFloat64(1) AS va
2026-08-01 18:23:28	1	1	1	1	SELECT displayName(), version(), revision(), timezone()
2026-08-01 18:23:29	0	1	1	1	SELECT 1;
2026-08-01 18:23:30	3	0	0	0	SELECT now64(6) as scrape_time_microseconds, \'tzy1uvq\' AS pod_ident, \'boneaws-al-46\' AS spoken_name, \'cell-1\' AS cell, \'ap-south-1\' AS region, \'aws\' AS cloud_provider, \'26.2.1.525\' AS clickhouse_version, \'0fc3eaab-fbcb-4533-8825-9be9faaea781\' AS control_plane_id, \'aarch64\' AS system_processor, * FRO
2026-08-01 18:23:33	2	6	2128	6	             SELECT                 name,                 toJSONString(labels) as labels_serialized,                 value,                 help,                 type             FROM (                 SELECT   concat(\'clickhouse_\', system.dimensional_metrics.metric) AS name,   toFloat64(system.dime
2026-08-01 18:23:33	2	15	1013	15	             SELECT                 name,                 toJSONString(labels) as labels_serialized,                 value,                 help,                 type             FROM (                 SELECT     \'ClickHouse_MetricsCollection_CustomMetricsSystemTable\' AS name,     toFloat64(1) AS va
2026-08-01 18:23:35	5	134	32875	134	SELECT             name,             value,             help,             JSONExtract(labels_serialized, \'Map(String, String)\') as labels,             type         FROM merge(system, \'^_custom_metrics_dictionary_.*\')         FORMAT Prometheus
2026-08-01 18:23:36	2	2	12834	1	SELECT count() FROM system.processes WHERE (initial_user NOT IN _CAST([\'backups-internal\', \'management-internal\', \'monitoring-internal\', \'observability-internal\', \'operator-internal\', \'prometheus-exporter\', \'prometheus-internal\', \'operator-cert-internal\', \'availability-monitoring-internal\', \'\'], \'Ar
2026-08-01 18:23:36	2	116	1630	1	SELECT countIf(database = \'system\') as systemParts, countIf(database != \'system\') as nonSystemParts FROM system.parts where active
2026-08-01 18:23:36	1	0	0	1	SELECT countIf(database = \'system\') as systemMerges, countIf(database != \'system\') as nonSystemMerges FROM system.merges
2026-08-01 18:23:36	23	3160	593762	129	SELECT CAST(\'0fc3eaab-fbcb-4533-8825-9be9faaea781\', \'UUID\') AS instance_id, CAST(\'c-boneaws-al-46-server-tzy1uvq-0\', \'LowCardinality(String)\') AS node_id, CAST(name, \'LowCardinality(String)\') AS metric, CAST(mapFilter((k, v) -> has(_CAST([\'remote\'], \'Array(String)\'), k), labels), \'Map(LowCardinality
2026-08-01 18:23:37	7	8200	915140	2181	SELECT now64(6) as scrape_time_microseconds, \'tzy1uvq\' AS pod_ident, \'boneaws-al-46\' AS spoken_name, \'cell-1\' AS cell, \'ap-south-1\' AS region, \'aws\' AS cloud_provider, \'26.2.1.525\' AS clickhouse_version, \'0fc3eaab-fbcb-4533-8825-9be9faaea781\' AS control_plane_id, \'aarch64\' AS system_processor, * FRO
2026-08-01 18:23:43	2	59	472	1	             SELECT                 name,                 toJSONString(labels) as labels_serialized,                 value,                 help,                 type             FROM (                 SELECT   \'ClickHouse_CustomMetric_TotalMemoryUsedByDataSkippingIndices\' AS name,   toFloat64(SUM(d
2026-08-01 18:23:44	7	134	32875	134	SELECT             name,             value,             help,             JSONExtract(labels_serialized, \'Map(String, String)\') as labels,             type         FROM merge(system, \'^_custom_metrics_dictionary_.*\')         FORMAT Prometheus
2026-08-01 18:23:46	3	1	5438	1	SELECT count() FROM system.processes WHERE (initial_user NOT IN _CAST([\'backups-internal\', \'management-internal\', \'monitoring-internal\', \'observability-internal\', \'operator-internal\', \'prometheus-exporter\', \'prometheus-internal\', \'operator-cert-internal\', \'availability-monitoring-internal\', \'\'], \'Ar
2026-08-01 18:23:46	2	113	1585	1	SELECT countIf(database = \'system\') as systemParts, countIf(database != \'system\') as nonSystemParts FROM system.parts where active
2026-08-01 18:23:46	1	0	0	1	SELECT countIf(database = \'system\') as systemMerges, countIf(database != \'system\') as nonSystemMerges FROM system.merges
2026-08-01 18:23:48	2	14	9020	0	             SELECT                 name,                 toJSONString(labels) as labels_serialized,                 value,                 help,                 type             FROM (                 SELECT   \'clickhouse_table_replica_readonly_start_timestamp_seconds\' as name,   toFloat64(toUnixTi
2026-08-01 18:23:48	3	6	213	0	             SELECT                 name,                 toJSONString(labels) as labels_serialized,                 value,                 help,                 type             FROM (                 SELECT   \'ClickHouse_CustomMetric_DatabaseReplicatedRecoveryTime\' as name,   toFloat64(recovery_ti
2026-08-01 18:23:51	5	134	32875	134	SELECT             name,             value,             help,             JSONExtract(labels_serialized, \'Map(String, String)\') as labels,             type         FROM merge(system, \'^_custom_metrics_dictionary_.*\')         FORMAT Prometheus
2026-08-01 18:23:55	14	725	10150	1	SELECT avg(ProfileEvent_OSCPUWaitMicroseconds) as cpu_wait FROM  system.metric_log  WHERE event_time > now() - INTERVAL 2 MINUTE AND event_date >= yesterday()
2026-08-01 18:23:55	4	2	10208	2	SELECT count() as count, sum(elapsed) as total_elapsed, \'lh\' as usr FROM system.processes  WHERE user = \'observability-internal\' AND client_hostname LIKE \'loghouse-scraper%\'  UNION ALL SELECT count() as count, sum(elapsed) as total_elapsed, \'other\' as usr FROM system.processes  WHERE user != \'observ
2026-08-01 18:23:55	1	875	366447	1	SELECT value FROM system.asynchronous_metrics WHERE metric = \'OSMemoryAvailable\' ;
2026-08-01 18:23:56	3	2	12834	1	SELECT count() FROM system.processes WHERE (initial_user NOT IN _CAST([\'backups-internal\', \'management-internal\', \'monitoring-internal\', \'observability-internal\', \'operator-internal\', \'prometheus-exporter\', \'prometheus-internal\', \'operator-cert-internal\', \'availability-monitoring-internal\', \'\'], \'Ar
2026-08-01 18:23:56	2	116	1630	1	SELECT countIf(database = \'system\') as systemParts, countIf(database != \'system\') as nonSystemParts FROM system.parts where active
2026-08-01 18:23:56	23	3160	593762	129	SELECT CAST(\'0fc3eaab-fbcb-4533-8825-9be9faaea781\', \'UUID\') AS instance_id, CAST(\'c-boneaws-al-46-server-tzy1uvq-0\', \'LowCardinality(String)\') AS node_id, CAST(name, \'LowCardinality(String)\') AS metric, CAST(mapFilter((k, v) -> has(_CAST([\'remote\'], \'Array(String)\'), k), labels), \'Map(LowCardinality
2026-08-01 18:23:56	1	0	0	1	SELECT countIf(database = \'system\') as systemMerges, countIf(database != \'system\') as nonSystemMerges FROM system.merges
2026-08-01 18:23:58	2	0	0	1	             SELECT                 name,                 toJSONString(labels) as labels_serialized,                 value,                 help,                 type             FROM (                 SELECT   \'ClickHouse_CustomMetric_TotalMemoryUsedByAsynchronousInserts\' AS name,   toFloat64(SUM(t
2026-08-01 18:23:58	2	0	0	1	             SELECT                 name,                 toJSONString(labels) as labels_serialized,                 value,                 help,                 type             FROM (                 SELECT   \'ClickHouse_CustomMetric_TotalMemoryUsedByMerges\' AS name,   toFloat64(SUM(memory_usage))
2026-08-01 18:23:58	2	59	472	1	             SELECT                 name,                 toJSONString(labels) as labels_serialized,                 value,                 help,                 type             FROM (                 SELECT   \'ClickHouse_CustomMetric_TotalMemoryUsedByDataSkippingIndices\' AS name,   toFloat64(SUM(d
2026-08-01 18:24:00	1	15	1195	1	SELECT count(*) FROM system.settings_profiles
2026-08-01 18:24:03	1	6	2128	6	             SELECT                 name,                 toJSONString(labels) as labels_serialized,                 value,                 help,                 type             FROM (                 SELECT   concat(\'clickhouse_\', system.dimensional_metrics.metric) AS name,   toFloat64(system.dime
2026-08-01 18:24:03	1	0	0	1	             SELECT                 name,                 toJSONString(labels) as labels_serialized,                 value,                 help,                 type             FROM (                 SELECT   \'ClickHouse_CustomMetric_TotalMemoryUsedByAsynchronousInserts\' AS name,   toFloat64(SUM(t
2026-08-01 18:24:03	1	0	0	1	             SELECT                 name,                 toJSONString(labels) as labels_serialized,                 value,                 help,                 type             FROM (                 SELECT   \'ClickHouse_CustomMetric_TotalMemoryUsedByMerges\' AS name,   toFloat64(SUM(memory_usage))
2026-08-01 18:24:03	2	0	0	0	             SELECT                 name,                 toJSONString(labels) as labels_serialized,                 value,                 help,                 type             FROM (                 SELECT   \'ClickHouse_CustomMetric_FailedMutations\' as name,   toFloat64(count()) as value,   \'The 
2026-08-01 18:24:03	2	15	1013	15	             SELECT                 name,                 toJSONString(labels) as labels_serialized,                 value,                 help,                 type             FROM (                 SELECT     \'ClickHouse_MetricsCollection_CustomMetricsSystemTable\' AS name,     toFloat64(1) AS va
2026-08-01 18:24:05	5	134	32875	134	SELECT             name,             value,             help,             JSONExtract(labels_serialized, \'Map(String, String)\') as labels,             type         FROM merge(system, \'^_custom_metrics_dictionary_.*\')         FORMAT Prometheus
2026-08-01 18:24:06	3	1	5438	1	SELECT count() FROM system.processes WHERE (initial_user NOT IN _CAST([\'backups-internal\', \'management-internal\', \'monitoring-internal\', \'observability-internal\', \'operator-internal\', \'prometheus-exporter\', \'prometheus-internal\', \'operator-cert-internal\', \'availability-monitoring-internal\', \'\'], \'Ar
2026-08-01 18:24:06	2	124	1750	1	SELECT countIf(database = \'system\') as systemParts, countIf(database != \'system\') as nonSystemParts FROM system.parts where active
2026-08-01 18:24:06	1	0	0	1	SELECT countIf(database = \'system\') as systemMerges, countIf(database != \'system\') as nonSystemMerges FROM system.merges
2026-08-01 18:24:13	1	0	0	1	             SELECT                 name,                 toJSONString(labels) as labels_serialized,                 value,                 help,                 type             FROM (                 SELECT   \'ClickHouse_CustomMetric_TotalMemoryUsedByAsynchronousInserts\' AS name,   toFloat64(SUM(t
2026-08-01 18:24:13	1	0	0	1	             SELECT                 name,                 toJSONString(labels) as labels_serialized,                 value,                 help,                 type             FROM (                 SELECT   \'ClickHouse_CustomMetric_TotalMemoryUsedByMerges\' AS name,   toFloat64(SUM(memory_usage))
2026-08-01 18:24:13	2	4	8798	1	             SELECT                 name,                 toJSONString(labels) as labels_serialized,                 value,                 help,                 type             FROM (                 SELECT   \'ClickHouse_CustomMetric_TotalMemoryUsedByQueries\' AS name,   toFloat64(SUM(peak_memory_u
2026-08-01 18:24:13	3	6	213	0	             SELECT                 name,                 toJSONString(labels) as labels_serialized,                 value,                 help,                 type             FROM (                 SELECT   \'ClickHouse_CustomMetric_SharedCatalogRecoveryTime\' as name,   toFloat64(recovery_time) a
2026-08-01 18:24:14	5	134	32875	134	SELECT             name,             value,             help,             JSONExtract(labels_serialized, \'Map(String, String)\') as labels,             type         FROM merge(system, \'^_custom_metrics_dictionary_.*\')         FORMAT Prometheus
2026-08-01 18:24:16	5	378	114440	5	WITH metrics AS (SELECT name AS metric, toFloat64(value) AS val, now() AS ts FROM system.server_settings WHERE multiMatchAny(name, _CAST([\'^max_database_num_to_throw$\', \'^max_database_num_to_warn$\', \'^max_table_num_to_throw$\', \'^max_table_num_to_warn$\', \'^max_concurrent_queries$\'], \'Array(String)\'))
2026-08-01 18:24:16	5	0	0	0	WITH source AS (SELECT [\'matview_execution_total\', if(exception_code != 0, \'matview_execution_fail\', \'\')] AS metrics, event_time AS ts FROM system.query_views_log WHERE (status != \'QueryStart\') AND (event_date >= toDate(_CAST(\'1785608501.239\', \'DateTime64\'))) AND (event_time >= toDateTime(_CAST(\'178
2026-08-01 18:24:16	9	0	0	1	WITH failed_mutations AS (SELECT toDateTime(create_time) AS ts, count() AS val FROM system.mutations WHERE (ts > toDateTime(_CAST(\'1785608501.239\', \'DateTime64\'))) AND (ts <= toDateTime(_CAST(\'1785608621.239\', \'DateTime64\'))) AND (latest_failed_part != \'\') AND (is_done = 0) GROUP BY ts), failed_muta
2026-08-01 18:24:16	3	8	39187	1	SELECT count() FROM system.processes WHERE (initial_user NOT IN _CAST([\'backups-internal\', \'management-internal\', \'monitoring-internal\', \'observability-internal\', \'operator-internal\', \'prometheus-exporter\', \'prometheus-internal\', \'operator-cert-internal\', \'availability-monitoring-internal\', \'\'], \'Ar
2026-08-01 18:24:16	9	140940	2149805	1560	SELECT CAST(\'0fc3eaab-fbcb-4533-8825-9be9faaea781\', \'UUID\') AS control_plane_id, CAST(\'c-boneaws-al-46-server-tzy1uvq-0\', \'LowCardinality(String)\') AS pod_id, CAST(now64(), \'DateTime64(6)\') AS scrape_ts_microseconds, CAST(event_date, \'Date\') AS event_date, CAST(event_time, \'DateTime\') AS event_time,
2026-08-01 18:24:16	9	6063	90941	12	WITH metrics AS (SELECT multiIf((event_type = \'MergeParts\') AND (error = 0), \'merges_finished\', (event_type = \'MergeParts\') AND (error != 0), \'merges_failed\', (event_type = \'MutatePart\') AND (error = 0), \'mutate_part_finished\', (event_type = \'MutatePart\') AND (error != 0), \'mutate_part_failed\', NULL
2026-08-01 18:24:16	2	126	1780	1	SELECT countIf(database = \'system\') as systemParts, countIf(database != \'system\') as nonSystemParts FROM system.parts where active
2026-08-01 18:24:16	1	0	0	1	SELECT countIf(database = \'system\') as systemMerges, countIf(database != \'system\') as nonSystemMerges FROM system.merges
2026-08-01 18:24:16	24	3161	593905	129	SELECT CAST(\'0fc3eaab-fbcb-4533-8825-9be9faaea781\', \'UUID\') AS instance_id, CAST(\'c-boneaws-al-46-server-tzy1uvq-0\', \'LowCardinality(String)\') AS node_id, CAST(name, \'LowCardinality(String)\') AS metric, CAST(mapFilter((k, v) -> has(_CAST([\'remote\'], \'Array(String)\'), k), labels), \'Map(LowCardinality
2026-08-01 18:24:16	58	756	234706	120	SELECT CAST(\'0fc3eaab-fbcb-4533-8825-9be9faaea781\', \'UUID\') AS control_plane_id, CAST(\'c-boneaws-al-46-server-tzy1uvq-0\', \'LowCardinality(String)\') AS pod_id, CAST(now64(), \'DateTime64(6)\') AS scrape_ts_microseconds, CAST(event_date, \'Date\') AS event_date, CAST(event_time, \'DateTime\') AS event_time,
2026-08-01 18:24:16	145	811	223343	18	WITH parts_agg AS (SELECT database AS agg_database, `table` AS agg_table, SUM(primary_key_size) AS primary_index_size, SUM(secondary_indices_compressed_bytes) AS secondary_index_size FROM system.parts WHERE active AND (database != \'system\') GROUP BY database, `table`), proj_agg AS (SELECT database A
2026-08-01 18:24:18	2	0	0	1	             SELECT                 name,                 toJSONString(labels) as labels_serialized,                 value,                 help,                 type             FROM (                 SELECT   \'ClickHouse_CustomMetric_TotalMemoryUsedByMerges\' AS name,   toFloat64(SUM(memory_usage))
2026-08-01 18:24:18	2	13	6340	1	             SELECT                 name,                 toJSONString(labels) as labels_serialized,                 value,                 help,                 type             FROM (                 SELECT   \'ClickHouse_CustomMetric_TotalMemoryUsedByDictionaries\' AS name,   toFloat64(SUM(bytes_al
2026-08-01 18:24:21	6	134	32875	134	SELECT             name,             value,             help,             JSONExtract(labels_serialized, \'Map(String, String)\') as labels,             type         FROM merge(system, \'^_custom_metrics_dictionary_.*\')         FORMAT Prometheus
2026-08-01 18:24:23	2	13	6340	13	SELECT  now64(6) as scrape_time_microseconds, \'tzy1uvq\' AS pod_ident, \'boneaws-al-46\' AS spoken_name, \'cell-1\' AS cell, \'ap-south-1\' AS region, \'aws\' AS cloud_provider, \'26.2.1.525\' AS clickhouse_version, \'0fc3eaab-fbcb-4533-8825-9be9faaea781\' AS control_plane_id, \'aarch64\' AS system_processor, * FR
2026-08-01 18:24:23	2	59	472	1	             SELECT                 name,                 toJSONString(labels) as labels_serialized,                 value,                 help,                 type             FROM (                 SELECT   \'ClickHouse_CustomMetric_TotalMemoryUsedByDataSkippingIndices\' AS name,   toFloat64(SUM(d
2026-08-01 18:24:25	14	121	1694	1	SELECT avg(ProfileEvent_OSCPUWaitMicroseconds) as cpu_wait FROM  system.metric_log  WHERE event_time > now() - INTERVAL 2 MINUTE AND event_date >= yesterday()
2026-08-01 18:24:25	3	2	10208	2	SELECT count() as count, sum(elapsed) as total_elapsed, \'lh\' as usr FROM system.processes  WHERE user = \'observability-internal\' AND client_hostname LIKE \'loghouse-scraper%\'  UNION ALL SELECT count() as count, sum(elapsed) as total_elapsed, \'other\' as usr FROM system.processes  WHERE user != \'observ
2026-08-01 18:24:25	1	876	366590	1	SELECT value FROM system.asynchronous_metrics WHERE metric = \'OSMemoryAvailable\' ;
2026-08-01 18:24:26	3	1	5438	1	SELECT count() FROM system.processes WHERE (initial_user NOT IN _CAST([\'backups-internal\', \'management-internal\', \'monitoring-internal\', \'observability-internal\', \'operator-internal\', \'prometheus-exporter\', \'prometheus-internal\', \'operator-cert-internal\', \'availability-monitoring-internal\', \'\'], \'Ar
2026-08-01 18:24:26	2	125	1765	1	SELECT countIf(database = \'system\') as systemParts, countIf(database != \'system\') as nonSystemParts FROM system.parts where active
2026-08-01 18:24:26	1	0	0	1	SELECT countIf(database = \'system\') as systemMerges, countIf(database != \'system\') as nonSystemMerges FROM system.merges
2026-08-01 18:24:28	3	14	9020	0	             SELECT                 name,                 toJSONString(labels) as labels_serialized,                 value,                 help,                 type             FROM (                 SELECT   \'clickhouse_table_replica_readonly_start_timestamp_seconds\' as name,   toFloat64(toUnixTi
2026-08-01 18:24:33	2	0	0	0	             SELECT                 name,                 toJSONString(labels) as labels_serialized,                 value,                 help,                 type             FROM (                 SELECT   \'ClickHouse_CustomMetric_FailedMutations\' as name,   toFloat64(count()) as value,   \'The 
2026-08-01 18:24:33	3	6	213	0	             SELECT                 name,                 toJSONString(labels) as labels_serialized,                 value,                 help,                 type             FROM (                 SELECT   \'ClickHouse_CustomMetric_DatabaseReplicatedRecoveryTime\' as name,   toFloat64(recovery_ti
2026-08-01 18:24:35	5	134	32875	134	SELECT             name,             value,             help,             JSONExtract(labels_serialized, \'Map(String, String)\') as labels,             type         FROM merge(system, \'^_custom_metrics_dictionary_.*\')         FORMAT Prometheus
2026-08-01 18:24:36	2	2	12834	1	SELECT count() FROM system.processes WHERE (initial_user NOT IN _CAST([\'backups-internal\', \'management-internal\', \'monitoring-internal\', \'observability-internal\', \'operator-internal\', \'prometheus-exporter\', \'prometheus-internal\', \'operator-cert-internal\', \'availability-monitoring-internal\', \'\'], \'Ar
2026-08-01 18:24:36	2	128	1810	1	SELECT countIf(database = \'system\') as systemParts, countIf(database != \'system\') as nonSystemParts FROM system.parts where active
2026-08-01 18:24:36	1	0	0	1	SELECT countIf(database = \'system\') as systemMerges, countIf(database != \'system\') as nonSystemMerges FROM system.merges
2026-08-01 18:24:36	24	3161	593905	129	SELECT CAST(\'0fc3eaab-fbcb-4533-8825-9be9faaea781\', \'UUID\') AS instance_id, CAST(\'c-boneaws-al-46-server-tzy1uvq-0\', \'LowCardinality(String)\') AS node_id, CAST(name, \'LowCardinality(String)\') AS metric, CAST(mapFilter((k, v) -> has(_CAST([\'remote\'], \'Array(String)\'), k), labels), \'Map(LowCardinality
2026-08-01 18:24:38	9	7053	2079648	446	SELECT now64(6) as scrape_time_microseconds, \'tzy1uvq\' AS pod_ident, \'boneaws-al-46\' AS spoken_name, \'cell-1\' AS cell, \'ap-south-1\' AS region, \'aws\' AS cloud_provider, \'26.2.1.525\' AS clickhouse_version, \'0fc3eaab-fbcb-4533-8825-9be9faaea781\' AS control_plane_id, \'aarch64\' AS system_processor, * FRO
2026-08-01 18:24:38	28	4090	9291799	329	SELECT now64(6) as scrape_time_microseconds, \'tzy1uvq\' AS pod_ident, \'boneaws-al-46\' AS spoken_name, \'cell-1\' AS cell, \'ap-south-1\' AS region, \'aws\' AS cloud_provider, \'26.2.1.525\' AS clickhouse_version, \'0fc3eaab-fbcb-4533-8825-9be9faaea781\' AS control_plane_id, \'aarch64\' AS system_processor, * FRO
2026-08-01 18:24:38	1	0	0	1	             SELECT                 name,                 toJSONString(labels) as labels_serialized,                 value,                 help,                 type             FROM (                 SELECT   \'ClickHouse_CustomMetric_TotalMemoryUsedByAsynchronousInserts\' AS name,   toFloat64(SUM(t
2026-08-01 18:24:38	3	14	9020	0	             SELECT                 name,                 toJSONString(labels) as labels_serialized,                 value,                 help,                 type             FROM (                 SELECT   \'clickhouse_table_replica_readonly_start_timestamp_seconds\' as name,   toFloat64(toUnixTi
2026-08-01 18:24:39	12	8249	1969583	5057	SELECT now64(6) as scrape_time_microseconds, \'tzy1uvq\' AS pod_ident, \'boneaws-al-46\' AS spoken_name, \'cell-1\' AS cell, \'ap-south-1\' AS region, \'aws\' AS cloud_provider, \'26.2.1.525\' AS clickhouse_version, \'0fc3eaab-fbcb-4533-8825-9be9faaea781\' AS control_plane_id, \'aarch64\' AS system_processor, * FRO
2026-08-01 18:24:43	13	5971	3190194	237	SELECT now64(6) as scrape_time_microseconds, \'tzy1uvq\' AS pod_ident, \'boneaws-al-46\' AS spoken_name, \'cell-1\' AS cell, \'ap-south-1\' AS region, \'aws\' AS cloud_provider, \'26.2.1.525\' AS clickhouse_version, \'0fc3eaab-fbcb-4533-8825-9be9faaea781\' AS control_plane_id, \'aarch64\' AS system_processor, * FRO
2026-08-01 18:24:43	2	15	1013	15	             SELECT                 name,                 toJSONString(labels) as labels_serialized,                 value,                 help,                 type             FROM (                 SELECT     \'ClickHouse_MetricsCollection_CustomMetricsSystemTable\' AS name,     toFloat64(1) AS va
2026-08-01 18:24:44	5	134	32875	134	SELECT             name,             value,             help,             JSONExtract(labels_serialized, \'Map(String, String)\') as labels,             type         FROM merge(system, \'^_custom_metrics_dictionary_.*\')         FORMAT Prometheus
2026-08-01 18:24:45	174	635	1750031	120	SELECT now64(6) as scrape_time_microseconds, \'tzy1uvq\' AS pod_ident, \'boneaws-al-46\' AS spoken_name, \'cell-1\' AS cell, \'ap-south-1\' AS region, \'aws\' AS cloud_provider, \'26.2.1.525\' AS clickhouse_version, \'0fc3eaab-fbcb-4533-8825-9be9faaea781\' AS control_plane_id, \'aarch64\' AS system_processor, * FRO
2026-08-01 18:24:46	160	2845749	45607224	106407	SELECT now64(6) as scrape_time_microseconds, \'tzy1uvq\' AS pod_ident, \'boneaws-al-46\' AS spoken_name, \'cell-1\' AS cell, \'ap-south-1\' AS region, \'aws\' AS cloud_provider, \'26.2.1.525\' AS clickhouse_version, \'0fc3eaab-fbcb-4533-8825-9be9faaea781\' AS control_plane_id, \'aarch64\' AS system_processor, * FRO
2026-08-01 18:24:46	3	1	5438	1	SELECT count() FROM system.processes WHERE (initial_user NOT IN _CAST([\'backups-internal\', \'management-internal\', \'monitoring-internal\', \'observability-internal\', \'operator-internal\', \'prometheus-exporter\', \'prometheus-internal\', \'operator-cert-internal\', \'availability-monitoring-internal\', \'\'], \'Ar
2026-08-01 18:24:46	2	130	1840	1	SELECT countIf(database = \'system\') as systemParts, countIf(database != \'system\') as nonSystemParts FROM system.parts where active
2026-08-01 18:24:46	1	0	0	1	SELECT countIf(database = \'system\') as systemMerges, countIf(database != \'system\') as nonSystemMerges FROM system.merges
2026-08-01 18:24:47	18	21417	5390606	10823	SELECT now64(6) as scrape_time_microseconds, \'tzy1uvq\' AS pod_ident, \'boneaws-al-46\' AS spoken_name, \'cell-1\' AS cell, \'ap-south-1\' AS region, \'aws\' AS cloud_provider, \'26.2.1.525\' AS clickhouse_version, \'0fc3eaab-fbcb-4533-8825-9be9faaea781\' AS control_plane_id, \'aarch64\' AS system_processor, * FRO
2026-08-01 18:24:47	1	1	1	1	SELECT displayName(), version(), revision(), timezone()
2026-08-01 18:24:49	20	22183	5040835	18045	SELECT now64(6) as scrape_time_microseconds, \'tzy1uvq\' AS pod_ident, \'boneaws-al-46\' AS spoken_name, \'cell-1\' AS cell, \'ap-south-1\' AS region, \'aws\' AS cloud_provider, \'26.2.1.525\' AS clickhouse_version, \'0fc3eaab-fbcb-4533-8825-9be9faaea781\' AS control_plane_id, \'aarch64\' AS system_processor, * FRO
2026-08-01 18:24:50	1	1	1	1	SELECT 1;
2026-08-01 18:24:51	6	134	32875	134	SELECT             name,             value,             help,             JSONExtract(labels_serialized, \'Map(String, String)\') as labels,             type         FROM merge(system, \'^_custom_metrics_dictionary_.*\')         FORMAT Prometheus
2026-08-01 18:24:53	2	0	0	1	             SELECT                 name,                 toJSONString(labels) as labels_serialized,                 value,                 help,                 type             FROM (                 SELECT   \'ClickHouse_CustomMetric_TotalMemoryUsedByMerges\' AS name,   toFloat64(SUM(memory_usage))
2026-08-01 18:24:55	14	121	1471	1	SELECT avg(ProfileEvent_OSCPUWaitMicroseconds) as cpu_wait FROM  system.metric_log  WHERE event_time > now() - INTERVAL 2 MINUTE AND event_date >= yesterday()
2026-08-01 18:24:55	4	2	10208	2	SELECT count() as count, sum(elapsed) as total_elapsed, \'lh\' as usr FROM system.processes  WHERE user = \'observability-internal\' AND client_hostname LIKE \'loghouse-scraper%\'  UNION ALL SELECT count() as count, sum(elapsed) as total_elapsed, \'other\' as usr FROM system.processes  WHERE user != \'observ
2026-08-01 18:24:55	1	876	366590	1	SELECT value FROM system.asynchronous_metrics WHERE metric = \'OSMemoryAvailable\' ;
2026-08-01 18:24:56	3	2	12834	1	SELECT count() FROM system.processes WHERE (initial_user NOT IN _CAST([\'backups-internal\', \'management-internal\', \'monitoring-internal\', \'observability-internal\', \'operator-internal\', \'prometheus-exporter\', \'prometheus-internal\', \'operator-cert-internal\', \'availability-monitoring-internal\', \'\'], \'Ar
2026-08-01 18:24:56	2	133	1885	1	SELECT countIf(database = \'system\') as systemParts, countIf(database != \'system\') as nonSystemParts FROM system.parts where active
2026-08-01 18:24:56	2	0	0	1	SELECT countIf(database = \'system\') as systemMerges, countIf(database != \'system\') as nonSystemMerges FROM system.merges
2026-08-01 18:24:56	26	3161	593905	129	SELECT CAST(\'0fc3eaab-fbcb-4533-8825-9be9faaea781\', \'UUID\') AS instance_id, CAST(\'c-boneaws-al-46-server-tzy1uvq-0\', \'LowCardinality(String)\') AS node_id, CAST(name, \'LowCardinality(String)\') AS metric, CAST(mapFilter((k, v) -> has(_CAST([\'remote\'], \'Array(String)\'), k), labels), \'Map(LowCardinality
2026-08-01 18:24:57	6	420	256137	51	SELECT now64(6) as scrape_time_microseconds, \'tzy1uvq\' AS pod_ident, \'boneaws-al-46\' AS spoken_name, \'cell-1\' AS cell, \'ap-south-1\' AS region, \'aws\' AS cloud_provider, \'26.2.1.525\' AS clickhouse_version, \'0fc3eaab-fbcb-4533-8825-9be9faaea781\' AS control_plane_id, \'aarch64\' AS system_processor, * FRO
2026-08-01 18:24:58	1	6	2128	6	             SELECT                 name,                 toJSONString(labels) as labels_serialized,                 value,                 help,                 type             FROM (                 SELECT   concat(\'clickhouse_\', system.dimensional_metrics.metric) AS name,   toFloat64(system.dime
2026-08-01 18:24:58	1	0	0	1	             SELECT                 name,                 toJSONString(labels) as labels_serialized,                 value,                 help,                 type             FROM (                 SELECT   \'ClickHouse_CustomMetric_TotalMemoryUsedByAsynchronousInserts\' AS name,   toFloat64(SUM(t
2026-08-01 18:24:58	2	0	0	0	             SELECT                 name,                 toJSONString(labels) as labels_serialized,                 value,                 help,                 type             FROM (                 SELECT   \'ClickHouse_CustomMetric_FailedMutations\' as name,   toFloat64(count()) as value,   \'The 
2026-08-01 18:24:58	3	6	213	0	             SELECT                 name,                 toJSONString(labels) as labels_serialized,                 value,                 help,                 type             FROM (                 SELECT   \'ClickHouse_CustomMetric_DatabaseReplicatedRecoveryTime\' as name,   toFloat64(recovery_ti
2026-08-01 18:25:04	1264	242	854608	242	SELECT  now64(6) as scrape_time_microseconds, \'tzy1uvq\' AS pod_ident, \'boneaws-al-46\' AS spoken_name, \'cell-1\' AS cell, \'ap-south-1\' AS region, \'aws\' AS cloud_provider, \'26.2.1.525\' AS clickhouse_version, \'0fc3eaab-fbcb-4533-8825-9be9faaea781\' AS control_plane_id, \'aarch64\' AS system_processor, * FR
2026-08-01 18:25:05	5	134	32875	134	SELECT             name,             value,             help,             JSONExtract(labels_serialized, \'Map(String, String)\') as labels,             type         FROM merge(system, \'^_custom_metrics_dictionary_.*\')         FORMAT Prometheus
2026-08-01 18:25:06	3	1	5438	1	SELECT count() FROM system.processes WHERE (initial_user NOT IN _CAST([\'backups-internal\', \'management-internal\', \'monitoring-internal\', \'observability-internal\', \'operator-internal\', \'prometheus-exporter\', \'prometheus-internal\', \'operator-cert-internal\', \'availability-monitoring-internal\', \'\'], \'Ar
2026-08-01 18:25:06	2	125	1765	1	SELECT countIf(database = \'system\') as systemParts, countIf(database != \'system\') as nonSystemParts FROM system.parts where active
2026-08-01 18:25:06	1	0	0	1	SELECT countIf(database = \'system\') as systemMerges, countIf(database != \'system\') as nonSystemMerges FROM system.merges
2026-08-01 18:25:08	2	59	472	1	             SELECT                 name,                 toJSONString(labels) as labels_serialized,                 value,                 help,                 type             FROM (                 SELECT   \'ClickHouse_CustomMetric_TotalMemoryUsedByDataSkippingIndices\' AS name,   toFloat64(SUM(d
2026-08-01 18:25:13	1	0	0	1	             SELECT                 name,                 toJSONString(labels) as labels_serialized,                 value,                 help,                 type             FROM (                 SELECT   \'ClickHouse_CustomMetric_TotalMemoryUsedByAsynchronousInserts\' AS name,   toFloat64(SUM(t
2026-08-01 18:25:13	2	4	8930	1	             SELECT                 name,                 toJSONString(labels) as labels_serialized,                 value,                 help,                 type             FROM (                 SELECT   \'ClickHouse_CustomMetric_TotalMemoryUsedByQueries\' AS name,   toFloat64(SUM(peak_memory_u
2026-08-01 18:25:13	3	6	213	0	             SELECT                 name,                 toJSONString(labels) as labels_serialized,                 value,                 help,                 type             FROM (                 SELECT   \'ClickHouse_CustomMetric_DatabaseReplicatedRecoveryTime\' as name,   toFloat64(recovery_ti
2026-08-01 18:25:13	3	6	213	0	             SELECT                 name,                 toJSONString(labels) as labels_serialized,                 value,                 help,                 type             FROM (                 SELECT   \'ClickHouse_CustomMetric_SharedCatalogRecoveryTime\' as name,   toFloat64(recovery_time) a
2026-08-01 18:25:14	6	134	32875	134	SELECT             name,             value,             help,             JSONExtract(labels_serialized, \'Map(String, String)\') as labels,             type         FROM merge(system, \'^_custom_metrics_dictionary_.*\')         FORMAT Prometheus
2026-08-01 18:25:16	2	2	12834	1	SELECT count() FROM system.processes WHERE (initial_user NOT IN _CAST([\'backups-internal\', \'management-internal\', \'monitoring-internal\', \'observability-internal\', \'operator-internal\', \'prometheus-exporter\', \'prometheus-internal\', \'operator-cert-internal\', \'availability-monitoring-internal\', \'\'], \'Ar
2026-08-01 18:25:16	2	128	1810	1	SELECT countIf(database = \'system\') as systemParts, countIf(database != \'system\') as nonSystemParts FROM system.parts where active
2026-08-01 18:25:16	24	3160	593762	129	SELECT CAST(\'0fc3eaab-fbcb-4533-8825-9be9faaea781\', \'UUID\') AS instance_id, CAST(\'c-boneaws-al-46-server-tzy1uvq-0\', \'LowCardinality(String)\') AS node_id, CAST(name, \'LowCardinality(String)\') AS metric, CAST(mapFilter((k, v) -> has(_CAST([\'remote\'], \'Array(String)\'), k), labels), \'Map(LowCardinality
2026-08-01 18:25:16	1	0	0	1	SELECT countIf(database = \'system\') as systemMerges, countIf(database != \'system\') as nonSystemMerges FROM system.merges
2026-08-01 18:25:18	2	13	6340	1	             SELECT                 name,                 toJSONString(labels) as labels_serialized,                 value,                 help,                 type             FROM (                 SELECT   \'ClickHouse_CustomMetric_TotalMemoryUsedByDictionaries\' AS name,   toFloat64(SUM(bytes_al
2026-08-01 18:25:19	3	0	0	0	SELECT now64(6) as scrape_time_microseconds, \'tzy1uvq\' AS pod_ident, \'boneaws-al-46\' AS spoken_name, \'cell-1\' AS cell, \'ap-south-1\' AS region, \'aws\' AS cloud_provider, \'26.2.1.525\' AS clickhouse_version, \'0fc3eaab-fbcb-4533-8825-9be9faaea781\' AS control_plane_id, \'aarch64\' AS system_processor, * FRO
2026-08-01 18:25:19	4	0	0	0	SELECT now64(6) as scrape_time_microseconds, \'tzy1uvq\' AS pod_ident, \'boneaws-al-46\' AS spoken_name, \'cell-1\' AS cell, \'ap-south-1\' AS region, \'aws\' AS cloud_provider, \'26.2.1.525\' AS clickhouse_version, \'0fc3eaab-fbcb-4533-8825-9be9faaea781\' AS control_plane_id, \'aarch64\' AS system_processor, * FRO
2026-08-01 18:25:20	3	0	0	0	SELECT now64(6) as scrape_time_microseconds, \'tzy1uvq\' AS pod_ident, \'boneaws-al-46\' AS spoken_name, \'cell-1\' AS cell, \'ap-south-1\' AS region, \'aws\' AS cloud_provider, \'26.2.1.525\' AS clickhouse_version, \'0fc3eaab-fbcb-4533-8825-9be9faaea781\' AS control_plane_id, \'aarch64\' AS system_processor, * FRO
2026-08-01 18:25:21	3	0	0	0	SELECT now64(6) as scrape_time_microseconds, \'tzy1uvq\' AS pod_ident, \'boneaws-al-46\' AS spoken_name, \'cell-1\' AS cell, \'ap-south-1\' AS region, \'aws\' AS cloud_provider, \'26.2.1.525\' AS clickhouse_version, \'0fc3eaab-fbcb-4533-8825-9be9faaea781\' AS control_plane_id, \'aarch64\' AS system_processor, * FRO
2026-08-01 18:25:21	6	134	32875	134	SELECT             name,             value,             help,             JSONExtract(labels_serialized, \'Map(String, String)\') as labels,             type         FROM merge(system, \'^_custom_metrics_dictionary_.*\')         FORMAT Prometheus
2026-08-01 18:25:22	2	0	0	0	SELECT now64(6) as scrape_time_microseconds, \'tzy1uvq\' AS pod_ident, \'boneaws-al-46\' AS spoken_name, \'cell-1\' AS cell, \'ap-south-1\' AS region, \'aws\' AS cloud_provider, \'26.2.1.525\' AS clickhouse_version, \'0fc3eaab-fbcb-4533-8825-9be9faaea781\' AS control_plane_id, \'aarch64\' AS system_processor, * FRO
2026-08-01 18:25:23	3	0	0	0	SELECT now64(6) as scrape_time_microseconds, \'tzy1uvq\' AS pod_ident, \'boneaws-al-46\' AS spoken_name, \'cell-1\' AS cell, \'ap-south-1\' AS region, \'aws\' AS cloud_provider, \'26.2.1.525\' AS clickhouse_version, \'0fc3eaab-fbcb-4533-8825-9be9faaea781\' AS control_plane_id, \'aarch64\' AS system_processor, * FRO
2026-08-01 18:25:24	3	0	0	0	SELECT now64(6) as scrape_time_microseconds, \'tzy1uvq\' AS pod_ident, \'boneaws-al-46\' AS spoken_name, \'cell-1\' AS cell, \'ap-south-1\' AS region, \'aws\' AS cloud_provider, \'26.2.1.525\' AS clickhouse_version, \'0fc3eaab-fbcb-4533-8825-9be9faaea781\' AS control_plane_id, \'aarch64\' AS system_processor, * FRO
2026-08-01 18:25:25	14	816	11424	1	SELECT avg(ProfileEvent_OSCPUWaitMicroseconds) as cpu_wait FROM  system.metric_log  WHERE event_time > now() - INTERVAL 2 MINUTE AND event_date >= yesterday()
2026-08-01 18:25:25	3	4	14488	2	SELECT count() as count, sum(elapsed) as total_elapsed, \'lh\' as usr FROM system.processes  WHERE user = \'observability-internal\' AND client_hostname LIKE \'loghouse-scraper%\'  UNION ALL SELECT count() as count, sum(elapsed) as total_elapsed, \'other\' as usr FROM system.processes  WHERE user != \'observ
2026-08-01 18:25:25	1	875	366447	1	SELECT value FROM system.asynchronous_metrics WHERE metric = \'OSMemoryAvailable\' ;
2026-08-01 18:25:25	111	120	121047	64	SELECT now64(6) as scrape_time_microseconds, \'tzy1uvq\' AS pod_ident, \'boneaws-al-46\' AS spoken_name, \'cell-1\' AS cell, \'ap-south-1\' AS region, \'aws\' AS cloud_provider, \'26.2.1.525\' AS clickhouse_version, \'0fc3eaab-fbcb-4533-8825-9be9faaea781\' AS control_plane_id, \'aarch64\' AS system_processor, * FRO
2026-08-01 18:25:26	5	36	13563	1	SELECT now64(6) as scrape_time_microseconds, \'tzy1uvq\' AS pod_ident, \'boneaws-al-46\' AS spoken_name, \'cell-1\' AS cell, \'ap-south-1\' AS region, \'aws\' AS cloud_provider, \'26.2.1.525\' AS clickhouse_version, \'0fc3eaab-fbcb-4533-8825-9be9faaea781\' AS control_plane_id, \'aarch64\' AS system_processor, * FRO
2026-08-01 18:25:26	3	1	5438	1	SELECT count() FROM system.processes WHERE (initial_user NOT IN _CAST([\'backups-internal\', \'management-internal\', \'monitoring-internal\', \'observability-internal\', \'operator-internal\', \'prometheus-exporter\', \'prometheus-internal\', \'operator-cert-internal\', \'availability-monitoring-internal\', \'\'], \'Ar
2026-08-01 18:25:26	2	122	1720	1	SELECT countIf(database = \'system\') as systemParts, countIf(database != \'system\') as nonSystemParts FROM system.parts where active
2026-08-01 18:25:26	1	0	0	1	SELECT countIf(database = \'system\') as systemMerges, countIf(database != \'system\') as nonSystemMerges FROM system.merges
2026-08-01 18:25:27	3	0	0	0	SELECT now64(6) as scrape_time_microseconds, \'tzy1uvq\' AS pod_ident, \'boneaws-al-46\' AS spoken_name, \'cell-1\' AS cell, \'ap-south-1\' AS region, \'aws\' AS cloud_provider, \'26.2.1.525\' AS clickhouse_version, \'0fc3eaab-fbcb-4533-8825-9be9faaea781\' AS control_plane_id, \'aarch64\' AS system_processor, * FRO
2026-08-01 18:25:28	4	0	0	0	SELECT now64(6) as scrape_time_microseconds, \'tzy1uvq\' AS pod_ident, \'boneaws-al-46\' AS spoken_name, \'cell-1\' AS cell, \'ap-south-1\' AS region, \'aws\' AS cloud_provider, \'26.2.1.525\' AS clickhouse_version, \'0fc3eaab-fbcb-4533-8825-9be9faaea781\' AS control_plane_id, \'aarch64\' AS system_processor, * FRO
2026-08-01 18:25:28	2	59	472	1	             SELECT                 name,                 toJSONString(labels) as labels_serialized,                 value,                 help,                 type             FROM (                 SELECT   \'ClickHouse_CustomMetric_TotalMemoryUsedByDataSkippingIndices\' AS name,   toFloat64(SUM(d
2026-08-01 18:25:28	20	33465	737419	33465	SELECT `content_id`, `title`, `video_type`, `category` FROM `sony`.`content_dim`;
2026-08-01 18:25:30	3	0	0	0	SELECT now64(6) as scrape_time_microseconds, \'tzy1uvq\' AS pod_ident, \'boneaws-al-46\' AS spoken_name, \'cell-1\' AS cell, \'ap-south-1\' AS region, \'aws\' AS cloud_provider, \'26.2.1.525\' AS clickhouse_version, \'0fc3eaab-fbcb-4533-8825-9be9faaea781\' AS control_plane_id, \'aarch64\' AS system_processor, * FRO
2026-08-01 18:25:33	2	0	0	1	             SELECT                 name,                 toJSONString(labels) as labels_serialized,                 value,                 help,                 type             FROM (                 SELECT   \'ClickHouse_CustomMetric_TotalMemoryUsedByMerges\' AS name,   toFloat64(SUM(memory_usage))
2026-08-01 18:25:35	5	134	32875	134	SELECT             name,             value,             help,             JSONExtract(labels_serialized, \'Map(String, String)\') as labels,             type         FROM merge(system, \'^_custom_metrics_dictionary_.*\')         FORMAT Prometheus
2026-08-01 18:25:36	2	2	12834	1	SELECT count() FROM system.processes WHERE (initial_user NOT IN _CAST([\'backups-internal\', \'management-internal\', \'monitoring-internal\', \'observability-internal\', \'operator-internal\', \'prometheus-exporter\', \'prometheus-internal\', \'operator-cert-internal\', \'availability-monitoring-internal\', \'\'], \'Ar
2026-08-01 18:25:36	2	125	1765	1	SELECT countIf(database = \'system\') as systemParts, countIf(database != \'system\') as nonSystemParts FROM system.parts where active
2026-08-01 18:25:36	22	3161	593905	129	SELECT CAST(\'0fc3eaab-fbcb-4533-8825-9be9faaea781\', \'UUID\') AS instance_id, CAST(\'c-boneaws-al-46-server-tzy1uvq-0\', \'LowCardinality(String)\') AS node_id, CAST(name, \'LowCardinality(String)\') AS metric, CAST(mapFilter((k, v) -> has(_CAST([\'remote\'], \'Array(String)\'), k), labels), \'Map(LowCardinality
2026-08-01 18:25:36	1	0	0	1	SELECT countIf(database = \'system\') as systemMerges, countIf(database != \'system\') as nonSystemMerges FROM system.merges
2026-08-01 18:25:37	7	8200	915140	2232	SELECT now64(6) as scrape_time_microseconds, \'tzy1uvq\' AS pod_ident, \'boneaws-al-46\' AS spoken_name, \'cell-1\' AS cell, \'ap-south-1\' AS region, \'aws\' AS cloud_provider, \'26.2.1.525\' AS clickhouse_version, \'0fc3eaab-fbcb-4533-8825-9be9faaea781\' AS control_plane_id, \'aarch64\' AS system_processor, * FRO
2026-08-01 18:25:38	1	0	0	1	             SELECT                 name,                 toJSONString(labels) as labels_serialized,                 value,                 help,                 type             FROM (                 SELECT   \'ClickHouse_CustomMetric_TotalMemoryUsedByAsynchronousInserts\' AS name,   toFloat64(SUM(t
2026-08-01 18:25:38	3	14	9020	0	             SELECT                 name,                 toJSONString(labels) as labels_serialized,                 value,                 help,                 type             FROM (                 SELECT   \'clickhouse_table_replica_readonly_start_timestamp_seconds\' as name,   toFloat64(toUnixTi
2026-08-01 18:25:43	1	6	2128	6	             SELECT                 name,                 toJSONString(labels) as labels_serialized,                 value,                 help,                 type             FROM (                 SELECT   concat(\'clickhouse_\', system.dimensional_metrics.metric) AS name,   toFloat64(system.dime
2026-08-01 18:25:43	2	0	0	0	             SELECT                 name,                 toJSONString(labels) as labels_serialized,                 value,                 help,                 type             FROM (                 SELECT   \'ClickHouse_CustomMetric_FailedMutations\' as name,   toFloat64(count()) as value,   \'The 
2026-08-01 18:25:43	2	15	1013	15	             SELECT                 name,                 toJSONString(labels) as labels_serialized,                 value,                 help,                 type             FROM (                 SELECT     \'ClickHouse_MetricsCollection_CustomMetricsSystemTable\' AS name,     toFloat64(1) AS va
2026-08-01 18:25:44	6	134	32875	134	SELECT             name,             value,             help,             JSONExtract(labels_serialized, \'Map(String, String)\') as labels,             type         FROM merge(system, \'^_custom_metrics_dictionary_.*\')         FORMAT Prometheus
2026-08-01 18:25:46	2	1	5438	1	SELECT count() FROM system.processes WHERE (initial_user NOT IN _CAST([\'backups-internal\', \'management-internal\', \'monitoring-internal\', \'observability-internal\', \'operator-internal\', \'prometheus-exporter\', \'prometheus-internal\', \'operator-cert-internal\', \'availability-monitoring-internal\', \'\'], \'Ar
2026-08-01 18:25:46	2	122	1720	1	SELECT countIf(database = \'system\') as systemParts, countIf(database != \'system\') as nonSystemParts FROM system.parts where active
2026-08-01 18:25:46	1	0	0	1	SELECT countIf(database = \'system\') as systemMerges, countIf(database != \'system\') as nonSystemMerges FROM system.merges
2026-08-01 18:25:50	1	0	8	1	SELECT count() FROM system.backups where status IN (0,3)
2026-08-01 18:25:50	2	1	5472	1	SELECT count() FROM system.processes WHERE (elapsed > _CAST(0, \'Int64\')) AND (initial_user NOT IN _CAST([\'backups-internal\', \'management-internal\', \'monitoring-internal\', \'observability-internal\', \'operator-internal\', \'prometheus-exporter\', \'prometheus-internal\', \'operator-cert-internal\', \'availabil
2026-08-01 18:25:51	5	134	32875	134	SELECT             name,             value,             help,             JSONExtract(labels_serialized, \'Map(String, String)\') as labels,             type         FROM merge(system, \'^_custom_metrics_dictionary_.*\')         FORMAT Prometheus
2026-08-01 18:25:53	2	0	0	1	             SELECT                 name,                 toJSONString(labels) as labels_serialized,                 value,                 help,                 type             FROM (                 SELECT   \'ClickHouse_CustomMetric_TotalMemoryUsedByMerges\' AS name,   toFloat64(SUM(memory_usage))
2026-08-01 18:25:53	2	3	7435	1	             SELECT                 name,                 toJSONString(labels) as labels_serialized,                 value,                 help,                 type             FROM (                 SELECT   \'ClickHouse_CustomMetric_TotalMemoryUsedByQueries\' AS name,   toFloat64(SUM(peak_memory_u
2026-08-01 18:25:53	2	13	6340	1	             SELECT                 name,                 toJSONString(labels) as labels_serialized,                 value,                 help,                 type             FROM (                 SELECT   \'ClickHouse_CustomMetric_TotalMemoryUsedByDictionaries\' AS name,   toFloat64(SUM(bytes_al
2026-08-01 18:25:55	14	846	11844	1	SELECT avg(ProfileEvent_OSCPUWaitMicroseconds) as cpu_wait FROM  system.metric_log  WHERE event_time > now() - INTERVAL 2 MINUTE AND event_date >= yesterday()
2026-08-01 18:25:55	3	2	10208	2	SELECT count() as count, sum(elapsed) as total_elapsed, \'lh\' as usr FROM system.processes  WHERE user = \'observability-internal\' AND client_hostname LIKE \'loghouse-scraper%\'  UNION ALL SELECT count() as count, sum(elapsed) as total_elapsed, \'other\' as usr FROM system.processes  WHERE user != \'observ
2026-08-01 18:25:55	1	875	366447	1	SELECT value FROM system.asynchronous_metrics WHERE metric = \'OSMemoryAvailable\' ;
2026-08-01 18:25:56	2	2	12834	1	SELECT count() FROM system.processes WHERE (initial_user NOT IN _CAST([\'backups-internal\', \'management-internal\', \'monitoring-internal\', \'observability-internal\', \'operator-internal\', \'prometheus-exporter\', \'prometheus-internal\', \'operator-cert-internal\', \'availability-monitoring-internal\', \'\'], \'Ar
2026-08-01 18:25:56	2	121	1705	1	SELECT countIf(database = \'system\') as systemParts, countIf(database != \'system\') as nonSystemParts FROM system.parts where active
2026-08-01 18:25:56	25	3160	593762	129	SELECT CAST(\'0fc3eaab-fbcb-4533-8825-9be9faaea781\', \'UUID\') AS instance_id, CAST(\'c-boneaws-al-46-server-tzy1uvq-0\', \'LowCardinality(String)\') AS node_id, CAST(name, \'LowCardinality(String)\') AS metric, CAST(mapFilter((k, v) -> has(_CAST([\'remote\'], \'Array(String)\'), k), labels), \'Map(LowCardinality
2026-08-01 18:25:56	1	0	0	1	SELECT countIf(database = \'system\') as systemMerges, countIf(database != \'system\') as nonSystemMerges FROM system.merges
2026-08-01 18:25:56	3	1530	559331	1	SELECT count(*) FROM system.settings
2026-08-01 18:25:58	2	0	0	0	             SELECT                 name,                 toJSONString(labels) as labels_serialized,                 value,                 help,                 type             FROM (                 SELECT   \'ClickHouse_CustomMetric_FailedMutations\' as name,   toFloat64(count()) as value,   \'The 
2026-08-01 18:25:58	3	6	213	0	             SELECT                 name,                 toJSONString(labels) as labels_serialized,                 value,                 help,                 type             FROM (                 SELECT   \'ClickHouse_CustomMetric_DatabaseReplicatedRecoveryTime\' as name,   toFloat64(recovery_ti
2026-08-01 18:26:03	2	59	472	1	             SELECT                 name,                 toJSONString(labels) as labels_serialized,                 value,                 help,                 type             FROM (                 SELECT   \'ClickHouse_CustomMetric_TotalMemoryUsedByDataSkippingIndices\' AS name,   toFloat64(SUM(d
2026-08-01 18:26:05	6	138	33714	138	SELECT             name,             value,             help,             JSONExtract(labels_serialized, \'Map(String, String)\') as labels,             type         FROM merge(system, \'^_custom_metrics_dictionary_.*\')         FORMAT Prometheus
2026-08-01 18:26:06	3	1	5438	1	SELECT count() FROM system.processes WHERE (initial_user NOT IN _CAST([\'backups-internal\', \'management-internal\', \'monitoring-internal\', \'observability-internal\', \'operator-internal\', \'prometheus-exporter\', \'prometheus-internal\', \'operator-cert-internal\', \'availability-monitoring-internal\', \'\'], \'Ar
2026-08-01 18:26:06	2	124	1750	1	SELECT countIf(database = \'system\') as systemParts, countIf(database != \'system\') as nonSystemParts FROM system.parts where active
2026-08-01 18:26:06	1	0	0	1	SELECT countIf(database = \'system\') as systemMerges, countIf(database != \'system\') as nonSystemMerges FROM system.merges
2026-08-01 18:26:08	1	0	0	1	             SELECT                 name,                 toJSONString(labels) as labels_serialized,                 value,                 help,                 type             FROM (                 SELECT   \'ClickHouse_CustomMetric_TotalMemoryUsedByMerges\' AS name,   toFloat64(SUM(memory_usage))
2026-08-01 18:26:09	1	1	1	1	SELECT displayName(), version(), revision(), timezone()
2026-08-01 18:26:10	2	1	1	1	SELECT 1;
2026-08-01 18:26:13	2	59	472	1	             SELECT                 name,                 toJSONString(labels) as labels_serialized,                 value,                 help,                 type             FROM (                 SELECT   \'ClickHouse_CustomMetric_TotalMemoryUsedByDataSkippingIndices\' AS name,   toFloat64(SUM(d
2026-08-01 18:26:13	3	6	213	0	             SELECT                 name,                 toJSONString(labels) as labels_serialized,                 value,                 help,                 type             FROM (                 SELECT   \'ClickHouse_CustomMetric_SharedCatalogRecoveryTime\' as name,   toFloat64(recovery_time) a
2026-08-01 18:26:14	6	138	33714	138	SELECT             name,             value,             help,             JSONExtract(labels_serialized, \'Map(String, String)\') as labels,             type         FROM merge(system, \'^_custom_metrics_dictionary_.*\')         FORMAT Prometheus
2026-08-01 18:26:16	4	378	114440	5	WITH metrics AS (SELECT name AS metric, toFloat64(value) AS val, now() AS ts FROM system.server_settings WHERE multiMatchAny(name, _CAST([\'^max_database_num_to_throw$\', \'^max_database_num_to_warn$\', \'^max_table_num_to_throw$\', \'^max_table_num_to_warn$\', \'^max_concurrent_queries$\'], \'Array(String)\'))
2026-08-01 18:26:16	5	0	0	0	WITH source AS (SELECT [\'matview_execution_total\', if(exception_code != 0, \'matview_execution_fail\', \'\')] AS metrics, event_time AS ts FROM system.query_views_log WHERE (status != \'QueryStart\') AND (event_date >= toDate(_CAST(\'1785608621.239\', \'DateTime64\'))) AND (event_time >= toDateTime(_CAST(\'178
2026-08-01 18:26:16	8	32768	498019	1560	SELECT CAST(\'0fc3eaab-fbcb-4533-8825-9be9faaea781\', \'UUID\') AS control_plane_id, CAST(\'c-boneaws-al-46-server-tzy1uvq-0\', \'LowCardinality(String)\') AS pod_id, CAST(now64(), \'DateTime64(6)\') AS scrape_ts_microseconds, CAST(event_date, \'Date\') AS event_date, CAST(event_time, \'DateTime\') AS event_time,
2026-08-01 18:26:16	9	0	0	1	WITH failed_mutations AS (SELECT toDateTime(create_time) AS ts, count() AS val FROM system.mutations WHERE (ts > toDateTime(_CAST(\'1785608621.239\', \'DateTime64\'))) AND (ts <= toDateTime(_CAST(\'1785608741.239\', \'DateTime64\'))) AND (latest_failed_part != \'\') AND (is_done = 0) GROUP BY ts), failed_muta
2026-08-01 18:26:16	9	6212	93176	13	WITH metrics AS (SELECT multiIf((event_type = \'MergeParts\') AND (error = 0), \'merges_finished\', (event_type = \'MergeParts\') AND (error != 0), \'merges_failed\', (event_type = \'MutatePart\') AND (error = 0), \'mutate_part_finished\', (event_type = \'MutatePart\') AND (error != 0), \'mutate_part_failed\', NULL
2026-08-01 18:26:16	3	7	36769	1	SELECT count() FROM system.processes WHERE (initial_user NOT IN _CAST([\'backups-internal\', \'management-internal\', \'monitoring-internal\', \'observability-internal\', \'operator-internal\', \'prometheus-exporter\', \'prometheus-internal\', \'operator-cert-internal\', \'availability-monitoring-internal\', \'\'], \'Ar
2026-08-01 18:26:16	2	117	1645	1	SELECT countIf(database = \'system\') as systemParts, countIf(database != \'system\') as nonSystemParts FROM system.parts where active
2026-08-01 18:26:16	23	3164	594189	129	SELECT CAST(\'0fc3eaab-fbcb-4533-8825-9be9faaea781\', \'UUID\') AS instance_id, CAST(\'c-boneaws-al-46-server-tzy1uvq-0\', \'LowCardinality(String)\') AS node_id, CAST(name, \'LowCardinality(String)\') AS metric, CAST(mapFilter((k, v) -> has(_CAST([\'remote\'], \'Array(String)\'), k), labels), \'Map(LowCardinality
2026-08-01 18:26:16	1	0	0	1	SELECT countIf(database = \'system\') as systemMerges, countIf(database != \'system\') as nonSystemMerges FROM system.merges
2026-08-01 18:26:16	54	876	270916	120	SELECT CAST(\'0fc3eaab-fbcb-4533-8825-9be9faaea781\', \'UUID\') AS control_plane_id, CAST(\'c-boneaws-al-46-server-tzy1uvq-0\', \'LowCardinality(String)\') AS pod_id, CAST(now64(), \'DateTime64(6)\') AS scrape_ts_microseconds, CAST(event_date, \'Date\') AS event_date, CAST(event_time, \'DateTime\') AS event_time,
2026-08-01 18:26:16	144	811	223343	18	WITH parts_agg AS (SELECT database AS agg_database, `table` AS agg_table, SUM(primary_key_size) AS primary_index_size, SUM(secondary_indices_compressed_bytes) AS secondary_index_size FROM system.parts WHERE active AND (database != \'system\') GROUP BY database, `table`), proj_agg AS (SELECT database A
2026-08-01 18:26:18	3	14	9020	0	             SELECT                 name,                 toJSONString(labels) as labels_serialized,                 value,                 help,                 type             FROM (                 SELECT   \'clickhouse_table_replica_readonly_start_timestamp_seconds\' as name,   toFloat64(toUnixTi
2026-08-01 18:26:21	6	138	33714	138	SELECT             name,             value,             help,             JSONExtract(labels_serialized, \'Map(String, String)\') as labels,             type         FROM merge(system, \'^_custom_metrics_dictionary_.*\')         FORMAT Prometheus
2026-08-01 18:26:23	3	6	213	0	             SELECT                 name,                 toJSONString(labels) as labels_serialized,                 value,                 help,                 type             FROM (                 SELECT   \'ClickHouse_CustomMetric_DatabaseReplicatedRecoveryTime\' as name,   toFloat64(recovery_ti
2026-08-01 18:26:25	14	876	12041	1	SELECT avg(ProfileEvent_OSCPUWaitMicroseconds) as cpu_wait FROM  system.metric_log  WHERE event_time > now() - INTERVAL 2 MINUTE AND event_date >= yesterday()
2026-08-01 18:26:25	3	2	10208	2	SELECT count() as count, sum(elapsed) as total_elapsed, \'lh\' as usr FROM system.processes  WHERE user = \'observability-internal\' AND client_hostname LIKE \'loghouse-scraper%\'  UNION ALL SELECT count() as count, sum(elapsed) as total_elapsed, \'other\' as usr FROM system.processes  WHERE user != \'observ
2026-08-01 18:26:25	1	875	366447	1	SELECT value FROM system.asynchronous_metrics WHERE metric = \'OSMemoryAvailable\' ;
2026-08-01 18:26:26	3	1	5438	1	SELECT count() FROM system.processes WHERE (initial_user NOT IN _CAST([\'backups-internal\', \'management-internal\', \'monitoring-internal\', \'observability-internal\', \'operator-internal\', \'prometheus-exporter\', \'prometheus-internal\', \'operator-cert-internal\', \'availability-monitoring-internal\', \'\'], \'Ar
2026-08-01 18:26:26	2	116	1630	1	SELECT countIf(database = \'system\') as systemParts, countIf(database != \'system\') as nonSystemParts FROM system.parts where active
2026-08-01 18:26:26	2	0	0	1	SELECT countIf(database = \'system\') as systemMerges, countIf(database != \'system\') as nonSystemMerges FROM system.merges
2026-08-01 18:26:28	1	6	2128	6	             SELECT                 name,                 toJSONString(labels) as labels_serialized,                 value,                 help,                 type             FROM (                 SELECT   concat(\'clickhouse_\', system.dimensional_metrics.metric) AS name,   toFloat64(system.dime
2026-08-01 18:26:28	2	0	0	1	             SELECT                 name,                 toJSONString(labels) as labels_serialized,                 value,                 help,                 type             FROM (                 SELECT   \'ClickHouse_CustomMetric_TotalMemoryUsedByMerges\' AS name,   toFloat64(SUM(memory_usage))
2026-08-01 18:26:28	2	13	6340	1	             SELECT                 name,                 toJSONString(labels) as labels_serialized,                 value,                 help,                 type             FROM (                 SELECT   \'ClickHouse_CustomMetric_TotalMemoryUsedByDictionaries\' AS name,   toFloat64(SUM(bytes_al
2026-08-01 18:26:33	1	5	5	1	SELECT count(*) FROM system.databases
2026-08-01 18:26:33	1	0	0	1	             SELECT                 name,                 toJSONString(labels) as labels_serialized,                 value,                 help,                 type             FROM (                 SELECT   \'ClickHouse_CustomMetric_TotalMemoryUsedByAsynchronousInserts\' AS name,   toFloat64(SUM(t
2026-08-01 18:26:33	2	3	7559	1	             SELECT                 name,                 toJSONString(labels) as labels_serialized,                 value,                 help,                 type             FROM (                 SELECT   \'ClickHouse_CustomMetric_TotalMemoryUsedByQueries\' AS name,   toFloat64(SUM(peak_memory_u
2026-08-01 18:26:33	2	59	472	1	             SELECT                 name,                 toJSONString(labels) as labels_serialized,                 value,                 help,                 type             FROM (                 SELECT   \'ClickHouse_CustomMetric_TotalMemoryUsedByDataSkippingIndices\' AS name,   toFloat64(SUM(d
2026-08-01 18:26:35	5	138	33714	138	SELECT             name,             value,             help,             JSONExtract(labels_serialized, \'Map(String, String)\') as labels,             type         FROM merge(system, \'^_custom_metrics_dictionary_.*\')         FORMAT Prometheus
2026-08-01 18:26:36	3	2	12834	1	SELECT count() FROM system.processes WHERE (initial_user NOT IN _CAST([\'backups-internal\', \'management-internal\', \'monitoring-internal\', \'observability-internal\', \'operator-internal\', \'prometheus-exporter\', \'prometheus-internal\', \'operator-cert-internal\', \'availability-monitoring-internal\', \'\'], \'Ar
2026-08-01 18:26:36	2	124	1750	1	SELECT countIf(database = \'system\') as systemParts, countIf(database != \'system\') as nonSystemParts FROM system.parts where active
2026-08-01 18:26:36	1	0	0	1	SELECT countIf(database = \'system\') as systemMerges, countIf(database != \'system\') as nonSystemMerges FROM system.merges
2026-08-01 18:26:36	24	3165	594332	129	SELECT CAST(\'0fc3eaab-fbcb-4533-8825-9be9faaea781\', \'UUID\') AS instance_id, CAST(\'c-boneaws-al-46-server-tzy1uvq-0\', \'LowCardinality(String)\') AS node_id, CAST(name, \'LowCardinality(String)\') AS metric, CAST(mapFilter((k, v) -> has(_CAST([\'remote\'], \'Array(String)\'), k), labels), \'Map(LowCardinality
2026-08-01 18:26:38	9	7506	2212792	412	SELECT now64(6) as scrape_time_microseconds, \'tzy1uvq\' AS pod_ident, \'boneaws-al-46\' AS spoken_name, \'cell-1\' AS cell, \'ap-south-1\' AS region, \'aws\' AS cloud_provider, \'26.2.1.525\' AS clickhouse_version, \'0fc3eaab-fbcb-4533-8825-9be9faaea781\' AS control_plane_id, \'aarch64\' AS system_processor, * FRO
2026-08-01 18:26:38	30	4402	9931261	318	SELECT now64(6) as scrape_time_microseconds, \'tzy1uvq\' AS pod_ident, \'boneaws-al-46\' AS spoken_name, \'cell-1\' AS cell, \'ap-south-1\' AS region, \'aws\' AS cloud_provider, \'26.2.1.525\' AS clickhouse_version, \'0fc3eaab-fbcb-4533-8825-9be9faaea781\' AS control_plane_id, \'aarch64\' AS system_processor, * FRO
2026-08-01 18:26:38	2	0	0	1	             SELECT                 name,                 toJSONString(labels) as labels_serialized,                 value,                 help,                 type             FROM (                 SELECT   \'ClickHouse_CustomMetric_TotalMemoryUsedByMerges\' AS name,   toFloat64(SUM(memory_usage))
2026-08-01 18:26:38	2	0	0	0	             SELECT                 name,                 toJSONString(labels) as labels_serialized,                 value,                 help,                 type             FROM (                 SELECT   \'ClickHouse_CustomMetric_FailedMutations\' as name,   toFloat64(count()) as value,   \'The 
2026-08-01 18:26:38	2	59	472	1	             SELECT                 name,                 toJSONString(labels) as labels_serialized,                 value,                 help,                 type             FROM (                 SELECT   \'ClickHouse_CustomMetric_TotalMemoryUsedByDataSkippingIndices\' AS name,   toFloat64(SUM(d
2026-08-01 18:26:39	16	16711	3999113	5560	SELECT now64(6) as scrape_time_microseconds, \'tzy1uvq\' AS pod_ident, \'boneaws-al-46\' AS spoken_name, \'cell-1\' AS cell, \'ap-south-1\' AS region, \'aws\' AS cloud_provider, \'26.2.1.525\' AS clickhouse_version, \'0fc3eaab-fbcb-4533-8825-9be9faaea781\' AS control_plane_id, \'aarch64\' AS system_processor, * FRO
2026-08-01 18:26:43	15	6169	3288510	171	SELECT now64(6) as scrape_time_microseconds, \'tzy1uvq\' AS pod_ident, \'boneaws-al-46\' AS spoken_name, \'cell-1\' AS cell, \'ap-south-1\' AS region, \'aws\' AS cloud_provider, \'26.2.1.525\' AS clickhouse_version, \'0fc3eaab-fbcb-4533-8825-9be9faaea781\' AS control_plane_id, \'aarch64\' AS system_processor, * FRO
2026-08-01 18:26:43	2	59	472	1	             SELECT                 name,                 toJSONString(labels) as labels_serialized,                 value,                 help,                 type             FROM (                 SELECT   \'ClickHouse_CustomMetric_TotalMemoryUsedByDataSkippingIndices\' AS name,   toFloat64(SUM(d
2026-08-01 18:26:43	2	15	1013	15	             SELECT                 name,                 toJSONString(labels) as labels_serialized,                 value,                 help,                 type             FROM (                 SELECT     \'ClickHouse_MetricsCollection_CustomMetricsSystemTable\' AS name,     toFloat64(1) AS va
2026-08-01 18:26:43	3	6	213	0	             SELECT                 name,                 toJSONString(labels) as labels_serialized,                 value,                 help,                 type             FROM (                 SELECT   \'ClickHouse_CustomMetric_DatabaseReplicatedRecoveryTime\' as name,   toFloat64(recovery_ti
2026-08-01 18:26:44	5	138	33714	138	SELECT             name,             value,             help,             JSONExtract(labels_serialized, \'Map(String, String)\') as labels,             type         FROM merge(system, \'^_custom_metrics_dictionary_.*\')         FORMAT Prometheus
2026-08-01 18:26:45	176	786	2162060	120	SELECT now64(6) as scrape_time_microseconds, \'tzy1uvq\' AS pod_ident, \'boneaws-al-46\' AS spoken_name, \'cell-1\' AS cell, \'ap-south-1\' AS region, \'aws\' AS cloud_provider, \'26.2.1.525\' AS clickhouse_version, \'0fc3eaab-fbcb-4533-8825-9be9faaea781\' AS control_plane_id, \'aarch64\' AS system_processor, * FRO
2026-08-01 18:26:46	158	2845749	45607224	106382	SELECT now64(6) as scrape_time_microseconds, \'tzy1uvq\' AS pod_ident, \'boneaws-al-46\' AS spoken_name, \'cell-1\' AS cell, \'ap-south-1\' AS region, \'aws\' AS cloud_provider, \'26.2.1.525\' AS clickhouse_version, \'0fc3eaab-fbcb-4533-8825-9be9faaea781\' AS control_plane_id, \'aarch64\' AS system_processor, * FRO
2026-08-01 18:26:46	3	1	5438	1	SELECT count() FROM system.processes WHERE (initial_user NOT IN _CAST([\'backups-internal\', \'management-internal\', \'monitoring-internal\', \'observability-internal\', \'operator-internal\', \'prometheus-exporter\', \'prometheus-internal\', \'operator-cert-internal\', \'availability-monitoring-internal\', \'\'], \'Ar
2026-08-01 18:26:46	2	126	1780	1	SELECT countIf(database = \'system\') as systemParts, countIf(database != \'system\') as nonSystemParts FROM system.parts where active
2026-08-01 18:26:46	1	0	0	1	SELECT countIf(database = \'system\') as systemMerges, countIf(database != \'system\') as nonSystemMerges FROM system.merges
2026-08-01 18:26:47	18	21585	5374065	10676	SELECT now64(6) as scrape_time_microseconds, \'tzy1uvq\' AS pod_ident, \'boneaws-al-46\' AS spoken_name, \'cell-1\' AS cell, \'ap-south-1\' AS region, \'aws\' AS cloud_provider, \'26.2.1.525\' AS clickhouse_version, \'0fc3eaab-fbcb-4533-8825-9be9faaea781\' AS control_plane_id, \'aarch64\' AS system_processor, * FRO
2026-08-01 18:26:48	1	0	0	1	             SELECT                 name,                 toJSONString(labels) as labels_serialized,                 value,                 help,                 type             FROM (                 SELECT   \'ClickHouse_CustomMetric_TotalMemoryUsedByAsynchronousInserts\' AS name,   toFloat64(SUM(t
2026-08-01 18:26:49	22	33076	7412329	15156	SELECT now64(6) as scrape_time_microseconds, \'tzy1uvq\' AS pod_ident, \'boneaws-al-46\' AS spoken_name, \'cell-1\' AS cell, \'ap-south-1\' AS region, \'aws\' AS cloud_provider, \'26.2.1.525\' AS clickhouse_version, \'0fc3eaab-fbcb-4533-8825-9be9faaea781\' AS control_plane_id, \'aarch64\' AS system_processor, * FRO
2026-08-01 18:26:49	1	1	1	1	SELECT displayName(), version(), revision(), timezone()
2026-08-01 18:26:50	1	1	1	1	SELECT 1;
2026-08-01 18:26:51	6	138	33714	138	SELECT             name,             value,             help,             JSONExtract(labels_serialized, \'Map(String, String)\') as labels,             type         FROM merge(system, \'^_custom_metrics_dictionary_.*\')         FORMAT Prometheus
2026-08-01 18:26:53	2	59	472	1	             SELECT                 name,                 toJSONString(labels) as labels_serialized,                 value,                 help,                 type             FROM (                 SELECT   \'ClickHouse_CustomMetric_TotalMemoryUsedByDataSkippingIndices\' AS name,   toFloat64(SUM(d
2026-08-01 18:26:55	14	121	1471	1	SELECT avg(ProfileEvent_OSCPUWaitMicroseconds) as cpu_wait FROM  system.metric_log  WHERE event_time > now() - INTERVAL 2 MINUTE AND event_date >= yesterday()
2026-08-01 18:26:55	4	2	10208	2	SELECT count() as count, sum(elapsed) as total_elapsed, \'lh\' as usr FROM system.processes  WHERE user = \'observability-internal\' AND client_hostname LIKE \'loghouse-scraper%\'  UNION ALL SELECT count() as count, sum(elapsed) as total_elapsed, \'other\' as usr FROM system.processes  WHERE user != \'observ
2026-08-01 18:26:55	1	875	366447	1	SELECT value FROM system.asynchronous_metrics WHERE metric = \'OSMemoryAvailable\' ;
2026-08-01 18:26:56	2	2	12834	1	SELECT count() FROM system.processes WHERE (initial_user NOT IN _CAST([\'backups-internal\', \'management-internal\', \'monitoring-internal\', \'observability-internal\', \'operator-internal\', \'prometheus-exporter\', \'prometheus-internal\', \'operator-cert-internal\', \'availability-monitoring-internal\', \'\'], \'Ar
2026-08-01 18:26:56	2	124	1750	1	SELECT countIf(database = \'system\') as systemParts, countIf(database != \'system\') as nonSystemParts FROM system.parts where active
2026-08-01 18:26:56	22	3164	594189	129	SELECT CAST(\'0fc3eaab-fbcb-4533-8825-9be9faaea781\', \'UUID\') AS instance_id, CAST(\'c-boneaws-al-46-server-tzy1uvq-0\', \'LowCardinality(String)\') AS node_id, CAST(name, \'LowCardinality(String)\') AS metric, CAST(mapFilter((k, v) -> has(_CAST([\'remote\'], \'Array(String)\'), k), labels), \'Map(LowCardinality
2026-08-01 18:26:56	1	0	0	1	SELECT countIf(database = \'system\') as systemMerges, countIf(database != \'system\') as nonSystemMerges FROM system.merges
2026-08-01 18:26:57	7	532	325260	44	SELECT now64(6) as scrape_time_microseconds, \'tzy1uvq\' AS pod_ident, \'boneaws-al-46\' AS spoken_name, \'cell-1\' AS cell, \'ap-south-1\' AS region, \'aws\' AS cloud_provider, \'26.2.1.525\' AS clickhouse_version, \'0fc3eaab-fbcb-4533-8825-9be9faaea781\' AS control_plane_id, \'aarch64\' AS system_processor, * FRO
2026-08-01 18:26:58	1	0	0	1	             SELECT                 name,                 toJSONString(labels) as labels_serialized,                 value,                 help,                 type             FROM (                 SELECT   \'ClickHouse_CustomMetric_TotalMemoryUsedByMerges\' AS name,   toFloat64(SUM(memory_usage))
2026-08-01 18:26:58	2	59	472	1	             SELECT                 name,                 toJSONString(labels) as labels_serialized,                 value,                 help,                 type             FROM (                 SELECT   \'ClickHouse_CustomMetric_TotalMemoryUsedByDataSkippingIndices\' AS name,   toFloat64(SUM(d
2026-08-01 18:26:58	3	14	9020	0	             SELECT                 name,                 toJSONString(labels) as labels_serialized,                 value,                 help,                 type             FROM (                 SELECT   \'clickhouse_table_replica_readonly_start_timestamp_seconds\' as name,   toFloat64(toUnixTi
2026-08-01 18:26:58	3	6	213	0	             SELECT                 name,                 toJSONString(labels) as labels_serialized,                 value,                 help,                 type             FROM (                 SELECT   \'ClickHouse_CustomMetric_SharedCatalogRecoveryTime\' as name,   toFloat64(recovery_time) a
2026-08-01 18:27:03	2	2	6347	1	             SELECT                 name,                 toJSONString(labels) as labels_serialized,                 value,                 help,                 type             FROM (                 SELECT   \'ClickHouse_CustomMetric_TotalMemoryUsedByQueries\' AS name,   toFloat64(SUM(peak_memory_u
2026-08-01 18:27:03	3	6	213	0	             SELECT                 name,                 toJSONString(labels) as labels_serialized,                 value,                 help,                 type             FROM (                 SELECT   \'ClickHouse_CustomMetric_DatabaseReplicatedRecoveryTime\' as name,   toFloat64(recovery_ti
2026-08-01 18:27:05	5	138	33714	138	SELECT             name,             value,             help,             JSONExtract(labels_serialized, \'Map(String, String)\') as labels,             type         FROM merge(system, \'^_custom_metrics_dictionary_.*\')         FORMAT Prometheus
2026-08-01 18:27:06	3	1	5438	1	SELECT count() FROM system.processes WHERE (initial_user NOT IN _CAST([\'backups-internal\', \'management-internal\', \'monitoring-internal\', \'observability-internal\', \'operator-internal\', \'prometheus-exporter\', \'prometheus-internal\', \'operator-cert-internal\', \'availability-monitoring-internal\', \'\'], \'Ar
2026-08-01 18:27:06	2	128	1810	1	SELECT countIf(database = \'system\') as systemParts, countIf(database != \'system\') as nonSystemParts FROM system.parts where active
2026-08-01 18:27:06	1	0	0	1	SELECT countIf(database = \'system\') as systemMerges, countIf(database != \'system\') as nonSystemMerges FROM system.merges
2026-08-01 18:27:08	2	0	0	0	             SELECT                 name,                 toJSONString(labels) as labels_serialized,                 value,                 help,                 type             FROM (                 SELECT   \'ClickHouse_CustomMetric_FailedMutations\' as name,   toFloat64(count()) as value,   \'The 
2026-08-01 18:27:08	2	13	6340	1	             SELECT                 name,                 toJSONString(labels) as labels_serialized,                 value,                 help,                 type             FROM (                 SELECT   \'ClickHouse_CustomMetric_TotalMemoryUsedByDictionaries\' AS name,   toFloat64(SUM(bytes_al
2026-08-01 18:27:14	5	138	33714	138	SELECT             name,             value,             help,             JSONExtract(labels_serialized, \'Map(String, String)\') as labels,             type         FROM merge(system, \'^_custom_metrics_dictionary_.*\')         FORMAT Prometheus
2026-08-01 18:27:16	2	2	12834	1	SELECT count() FROM system.processes WHERE (initial_user NOT IN _CAST([\'backups-internal\', \'management-internal\', \'monitoring-internal\', \'observability-internal\', \'operator-internal\', \'prometheus-exporter\', \'prometheus-internal\', \'operator-cert-internal\', \'availability-monitoring-internal\', \'\'], \'Ar
2026-08-01 18:27:16	2	126	1780	1	SELECT countIf(database = \'system\') as systemParts, countIf(database != \'system\') as nonSystemParts FROM system.parts where active
2026-08-01 18:27:16	1	0	0	1	SELECT countIf(database = \'system\') as systemMerges, countIf(database != \'system\') as nonSystemMerges FROM system.merges
2026-08-01 18:27:16	23	3164	594189	129	SELECT CAST(\'0fc3eaab-fbcb-4533-8825-9be9faaea781\', \'UUID\') AS instance_id, CAST(\'c-boneaws-al-46-server-tzy1uvq-0\', \'LowCardinality(String)\') AS node_id, CAST(name, \'LowCardinality(String)\') AS metric, CAST(mapFilter((k, v) -> has(_CAST([\'remote\'], \'Array(String)\'), k), labels), \'Map(LowCardinality
2026-08-01 18:27:18	3	14	9020	0	             SELECT                 name,                 toJSONString(labels) as labels_serialized,                 value,                 help,                 type             FROM (                 SELECT   \'clickhouse_table_replica_readonly_start_timestamp_seconds\' as name,   toFloat64(toUnixTi
2026-08-01 18:27:19	3	0	0	0	SELECT now64(6) as scrape_time_microseconds, \'tzy1uvq\' AS pod_ident, \'boneaws-al-46\' AS spoken_name, \'cell-1\' AS cell, \'ap-south-1\' AS region, \'aws\' AS cloud_provider, \'26.2.1.525\' AS clickhouse_version, \'0fc3eaab-fbcb-4533-8825-9be9faaea781\' AS control_plane_id, \'aarch64\' AS system_processor, * FRO
2026-08-01 18:27:19	4	0	0	0	SELECT now64(6) as scrape_time_microseconds, \'tzy1uvq\' AS pod_ident, \'boneaws-al-46\' AS spoken_name, \'cell-1\' AS cell, \'ap-south-1\' AS region, \'aws\' AS cloud_provider, \'26.2.1.525\' AS clickhouse_version, \'0fc3eaab-fbcb-4533-8825-9be9faaea781\' AS control_plane_id, \'aarch64\' AS system_processor, * FRO
2026-08-01 18:27:20	3	0	0	0	SELECT now64(6) as scrape_time_microseconds, \'tzy1uvq\' AS pod_ident, \'boneaws-al-46\' AS spoken_name, \'cell-1\' AS cell, \'ap-south-1\' AS region, \'aws\' AS cloud_provider, \'26.2.1.525\' AS clickhouse_version, \'0fc3eaab-fbcb-4533-8825-9be9faaea781\' AS control_plane_id, \'aarch64\' AS system_processor, * FRO
2026-08-01 18:27:21	3	0	0	0	SELECT now64(6) as scrape_time_microseconds, \'tzy1uvq\' AS pod_ident, \'boneaws-al-46\' AS spoken_name, \'cell-1\' AS cell, \'ap-south-1\' AS region, \'aws\' AS cloud_provider, \'26.2.1.525\' AS clickhouse_version, \'0fc3eaab-fbcb-4533-8825-9be9faaea781\' AS control_plane_id, \'aarch64\' AS system_processor, * FRO
2026-08-01 18:27:21	6	134	32875	134	SELECT             name,             value,             help,             JSONExtract(labels_serialized, \'Map(String, String)\') as labels,             type         FROM merge(system, \'^_custom_metrics_dictionary_.*\')         FORMAT Prometheus
2026-08-01 18:27:22	2	0	0	0	SELECT now64(6) as scrape_time_microseconds, \'tzy1uvq\' AS pod_ident, \'boneaws-al-46\' AS spoken_name, \'cell-1\' AS cell, \'ap-south-1\' AS region, \'aws\' AS cloud_provider, \'26.2.1.525\' AS clickhouse_version, \'0fc3eaab-fbcb-4533-8825-9be9faaea781\' AS control_plane_id, \'aarch64\' AS system_processor, * FRO
2026-08-01 18:27:23	3	0	0	0	SELECT now64(6) as scrape_time_microseconds, \'tzy1uvq\' AS pod_ident, \'boneaws-al-46\' AS spoken_name, \'cell-1\' AS cell, \'ap-south-1\' AS region, \'aws\' AS cloud_provider, \'26.2.1.525\' AS clickhouse_version, \'0fc3eaab-fbcb-4533-8825-9be9faaea781\' AS control_plane_id, \'aarch64\' AS system_processor, * FRO
2026-08-01 18:27:23	2	0	0	0	             SELECT                 name,                 toJSONString(labels) as labels_serialized,                 value,                 help,                 type             FROM (                 SELECT   \'ClickHouse_CustomMetric_FailedMutations\' as name,   toFloat64(count()) as value,   \'The 
2026-08-01 18:27:23	2	59	472	1	             SELECT                 name,                 toJSONString(labels) as labels_serialized,                 value,                 help,                 type             FROM (                 SELECT   \'ClickHouse_CustomMetric_TotalMemoryUsedByDataSkippingIndices\' AS name,   toFloat64(SUM(d
2026-08-01 18:27:24	3	0	0	0	SELECT now64(6) as scrape_time_microseconds, \'tzy1uvq\' AS pod_ident, \'boneaws-al-46\' AS spoken_name, \'cell-1\' AS cell, \'ap-south-1\' AS region, \'aws\' AS cloud_provider, \'26.2.1.525\' AS clickhouse_version, \'0fc3eaab-fbcb-4533-8825-9be9faaea781\' AS control_plane_id, \'aarch64\' AS system_processor, * FRO
2026-08-01 18:27:25	113	120	121047	20	SELECT now64(6) as scrape_time_microseconds, \'tzy1uvq\' AS pod_ident, \'boneaws-al-46\' AS spoken_name, \'cell-1\' AS cell, \'ap-south-1\' AS region, \'aws\' AS cloud_provider, \'26.2.1.525\' AS clickhouse_version, \'0fc3eaab-fbcb-4533-8825-9be9faaea781\' AS control_plane_id, \'aarch64\' AS system_processor, * FRO
2026-08-01 18:27:25	14	121	1471	1	SELECT avg(ProfileEvent_OSCPUWaitMicroseconds) as cpu_wait FROM  system.metric_log  WHERE event_time > now() - INTERVAL 2 MINUTE AND event_date >= yesterday()
2026-08-01 18:27:25	3	2	10208	2	SELECT count() as count, sum(elapsed) as total_elapsed, \'lh\' as usr FROM system.processes  WHERE user = \'observability-internal\' AND client_hostname LIKE \'loghouse-scraper%\'  UNION ALL SELECT count() as count, sum(elapsed) as total_elapsed, \'other\' as usr FROM system.processes  WHERE user != \'observ
2026-08-01 18:27:25	1	875	366447	1	SELECT value FROM system.asynchronous_metrics WHERE metric = \'OSMemoryAvailable\' ;
2026-08-01 18:27:26	3	0	0	0	SELECT now64(6) as scrape_time_microseconds, \'tzy1uvq\' AS pod_ident, \'boneaws-al-46\' AS spoken_name, \'cell-1\' AS cell, \'ap-south-1\' AS region, \'aws\' AS cloud_provider, \'26.2.1.525\' AS clickhouse_version, \'0fc3eaab-fbcb-4533-8825-9be9faaea781\' AS control_plane_id, \'aarch64\' AS system_processor, * FRO
2026-08-01 18:27:26	3	1	5438	1	SELECT count() FROM system.processes WHERE (initial_user NOT IN _CAST([\'backups-internal\', \'management-internal\', \'monitoring-internal\', \'observability-internal\', \'operator-internal\', \'prometheus-exporter\', \'prometheus-internal\', \'operator-cert-internal\', \'availability-monitoring-internal\', \'\'], \'Ar
2026-08-01 18:27:26	2	129	1825	1	SELECT countIf(database = \'system\') as systemParts, countIf(database != \'system\') as nonSystemParts FROM system.parts where active
2026-08-01 18:27:26	2	0	0	1	SELECT countIf(database = \'system\') as systemMerges, countIf(database != \'system\') as nonSystemMerges FROM system.merges
2026-08-01 18:27:27	3	0	0	0	SELECT now64(6) as scrape_time_microseconds, \'tzy1uvq\' AS pod_ident, \'boneaws-al-46\' AS spoken_name, \'cell-1\' AS cell, \'ap-south-1\' AS region, \'aws\' AS cloud_provider, \'26.2.1.525\' AS clickhouse_version, \'0fc3eaab-fbcb-4533-8825-9be9faaea781\' AS control_plane_id, \'aarch64\' AS system_processor, * FRO
2026-08-01 18:27:28	4	0	0	0	SELECT now64(6) as scrape_time_microseconds, \'tzy1uvq\' AS pod_ident, \'boneaws-al-46\' AS spoken_name, \'cell-1\' AS cell, \'ap-south-1\' AS region, \'aws\' AS cloud_provider, \'26.2.1.525\' AS clickhouse_version, \'0fc3eaab-fbcb-4533-8825-9be9faaea781\' AS control_plane_id, \'aarch64\' AS system_processor, * FRO
2026-08-01 18:27:28	1	6	2128	6	             SELECT                 name,                 toJSONString(labels) as labels_serialized,                 value,                 help,                 type             FROM (                 SELECT   concat(\'clickhouse_\', system.dimensional_metrics.metric) AS name,   toFloat64(system.dime
2026-08-01 18:27:28	2	15	1013	15	             SELECT                 name,                 toJSONString(labels) as labels_serialized,                 value,                 help,                 type             FROM (                 SELECT     \'ClickHouse_MetricsCollection_CustomMetricsSystemTable\' AS name,     toFloat64(1) AS va
2026-08-01 18:27:30	4	0	0	0	SELECT now64(6) as scrape_time_microseconds, \'tzy1uvq\' AS pod_ident, \'boneaws-al-46\' AS spoken_name, \'cell-1\' AS cell, \'ap-south-1\' AS region, \'aws\' AS cloud_provider, \'26.2.1.525\' AS clickhouse_version, \'0fc3eaab-fbcb-4533-8825-9be9faaea781\' AS control_plane_id, \'aarch64\' AS system_processor, * FRO
2026-08-01 18:27:31	1	1	1	1	SELECT displayName(), version(), revision(), timezone()
2026-08-01 18:27:31	1	1	1	1	SELECT 1;
2026-08-01 18:27:34	1	72	5181	72	SELECT  now64(6) as scrape_time_microseconds, \'tzy1uvq\' AS pod_ident, \'boneaws-al-46\' AS spoken_name, \'cell-1\' AS cell, \'ap-south-1\' AS region, \'aws\' AS cloud_provider, \'26.2.1.525\' AS clickhouse_version, \'0fc3eaab-fbcb-4533-8825-9be9faaea781\' AS control_plane_id, \'aarch64\' AS system_processor, * FR
2026-08-01 18:27:35	5	134	32875	134	SELECT             name,             value,             help,             JSONExtract(labels_serialized, \'Map(String, String)\') as labels,             type         FROM merge(system, \'^_custom_metrics_dictionary_.*\')         FORMAT Prometheus
2026-08-01 18:27:36	2	2	12834	1	SELECT count() FROM system.processes WHERE (initial_user NOT IN _CAST([\'backups-internal\', \'management-internal\', \'monitoring-internal\', \'observability-internal\', \'operator-internal\', \'prometheus-exporter\', \'prometheus-internal\', \'operator-cert-internal\', \'availability-monitoring-internal\', \'\'], \'Ar
2026-08-01 18:27:36	2	122	1720	1	SELECT countIf(database = \'system\') as systemParts, countIf(database != \'system\') as nonSystemParts FROM system.parts where active
2026-08-01 18:27:36	23	3161	593905	129	SELECT CAST(\'0fc3eaab-fbcb-4533-8825-9be9faaea781\', \'UUID\') AS instance_id, CAST(\'c-boneaws-al-46-server-tzy1uvq-0\', \'LowCardinality(String)\') AS node_id, CAST(name, \'LowCardinality(String)\') AS metric, CAST(mapFilter((k, v) -> has(_CAST([\'remote\'], \'Array(String)\'), k), labels), \'Map(LowCardinality
2026-08-01 18:27:36	1	0	0	1	SELECT countIf(database = \'system\') as systemMerges, countIf(database != \'system\') as nonSystemMerges FROM system.merges
2026-08-01 18:27:37	9	14850	1634211	1187	SELECT now64(6) as scrape_time_microseconds, \'tzy1uvq\' AS pod_ident, \'boneaws-al-46\' AS spoken_name, \'cell-1\' AS cell, \'ap-south-1\' AS region, \'aws\' AS cloud_provider, \'26.2.1.525\' AS clickhouse_version, \'0fc3eaab-fbcb-4533-8825-9be9faaea781\' AS control_plane_id, \'aarch64\' AS system_processor, * FRO
2026-08-01 18:27:38	3	6	213	0	             SELECT                 name,                 toJSONString(labels) as labels_serialized,                 value,                 help,                 type             FROM (                 SELECT   \'ClickHouse_CustomMetric_SharedCatalogRecoveryTime\' as name,   toFloat64(recovery_time) a
2026-08-01 18:27:43	1	6	2128	6	             SELECT                 name,                 toJSONString(labels) as labels_serialized,                 value,                 help,                 type             FROM (                 SELECT   concat(\'clickhouse_\', system.dimensional_metrics.metric) AS name,   toFloat64(system.dime
2026-08-01 18:27:43	2	0	0	1	             SELECT                 name,                 toJSONString(labels) as labels_serialized,                 value,                 help,                 type             FROM (                 SELECT   \'ClickHouse_CustomMetric_TotalMemoryUsedByMerges\' AS name,   toFloat64(SUM(memory_usage))
2026-08-01 18:27:43	2	14	9020	0	             SELECT                 name,                 toJSONString(labels) as labels_serialized,                 value,                 help,                 type             FROM (                 SELECT   \'clickhouse_table_replica_readonly_start_timestamp_seconds\' as name,   toFloat64(toUnixTi
2026-08-01 18:27:44	5	134	32875	134	SELECT             name,             value,             help,             JSONExtract(labels_serialized, \'Map(String, String)\') as labels,             type         FROM merge(system, \'^_custom_metrics_dictionary_.*\')         FORMAT Prometheus
2026-08-01 18:27:46	3	1	5438	1	SELECT count() FROM system.processes WHERE (initial_user NOT IN _CAST([\'backups-internal\', \'management-internal\', \'monitoring-internal\', \'observability-internal\', \'operator-internal\', \'prometheus-exporter\', \'prometheus-internal\', \'operator-cert-internal\', \'availability-monitoring-internal\', \'\'], \'Ar
2026-08-01 18:27:46	2	125	1765	1	SELECT countIf(database = \'system\') as systemParts, countIf(database != \'system\') as nonSystemParts FROM system.parts where active
2026-08-01 18:27:46	1	0	0	1	SELECT countIf(database = \'system\') as systemMerges, countIf(database != \'system\') as nonSystemMerges FROM system.merges
2026-08-01 18:27:48	1	6	2128	6	             SELECT                 name,                 toJSONString(labels) as labels_serialized,                 value,                 help,                 type             FROM (                 SELECT   concat(\'clickhouse_\', system.dimensional_metrics.metric) AS name,   toFloat64(system.dime
2026-08-01 18:27:48	1	0	0	1	             SELECT                 name,                 toJSONString(labels) as labels_serialized,                 value,                 help,                 type             FROM (                 SELECT   \'ClickHouse_CustomMetric_TotalMemoryUsedByAsynchronousInserts\' AS name,   toFloat64(SUM(t
2026-08-01 18:27:48	3	6	213	0	             SELECT                 name,                 toJSONString(labels) as labels_serialized,                 value,                 help,                 type             FROM (                 SELECT   \'ClickHouse_CustomMetric_SharedCatalogRecoveryTime\' as name,   toFloat64(recovery_time) a
2026-08-01 18:27:49	1	15	1195	15	SELECT  now64(6) as scrape_time_microseconds, \'tzy1uvq\' AS pod_ident, \'boneaws-al-46\' AS spoken_name, \'cell-1\' AS cell, \'ap-south-1\' AS region, \'aws\' AS cloud_provider, \'26.2.1.525\' AS clickhouse_version, \'0fc3eaab-fbcb-4533-8825-9be9faaea781\' AS control_plane_id, \'aarch64\' AS system_processor, * FR
2026-08-01 18:27:51	6	134	32875	134	SELECT             name,             value,             help,             JSONExtract(labels_serialized, \'Map(String, String)\') as labels,             type         FROM merge(system, \'^_custom_metrics_dictionary_.*\')         FORMAT Prometheus
2026-08-01 18:27:53	2	2	6242	1	             SELECT                 name,                 toJSONString(labels) as labels_serialized,                 value,                 help,                 type             FROM (                 SELECT   \'ClickHouse_CustomMetric_TotalMemoryUsedByQueries\' AS name,   toFloat64(SUM(peak_memory_u
2026-08-01 18:27:53	2	13	6340	1	             SELECT                 name,                 toJSONString(labels) as labels_serialized,                 value,                 help,                 type             FROM (                 SELECT   \'ClickHouse_CustomMetric_TotalMemoryUsedByDictionaries\' AS name,   toFloat64(SUM(bytes_al
2026-08-01 18:27:55	14	121	1471	1	SELECT avg(ProfileEvent_OSCPUWaitMicroseconds) as cpu_wait FROM  system.metric_log  WHERE event_time > now() - INTERVAL 2 MINUTE AND event_date >= yesterday()
2026-08-01 18:27:55	4	2	10208	2	SELECT count() as count, sum(elapsed) as total_elapsed, \'lh\' as usr FROM system.processes  WHERE user = \'observability-internal\' AND client_hostname LIKE \'loghouse-scraper%\'  UNION ALL SELECT count() as count, sum(elapsed) as total_elapsed, \'other\' as usr FROM system.processes  WHERE user != \'observ
2026-08-01 18:27:55	1	875	366447	1	SELECT value FROM system.asynchronous_metrics WHERE metric = \'OSMemoryAvailable\' ;
2026-08-01 18:27:56	3	2	12834	1	SELECT count() FROM system.processes WHERE (initial_user NOT IN _CAST([\'backups-internal\', \'management-internal\', \'monitoring-internal\', \'observability-internal\', \'operator-internal\', \'prometheus-exporter\', \'prometheus-internal\', \'operator-cert-internal\', \'availability-monitoring-internal\', \'\'], \'Ar
2026-08-01 18:27:56	23	3160	593762	129	SELECT CAST(\'0fc3eaab-fbcb-4533-8825-9be9faaea781\', \'UUID\') AS instance_id, CAST(\'c-boneaws-al-46-server-tzy1uvq-0\', \'LowCardinality(String)\') AS node_id, CAST(name, \'LowCardinality(String)\') AS metric, CAST(mapFilter((k, v) -> has(_CAST([\'remote\'], \'Array(String)\'), k), labels), \'Map(LowCardinality
2026-08-01 18:27:56	2	123	1735	1	SELECT countIf(database = \'system\') as systemParts, countIf(database != \'system\') as nonSystemParts FROM system.parts where active
2026-08-01 18:27:56	1	0	0	1	SELECT countIf(database = \'system\') as systemMerges, countIf(database != \'system\') as nonSystemMerges FROM system.merges
2026-08-01 18:27:58	2	2	6347	1	             SELECT                 name,                 toJSONString(labels) as labels_serialized,                 value,                 help,                 type             FROM (                 SELECT   \'ClickHouse_CustomMetric_TotalMemoryUsedByQueries\' AS name,   toFloat64(SUM(peak_memory_u
2026-08-01 18:27:58	3	6	213	0	             SELECT                 name,                 toJSONString(labels) as labels_serialized,                 value,                 help,                 type             FROM (                 SELECT   \'ClickHouse_CustomMetric_DatabaseReplicatedRecoveryTime\' as name,   toFloat64(recovery_ti
2026-08-01 18:28:05	6	134	32875	134	SELECT             name,             value,             help,             JSONExtract(labels_serialized, \'Map(String, String)\') as labels,             type         FROM merge(system, \'^_custom_metrics_dictionary_.*\')         FORMAT Prometheus
2026-08-01 18:28:06	3	1	5438	1	SELECT count() FROM system.processes WHERE (initial_user NOT IN _CAST([\'backups-internal\', \'management-internal\', \'monitoring-internal\', \'observability-internal\', \'operator-internal\', \'prometheus-exporter\', \'prometheus-internal\', \'operator-cert-internal\', \'availability-monitoring-internal\', \'\'], \'Ar
2026-08-01 18:28:06	2	120	1690	1	SELECT countIf(database = \'system\') as systemParts, countIf(database != \'system\') as nonSystemParts FROM system.parts where active
2026-08-01 18:28:06	1	0	0	1	SELECT countIf(database = \'system\') as systemMerges, countIf(database != \'system\') as nonSystemMerges FROM system.merges
2026-08-01 18:28:08	2	15	1013	15	             SELECT                 name,                 toJSONString(labels) as labels_serialized,                 value,                 help,                 type             FROM (                 SELECT     \'ClickHouse_MetricsCollection_CustomMetricsSystemTable\' AS name,     toFloat64(1) AS va
2026-08-01 18:28:13	1	0	0	1	             SELECT                 name,                 toJSONString(labels) as labels_serialized,                 value,                 help,                 type             FROM (                 SELECT   \'ClickHouse_CustomMetric_TotalMemoryUsedByAsynchronousInserts\' AS name,   toFloat64(SUM(t
2026-08-01 18:28:14	5	134	32875	134	SELECT             name,             value,             help,             JSONExtract(labels_serialized, \'Map(String, String)\') as labels,             type         FROM merge(system, \'^_custom_metrics_dictionary_.*\')         FORMAT Prometheus
2026-08-01 18:28:16	6	0	0	0	WITH source AS (SELECT [\'matview_execution_total\', if(exception_code != 0, \'matview_execution_fail\', \'\')] AS metrics, event_time AS ts FROM system.query_views_log WHERE (status != \'QueryStart\') AND (event_date >= toDate(_CAST(\'1785608741.239\', \'DateTime64\'))) AND (event_time >= toDateTime(_CAST(\'178
2026-08-01 18:28:16	4	378	114440	5	WITH metrics AS (SELECT name AS metric, toFloat64(value) AS val, now() AS ts FROM system.server_settings WHERE multiMatchAny(name, _CAST([\'^max_database_num_to_throw$\', \'^max_database_num_to_warn$\', \'^max_table_num_to_throw$\', \'^max_table_num_to_warn$\', \'^max_concurrent_queries$\'], \'Array(String)\'))
2026-08-01 18:28:16	9	6352	95276	13	WITH metrics AS (SELECT multiIf((event_type = \'MergeParts\') AND (error = 0), \'merges_finished\', (event_type = \'MergeParts\') AND (error != 0), \'merges_failed\', (event_type = \'MutatePart\') AND (error = 0), \'mutate_part_finished\', (event_type = \'MutatePart\') AND (error != 0), \'mutate_part_failed\', NULL
2026-08-01 18:28:16	3	8	39845	1	SELECT count() FROM system.processes WHERE (initial_user NOT IN _CAST([\'backups-internal\', \'management-internal\', \'monitoring-internal\', \'observability-internal\', \'operator-internal\', \'prometheus-exporter\', \'prometheus-internal\', \'operator-cert-internal\', \'availability-monitoring-internal\', \'\'], \'Ar
2026-08-01 18:28:16	9	0	0	1	WITH failed_mutations AS (SELECT toDateTime(create_time) AS ts, count() AS val FROM system.mutations WHERE (ts > toDateTime(_CAST(\'1785608741.239\', \'DateTime64\'))) AND (ts <= toDateTime(_CAST(\'1785608861.239\', \'DateTime64\'))) AND (latest_failed_part != \'\') AND (is_done = 0) GROUP BY ts), failed_muta
2026-08-01 18:28:16	9	105887	1733600	1560	SELECT CAST(\'0fc3eaab-fbcb-4533-8825-9be9faaea781\', \'UUID\') AS control_plane_id, CAST(\'c-boneaws-al-46-server-tzy1uvq-0\', \'LowCardinality(String)\') AS pod_id, CAST(now64(), \'DateTime64(6)\') AS scrape_ts_microseconds, CAST(event_date, \'Date\') AS event_date, CAST(event_time, \'DateTime\') AS event_time,
2026-08-01 18:28:16	2	118	1660	1	SELECT countIf(database = \'system\') as systemParts, countIf(database != \'system\') as nonSystemParts FROM system.parts where active
2026-08-01 18:28:16	24	3160	593762	129	SELECT CAST(\'0fc3eaab-fbcb-4533-8825-9be9faaea781\', \'UUID\') AS instance_id, CAST(\'c-boneaws-al-46-server-tzy1uvq-0\', \'LowCardinality(String)\') AS node_id, CAST(name, \'LowCardinality(String)\') AS metric, CAST(mapFilter((k, v) -> has(_CAST([\'remote\'], \'Array(String)\'), k), labels), \'Map(LowCardinality
2026-08-01 18:28:16	1	0	0	1	SELECT countIf(database = \'system\') as systemMerges, countIf(database != \'system\') as nonSystemMerges FROM system.merges
2026-08-01 18:28:16	49	211	64165	120	SELECT CAST(\'0fc3eaab-fbcb-4533-8825-9be9faaea781\', \'UUID\') AS control_plane_id, CAST(\'c-boneaws-al-46-server-tzy1uvq-0\', \'LowCardinality(String)\') AS pod_id, CAST(now64(), \'DateTime64(6)\') AS scrape_ts_microseconds, CAST(event_date, \'Date\') AS event_date, CAST(event_time, \'DateTime\') AS event_time,
2026-08-01 18:28:16	155	811	223343	18	WITH parts_agg AS (SELECT database AS agg_database, `table` AS agg_table, SUM(primary_key_size) AS primary_index_size, SUM(secondary_indices_compressed_bytes) AS secondary_index_size FROM system.parts WHERE active AND (database != \'system\') GROUP BY database, `table`), proj_agg AS (SELECT database A
2026-08-01 18:28:18	2	59	472	1	             SELECT                 name,                 toJSONString(labels) as labels_serialized,                 value,                 help,                 type             FROM (                 SELECT   \'ClickHouse_CustomMetric_TotalMemoryUsedByDataSkippingIndices\' AS name,   toFloat64(SUM(d
2026-08-01 18:28:21	6	134	32875	134	SELECT             name,             value,             help,             JSONExtract(labels_serialized, \'Map(String, String)\') as labels,             type         FROM merge(system, \'^_custom_metrics_dictionary_.*\')         FORMAT Prometheus
2026-08-01 18:28:23	2	0	0	1	             SELECT                 name,                 toJSONString(labels) as labels_serialized,                 value,                 help,                 type             FROM (                 SELECT   \'ClickHouse_CustomMetric_TotalMemoryUsedByMerges\' AS name,   toFloat64(SUM(memory_usage))
2026-08-01 18:28:23	2	0	0	0	             SELECT                 name,                 toJSONString(labels) as labels_serialized,                 value,                 help,                 type             FROM (                 SELECT   \'ClickHouse_CustomMetric_FailedMutations\' as name,   toFloat64(count()) as value,   \'The 
2026-08-01 18:28:23	2	13	6340	1	             SELECT                 name,                 toJSONString(labels) as labels_serialized,                 value,                 help,                 type             FROM (                 SELECT   \'ClickHouse_CustomMetric_TotalMemoryUsedByDictionaries\' AS name,   toFloat64(SUM(bytes_al
2026-08-01 18:28:25	13	211	2954	1	SELECT avg(ProfileEvent_OSCPUWaitMicroseconds) as cpu_wait FROM  system.metric_log  WHERE event_time > now() - INTERVAL 2 MINUTE AND event_date >= yesterday()
2026-08-01 18:28:25	4	2	10208	2	SELECT count() as count, sum(elapsed) as total_elapsed, \'lh\' as usr FROM system.processes  WHERE user = \'observability-internal\' AND client_hostname LIKE \'loghouse-scraper%\'  UNION ALL SELECT count() as count, sum(elapsed) as total_elapsed, \'other\' as usr FROM system.processes  WHERE user != \'observ
2026-08-01 18:28:25	1	875	366447	1	SELECT value FROM system.asynchronous_metrics WHERE metric = \'OSMemoryAvailable\' ;
2026-08-01 18:28:26	3	1	5438	1	SELECT count() FROM system.processes WHERE (initial_user NOT IN _CAST([\'backups-internal\', \'management-internal\', \'monitoring-internal\', \'observability-internal\', \'operator-internal\', \'prometheus-exporter\', \'prometheus-internal\', \'operator-cert-internal\', \'availability-monitoring-internal\', \'\'], \'Ar
2026-08-01 18:28:26	2	117	1645	1	SELECT countIf(database = \'system\') as systemParts, countIf(database != \'system\') as nonSystemParts FROM system.parts where active
2026-08-01 18:28:26	2	0	0	1	SELECT countIf(database = \'system\') as systemMerges, countIf(database != \'system\') as nonSystemMerges FROM system.merges
2026-08-01 18:28:28	2	15	1013	15	             SELECT                 name,                 toJSONString(labels) as labels_serialized,                 value,                 help,                 type             FROM (                 SELECT     \'ClickHouse_MetricsCollection_CustomMetricsSystemTable\' AS name,     toFloat64(1) AS va
2026-08-01 18:28:28	3	6	213	0	             SELECT                 name,                 toJSONString(labels) as labels_serialized,                 value,                 help,                 type             FROM (                 SELECT   \'ClickHouse_CustomMetric_SharedCatalogRecoveryTime\' as name,   toFloat64(recovery_time) a
2026-08-01 18:28:33	1	0	0	1	             SELECT                 name,                 toJSONString(labels) as labels_serialized,                 value,                 help,                 type             FROM (                 SELECT   \'ClickHouse_CustomMetric_TotalMemoryUsedByAsynchronousInserts\' AS name,   toFloat64(SUM(t
2026-08-01 18:28:33	3	14	9020	0	             SELECT                 name,                 toJSONString(labels) as labels_serialized,                 value,                 help,                 type             FROM (                 SELECT   \'clickhouse_table_replica_readonly_start_timestamp_seconds\' as name,   toFloat64(toUnixTi
2026-08-01 18:28:35	5	134	32875	134	SELECT             name,             value,             help,             JSONExtract(labels_serialized, \'Map(String, String)\') as labels,             type         FROM merge(system, \'^_custom_metrics_dictionary_.*\')         FORMAT Prometheus
2026-08-01 18:28:36	2	2	12834	1	SELECT count() FROM system.processes WHERE (initial_user NOT IN _CAST([\'backups-internal\', \'management-internal\', \'monitoring-internal\', \'observability-internal\', \'operator-internal\', \'prometheus-exporter\', \'prometheus-internal\', \'operator-cert-internal\', \'availability-monitoring-internal\', \'\'], \'Ar
2026-08-01 18:28:36	2	115	1615	1	SELECT countIf(database = \'system\') as systemParts, countIf(database != \'system\') as nonSystemParts FROM system.parts where active
2026-08-01 18:28:36	1	0	0	1	SELECT countIf(database = \'system\') as systemMerges, countIf(database != \'system\') as nonSystemMerges FROM system.merges
2026-08-01 18:28:36	24	3160	593762	129	SELECT CAST(\'0fc3eaab-fbcb-4533-8825-9be9faaea781\', \'UUID\') AS instance_id, CAST(\'c-boneaws-al-46-server-tzy1uvq-0\', \'LowCardinality(String)\') AS node_id, CAST(name, \'LowCardinality(String)\') AS metric, CAST(mapFilter((k, v) -> has(_CAST([\'remote\'], \'Array(String)\'), k), labels), \'Map(LowCardinality
2026-08-01 18:28:38	9	7984	2353838	317	SELECT now64(6) as scrape_time_microseconds, \'tzy1uvq\' AS pod_ident, \'boneaws-al-46\' AS spoken_name, \'cell-1\' AS cell, \'ap-south-1\' AS region, \'aws\' AS cloud_provider, \'26.2.1.525\' AS clickhouse_version, \'0fc3eaab-fbcb-4533-8825-9be9faaea781\' AS control_plane_id, \'aarch64\' AS system_processor, * FRO
2026-08-01 18:28:38	30	4402	9931261	324	SELECT now64(6) as scrape_time_microseconds, \'tzy1uvq\' AS pod_ident, \'boneaws-al-46\' AS spoken_name, \'cell-1\' AS cell, \'ap-south-1\' AS region, \'aws\' AS cloud_provider, \'26.2.1.525\' AS clickhouse_version, \'0fc3eaab-fbcb-4533-8825-9be9faaea781\' AS control_plane_id, \'aarch64\' AS system_processor, * FRO
2026-08-01 18:28:38	2	0	0	1	             SELECT                 name,                 toJSONString(labels) as labels_serialized,                 value,                 help,                 type             FROM (                 SELECT   \'ClickHouse_CustomMetric_TotalMemoryUsedByMerges\' AS name,   toFloat64(SUM(memory_usage))
2026-08-01 18:28:38	2	0	0	1	             SELECT                 name,                 toJSONString(labels) as labels_serialized,                 value,                 help,                 type             FROM (                 SELECT   \'ClickHouse_CustomMetric_TotalMemoryUsedByAsynchronousInserts\' AS name,   toFloat64(SUM(t
2026-08-01 18:28:39	15	16923	4050687	5095	SELECT now64(6) as scrape_time_microseconds, \'tzy1uvq\' AS pod_ident, \'boneaws-al-46\' AS spoken_name, \'cell-1\' AS cell, \'ap-south-1\' AS region, \'aws\' AS cloud_provider, \'26.2.1.525\' AS clickhouse_version, \'0fc3eaab-fbcb-4533-8825-9be9faaea781\' AS control_plane_id, \'aarch64\' AS system_processor, * FRO
2026-08-01 18:28:43	14	6351	3383810	148	SELECT now64(6) as scrape_time_microseconds, \'tzy1uvq\' AS pod_ident, \'boneaws-al-46\' AS spoken_name, \'cell-1\' AS cell, \'ap-south-1\' AS region, \'aws\' AS cloud_provider, \'26.2.1.525\' AS clickhouse_version, \'0fc3eaab-fbcb-4533-8825-9be9faaea781\' AS control_plane_id, \'aarch64\' AS system_processor, * FRO
2026-08-01 18:28:43	3	1	5022	1	             SELECT                 name,                 toJSONString(labels) as labels_serialized,                 value,                 help,                 type             FROM (                 SELECT   \'ClickHouse_CustomMetric_TotalMemoryUsedByQueries\' AS name,   toFloat64(SUM(peak_memory_u
2026-08-01 18:28:44	5	134	32875	134	SELECT             name,             value,             help,             JSONExtract(labels_serialized, \'Map(String, String)\') as labels,             type         FROM merge(system, \'^_custom_metrics_dictionary_.*\')         FORMAT Prometheus
2026-08-01 18:28:45	175	786	2162060	120	SELECT now64(6) as scrape_time_microseconds, \'tzy1uvq\' AS pod_ident, \'boneaws-al-46\' AS spoken_name, \'cell-1\' AS cell, \'ap-south-1\' AS region, \'aws\' AS cloud_provider, \'26.2.1.525\' AS clickhouse_version, \'0fc3eaab-fbcb-4533-8825-9be9faaea781\' AS control_plane_id, \'aarch64\' AS system_processor, * FRO
2026-08-01 18:28:46	156	2845749	45607224	106348	SELECT now64(6) as scrape_time_microseconds, \'tzy1uvq\' AS pod_ident, \'boneaws-al-46\' AS spoken_name, \'cell-1\' AS cell, \'ap-south-1\' AS region, \'aws\' AS cloud_provider, \'26.2.1.525\' AS clickhouse_version, \'0fc3eaab-fbcb-4533-8825-9be9faaea781\' AS control_plane_id, \'aarch64\' AS system_processor, * FRO
2026-08-01 18:28:46	2	1	5438	1	SELECT count() FROM system.processes WHERE (initial_user NOT IN _CAST([\'backups-internal\', \'management-internal\', \'monitoring-internal\', \'observability-internal\', \'operator-internal\', \'prometheus-exporter\', \'prometheus-internal\', \'operator-cert-internal\', \'availability-monitoring-internal\', \'\'], \'Ar
2026-08-01 18:28:46	2	112	1570	1	SELECT countIf(database = \'system\') as systemParts, countIf(database != \'system\') as nonSystemParts FROM system.parts where active
2026-08-01 18:28:46	1	0	0	1	SELECT countIf(database = \'system\') as systemMerges, countIf(database != \'system\') as nonSystemMerges FROM system.merges
2026-08-01 18:28:47	18	21732	5430522	10746	SELECT now64(6) as scrape_time_microseconds, \'tzy1uvq\' AS pod_ident, \'boneaws-al-46\' AS spoken_name, \'cell-1\' AS cell, \'ap-south-1\' AS region, \'aws\' AS cloud_provider, \'26.2.1.525\' AS clickhouse_version, \'0fc3eaab-fbcb-4533-8825-9be9faaea781\' AS control_plane_id, \'aarch64\' AS system_processor, * FRO
2026-08-01 18:28:48	1	6	2128	6	             SELECT                 name,                 toJSONString(labels) as labels_serialized,                 value,                 help,                 type             FROM (                 SELECT   concat(\'clickhouse_\', system.dimensional_metrics.metric) AS name,   toFloat64(system.dime
2026-08-01 18:28:48	3	6	213	0	             SELECT                 name,                 toJSONString(labels) as labels_serialized,                 value,                 help,                 type             FROM (                 SELECT   \'ClickHouse_CustomMetric_DatabaseReplicatedRecoveryTime\' as name,   toFloat64(recovery_ti
2026-08-01 18:28:49	21	21862	4831051	14895	SELECT now64(6) as scrape_time_microseconds, \'tzy1uvq\' AS pod_ident, \'boneaws-al-46\' AS spoken_name, \'cell-1\' AS cell, \'ap-south-1\' AS region, \'aws\' AS cloud_provider, \'26.2.1.525\' AS clickhouse_version, \'0fc3eaab-fbcb-4533-8825-9be9faaea781\' AS control_plane_id, \'aarch64\' AS system_processor, * FRO
2026-08-01 18:28:50	2	0	8	1	SELECT count() FROM system.backups where status IN (0,3)
2026-08-01 18:28:50	3	1	5472	1	SELECT count() FROM system.processes WHERE (elapsed > _CAST(0, \'Int64\')) AND (initial_user NOT IN _CAST([\'backups-internal\', \'management-internal\', \'monitoring-internal\', \'observability-internal\', \'operator-internal\', \'prometheus-exporter\', \'prometheus-internal\', \'operator-cert-internal\', \'availabil
2026-08-01 18:28:51	5	134	32875	134	SELECT             name,             value,             help,             JSONExtract(labels_serialized, \'Map(String, String)\') as labels,             type         FROM merge(system, \'^_custom_metrics_dictionary_.*\')         FORMAT Prometheus
2026-08-01 18:28:55	14	242	3388	1	SELECT avg(ProfileEvent_OSCPUWaitMicroseconds) as cpu_wait FROM  system.metric_log  WHERE event_time > now() - INTERVAL 2 MINUTE AND event_date >= yesterday()
2026-08-01 18:28:55	4	2	10208	2	SELECT count() as count, sum(elapsed) as total_elapsed, \'lh\' as usr FROM system.processes  WHERE user = \'observability-internal\' AND client_hostname LIKE \'loghouse-scraper%\'  UNION ALL SELECT count() as count, sum(elapsed) as total_elapsed, \'other\' as usr FROM system.processes  WHERE user != \'observ
2026-08-01 18:28:55	1	875	366447	1	SELECT value FROM system.asynchronous_metrics WHERE metric = \'OSMemoryAvailable\' ;
2026-08-01 18:28:56	3	2	12834	1	SELECT count() FROM system.processes WHERE (initial_user NOT IN _CAST([\'backups-internal\', \'management-internal\', \'monitoring-internal\', \'observability-internal\', \'operator-internal\', \'prometheus-exporter\', \'prometheus-internal\', \'operator-cert-internal\', \'availability-monitoring-internal\', \'\'], \'Ar
2026-08-01 18:28:56	2	115	1615	1	SELECT countIf(database = \'system\') as systemParts, countIf(database != \'system\') as nonSystemParts FROM system.parts where active
2026-08-01 18:28:56	1	0	0	1	SELECT countIf(database = \'system\') as systemMerges, countIf(database != \'system\') as nonSystemMerges FROM system.merges
2026-08-01 18:28:56	25	3160	593762	129	SELECT CAST(\'0fc3eaab-fbcb-4533-8825-9be9faaea781\', \'UUID\') AS instance_id, CAST(\'c-boneaws-al-46-server-tzy1uvq-0\', \'LowCardinality(String)\') AS node_id, CAST(name, \'LowCardinality(String)\') AS metric, CAST(mapFilter((k, v) -> has(_CAST([\'remote\'], \'Array(String)\'), k), labels), \'Map(LowCardinality
2026-08-01 18:28:57	7	532	325260	54	SELECT now64(6) as scrape_time_microseconds, \'tzy1uvq\' AS pod_ident, \'boneaws-al-46\' AS spoken_name, \'cell-1\' AS cell, \'ap-south-1\' AS region, \'aws\' AS cloud_provider, \'26.2.1.525\' AS clickhouse_version, \'0fc3eaab-fbcb-4533-8825-9be9faaea781\' AS control_plane_id, \'aarch64\' AS system_processor, * FRO
2026-08-01 18:28:58	2	13	6340	1	             SELECT                 name,                 toJSONString(labels) as labels_serialized,                 value,                 help,                 type             FROM (                 SELECT   \'ClickHouse_CustomMetric_TotalMemoryUsedByDictionaries\' AS name,   toFloat64(SUM(bytes_al
2026-08-01 18:28:58	2	14	9020	0	             SELECT                 name,                 toJSONString(labels) as labels_serialized,                 value,                 help,                 type             FROM (                 SELECT   \'clickhouse_table_replica_readonly_start_timestamp_seconds\' as name,   toFloat64(toUnixTi
2026-08-01 18:29:03	2	59	472	1	             SELECT                 name,                 toJSONString(labels) as labels_serialized,                 value,                 help,                 type             FROM (                 SELECT   \'ClickHouse_CustomMetric_TotalMemoryUsedByDataSkippingIndices\' AS name,   toFloat64(SUM(d
2026-08-01 18:29:03	2	3	7628	1	             SELECT                 name,                 toJSONString(labels) as labels_serialized,                 value,                 help,                 type             FROM (                 SELECT   \'ClickHouse_CustomMetric_TotalMemoryUsedByQueries\' AS name,   toFloat64(SUM(peak_memory_u
2026-08-01 18:29:03	3	6	213	0	             SELECT                 name,                 toJSONString(labels) as labels_serialized,                 value,                 help,                 type             FROM (                 SELECT   \'ClickHouse_CustomMetric_SharedCatalogRecoveryTime\' as name,   toFloat64(recovery_time) a
2026-08-01 18:29:05	5	134	32875	134	SELECT             name,             value,             help,             JSONExtract(labels_serialized, \'Map(String, String)\') as labels,             type         FROM merge(system, \'^_custom_metrics_dictionary_.*\')         FORMAT Prometheus
2026-08-01 18:29:06	3	1	5438	1	SELECT count() FROM system.processes WHERE (initial_user NOT IN _CAST([\'backups-internal\', \'management-internal\', \'monitoring-internal\', \'observability-internal\', \'operator-internal\', \'prometheus-exporter\', \'prometheus-internal\', \'operator-cert-internal\', \'availability-monitoring-internal\', \'\'], \'Ar
2026-08-01 18:29:06	2	117	1645	1	SELECT countIf(database = \'system\') as systemParts, countIf(database != \'system\') as nonSystemParts FROM system.parts where active
2026-08-01 18:29:06	1	0	0	1	SELECT countIf(database = \'system\') as systemMerges, countIf(database != \'system\') as nonSystemMerges FROM system.merges
2026-08-01 18:29:08	2	0	0	0	             SELECT                 name,                 toJSONString(labels) as labels_serialized,                 value,                 help,                 type             FROM (                 SELECT   \'ClickHouse_CustomMetric_FailedMutations\' as name,   toFloat64(count()) as value,   \'The 
2026-08-01 18:29:08	2	13	6340	1	             SELECT                 name,                 toJSONString(labels) as labels_serialized,                 value,                 help,                 type             FROM (                 SELECT   \'ClickHouse_CustomMetric_TotalMemoryUsedByDictionaries\' AS name,   toFloat64(SUM(bytes_al
2026-08-01 18:29:08	2	15	1013	15	             SELECT                 name,                 toJSONString(labels) as labels_serialized,                 value,                 help,                 type             FROM (                 SELECT     \'ClickHouse_MetricsCollection_CustomMetricsSystemTable\' AS name,     toFloat64(1) AS va
2026-08-01 18:29:08	2	4	8823	1	             SELECT                 name,                 toJSONString(labels) as labels_serialized,                 value,                 help,                 type             FROM (                 SELECT   \'ClickHouse_CustomMetric_TotalMemoryUsedByQueries\' AS name,   toFloat64(SUM(peak_memory_u
2026-08-01 18:29:10	2	59	9077	59	SELECT  now64(6) as scrape_time_microseconds, \'tzy1uvq\' AS pod_ident, \'boneaws-al-46\' AS spoken_name, \'cell-1\' AS cell, \'ap-south-1\' AS region, \'aws\' AS cloud_provider, \'26.2.1.525\' AS clickhouse_version, \'0fc3eaab-fbcb-4533-8825-9be9faaea781\' AS control_plane_id, \'aarch64\' AS system_processor, * FR
2026-08-01 18:29:13	2	13	6340	1	             SELECT                 name,                 toJSONString(labels) as labels_serialized,                 value,                 help,                 type             FROM (                 SELECT   \'ClickHouse_CustomMetric_TotalMemoryUsedByDictionaries\' AS name,   toFloat64(SUM(bytes_al
2026-08-01 18:29:13	3	6	213	0	             SELECT                 name,                 toJSONString(labels) as labels_serialized,                 value,                 help,                 type             FROM (                 SELECT   \'ClickHouse_CustomMetric_DatabaseReplicatedRecoveryTime\' as name,   toFloat64(recovery_ti
2026-08-01 18:29:14	6	134	32875	134	SELECT             name,             value,             help,             JSONExtract(labels_serialized, \'Map(String, String)\') as labels,             type         FROM merge(system, \'^_custom_metrics_dictionary_.*\')         FORMAT Prometheus
2026-08-01 18:29:16	3	2	12834	1	SELECT count() FROM system.processes WHERE (initial_user NOT IN _CAST([\'backups-internal\', \'management-internal\', \'monitoring-internal\', \'observability-internal\', \'operator-internal\', \'prometheus-exporter\', \'prometheus-internal\', \'operator-cert-internal\', \'availability-monitoring-internal\', \'\'], \'Ar
2026-08-01 18:29:16	2	120	1690	1	SELECT countIf(database = \'system\') as systemParts, countIf(database != \'system\') as nonSystemParts FROM system.parts where active
2026-08-01 18:29:16	23	3161	593905	129	SELECT CAST(\'0fc3eaab-fbcb-4533-8825-9be9faaea781\', \'UUID\') AS instance_id, CAST(\'c-boneaws-al-46-server-tzy1uvq-0\', \'LowCardinality(String)\') AS node_id, CAST(name, \'LowCardinality(String)\') AS metric, CAST(mapFilter((k, v) -> has(_CAST([\'remote\'], \'Array(String)\'), k), labels), \'Map(LowCardinality
2026-08-01 18:29:16	1	0	0	1	SELECT countIf(database = \'system\') as systemMerges, countIf(database != \'system\') as nonSystemMerges FROM system.merges
2026-08-01 18:29:18	1	0	0	1	             SELECT                 name,                 toJSONString(labels) as labels_serialized,                 value,                 help,                 type             FROM (                 SELECT   \'ClickHouse_CustomMetric_TotalMemoryUsedByAsynchronousInserts\' AS name,   toFloat64(SUM(t
2026-08-01 18:29:18	2	59	472	1	             SELECT                 name,                 toJSONString(labels) as labels_serialized,                 value,                 help,                 type             FROM (                 SELECT   \'ClickHouse_CustomMetric_TotalMemoryUsedByDataSkippingIndices\' AS name,   toFloat64(SUM(d
2026-08-01 18:29:19	3	0	0	0	SELECT now64(6) as scrape_time_microseconds, \'tzy1uvq\' AS pod_ident, \'boneaws-al-46\' AS spoken_name, \'cell-1\' AS cell, \'ap-south-1\' AS region, \'aws\' AS cloud_provider, \'26.2.1.525\' AS clickhouse_version, \'0fc3eaab-fbcb-4533-8825-9be9faaea781\' AS control_plane_id, \'aarch64\' AS system_processor, * FRO
2026-08-01 18:29:19	4	0	0	0	SELECT now64(6) as scrape_time_microseconds, \'tzy1uvq\' AS pod_ident, \'boneaws-al-46\' AS spoken_name, \'cell-1\' AS cell, \'ap-south-1\' AS region, \'aws\' AS cloud_provider, \'26.2.1.525\' AS clickhouse_version, \'0fc3eaab-fbcb-4533-8825-9be9faaea781\' AS control_plane_id, \'aarch64\' AS system_processor, * FRO
2026-08-01 18:29:20	3	0	0	0	SELECT now64(6) as scrape_time_microseconds, \'tzy1uvq\' AS pod_ident, \'boneaws-al-46\' AS spoken_name, \'cell-1\' AS cell, \'ap-south-1\' AS region, \'aws\' AS cloud_provider, \'26.2.1.525\' AS clickhouse_version, \'0fc3eaab-fbcb-4533-8825-9be9faaea781\' AS control_plane_id, \'aarch64\' AS system_processor, * FRO
2026-08-01 18:29:21	3	0	0	0	SELECT now64(6) as scrape_time_microseconds, \'tzy1uvq\' AS pod_ident, \'boneaws-al-46\' AS spoken_name, \'cell-1\' AS cell, \'ap-south-1\' AS region, \'aws\' AS cloud_provider, \'26.2.1.525\' AS clickhouse_version, \'0fc3eaab-fbcb-4533-8825-9be9faaea781\' AS control_plane_id, \'aarch64\' AS system_processor, * FRO
2026-08-01 18:29:21	6	134	32875	134	SELECT             name,             value,             help,             JSONExtract(labels_serialized, \'Map(String, String)\') as labels,             type         FROM merge(system, \'^_custom_metrics_dictionary_.*\')         FORMAT Prometheus
2026-08-01 18:29:22	3	0	0	0	SELECT now64(6) as scrape_time_microseconds, \'tzy1uvq\' AS pod_ident, \'boneaws-al-46\' AS spoken_name, \'cell-1\' AS cell, \'ap-south-1\' AS region, \'aws\' AS cloud_provider, \'26.2.1.525\' AS clickhouse_version, \'0fc3eaab-fbcb-4533-8825-9be9faaea781\' AS control_plane_id, \'aarch64\' AS system_processor, * FRO
2026-08-01 18:29:23	3	0	0	0	SELECT now64(6) as scrape_time_microseconds, \'tzy1uvq\' AS pod_ident, \'boneaws-al-46\' AS spoken_name, \'cell-1\' AS cell, \'ap-south-1\' AS region, \'aws\' AS cloud_provider, \'26.2.1.525\' AS clickhouse_version, \'0fc3eaab-fbcb-4533-8825-9be9faaea781\' AS control_plane_id, \'aarch64\' AS system_processor, * FRO
2026-08-01 18:29:23	2	15	1013	15	             SELECT                 name,                 toJSONString(labels) as labels_serialized,                 value,                 help,                 type             FROM (                 SELECT     \'ClickHouse_MetricsCollection_CustomMetricsSystemTable\' AS name,     toFloat64(1) AS va
2026-08-01 18:29:23	3	14	9020	0	             SELECT                 name,                 toJSONString(labels) as labels_serialized,                 value,                 help,                 type             FROM (                 SELECT   \'clickhouse_table_replica_readonly_start_timestamp_seconds\' as name,   toFloat64(toUnixTi
2026-08-01 18:29:24	3	0	0	0	SELECT now64(6) as scrape_time_microseconds, \'tzy1uvq\' AS pod_ident, \'boneaws-al-46\' AS spoken_name, \'cell-1\' AS cell, \'ap-south-1\' AS region, \'aws\' AS cloud_provider, \'26.2.1.525\' AS clickhouse_version, \'0fc3eaab-fbcb-4533-8825-9be9faaea781\' AS control_plane_id, \'aarch64\' AS system_processor, * FRO
2026-08-01 18:29:25	110	120	121047	10	SELECT now64(6) as scrape_time_microseconds, \'tzy1uvq\' AS pod_ident, \'boneaws-al-46\' AS spoken_name, \'cell-1\' AS cell, \'ap-south-1\' AS region, \'aws\' AS cloud_provider, \'26.2.1.525\' AS clickhouse_version, \'0fc3eaab-fbcb-4533-8825-9be9faaea781\' AS control_plane_id, \'aarch64\' AS system_processor, * FRO
2026-08-01 18:29:25	14	272	3808	1	SELECT avg(ProfileEvent_OSCPUWaitMicroseconds) as cpu_wait FROM  system.metric_log  WHERE event_time > now() - INTERVAL 2 MINUTE AND event_date >= yesterday()
2026-08-01 18:29:25	3	2	10208	2	SELECT count() as count, sum(elapsed) as total_elapsed, \'lh\' as usr FROM system.processes  WHERE user = \'observability-internal\' AND client_hostname LIKE \'loghouse-scraper%\'  UNION ALL SELECT count() as count, sum(elapsed) as total_elapsed, \'other\' as usr FROM system.processes  WHERE user != \'observ
2026-08-01 18:29:25	1	876	366590	1	SELECT value FROM system.asynchronous_metrics WHERE metric = \'OSMemoryAvailable\' ;
2026-08-01 18:29:26	3	0	0	0	SELECT now64(6) as scrape_time_microseconds, \'tzy1uvq\' AS pod_ident, \'boneaws-al-46\' AS spoken_name, \'cell-1\' AS cell, \'ap-south-1\' AS region, \'aws\' AS cloud_provider, \'26.2.1.525\' AS clickhouse_version, \'0fc3eaab-fbcb-4533-8825-9be9faaea781\' AS control_plane_id, \'aarch64\' AS system_processor, * FRO
2026-08-01 18:29:26	3	1	5438	1	SELECT count() FROM system.processes WHERE (initial_user NOT IN _CAST([\'backups-internal\', \'management-internal\', \'monitoring-internal\', \'observability-internal\', \'operator-internal\', \'prometheus-exporter\', \'prometheus-internal\', \'operator-cert-internal\', \'availability-monitoring-internal\', \'\'], \'Ar
2026-08-01 18:29:26	2	119	1675	1	SELECT countIf(database = \'system\') as systemParts, countIf(database != \'system\') as nonSystemParts FROM system.parts where active
2026-08-01 18:29:26	1	0	0	1	SELECT countIf(database = \'system\') as systemMerges, countIf(database != \'system\') as nonSystemMerges FROM system.merges
2026-08-01 18:29:27	3	0	0	0	SELECT now64(6) as scrape_time_microseconds, \'tzy1uvq\' AS pod_ident, \'boneaws-al-46\' AS spoken_name, \'cell-1\' AS cell, \'ap-south-1\' AS region, \'aws\' AS cloud_provider, \'26.2.1.525\' AS clickhouse_version, \'0fc3eaab-fbcb-4533-8825-9be9faaea781\' AS control_plane_id, \'aarch64\' AS system_processor, * FRO
2026-08-01 18:29:28	4	0	0	0	SELECT now64(6) as scrape_time_microseconds, \'tzy1uvq\' AS pod_ident, \'boneaws-al-46\' AS spoken_name, \'cell-1\' AS cell, \'ap-south-1\' AS region, \'aws\' AS cloud_provider, \'26.2.1.525\' AS clickhouse_version, \'0fc3eaab-fbcb-4533-8825-9be9faaea781\' AS control_plane_id, \'aarch64\' AS system_processor, * FRO
2026-08-01 18:29:30	4	0	0	0	SELECT now64(6) as scrape_time_microseconds, \'tzy1uvq\' AS pod_ident, \'boneaws-al-46\' AS spoken_name, \'cell-1\' AS cell, \'ap-south-1\' AS region, \'aws\' AS cloud_provider, \'26.2.1.525\' AS clickhouse_version, \'0fc3eaab-fbcb-4533-8825-9be9faaea781\' AS control_plane_id, \'aarch64\' AS system_processor, * FRO
2026-08-01 18:29:32	1	1	1	1	SELECT displayName(), version(), revision(), timezone()
2026-08-01 18:29:32	1	1	1	1	SELECT 1;
2026-08-01 18:29:33	1	6	2128	6	             SELECT                 name,                 toJSONString(labels) as labels_serialized,                 value,                 help,                 type             FROM (                 SELECT   concat(\'clickhouse_\', system.dimensional_metrics.metric) AS name,   toFloat64(system.dime
2026-08-01 18:29:35	5	130	31856	130	SELECT             name,             value,             help,             JSONExtract(labels_serialized, \'Map(String, String)\') as labels,             type         FROM merge(system, \'^_custom_metrics_dictionary_.*\')         FORMAT Prometheus
2026-08-01 18:29:36	2	2	12834	1	SELECT count() FROM system.processes WHERE (initial_user NOT IN _CAST([\'backups-internal\', \'management-internal\', \'monitoring-internal\', \'observability-internal\', \'operator-internal\', \'prometheus-exporter\', \'prometheus-internal\', \'operator-cert-internal\', \'availability-monitoring-internal\', \'\'], \'Ar
2026-08-01 18:29:36	2	127	1795	1	SELECT countIf(database = \'system\') as systemParts, countIf(database != \'system\') as nonSystemParts FROM system.parts where active
2026-08-01 18:29:36	1	0	0	1	SELECT countIf(database = \'system\') as systemMerges, countIf(database != \'system\') as nonSystemMerges FROM system.merges
2026-08-01 18:29:36	23	3157	593261	129	SELECT CAST(\'0fc3eaab-fbcb-4533-8825-9be9faaea781\', \'UUID\') AS instance_id, CAST(\'c-boneaws-al-46-server-tzy1uvq-0\', \'LowCardinality(String)\') AS node_id, CAST(name, \'LowCardinality(String)\') AS metric, CAST(mapFilter((k, v) -> has(_CAST([\'remote\'], \'Array(String)\'), k), labels), \'Map(LowCardinality
2026-08-01 18:29:37	7	7812	842273	1277	SELECT now64(6) as scrape_time_microseconds, \'tzy1uvq\' AS pod_ident, \'boneaws-al-46\' AS spoken_name, \'cell-1\' AS cell, \'ap-south-1\' AS region, \'aws\' AS cloud_provider, \'26.2.1.525\' AS clickhouse_version, \'0fc3eaab-fbcb-4533-8825-9be9faaea781\' AS control_plane_id, \'aarch64\' AS system_processor, * FRO
2026-08-01 18:29:38	1	0	0	1	             SELECT                 name,                 toJSONString(labels) as labels_serialized,                 value,                 help,                 type             FROM (                 SELECT   \'ClickHouse_CustomMetric_TotalMemoryUsedByMerges\' AS name,   toFloat64(SUM(memory_usage))
2026-08-01 18:29:43	3	14	9020	0	             SELECT                 name,                 toJSONString(labels) as labels_serialized,                 value,                 help,                 type             FROM (                 SELECT   \'clickhouse_table_replica_readonly_start_timestamp_seconds\' as name,   toFloat64(toUnixTi
2026-08-01 18:29:44	6	130	31856	130	SELECT             name,             value,             help,             JSONExtract(labels_serialized, \'Map(String, String)\') as labels,             type         FROM merge(system, \'^_custom_metrics_dictionary_.*\')         FORMAT Prometheus
2026-08-01 18:29:46	3	1	5438	1	SELECT count() FROM system.processes WHERE (initial_user NOT IN _CAST([\'backups-internal\', \'management-internal\', \'monitoring-internal\', \'observability-internal\', \'operator-internal\', \'prometheus-exporter\', \'prometheus-internal\', \'operator-cert-internal\', \'availability-monitoring-internal\', \'\'], \'Ar
2026-08-01 18:29:46	2	130	1840	1	SELECT countIf(database = \'system\') as systemParts, countIf(database != \'system\') as nonSystemParts FROM system.parts where active
2026-08-01 18:29:46	1	0	0	1	SELECT countIf(database = \'system\') as systemMerges, countIf(database != \'system\') as nonSystemMerges FROM system.merges
2026-08-01 18:29:48	2	0	0	0	             SELECT                 name,                 toJSONString(labels) as labels_serialized,                 value,                 help,                 type             FROM (                 SELECT   \'ClickHouse_CustomMetric_FailedMutations\' as name,   toFloat64(count()) as value,   \'The 
2026-08-01 18:29:48	2	3	7522	1	             SELECT                 name,                 toJSONString(labels) as labels_serialized,                 value,                 help,                 type             FROM (                 SELECT   \'ClickHouse_CustomMetric_TotalMemoryUsedByQueries\' AS name,   toFloat64(SUM(peak_memory_u
2026-08-01 18:29:48	2	13	6340	1	             SELECT                 name,                 toJSONString(labels) as labels_serialized,                 value,                 help,                 type             FROM (                 SELECT   \'ClickHouse_CustomMetric_TotalMemoryUsedByDictionaries\' AS name,   toFloat64(SUM(bytes_al
2026-08-01 18:29:51	5	130	31856	130	SELECT             name,             value,             help,             JSONExtract(labels_serialized, \'Map(String, String)\') as labels,             type         FROM merge(system, \'^_custom_metrics_dictionary_.*\')         FORMAT Prometheus
2026-08-01 18:29:53	2	59	472	1	             SELECT                 name,                 toJSONString(labels) as labels_serialized,                 value,                 help,                 type             FROM (                 SELECT   \'ClickHouse_CustomMetric_TotalMemoryUsedByDataSkippingIndices\' AS name,   toFloat64(SUM(d
2026-08-01 18:29:53	3	6	213	0	             SELECT                 name,                 toJSONString(labels) as labels_serialized,                 value,                 help,                 type             FROM (                 SELECT   \'ClickHouse_CustomMetric_DatabaseReplicatedRecoveryTime\' as name,   toFloat64(recovery_ti
2026-08-01 18:29:55	14	302	4228	1	SELECT avg(ProfileEvent_OSCPUWaitMicroseconds) as cpu_wait FROM  system.metric_log  WHERE event_time > now() - INTERVAL 2 MINUTE AND event_date >= yesterday()
2026-08-01 18:29:55	3	2	10208	2	SELECT count() as count, sum(elapsed) as total_elapsed, \'lh\' as usr FROM system.processes  WHERE user = \'observability-internal\' AND client_hostname LIKE \'loghouse-scraper%\'  UNION ALL SELECT count() as count, sum(elapsed) as total_elapsed, \'other\' as usr FROM system.processes  WHERE user != \'observ
2026-08-01 18:29:55	1	876	366590	1	SELECT value FROM system.asynchronous_metrics WHERE metric = \'OSMemoryAvailable\' ;
2026-08-01 18:29:56	2	2	12834	1	SELECT count() FROM system.processes WHERE (initial_user NOT IN _CAST([\'backups-internal\', \'management-internal\', \'monitoring-internal\', \'observability-internal\', \'operator-internal\', \'prometheus-exporter\', \'prometheus-internal\', \'operator-cert-internal\', \'availability-monitoring-internal\', \'\'], \'Ar
2026-08-01 18:29:56	23	3157	593261	129	SELECT CAST(\'0fc3eaab-fbcb-4533-8825-9be9faaea781\', \'UUID\') AS instance_id, CAST(\'c-boneaws-al-46-server-tzy1uvq-0\', \'LowCardinality(String)\') AS node_id, CAST(name, \'LowCardinality(String)\') AS metric, CAST(mapFilter((k, v) -> has(_CAST([\'remote\'], \'Array(String)\'), k), labels), \'Map(LowCardinality
2026-08-01 18:29:56	2	133	1885	1	SELECT countIf(database = \'system\') as systemParts, countIf(database != \'system\') as nonSystemParts FROM system.parts where active
2026-08-01 18:29:56	1	0	0	1	SELECT countIf(database = \'system\') as systemMerges, countIf(database != \'system\') as nonSystemMerges FROM system.merges
2026-08-01 18:29:58	2	0	0	1	             SELECT                 name,                 toJSONString(labels) as labels_serialized,                 value,                 help,                 type             FROM (                 SELECT   \'ClickHouse_CustomMetric_TotalMemoryUsedByAsynchronousInserts\' AS name,   toFloat64(SUM(t
2026-08-01 18:29:58	3	6	213	0	             SELECT                 name,                 toJSONString(labels) as labels_serialized,                 value,                 help,                 type             FROM (                 SELECT   \'ClickHouse_CustomMetric_SharedCatalogRecoveryTime\' as name,   toFloat64(recovery_time) a
2026-08-01 18:30:00	2	378	114440	1	SELECT count(*) FROM system.server_settings
2026-08-01 18:30:03	1	0	0	1	             SELECT                 name,                 toJSONString(labels) as labels_serialized,                 value,                 help,                 type             FROM (                 SELECT   \'ClickHouse_CustomMetric_TotalMemoryUsedByAsynchronousInserts\' AS name,   toFloat64(SUM(t
2026-08-01 18:30:03	1	0	0	1	             SELECT                 name,                 toJSONString(labels) as labels_serialized,                 value,                 help,                 type             FROM (                 SELECT   \'ClickHouse_CustomMetric_TotalMemoryUsedByMerges\' AS name,   toFloat64(SUM(memory_usage))
2026-08-01 18:30:05	6	130	31856	130	SELECT             name,             value,             help,             JSONExtract(labels_serialized, \'Map(String, String)\') as labels,             type         FROM merge(system, \'^_custom_metrics_dictionary_.*\')         FORMAT Prometheus
2026-08-01 18:30:06	3	1	5438	1	SELECT count() FROM system.processes WHERE (initial_user NOT IN _CAST([\'backups-internal\', \'management-internal\', \'monitoring-internal\', \'observability-internal\', \'operator-internal\', \'prometheus-exporter\', \'prometheus-internal\', \'operator-cert-internal\', \'availability-monitoring-internal\', \'\'], \'Ar
2026-08-01 18:30:06	2	126	1780	1	SELECT countIf(database = \'system\') as systemParts, countIf(database != \'system\') as nonSystemParts FROM system.parts where active
2026-08-01 18:30:06	1	0	0	1	SELECT countIf(database = \'system\') as systemMerges, countIf(database != \'system\') as nonSystemMerges FROM system.merges
2026-08-01 18:30:08	1	6	2128	6	             SELECT                 name,                 toJSONString(labels) as labels_serialized,                 value,                 help,                 type             FROM (                 SELECT   concat(\'clickhouse_\', system.dimensional_metrics.metric) AS name,   toFloat64(system.dime
2026-08-01 18:30:11	1	1	1	1	SELECT displayName(), version(), revision(), timezone()
2026-08-01 18:30:11	1	1	1	1	SELECT 1;
2026-08-01 18:30:13	2	59	472	1	             SELECT                 name,                 toJSONString(labels) as labels_serialized,                 value,                 help,                 type             FROM (                 SELECT   \'ClickHouse_CustomMetric_TotalMemoryUsedByDataSkippingIndices\' AS name,   toFloat64(SUM(d
2026-08-01 18:30:14	5	133	32599	133	SELECT             name,             value,             help,             JSONExtract(labels_serialized, \'Map(String, String)\') as labels,             type         FROM merge(system, \'^_custom_metrics_dictionary_.*\')         FORMAT Prometheus
2026-08-01 18:30:16	4	378	114440	5	WITH metrics AS (SELECT name AS metric, toFloat64(value) AS val, now() AS ts FROM system.server_settings WHERE multiMatchAny(name, _CAST([\'^max_database_num_to_throw$\', \'^max_database_num_to_warn$\', \'^max_table_num_to_throw$\', \'^max_table_num_to_warn$\', \'^max_concurrent_queries$\'], \'Array(String)\'))
2026-08-01 18:30:16	5	0	0	0	WITH source AS (SELECT [\'matview_execution_total\', if(exception_code != 0, \'matview_execution_fail\', \'\')] AS metrics, event_time AS ts FROM system.query_views_log WHERE (status != \'QueryStart\') AND (event_date >= toDate(_CAST(\'1785608861.239\', \'DateTime64\'))) AND (event_time >= toDateTime(_CAST(\'178
2026-08-01 18:30:16	9	95196	1535181	1560	SELECT CAST(\'0fc3eaab-fbcb-4533-8825-9be9faaea781\', \'UUID\') AS control_plane_id, CAST(\'c-boneaws-al-46-server-tzy1uvq-0\', \'LowCardinality(String)\') AS pod_id, CAST(now64(), \'DateTime64(6)\') AS scrape_ts_microseconds, CAST(event_date, \'Date\') AS event_date, CAST(event_time, \'DateTime\') AS event_time,
2026-08-01 18:30:16	9	0	0	1	WITH failed_mutations AS (SELECT toDateTime(create_time) AS ts, count() AS val FROM system.mutations WHERE (ts > toDateTime(_CAST(\'1785608861.239\', \'DateTime64\'))) AND (ts <= toDateTime(_CAST(\'1785608981.239\', \'DateTime64\'))) AND (latest_failed_part != \'\') AND (is_done = 0) GROUP BY ts), failed_muta
2026-08-01 18:30:16	2	8	39287	1	SELECT count() FROM system.processes WHERE (initial_user NOT IN _CAST([\'backups-internal\', \'management-internal\', \'monitoring-internal\', \'observability-internal\', \'operator-internal\', \'prometheus-exporter\', \'prometheus-internal\', \'operator-cert-internal\', \'availability-monitoring-internal\', \'\'], \'Ar
2026-08-01 18:30:16	10	6515	97273	11	WITH metrics AS (SELECT multiIf((event_type = \'MergeParts\') AND (error = 0), \'merges_finished\', (event_type = \'MergeParts\') AND (error != 0), \'merges_failed\', (event_type = \'MutatePart\') AND (error = 0), \'mutate_part_finished\', (event_type = \'MutatePart\') AND (error != 0), \'mutate_part_failed\', NULL
2026-08-01 18:30:16	2	128	1810	1	SELECT countIf(database = \'system\') as systemParts, countIf(database != \'system\') as nonSystemParts FROM system.parts where active
2026-08-01 18:30:16	24	3159	593624	129	SELECT CAST(\'0fc3eaab-fbcb-4533-8825-9be9faaea781\', \'UUID\') AS instance_id, CAST(\'c-boneaws-al-46-server-tzy1uvq-0\', \'LowCardinality(String)\') AS node_id, CAST(name, \'LowCardinality(String)\') AS metric, CAST(mapFilter((k, v) -> has(_CAST([\'remote\'], \'Array(String)\'), k), labels), \'Map(LowCardinality
2026-08-01 18:30:16	2	0	0	1	SELECT countIf(database = \'system\') as systemMerges, countIf(database != \'system\') as nonSystemMerges FROM system.merges
2026-08-01 18:30:16	58	332	101032	120	SELECT CAST(\'0fc3eaab-fbcb-4533-8825-9be9faaea781\', \'UUID\') AS control_plane_id, CAST(\'c-boneaws-al-46-server-tzy1uvq-0\', \'LowCardinality(String)\') AS pod_id, CAST(now64(), \'DateTime64(6)\') AS scrape_ts_microseconds, CAST(event_date, \'Date\') AS event_date, CAST(event_time, \'DateTime\') AS event_time,
2026-08-01 18:30:16	151	811	223343	18	WITH parts_agg AS (SELECT database AS agg_database, `table` AS agg_table, SUM(primary_key_size) AS primary_index_size, SUM(secondary_indices_compressed_bytes) AS secondary_index_size FROM system.parts WHERE active AND (database != \'system\') GROUP BY database, `table`), proj_agg AS (SELECT database A
2026-08-01 18:30:19	581	85	467380	22	SELECT name, cityHash64(replaceAll(create_table_query, name, \'__table_name__\')) as hash, primary_key, sorting_key, partition_key, comment FROM system.tables LEFT OUTER JOIN ( SELECT table, max(max_date) AS max_date FROM system.parts WHERE database = \'system\' AND active GROUP BY table ) AS parts 
2026-08-01 18:30:21	6	133	32599	133	SELECT             name,             value,             help,             JSONExtract(labels_serialized, \'Map(String, String)\') as labels,             type         FROM merge(system, \'^_custom_metrics_dictionary_.*\')         FORMAT Prometheus
2026-08-01 18:30:24	2	0	0	1	             SELECT                 name,                 toJSONString(labels) as labels_serialized,                 value,                 help,                 type             FROM (                 SELECT   \'ClickHouse_CustomMetric_TotalMemoryUsedByMerges\' AS name,   toFloat64(SUM(memory_usage))
2026-08-01 18:30:24	2	15	1013	15	             SELECT                 name,                 toJSONString(labels) as labels_serialized,                 value,                 help,                 type             FROM (                 SELECT     \'ClickHouse_MetricsCollection_CustomMetricsSystemTable\' AS name,     toFloat64(1) AS va
2026-08-01 18:30:25	14	121	1694	1	SELECT avg(ProfileEvent_OSCPUWaitMicroseconds) as cpu_wait FROM  system.metric_log  WHERE event_time > now() - INTERVAL 2 MINUTE AND event_date >= yesterday()
2026-08-01 18:30:25	4	2	10208	2	SELECT count() as count, sum(elapsed) as total_elapsed, \'lh\' as usr FROM system.processes  WHERE user = \'observability-internal\' AND client_hostname LIKE \'loghouse-scraper%\'  UNION ALL SELECT count() as count, sum(elapsed) as total_elapsed, \'other\' as usr FROM system.processes  WHERE user != \'observ
2026-08-01 18:30:25	1	875	366447	1	SELECT value FROM system.asynchronous_metrics WHERE metric = \'OSMemoryAvailable\' ;
2026-08-01 18:30:26	2	1	5438	1	SELECT count() FROM system.processes WHERE (initial_user NOT IN _CAST([\'backups-internal\', \'management-internal\', \'monitoring-internal\', \'observability-internal\', \'operator-internal\', \'prometheus-exporter\', \'prometheus-internal\', \'operator-cert-internal\', \'availability-monitoring-internal\', \'\'], \'Ar
2026-08-01 18:30:26	2	132	1870	1	SELECT countIf(database = \'system\') as systemParts, countIf(database != \'system\') as nonSystemParts FROM system.parts where active
2026-08-01 18:30:26	1	1	1018	1	SELECT countIf(database = \'system\') as systemMerges, countIf(database != \'system\') as nonSystemMerges FROM system.merges
2026-08-01 18:30:29	2	2	6242	1	             SELECT                 name,                 toJSONString(labels) as labels_serialized,                 value,                 help,                 type             FROM (                 SELECT   \'ClickHouse_CustomMetric_TotalMemoryUsedByQueries\' AS name,   toFloat64(SUM(peak_memory_u
2026-08-01 18:30:29	2	13	6340	1	             SELECT                 name,                 toJSONString(labels) as labels_serialized,                 value,                 help,                 type             FROM (                 SELECT   \'ClickHouse_CustomMetric_TotalMemoryUsedByDictionaries\' AS name,   toFloat64(SUM(bytes_al
2026-08-01 18:30:34	3	14	9020	0	             SELECT                 name,                 toJSONString(labels) as labels_serialized,                 value,                 help,                 type             FROM (                 SELECT   \'clickhouse_table_replica_readonly_start_timestamp_seconds\' as name,   toFloat64(toUnixTi
2026-08-01 18:30:34	9	6	213	0	             SELECT                 name,                 toJSONString(labels) as labels_serialized,                 value,                 help,                 type             FROM (                 SELECT   \'ClickHouse_CustomMetric_DatabaseReplicatedRecoveryTime\' as name,   toFloat64(recovery_ti
2026-08-01 18:30:35	5	133	32599	133	SELECT             name,             value,             help,             JSONExtract(labels_serialized, \'Map(String, String)\') as labels,             type         FROM merge(system, \'^_custom_metrics_dictionary_.*\')         FORMAT Prometheus
2026-08-01 18:30:36	2	2	12834	1	SELECT count() FROM system.processes WHERE (initial_user NOT IN _CAST([\'backups-internal\', \'management-internal\', \'monitoring-internal\', \'observability-internal\', \'operator-internal\', \'prometheus-exporter\', \'prometheus-internal\', \'operator-cert-internal\', \'availability-monitoring-internal\', \'\'], \'Ar
2026-08-01 18:30:36	2	131	1855	1	SELECT countIf(database = \'system\') as systemParts, countIf(database != \'system\') as nonSystemParts FROM system.parts where active
2026-08-01 18:30:36	23	3159	593624	129	SELECT CAST(\'0fc3eaab-fbcb-4533-8825-9be9faaea781\', \'UUID\') AS instance_id, CAST(\'c-boneaws-al-46-server-tzy1uvq-0\', \'LowCardinality(String)\') AS node_id, CAST(name, \'LowCardinality(String)\') AS metric, CAST(mapFilter((k, v) -> has(_CAST([\'remote\'], \'Array(String)\'), k), labels), \'Map(LowCardinality
2026-08-01 18:30:36	2	0	0	1	SELECT countIf(database = \'system\') as systemMerges, countIf(database != \'system\') as nonSystemMerges FROM system.merges
2026-08-01 18:30:38	10	8271	2438357	355	SELECT now64(6) as scrape_time_microseconds, \'tzy1uvq\' AS pod_ident, \'boneaws-al-46\' AS spoken_name, \'cell-1\' AS cell, \'ap-south-1\' AS region, \'aws\' AS cloud_provider, \'26.2.1.525\' AS clickhouse_version, \'0fc3eaab-fbcb-4533-8825-9be9faaea781\' AS control_plane_id, \'aarch64\' AS system_processor, * FRO
2026-08-01 18:30:38	30	4402	9931261	322	SELECT now64(6) as scrape_time_microseconds, \'tzy1uvq\' AS pod_ident, \'boneaws-al-46\' AS spoken_name, \'cell-1\' AS cell, \'ap-south-1\' AS region, \'aws\' AS cloud_provider, \'26.2.1.525\' AS clickhouse_version, \'0fc3eaab-fbcb-4533-8825-9be9faaea781\' AS control_plane_id, \'aarch64\' AS system_processor, * FRO
2026-08-01 18:30:39	2	0	0	1	             SELECT                 name,                 toJSONString(labels) as labels_serialized,                 value,                 help,                 type             FROM (                 SELECT   \'ClickHouse_CustomMetric_TotalMemoryUsedByAsynchronousInserts\' AS name,   toFloat64(SUM(t
2026-08-01 18:30:39	2	13	6340	1	             SELECT                 name,                 toJSONString(labels) as labels_serialized,                 value,                 help,                 type             FROM (                 SELECT   \'ClickHouse_CustomMetric_TotalMemoryUsedByDictionaries\' AS name,   toFloat64(SUM(bytes_al
2026-08-01 18:30:39	8	6	213	0	             SELECT                 name,                 toJSONString(labels) as labels_serialized,                 value,                 help,                 type             FROM (                 SELECT   \'ClickHouse_CustomMetric_SharedCatalogRecoveryTime\' as name,   toFloat64(recovery_time) a
2026-08-01 18:30:39	13	8461	2021157	4929	SELECT now64(6) as scrape_time_microseconds, \'tzy1uvq\' AS pod_ident, \'boneaws-al-46\' AS spoken_name, \'cell-1\' AS cell, \'ap-south-1\' AS region, \'aws\' AS cloud_provider, \'26.2.1.525\' AS clickhouse_version, \'0fc3eaab-fbcb-4533-8825-9be9faaea781\' AS control_plane_id, \'aarch64\' AS system_processor, * FRO
2026-08-01 18:30:43	15	6546	3482335	140	SELECT now64(6) as scrape_time_microseconds, \'tzy1uvq\' AS pod_ident, \'boneaws-al-46\' AS spoken_name, \'cell-1\' AS cell, \'ap-south-1\' AS region, \'aws\' AS cloud_provider, \'26.2.1.525\' AS clickhouse_version, \'0fc3eaab-fbcb-4533-8825-9be9faaea781\' AS control_plane_id, \'aarch64\' AS system_processor, * FRO
2026-08-01 18:30:44	3	14	9020	0	             SELECT                 name,                 toJSONString(labels) as labels_serialized,                 value,                 help,                 type             FROM (                 SELECT   \'clickhouse_table_replica_readonly_start_timestamp_seconds\' as name,   toFloat64(toUnixTi
2026-08-01 18:30:44	6	133	32599	133	SELECT             name,             value,             help,             JSONExtract(labels_serialized, \'Map(String, String)\') as labels,             type         FROM merge(system, \'^_custom_metrics_dictionary_.*\')         FORMAT Prometheus
2026-08-01 18:30:45	173	786	2162060	120	SELECT now64(6) as scrape_time_microseconds, \'tzy1uvq\' AS pod_ident, \'boneaws-al-46\' AS spoken_name, \'cell-1\' AS cell, \'ap-south-1\' AS region, \'aws\' AS cloud_provider, \'26.2.1.525\' AS clickhouse_version, \'0fc3eaab-fbcb-4533-8825-9be9faaea781\' AS control_plane_id, \'aarch64\' AS system_processor, * FRO
2026-08-01 18:30:46	159	2845749	45607224	105817	SELECT now64(6) as scrape_time_microseconds, \'tzy1uvq\' AS pod_ident, \'boneaws-al-46\' AS spoken_name, \'cell-1\' AS cell, \'ap-south-1\' AS region, \'aws\' AS cloud_provider, \'26.2.1.525\' AS clickhouse_version, \'0fc3eaab-fbcb-4533-8825-9be9faaea781\' AS control_plane_id, \'aarch64\' AS system_processor, * FRO
2026-08-01 18:30:46	3	1	5438	1	SELECT count() FROM system.processes WHERE (initial_user NOT IN _CAST([\'backups-internal\', \'management-internal\', \'monitoring-internal\', \'observability-internal\', \'operator-internal\', \'prometheus-exporter\', \'prometheus-internal\', \'operator-cert-internal\', \'availability-monitoring-internal\', \'\'], \'Ar
2026-08-01 18:30:46	2	128	1810	1	SELECT countIf(database = \'system\') as systemParts, countIf(database != \'system\') as nonSystemParts FROM system.parts where active
2026-08-01 18:30:46	1	0	0	1	SELECT countIf(database = \'system\') as systemMerges, countIf(database != \'system\') as nonSystemMerges FROM system.merges
2026-08-01 18:30:47	18	21594	5381785	10731	SELECT now64(6) as scrape_time_microseconds, \'tzy1uvq\' AS pod_ident, \'boneaws-al-46\' AS spoken_name, \'cell-1\' AS cell, \'ap-south-1\' AS region, \'aws\' AS cloud_provider, \'26.2.1.525\' AS clickhouse_version, \'0fc3eaab-fbcb-4533-8825-9be9faaea781\' AS control_plane_id, \'aarch64\' AS system_processor, * FRO
2026-08-01 18:30:49	2	0	0	0	             SELECT                 name,                 toJSONString(labels) as labels_serialized,                 value,                 help,                 type             FROM (                 SELECT   \'ClickHouse_CustomMetric_FailedMutations\' as name,   toFloat64(count()) as value,   \'The 
2026-08-01 18:30:49	19	27804	6276099	15012	SELECT now64(6) as scrape_time_microseconds, \'tzy1uvq\' AS pod_ident, \'boneaws-al-46\' AS spoken_name, \'cell-1\' AS cell, \'ap-south-1\' AS region, \'aws\' AS cloud_provider, \'26.2.1.525\' AS clickhouse_version, \'0fc3eaab-fbcb-4533-8825-9be9faaea781\' AS control_plane_id, \'aarch64\' AS system_processor, * FRO
2026-08-01 18:30:51	6	133	32599	133	SELECT             name,             value,             help,             JSONExtract(labels_serialized, \'Map(String, String)\') as labels,             type         FROM merge(system, \'^_custom_metrics_dictionary_.*\')         FORMAT Prometheus
2026-08-01 18:30:54	1	0	0	1	             SELECT                 name,                 toJSONString(labels) as labels_serialized,                 value,                 help,                 type             FROM (                 SELECT   \'ClickHouse_CustomMetric_TotalMemoryUsedByAsynchronousInserts\' AS name,   toFloat64(SUM(t
2026-08-01 18:30:54	2	15	1013	15	             SELECT                 name,                 toJSONString(labels) as labels_serialized,                 value,                 help,                 type             FROM (                 SELECT     \'ClickHouse_MetricsCollection_CustomMetricsSystemTable\' AS name,     toFloat64(1) AS va
2026-08-01 18:30:55	14	151	2114	1	SELECT avg(ProfileEvent_OSCPUWaitMicroseconds) as cpu_wait FROM  system.metric_log  WHERE event_time > now() - INTERVAL 2 MINUTE AND event_date >= yesterday()
2026-08-01 18:30:55	4	2	10208	2	SELECT count() as count, sum(elapsed) as total_elapsed, \'lh\' as usr FROM system.processes  WHERE user = \'observability-internal\' AND client_hostname LIKE \'loghouse-scraper%\'  UNION ALL SELECT count() as count, sum(elapsed) as total_elapsed, \'other\' as usr FROM system.processes  WHERE user != \'observ
2026-08-01 18:30:55	1	875	366447	1	SELECT value FROM system.asynchronous_metrics WHERE metric = \'OSMemoryAvailable\' ;
2026-08-01 18:30:56	2	316	114925	316	SELECT  now64(6) as scrape_time_microseconds, \'tzy1uvq\' AS pod_ident, \'boneaws-al-46\' AS spoken_name, \'cell-1\' AS cell, \'ap-south-1\' AS region, \'aws\' AS cloud_provider, \'26.2.1.525\' AS clickhouse_version, \'0fc3eaab-fbcb-4533-8825-9be9faaea781\' AS control_plane_id, \'aarch64\' AS system_processor, * FR
2026-08-01 18:30:56	2	2	12834	1	SELECT count() FROM system.processes WHERE (initial_user NOT IN _CAST([\'backups-internal\', \'management-internal\', \'monitoring-internal\', \'observability-internal\', \'operator-internal\', \'prometheus-exporter\', \'prometheus-internal\', \'operator-cert-internal\', \'availability-monitoring-internal\', \'\'], \'Ar
2026-08-01 18:30:56	2	118	1660	1	SELECT countIf(database = \'system\') as systemParts, countIf(database != \'system\') as nonSystemParts FROM system.parts where active
2026-08-01 18:30:56	1	0	0	1	SELECT countIf(database = \'system\') as systemMerges, countIf(database != \'system\') as nonSystemMerges FROM system.merges
2026-08-01 18:30:56	26	3159	593624	129	SELECT CAST(\'0fc3eaab-fbcb-4533-8825-9be9faaea781\', \'UUID\') AS instance_id, CAST(\'c-boneaws-al-46-server-tzy1uvq-0\', \'LowCardinality(String)\') AS node_id, CAST(name, \'LowCardinality(String)\') AS metric, CAST(mapFilter((k, v) -> has(_CAST([\'remote\'], \'Array(String)\'), k), labels), \'Map(LowCardinality
2026-08-01 18:30:57	7	532	325260	48	SELECT now64(6) as scrape_time_microseconds, \'tzy1uvq\' AS pod_ident, \'boneaws-al-46\' AS spoken_name, \'cell-1\' AS cell, \'ap-south-1\' AS region, \'aws\' AS cloud_provider, \'26.2.1.525\' AS clickhouse_version, \'0fc3eaab-fbcb-4533-8825-9be9faaea781\' AS control_plane_id, \'aarch64\' AS system_processor, * FRO
2026-08-01 18:30:59	126	59	472	1	             SELECT                 name,                 toJSONString(labels) as labels_serialized,                 value,                 help,                 type             FROM (                 SELECT   \'ClickHouse_CustomMetric_TotalMemoryUsedByDataSkippingIndices\' AS name,   toFloat64(SUM(d
2026-08-01 18:31:04	6	6	213	0	             SELECT                 name,                 toJSONString(labels) as labels_serialized,                 value,                 help,                 type             FROM (                 SELECT   \'ClickHouse_CustomMetric_SharedCatalogRecoveryTime\' as name,   toFloat64(recovery_time) a
2026-08-01 18:31:05	5	133	32599	133	SELECT             name,             value,             help,             JSONExtract(labels_serialized, \'Map(String, String)\') as labels,             type         FROM merge(system, \'^_custom_metrics_dictionary_.*\')         FORMAT Prometheus
2026-08-01 18:31:06	3	1	5438	1	SELECT count() FROM system.processes WHERE (initial_user NOT IN _CAST([\'backups-internal\', \'management-internal\', \'monitoring-internal\', \'observability-internal\', \'operator-internal\', \'prometheus-exporter\', \'prometheus-internal\', \'operator-cert-internal\', \'availability-monitoring-internal\', \'\'], \'Ar
2026-08-01 18:31:06	2	121	1705	1	SELECT countIf(database = \'system\') as systemParts, countIf(database != \'system\') as nonSystemParts FROM system.parts where active
2026-08-01 18:31:06	1	0	0	1	SELECT countIf(database = \'system\') as systemMerges, countIf(database != \'system\') as nonSystemMerges FROM system.merges
2026-08-01 18:31:09	1	6	2128	6	             SELECT                 name,                 toJSONString(labels) as labels_serialized,                 value,                 help,                 type             FROM (                 SELECT   concat(\'clickhouse_\', system.dimensional_metrics.metric) AS name,   toFloat64(system.dime
2026-08-01 18:31:09	1	0	0	1	             SELECT                 name,                 toJSONString(labels) as labels_serialized,                 value,                 help,                 type             FROM (                 SELECT   \'ClickHouse_CustomMetric_TotalMemoryUsedByAsynchronousInserts\' AS name,   toFloat64(SUM(t
2026-08-01 18:31:14	2	0	0	1	             SELECT                 name,                 toJSONString(labels) as labels_serialized,                 value,                 help,                 type             FROM (                 SELECT   \'ClickHouse_CustomMetric_TotalMemoryUsedByMerges\' AS name,   toFloat64(SUM(memory_usage))
2026-08-01 18:31:14	5	135	33145	135	SELECT             name,             value,             help,             JSONExtract(labels_serialized, \'Map(String, String)\') as labels,             type         FROM merge(system, \'^_custom_metrics_dictionary_.*\')         FORMAT Prometheus
2026-08-01 18:31:16	3	2	12834	1	SELECT count() FROM system.processes WHERE (initial_user NOT IN _CAST([\'backups-internal\', \'management-internal\', \'monitoring-internal\', \'observability-internal\', \'operator-internal\', \'prometheus-exporter\', \'prometheus-internal\', \'operator-cert-internal\', \'availability-monitoring-internal\', \'\'], \'Ar
2026-08-01 18:31:16	2	118	1660	1	SELECT countIf(database = \'system\') as systemParts, countIf(database != \'system\') as nonSystemParts FROM system.parts where active
2026-08-01 18:31:16	23	3161	593901	129	SELECT CAST(\'0fc3eaab-fbcb-4533-8825-9be9faaea781\', \'UUID\') AS instance_id, CAST(\'c-boneaws-al-46-server-tzy1uvq-0\', \'LowCardinality(String)\') AS node_id, CAST(name, \'LowCardinality(String)\') AS metric, CAST(mapFilter((k, v) -> has(_CAST([\'remote\'], \'Array(String)\'), k), labels), \'Map(LowCardinality
2026-08-01 18:31:16	1	0	0	1	SELECT countIf(database = \'system\') as systemMerges, countIf(database != \'system\') as nonSystemMerges FROM system.merges
2026-08-01 18:31:19	3	0	0	0	SELECT now64(6) as scrape_time_microseconds, \'tzy1uvq\' AS pod_ident, \'boneaws-al-46\' AS spoken_name, \'cell-1\' AS cell, \'ap-south-1\' AS region, \'aws\' AS cloud_provider, \'26.2.1.525\' AS clickhouse_version, \'0fc3eaab-fbcb-4533-8825-9be9faaea781\' AS control_plane_id, \'aarch64\' AS system_processor, * FRO
2026-08-01 18:31:19	5	0	0	0	SELECT now64(6) as scrape_time_microseconds, \'tzy1uvq\' AS pod_ident, \'boneaws-al-46\' AS spoken_name, \'cell-1\' AS cell, \'ap-south-1\' AS region, \'aws\' AS cloud_provider, \'26.2.1.525\' AS clickhouse_version, \'0fc3eaab-fbcb-4533-8825-9be9faaea781\' AS control_plane_id, \'aarch64\' AS system_processor, * FRO
2026-08-01 18:31:19	3	14	9020	0	             SELECT                 name,                 toJSONString(labels) as labels_serialized,                 value,                 help,                 type             FROM (                 SELECT   \'clickhouse_table_replica_readonly_start_timestamp_seconds\' as name,   toFloat64(toUnixTi
2026-08-01 18:31:19	4	6	213	0	             SELECT                 name,                 toJSONString(labels) as labels_serialized,                 value,                 help,                 type             FROM (                 SELECT   \'ClickHouse_CustomMetric_SharedCatalogRecoveryTime\' as name,   toFloat64(recovery_time) a
2026-08-01 18:31:19	4	6	213	0	             SELECT                 name,                 toJSONString(labels) as labels_serialized,                 value,                 help,                 type             FROM (                 SELECT   \'ClickHouse_CustomMetric_DatabaseReplicatedRecoveryTime\' as name,   toFloat64(recovery_ti
2026-08-01 18:31:20	3	0	0	0	SELECT now64(6) as scrape_time_microseconds, \'tzy1uvq\' AS pod_ident, \'boneaws-al-46\' AS spoken_name, \'cell-1\' AS cell, \'ap-south-1\' AS region, \'aws\' AS cloud_provider, \'26.2.1.525\' AS clickhouse_version, \'0fc3eaab-fbcb-4533-8825-9be9faaea781\' AS control_plane_id, \'aarch64\' AS system_processor, * FRO
2026-08-01 18:31:21	3	0	0	0	SELECT now64(6) as scrape_time_microseconds, \'tzy1uvq\' AS pod_ident, \'boneaws-al-46\' AS spoken_name, \'cell-1\' AS cell, \'ap-south-1\' AS region, \'aws\' AS cloud_provider, \'26.2.1.525\' AS clickhouse_version, \'0fc3eaab-fbcb-4533-8825-9be9faaea781\' AS control_plane_id, \'aarch64\' AS system_processor, * FRO
2026-08-01 18:31:21	5	135	33145	135	SELECT             name,             value,             help,             JSONExtract(labels_serialized, \'Map(String, String)\') as labels,             type         FROM merge(system, \'^_custom_metrics_dictionary_.*\')         FORMAT Prometheus
2026-08-01 18:31:22	2	0	0	0	SELECT now64(6) as scrape_time_microseconds, \'tzy1uvq\' AS pod_ident, \'boneaws-al-46\' AS spoken_name, \'cell-1\' AS cell, \'ap-south-1\' AS region, \'aws\' AS cloud_provider, \'26.2.1.525\' AS clickhouse_version, \'0fc3eaab-fbcb-4533-8825-9be9faaea781\' AS control_plane_id, \'aarch64\' AS system_processor, * FRO
2026-08-01 18:31:23	3	0	0	0	SELECT now64(6) as scrape_time_microseconds, \'tzy1uvq\' AS pod_ident, \'boneaws-al-46\' AS spoken_name, \'cell-1\' AS cell, \'ap-south-1\' AS region, \'aws\' AS cloud_provider, \'26.2.1.525\' AS clickhouse_version, \'0fc3eaab-fbcb-4533-8825-9be9faaea781\' AS control_plane_id, \'aarch64\' AS system_processor, * FRO
2026-08-01 18:31:24	3	0	0	0	SELECT now64(6) as scrape_time_microseconds, \'tzy1uvq\' AS pod_ident, \'boneaws-al-46\' AS spoken_name, \'cell-1\' AS cell, \'ap-south-1\' AS region, \'aws\' AS cloud_provider, \'26.2.1.525\' AS clickhouse_version, \'0fc3eaab-fbcb-4533-8825-9be9faaea781\' AS control_plane_id, \'aarch64\' AS system_processor, * FRO
2026-08-01 18:31:24	2	1	5022	1	             SELECT                 name,                 toJSONString(labels) as labels_serialized,                 value,                 help,                 type             FROM (                 SELECT   \'ClickHouse_CustomMetric_TotalMemoryUsedByQueries\' AS name,   toFloat64(SUM(peak_memory_u
2026-08-01 18:31:25	118	120	121047	10	SELECT now64(6) as scrape_time_microseconds, \'tzy1uvq\' AS pod_ident, \'boneaws-al-46\' AS spoken_name, \'cell-1\' AS cell, \'ap-south-1\' AS region, \'aws\' AS cloud_provider, \'26.2.1.525\' AS clickhouse_version, \'0fc3eaab-fbcb-4533-8825-9be9faaea781\' AS control_plane_id, \'aarch64\' AS system_processor, * FRO
2026-08-01 18:31:25	13	181	2534	1	SELECT avg(ProfileEvent_OSCPUWaitMicroseconds) as cpu_wait FROM  system.metric_log  WHERE event_time > now() - INTERVAL 2 MINUTE AND event_date >= yesterday()
2026-08-01 18:31:25	3	2	10208	2	SELECT count() as count, sum(elapsed) as total_elapsed, \'lh\' as usr FROM system.processes  WHERE user = \'observability-internal\' AND client_hostname LIKE \'loghouse-scraper%\'  UNION ALL SELECT count() as count, sum(elapsed) as total_elapsed, \'other\' as usr FROM system.processes  WHERE user != \'observ
2026-08-01 18:31:25	1	875	366447	1	SELECT value FROM system.asynchronous_metrics WHERE metric = \'OSMemoryAvailable\' ;
2026-08-01 18:31:26	3	0	0	0	SELECT now64(6) as scrape_time_microseconds, \'tzy1uvq\' AS pod_ident, \'boneaws-al-46\' AS spoken_name, \'cell-1\' AS cell, \'ap-south-1\' AS region, \'aws\' AS cloud_provider, \'26.2.1.525\' AS clickhouse_version, \'0fc3eaab-fbcb-4533-8825-9be9faaea781\' AS control_plane_id, \'aarch64\' AS system_processor, * FRO
2026-08-01 18:31:26	3	1	5438	1	SELECT count() FROM system.processes WHERE (initial_user NOT IN _CAST([\'backups-internal\', \'management-internal\', \'monitoring-internal\', \'observability-internal\', \'operator-internal\', \'prometheus-exporter\', \'prometheus-internal\', \'operator-cert-internal\', \'availability-monitoring-internal\', \'\'], \'Ar
2026-08-01 18:31:26	2	113	1585	1	SELECT countIf(database = \'system\') as systemParts, countIf(database != \'system\') as nonSystemParts FROM system.parts where active
2026-08-01 18:31:26	2	0	0	1	SELECT countIf(database = \'system\') as systemMerges, countIf(database != \'system\') as nonSystemMerges FROM system.merges
2026-08-01 18:31:27	3	0	0	0	SELECT now64(6) as scrape_time_microseconds, \'tzy1uvq\' AS pod_ident, \'boneaws-al-46\' AS spoken_name, \'cell-1\' AS cell, \'ap-south-1\' AS region, \'aws\' AS cloud_provider, \'26.2.1.525\' AS clickhouse_version, \'0fc3eaab-fbcb-4533-8825-9be9faaea781\' AS control_plane_id, \'aarch64\' AS system_processor, * FRO
2026-08-01 18:31:28	4	0	0	0	SELECT now64(6) as scrape_time_microseconds, \'tzy1uvq\' AS pod_ident, \'boneaws-al-46\' AS spoken_name, \'cell-1\' AS cell, \'ap-south-1\' AS region, \'aws\' AS cloud_provider, \'26.2.1.525\' AS clickhouse_version, \'0fc3eaab-fbcb-4533-8825-9be9faaea781\' AS control_plane_id, \'aarch64\' AS system_processor, * FRO
2026-08-01 18:31:29	2	15	1013	15	             SELECT                 name,                 toJSONString(labels) as labels_serialized,                 value,                 help,                 type             FROM (                 SELECT     \'ClickHouse_MetricsCollection_CustomMetricsSystemTable\' AS name,     toFloat64(1) AS va
2026-08-01 18:31:29	3	6	213	0	             SELECT                 name,                 toJSONString(labels) as labels_serialized,                 value,                 help,                 type             FROM (                 SELECT   \'ClickHouse_CustomMetric_SharedCatalogRecoveryTime\' as name,   toFloat64(recovery_time) a
2026-08-01 18:31:30	4	0	0	0	SELECT now64(6) as scrape_time_microseconds, \'tzy1uvq\' AS pod_ident, \'boneaws-al-46\' AS spoken_name, \'cell-1\' AS cell, \'ap-south-1\' AS region, \'aws\' AS cloud_provider, \'26.2.1.525\' AS clickhouse_version, \'0fc3eaab-fbcb-4533-8825-9be9faaea781\' AS control_plane_id, \'aarch64\' AS system_processor, * FRO
2026-08-01 18:31:30	1	1	1	1	SELECT displayName(), version(), revision(), timezone()
2026-08-01 18:31:30	1	1	1	1	SELECT 1;
2026-08-01 18:31:34	2	0	0	1	             SELECT                 name,                 toJSONString(labels) as labels_serialized,                 value,                 help,                 type             FROM (                 SELECT   \'ClickHouse_CustomMetric_TotalMemoryUsedByAsynchronousInserts\' AS name,   toFloat64(SUM(t
2026-08-01 18:31:35	6	135	33145	135	SELECT             name,             value,             help,             JSONExtract(labels_serialized, \'Map(String, String)\') as labels,             type         FROM merge(system, \'^_custom_metrics_dictionary_.*\')         FORMAT Prometheus
2026-08-01 18:31:36	3	2	12834	1	SELECT count() FROM system.processes WHERE (initial_user NOT IN _CAST([\'backups-internal\', \'management-internal\', \'monitoring-internal\', \'observability-internal\', \'operator-internal\', \'prometheus-exporter\', \'prometheus-internal\', \'operator-cert-internal\', \'availability-monitoring-internal\', \'\'], \'Ar
2026-08-01 18:31:36	2	121	1705	1	SELECT countIf(database = \'system\') as systemParts, countIf(database != \'system\') as nonSystemParts FROM system.parts where active
2026-08-01 18:31:36	24	3161	593901	129	SELECT CAST(\'0fc3eaab-fbcb-4533-8825-9be9faaea781\', \'UUID\') AS instance_id, CAST(\'c-boneaws-al-46-server-tzy1uvq-0\', \'LowCardinality(String)\') AS node_id, CAST(name, \'LowCardinality(String)\') AS metric, CAST(mapFilter((k, v) -> has(_CAST([\'remote\'], \'Array(String)\'), k), labels), \'Map(LowCardinality
2026-08-01 18:31:36	1	0	0	1	SELECT countIf(database = \'system\') as systemMerges, countIf(database != \'system\') as nonSystemMerges FROM system.merges
2026-08-01 18:31:37	7	8263	891536	1365	SELECT now64(6) as scrape_time_microseconds, \'tzy1uvq\' AS pod_ident, \'boneaws-al-46\' AS spoken_name, \'cell-1\' AS cell, \'ap-south-1\' AS region, \'aws\' AS cloud_provider, \'26.2.1.525\' AS clickhouse_version, \'0fc3eaab-fbcb-4533-8825-9be9faaea781\' AS control_plane_id, \'aarch64\' AS system_processor, * FRO
2026-08-01 18:31:39	2	6	2128	6	             SELECT                 name,                 toJSONString(labels) as labels_serialized,                 value,                 help,                 type             FROM (                 SELECT   concat(\'clickhouse_\', system.dimensional_metrics.metric) AS name,   toFloat64(system.dime
2026-08-01 18:31:39	2	0	0	0	             SELECT                 name,                 toJSONString(labels) as labels_serialized,                 value,                 help,                 type             FROM (                 SELECT   \'ClickHouse_CustomMetric_FailedMutations\' as name,   toFloat64(count()) as value,   \'The 
2026-08-01 18:31:39	2	13	6340	1	             SELECT                 name,                 toJSONString(labels) as labels_serialized,                 value,                 help,                 type             FROM (                 SELECT   \'ClickHouse_CustomMetric_TotalMemoryUsedByDictionaries\' AS name,   toFloat64(SUM(bytes_al
2026-08-01 18:31:44	6	135	33145	135	SELECT             name,             value,             help,             JSONExtract(labels_serialized, \'Map(String, String)\') as labels,             type         FROM merge(system, \'^_custom_metrics_dictionary_.*\')         FORMAT Prometheus
2026-08-01 18:31:46	3	1	5438	1	SELECT count() FROM system.processes WHERE (initial_user NOT IN _CAST([\'backups-internal\', \'management-internal\', \'monitoring-internal\', \'observability-internal\', \'operator-internal\', \'prometheus-exporter\', \'prometheus-internal\', \'operator-cert-internal\', \'availability-monitoring-internal\', \'\'], \'Ar
2026-08-01 18:31:46	2	123	1735	1	SELECT countIf(database = \'system\') as systemParts, countIf(database != \'system\') as nonSystemParts FROM system.parts where active
2026-08-01 18:31:46	1	0	0	1	SELECT countIf(database = \'system\') as systemMerges, countIf(database != \'system\') as nonSystemMerges FROM system.merges
2026-08-01 18:31:49	4	6	213	0	             SELECT                 name,                 toJSONString(labels) as labels_serialized,                 value,                 help,                 type             FROM (                 SELECT   \'ClickHouse_CustomMetric_SharedCatalogRecoveryTime\' as name,   toFloat64(recovery_time) a
2026-08-01 18:31:50	2	0	8	1	SELECT count() FROM system.backups where status IN (0,3)
2026-08-01 18:31:50	3	1	5472	1	SELECT count() FROM system.processes WHERE (elapsed > _CAST(0, \'Int64\')) AND (initial_user NOT IN _CAST([\'backups-internal\', \'management-internal\', \'monitoring-internal\', \'observability-internal\', \'operator-internal\', \'prometheus-exporter\', \'prometheus-internal\', \'operator-cert-internal\', \'availabil
2026-08-01 18:31:51	5	135	33145	135	SELECT             name,             value,             help,             JSONExtract(labels_serialized, \'Map(String, String)\') as labels,             type         FROM merge(system, \'^_custom_metrics_dictionary_.*\')         FORMAT Prometheus
2026-08-01 18:31:54	2	59	472	1	             SELECT                 name,                 toJSONString(labels) as labels_serialized,                 value,                 help,                 type             FROM (                 SELECT   \'ClickHouse_CustomMetric_TotalMemoryUsedByDataSkippingIndices\' AS name,   toFloat64(SUM(d
2026-08-01 18:31:55	13	212	2968	1	SELECT avg(ProfileEvent_OSCPUWaitMicroseconds) as cpu_wait FROM  system.metric_log  WHERE event_time > now() - INTERVAL 2 MINUTE AND event_date >= yesterday()
2026-08-01 18:31:55	4	2	10208	2	SELECT count() as count, sum(elapsed) as total_elapsed, \'lh\' as usr FROM system.processes  WHERE user = \'observability-internal\' AND client_hostname LIKE \'loghouse-scraper%\'  UNION ALL SELECT count() as count, sum(elapsed) as total_elapsed, \'other\' as usr FROM system.processes  WHERE user != \'observ
2026-08-01 18:31:55	1	875	366447	1	SELECT value FROM system.asynchronous_metrics WHERE metric = \'OSMemoryAvailable\' ;
2026-08-01 18:31:56	2	2	12834	1	SELECT count() FROM system.processes WHERE (initial_user NOT IN _CAST([\'backups-internal\', \'management-internal\', \'monitoring-internal\', \'observability-internal\', \'operator-internal\', \'prometheus-exporter\', \'prometheus-internal\', \'operator-cert-internal\', \'availability-monitoring-internal\', \'\'], \'Ar
2026-08-01 18:31:56	2	121	1705	1	SELECT countIf(database = \'system\') as systemParts, countIf(database != \'system\') as nonSystemParts FROM system.parts where active
2026-08-01 18:31:56	1	0	0	1	SELECT countIf(database = \'system\') as systemMerges, countIf(database != \'system\') as nonSystemMerges FROM system.merges
2026-08-01 18:31:56	23	3161	593901	129	SELECT CAST(\'0fc3eaab-fbcb-4533-8825-9be9faaea781\', \'UUID\') AS instance_id, CAST(\'c-boneaws-al-46-server-tzy1uvq-0\', \'LowCardinality(String)\') AS node_id, CAST(name, \'LowCardinality(String)\') AS metric, CAST(mapFilter((k, v) -> has(_CAST([\'remote\'], \'Array(String)\'), k), labels), \'Map(LowCardinality
2026-08-01 18:31:59	2	0	0	0	             SELECT                 name,                 toJSONString(labels) as labels_serialized,                 value,                 help,                 type             FROM (                 SELECT   \'ClickHouse_CustomMetric_FailedMutations\' as name,   toFloat64(count()) as value,   \'The 
2026-08-01 18:32:04	3	6	213	0	             SELECT                 name,                 toJSONString(labels) as labels_serialized,                 value,                 help,                 type             FROM (                 SELECT   \'ClickHouse_CustomMetric_DatabaseReplicatedRecoveryTime\' as name,   toFloat64(recovery_ti
2026-08-01 18:32:05	6	135	33145	135	SELECT             name,             value,             help,             JSONExtract(labels_serialized, \'Map(String, String)\') as labels,             type         FROM merge(system, \'^_custom_metrics_dictionary_.*\')         FORMAT Prometheus
2026-08-01 18:32:06	3	1	5438	1	SELECT count() FROM system.processes WHERE (initial_user NOT IN _CAST([\'backups-internal\', \'management-internal\', \'monitoring-internal\', \'observability-internal\', \'operator-internal\', \'prometheus-exporter\', \'prometheus-internal\', \'operator-cert-internal\', \'availability-monitoring-internal\', \'\'], \'Ar
2026-08-01 18:32:06	2	124	1750	1	SELECT countIf(database = \'system\') as systemParts, countIf(database != \'system\') as nonSystemParts FROM system.parts where active
2026-08-01 18:32:06	2	0	0	1	SELECT countIf(database = \'system\') as systemMerges, countIf(database != \'system\') as nonSystemMerges FROM system.merges
2026-08-01 18:32:09	2	0	0	1	             SELECT                 name,                 toJSONString(labels) as labels_serialized,                 value,                 help,                 type             FROM (                 SELECT   \'ClickHouse_CustomMetric_TotalMemoryUsedByMerges\' AS name,   toFloat64(SUM(memory_usage))
2026-08-01 18:32:09	3	14	9020	0	             SELECT                 name,                 toJSONString(labels) as labels_serialized,                 value,                 help,                 type             FROM (                 SELECT   \'clickhouse_table_replica_readonly_start_timestamp_seconds\' as name,   toFloat64(toUnixTi
2026-08-01 18:32:09	1	1	1	1	SELECT displayName(), version(), revision(), timezone()
2026-08-01 18:32:10	1	1	1	1	SELECT 1;
2026-08-01 18:32:14	3	14	9020	0	             SELECT                 name,                 toJSONString(labels) as labels_serialized,                 value,                 help,                 type             FROM (                 SELECT   \'clickhouse_table_replica_readonly_start_timestamp_seconds\' as name,   toFloat64(toUnixTi
2026-08-01 18:32:14	6	133	32599	133	SELECT             name,             value,             help,             JSONExtract(labels_serialized, \'Map(String, String)\') as labels,             type         FROM merge(system, \'^_custom_metrics_dictionary_.*\')         FORMAT Prometheus
2026-08-01 18:32:16	5	378	114440	5	WITH metrics AS (SELECT name AS metric, toFloat64(value) AS val, now() AS ts FROM system.server_settings WHERE multiMatchAny(name, _CAST([\'^max_database_num_to_throw$\', \'^max_database_num_to_warn$\', \'^max_table_num_to_throw$\', \'^max_table_num_to_warn$\', \'^max_concurrent_queries$\'], \'Array(String)\'))
2026-08-01 18:32:16	5	0	0	0	WITH source AS (SELECT [\'matview_execution_total\', if(exception_code != 0, \'matview_execution_fail\', \'\')] AS metrics, event_time AS ts FROM system.query_views_log WHERE (status != \'QueryStart\') AND (event_date >= toDate(_CAST(\'1785608981.239\', \'DateTime64\'))) AND (event_time >= toDateTime(_CAST(\'178
2026-08-01 18:32:16	9	85281	1351409	1560	SELECT CAST(\'0fc3eaab-fbcb-4533-8825-9be9faaea781\', \'UUID\') AS control_plane_id, CAST(\'c-boneaws-al-46-server-tzy1uvq-0\', \'LowCardinality(String)\') AS pod_id, CAST(now64(), \'DateTime64(6)\') AS scrape_ts_microseconds, CAST(event_date, \'Date\') AS event_date, CAST(event_time, \'DateTime\') AS event_time,
2026-08-01 18:32:16	10	6682	99992	18	WITH metrics AS (SELECT multiIf((event_type = \'MergeParts\') AND (error = 0), \'merges_finished\', (event_type = \'MergeParts\') AND (error != 0), \'merges_failed\', (event_type = \'MutatePart\') AND (error = 0), \'mutate_part_finished\', (event_type = \'MutatePart\') AND (error != 0), \'mutate_part_failed\', NULL
2026-08-01 18:32:16	3	8	40113	1	SELECT count() FROM system.processes WHERE (initial_user NOT IN _CAST([\'backups-internal\', \'management-internal\', \'monitoring-internal\', \'observability-internal\', \'operator-internal\', \'prometheus-exporter\', \'prometheus-internal\', \'operator-cert-internal\', \'availability-monitoring-internal\', \'\'], \'Ar
2026-08-01 18:32:16	9	0	0	1	WITH failed_mutations AS (SELECT toDateTime(create_time) AS ts, count() AS val FROM system.mutations WHERE (ts > toDateTime(_CAST(\'1785608981.239\', \'DateTime64\'))) AND (ts <= toDateTime(_CAST(\'1785609101.239\', \'DateTime64\'))) AND (latest_failed_part != \'\') AND (is_done = 0) GROUP BY ts), failed_muta
2026-08-01 18:32:16	2	126	1780	1	SELECT countIf(database = \'system\') as systemParts, countIf(database != \'system\') as nonSystemParts FROM system.parts where active
2026-08-01 18:32:16	1	0	0	1	SELECT countIf(database = \'system\') as systemMerges, countIf(database != \'system\') as nonSystemMerges FROM system.merges
2026-08-01 18:32:16	24	3159	593624	129	SELECT CAST(\'0fc3eaab-fbcb-4533-8825-9be9faaea781\', \'UUID\') AS instance_id, CAST(\'c-boneaws-al-46-server-tzy1uvq-0\', \'LowCardinality(String)\') AS node_id, CAST(name, \'LowCardinality(String)\') AS metric, CAST(mapFilter((k, v) -> has(_CAST([\'remote\'], \'Array(String)\'), k), labels), \'Map(LowCardinality
2026-08-01 18:32:16	55	242	74130	120	SELECT CAST(\'0fc3eaab-fbcb-4533-8825-9be9faaea781\', \'UUID\') AS control_plane_id, CAST(\'c-boneaws-al-46-server-tzy1uvq-0\', \'LowCardinality(String)\') AS pod_id, CAST(now64(), \'DateTime64(6)\') AS scrape_ts_microseconds, CAST(event_date, \'Date\') AS event_date, CAST(event_time, \'DateTime\') AS event_time,
2026-08-01 18:32:16	144	811	223343	18	WITH parts_agg AS (SELECT database AS agg_database, `table` AS agg_table, SUM(primary_key_size) AS primary_index_size, SUM(secondary_indices_compressed_bytes) AS secondary_index_size FROM system.parts WHERE active AND (database != \'system\') GROUP BY database, `table`), proj_agg AS (SELECT database A
2026-08-01 18:32:19	1	6	2128	6	             SELECT                 name,                 toJSONString(labels) as labels_serialized,                 value,                 help,                 type             FROM (                 SELECT   concat(\'clickhouse_\', system.dimensional_metrics.metric) AS name,   toFloat64(system.dime
2026-08-01 18:32:19	2	15	1013	15	             SELECT                 name,                 toJSONString(labels) as labels_serialized,                 value,                 help,                 type             FROM (                 SELECT     \'ClickHouse_MetricsCollection_CustomMetricsSystemTable\' AS name,     toFloat64(1) AS va
2026-08-01 18:32:19	2	3	7558	1	             SELECT                 name,                 toJSONString(labels) as labels_serialized,                 value,                 help,                 type             FROM (                 SELECT   \'ClickHouse_CustomMetric_TotalMemoryUsedByQueries\' AS name,   toFloat64(SUM(peak_memory_u
2026-08-01 18:32:21	6	133	32599	133	SELECT             name,             value,             help,             JSONExtract(labels_serialized, \'Map(String, String)\') as labels,             type         FROM merge(system, \'^_custom_metrics_dictionary_.*\')         FORMAT Prometheus
2026-08-01 18:32:24	2	13	6340	1	             SELECT                 name,                 toJSONString(labels) as labels_serialized,                 value,                 help,                 type             FROM (                 SELECT   \'ClickHouse_CustomMetric_TotalMemoryUsedByDictionaries\' AS name,   toFloat64(SUM(bytes_al
2026-08-01 18:32:24	3	14	9020	0	             SELECT                 name,                 toJSONString(labels) as labels_serialized,                 value,                 help,                 type             FROM (                 SELECT   \'clickhouse_table_replica_readonly_start_timestamp_seconds\' as name,   toFloat64(toUnixTi
2026-08-01 18:32:24	3	6	213	0	             SELECT                 name,                 toJSONString(labels) as labels_serialized,                 value,                 help,                 type             FROM (                 SELECT   \'ClickHouse_CustomMetric_SharedCatalogRecoveryTime\' as name,   toFloat64(recovery_time) a
2026-08-01 18:32:25	15	242	3388	1	SELECT avg(ProfileEvent_OSCPUWaitMicroseconds) as cpu_wait FROM  system.metric_log  WHERE event_time > now() - INTERVAL 2 MINUTE AND event_date >= yesterday()
2026-08-01 18:32:25	4	2	10208	2	SELECT count() as count, sum(elapsed) as total_elapsed, \'lh\' as usr FROM system.processes  WHERE user = \'observability-internal\' AND client_hostname LIKE \'loghouse-scraper%\'  UNION ALL SELECT count() as count, sum(elapsed) as total_elapsed, \'other\' as usr FROM system.processes  WHERE user != \'observ
2026-08-01 18:32:25	1	875	366447	1	SELECT value FROM system.asynchronous_metrics WHERE metric = \'OSMemoryAvailable\' ;
2026-08-01 18:32:26	3	1	5438	1	SELECT count() FROM system.processes WHERE (initial_user NOT IN _CAST([\'backups-internal\', \'management-internal\', \'monitoring-internal\', \'observability-internal\', \'operator-internal\', \'prometheus-exporter\', \'prometheus-internal\', \'operator-cert-internal\', \'availability-monitoring-internal\', \'\'], \'Ar
2026-08-01 18:32:26	2	129	1825	1	SELECT countIf(database = \'system\') as systemParts, countIf(database != \'system\') as nonSystemParts FROM system.parts where active
2026-08-01 18:32:26	2	0	0	1	SELECT countIf(database = \'system\') as systemMerges, countIf(database != \'system\') as nonSystemMerges FROM system.merges
2026-08-01 18:32:29	2	59	472	1	             SELECT                 name,                 toJSONString(labels) as labels_serialized,                 value,                 help,                 type             FROM (                 SELECT   \'ClickHouse_CustomMetric_TotalMemoryUsedByDataSkippingIndices\' AS name,   toFloat64(SUM(d
2026-08-01 18:32:29	3	6	213	0	             SELECT                 name,                 toJSONString(labels) as labels_serialized,                 value,                 help,                 type             FROM (                 SELECT   \'ClickHouse_CustomMetric_DatabaseReplicatedRecoveryTime\' as name,   toFloat64(recovery_ti
2026-08-01 18:32:34	2	0	0	1	             SELECT                 name,                 toJSONString(labels) as labels_serialized,                 value,                 help,                 type             FROM (                 SELECT   \'ClickHouse_CustomMetric_TotalMemoryUsedByAsynchronousInserts\' AS name,   toFloat64(SUM(t
2026-08-01 18:32:35	6	133	32599	133	SELECT             name,             value,             help,             JSONExtract(labels_serialized, \'Map(String, String)\') as labels,             type         FROM merge(system, \'^_custom_metrics_dictionary_.*\')         FORMAT Prometheus
2026-08-01 18:32:36	3	2	12834	1	SELECT count() FROM system.processes WHERE (initial_user NOT IN _CAST([\'backups-internal\', \'management-internal\', \'monitoring-internal\', \'observability-internal\', \'operator-internal\', \'prometheus-exporter\', \'prometheus-internal\', \'operator-cert-internal\', \'availability-monitoring-internal\', \'\'], \'Ar
2026-08-01 18:32:36	2	122	1720	1	SELECT countIf(database = \'system\') as systemParts, countIf(database != \'system\') as nonSystemParts FROM system.parts where active
2026-08-01 18:32:36	26	3159	593624	129	SELECT CAST(\'0fc3eaab-fbcb-4533-8825-9be9faaea781\', \'UUID\') AS instance_id, CAST(\'c-boneaws-al-46-server-tzy1uvq-0\', \'LowCardinality(String)\') AS node_id, CAST(name, \'LowCardinality(String)\') AS metric, CAST(mapFilter((k, v) -> has(_CAST([\'remote\'], \'Array(String)\'), k), labels), \'Map(LowCardinality
2026-08-01 18:32:36	2	0	0	1	SELECT countIf(database = \'system\') as systemMerges, countIf(database != \'system\') as nonSystemMerges FROM system.merges
2026-08-01 18:32:38	9	8271	2438357	383	SELECT now64(6) as scrape_time_microseconds, \'tzy1uvq\' AS pod_ident, \'boneaws-al-46\' AS spoken_name, \'cell-1\' AS cell, \'ap-south-1\' AS region, \'aws\' AS cloud_provider, \'26.2.1.525\' AS clickhouse_version, \'0fc3eaab-fbcb-4533-8825-9be9faaea781\' AS control_plane_id, \'aarch64\' AS system_processor, * FRO
2026-08-01 18:32:38	30	4402	9931261	330	SELECT now64(6) as scrape_time_microseconds, \'tzy1uvq\' AS pod_ident, \'boneaws-al-46\' AS spoken_name, \'cell-1\' AS cell, \'ap-south-1\' AS region, \'aws\' AS cloud_provider, \'26.2.1.525\' AS clickhouse_version, \'0fc3eaab-fbcb-4533-8825-9be9faaea781\' AS control_plane_id, \'aarch64\' AS system_processor, * FRO
2026-08-01 18:32:39	15	16937	4033867	4699	SELECT now64(6) as scrape_time_microseconds, \'tzy1uvq\' AS pod_ident, \'boneaws-al-46\' AS spoken_name, \'cell-1\' AS cell, \'ap-south-1\' AS region, \'aws\' AS cloud_provider, \'26.2.1.525\' AS clickhouse_version, \'0fc3eaab-fbcb-4533-8825-9be9faaea781\' AS control_plane_id, \'aarch64\' AS system_processor, * FRO
2026-08-01 18:32:43	15	6546	3482335	161	SELECT now64(6) as scrape_time_microseconds, \'tzy1uvq\' AS pod_ident, \'boneaws-al-46\' AS spoken_name, \'cell-1\' AS cell, \'ap-south-1\' AS region, \'aws\' AS cloud_provider, \'26.2.1.525\' AS clickhouse_version, \'0fc3eaab-fbcb-4533-8825-9be9faaea781\' AS control_plane_id, \'aarch64\' AS system_processor, * FRO
2026-08-01 18:32:44	2	0	0	1	             SELECT                 name,                 toJSONString(labels) as labels_serialized,                 value,                 help,                 type             FROM (                 SELECT   \'ClickHouse_CustomMetric_TotalMemoryUsedByMerges\' AS name,   toFloat64(SUM(memory_usage))
2026-08-01 18:32:44	5	133	32599	133	SELECT             name,             value,             help,             JSONExtract(labels_serialized, \'Map(String, String)\') as labels,             type         FROM merge(system, \'^_custom_metrics_dictionary_.*\')         FORMAT Prometheus
2026-08-01 18:32:45	177	786	2162060	120	SELECT now64(6) as scrape_time_microseconds, \'tzy1uvq\' AS pod_ident, \'boneaws-al-46\' AS spoken_name, \'cell-1\' AS cell, \'ap-south-1\' AS region, \'aws\' AS cloud_provider, \'26.2.1.525\' AS clickhouse_version, \'0fc3eaab-fbcb-4533-8825-9be9faaea781\' AS control_plane_id, \'aarch64\' AS system_processor, * FRO
2026-08-01 18:32:46	157	2829365	45344352	105006	SELECT now64(6) as scrape_time_microseconds, \'tzy1uvq\' AS pod_ident, \'boneaws-al-46\' AS spoken_name, \'cell-1\' AS cell, \'ap-south-1\' AS region, \'aws\' AS cloud_provider, \'26.2.1.525\' AS clickhouse_version, \'0fc3eaab-fbcb-4533-8825-9be9faaea781\' AS control_plane_id, \'aarch64\' AS system_processor, * FRO
2026-08-01 18:32:46	3	1	5438	1	SELECT count() FROM system.processes WHERE (initial_user NOT IN _CAST([\'backups-internal\', \'management-internal\', \'monitoring-internal\', \'observability-internal\', \'operator-internal\', \'prometheus-exporter\', \'prometheus-internal\', \'operator-cert-internal\', \'availability-monitoring-internal\', \'\'], \'Ar
2026-08-01 18:32:46	2	124	1750	1	SELECT countIf(database = \'system\') as systemParts, countIf(database != \'system\') as nonSystemParts FROM system.parts where active
2026-08-01 18:32:46	1	0	0	1	SELECT countIf(database = \'system\') as systemMerges, countIf(database != \'system\') as nonSystemMerges FROM system.merges
2026-08-01 18:32:47	22	21069	5197075	10590	SELECT now64(6) as scrape_time_microseconds, \'tzy1uvq\' AS pod_ident, \'boneaws-al-46\' AS spoken_name, \'cell-1\' AS cell, \'ap-south-1\' AS region, \'aws\' AS cloud_provider, \'26.2.1.525\' AS clickhouse_version, \'0fc3eaab-fbcb-4533-8825-9be9faaea781\' AS control_plane_id, \'aarch64\' AS system_processor, * FRO
2026-08-01 18:32:49	17	18019	4025180	14616	SELECT now64(6) as scrape_time_microseconds, \'tzy1uvq\' AS pod_ident, \'boneaws-al-46\' AS spoken_name, \'cell-1\' AS cell, \'ap-south-1\' AS region, \'aws\' AS cloud_provider, \'26.2.1.525\' AS clickhouse_version, \'0fc3eaab-fbcb-4533-8825-9be9faaea781\' AS control_plane_id, \'aarch64\' AS system_processor, * FRO
2026-08-01 18:32:49	2	0	0	0	             SELECT                 name,                 toJSONString(labels) as labels_serialized,                 value,                 help,                 type             FROM (                 SELECT   \'ClickHouse_CustomMetric_FailedMutations\' as name,   toFloat64(count()) as value,   \'The 
2026-08-01 18:32:49	2	2	6302	1	             SELECT                 name,                 toJSONString(labels) as labels_serialized,                 value,                 help,                 type             FROM (                 SELECT   \'ClickHouse_CustomMetric_TotalMemoryUsedByQueries\' AS name,   toFloat64(SUM(peak_memory_u
2026-08-01 18:32:50	1	1	1	1	SELECT displayName(), version(), revision(), timezone()
2026-08-01 18:32:51	1	1	1	1	SELECT 1;
2026-08-01 18:32:51	6	133	32599	133	SELECT             name,             value,             help,             JSONExtract(labels_serialized, \'Map(String, String)\') as labels,             type         FROM merge(system, \'^_custom_metrics_dictionary_.*\')         FORMAT Prometheus
2026-08-01 18:32:54	2	13	6340	1	             SELECT                 name,                 toJSONString(labels) as labels_serialized,                 value,                 help,                 type             FROM (                 SELECT   \'ClickHouse_CustomMetric_TotalMemoryUsedByDictionaries\' AS name,   toFloat64(SUM(bytes_al
2026-08-01 18:32:54	2	14	9020	0	             SELECT                 name,                 toJSONString(labels) as labels_serialized,                 value,                 help,                 type             FROM (                 SELECT   \'clickhouse_table_replica_readonly_start_timestamp_seconds\' as name,   toFloat64(toUnixTi
2026-08-01 18:32:54	3	6	213	0	             SELECT                 name,                 toJSONString(labels) as labels_serialized,                 value,                 help,                 type             FROM (                 SELECT   \'ClickHouse_CustomMetric_SharedCatalogRecoveryTime\' as name,   toFloat64(recovery_time) a
2026-08-01 18:32:54	3	6	213	0	             SELECT                 name,                 toJSONString(labels) as labels_serialized,                 value,                 help,                 type             FROM (                 SELECT   \'ClickHouse_CustomMetric_DatabaseReplicatedRecoveryTime\' as name,   toFloat64(recovery_ti
2026-08-01 18:32:55	14	121	1694	1	SELECT avg(ProfileEvent_OSCPUWaitMicroseconds) as cpu_wait FROM  system.metric_log  WHERE event_time > now() - INTERVAL 2 MINUTE AND event_date >= yesterday()
2026-08-01 18:32:55	3	2	10208	2	SELECT count() as count, sum(elapsed) as total_elapsed, \'lh\' as usr FROM system.processes  WHERE user = \'observability-internal\' AND client_hostname LIKE \'loghouse-scraper%\'  UNION ALL SELECT count() as count, sum(elapsed) as total_elapsed, \'other\' as usr FROM system.processes  WHERE user != \'observ
2026-08-01 18:32:55	1	875	366447	1	SELECT value FROM system.asynchronous_metrics WHERE metric = \'OSMemoryAvailable\' ;
2026-08-01 18:32:56	2	2	12834	1	SELECT count() FROM system.processes WHERE (initial_user NOT IN _CAST([\'backups-internal\', \'management-internal\', \'monitoring-internal\', \'observability-internal\', \'operator-internal\', \'prometheus-exporter\', \'prometheus-internal\', \'operator-cert-internal\', \'availability-monitoring-internal\', \'\'], \'Ar
2026-08-01 18:32:56	2	122	1720	1	SELECT countIf(database = \'system\') as systemParts, countIf(database != \'system\') as nonSystemParts FROM system.parts where active
2026-08-01 18:32:56	1	0	0	1	SELECT countIf(database = \'system\') as systemMerges, countIf(database != \'system\') as nonSystemMerges FROM system.merges
2026-08-01 18:32:56	24	3159	593624	129	SELECT CAST(\'0fc3eaab-fbcb-4533-8825-9be9faaea781\', \'UUID\') AS instance_id, CAST(\'c-boneaws-al-46-server-tzy1uvq-0\', \'LowCardinality(String)\') AS node_id, CAST(name, \'LowCardinality(String)\') AS metric, CAST(mapFilter((k, v) -> has(_CAST([\'remote\'], \'Array(String)\'), k), labels), \'Map(LowCardinality
2026-08-01 18:32:57	7	628	383826	50	SELECT now64(6) as scrape_time_microseconds, \'tzy1uvq\' AS pod_ident, \'boneaws-al-46\' AS spoken_name, \'cell-1\' AS cell, \'ap-south-1\' AS region, \'aws\' AS cloud_provider, \'26.2.1.525\' AS clickhouse_version, \'0fc3eaab-fbcb-4533-8825-9be9faaea781\' AS control_plane_id, \'aarch64\' AS system_processor, * FRO
2026-08-01 18:32:59	2	0	0	0	             SELECT                 name,                 toJSONString(labels) as labels_serialized,                 value,                 help,                 type             FROM (                 SELECT   \'ClickHouse_CustomMetric_FailedMutations\' as name,   toFloat64(count()) as value,   \'The 
2026-08-01 18:33:04	1	6	2128	6	             SELECT                 name,                 toJSONString(labels) as labels_serialized,                 value,                 help,                 type             FROM (                 SELECT   concat(\'clickhouse_\', system.dimensional_metrics.metric) AS name,   toFloat64(system.dime
2026-08-01 18:33:04	2	0	0	0	             SELECT                 name,                 toJSONString(labels) as labels_serialized,                 value,                 help,                 type             FROM (                 SELECT   \'ClickHouse_CustomMetric_FailedMutations\' as name,   toFloat64(count()) as value,   \'The 
2026-08-01 18:33:04	3	6	213	0	             SELECT                 name,                 toJSONString(labels) as labels_serialized,                 value,                 help,                 type             FROM (                 SELECT   \'ClickHouse_CustomMetric_SharedCatalogRecoveryTime\' as name,   toFloat64(recovery_time) a
2026-08-01 18:33:05	6	133	32599	133	SELECT             name,             value,             help,             JSONExtract(labels_serialized, \'Map(String, String)\') as labels,             type         FROM merge(system, \'^_custom_metrics_dictionary_.*\')         FORMAT Prometheus
2026-08-01 18:33:06	3	1	5438	1	SELECT count() FROM system.processes WHERE (initial_user NOT IN _CAST([\'backups-internal\', \'management-internal\', \'monitoring-internal\', \'observability-internal\', \'operator-internal\', \'prometheus-exporter\', \'prometheus-internal\', \'operator-cert-internal\', \'availability-monitoring-internal\', \'\'], \'Ar
2026-08-01 18:33:06	2	119	1675	1	SELECT countIf(database = \'system\') as systemParts, countIf(database != \'system\') as nonSystemParts FROM system.parts where active
2026-08-01 18:33:06	1	0	0	1	SELECT countIf(database = \'system\') as systemMerges, countIf(database != \'system\') as nonSystemMerges FROM system.merges
2026-08-01 18:33:09	2	15	1013	15	             SELECT                 name,                 toJSONString(labels) as labels_serialized,                 value,                 help,                 type             FROM (                 SELECT     \'ClickHouse_MetricsCollection_CustomMetricsSystemTable\' AS name,     toFloat64(1) AS va
2026-08-01 18:33:14	2	0	0	1	             SELECT                 name,                 toJSONString(labels) as labels_serialized,                 value,                 help,                 type             FROM (                 SELECT   \'ClickHouse_CustomMetric_TotalMemoryUsedByAsynchronousInserts\' AS name,   toFloat64(SUM(t
2026-08-01 18:33:14	2	59	472	1	             SELECT                 name,                 toJSONString(labels) as labels_serialized,                 value,                 help,                 type             FROM (                 SELECT   \'ClickHouse_CustomMetric_TotalMemoryUsedByDataSkippingIndices\' AS name,   toFloat64(SUM(d
2026-08-01 18:33:14	3	6	213	0	             SELECT                 name,                 toJSONString(labels) as labels_serialized,                 value,                 help,                 type             FROM (                 SELECT   \'ClickHouse_CustomMetric_DatabaseReplicatedRecoveryTime\' as name,   toFloat64(recovery_ti
2026-08-01 18:33:14	5	133	32599	133	SELECT             name,             value,             help,             JSONExtract(labels_serialized, \'Map(String, String)\') as labels,             type         FROM merge(system, \'^_custom_metrics_dictionary_.*\')         FORMAT Prometheus
2026-08-01 18:33:16	2	2	12834	1	SELECT count() FROM system.processes WHERE (initial_user NOT IN _CAST([\'backups-internal\', \'management-internal\', \'monitoring-internal\', \'observability-internal\', \'operator-internal\', \'prometheus-exporter\', \'prometheus-internal\', \'operator-cert-internal\', \'availability-monitoring-internal\', \'\'], \'Ar
2026-08-01 18:33:16	2	115	1615	1	SELECT countIf(database = \'system\') as systemParts, countIf(database != \'system\') as nonSystemParts FROM system.parts where active
2026-08-01 18:33:16	1	0	0	1	SELECT countIf(database = \'system\') as systemMerges, countIf(database != \'system\') as nonSystemMerges FROM system.merges
2026-08-01 18:33:16	23	3159	593624	129	SELECT CAST(\'0fc3eaab-fbcb-4533-8825-9be9faaea781\', \'UUID\') AS instance_id, CAST(\'c-boneaws-al-46-server-tzy1uvq-0\', \'LowCardinality(String)\') AS node_id, CAST(name, \'LowCardinality(String)\') AS metric, CAST(mapFilter((k, v) -> has(_CAST([\'remote\'], \'Array(String)\'), k), labels), \'Map(LowCardinality
2026-08-01 18:33:19	3	0	0	0	SELECT now64(6) as scrape_time_microseconds, \'tzy1uvq\' AS pod_ident, \'boneaws-al-46\' AS spoken_name, \'cell-1\' AS cell, \'ap-south-1\' AS region, \'aws\' AS cloud_provider, \'26.2.1.525\' AS clickhouse_version, \'0fc3eaab-fbcb-4533-8825-9be9faaea781\' AS control_plane_id, \'aarch64\' AS system_processor, * FRO
2026-08-01 18:33:19	4	0	0	0	SELECT now64(6) as scrape_time_microseconds, \'tzy1uvq\' AS pod_ident, \'boneaws-al-46\' AS spoken_name, \'cell-1\' AS cell, \'ap-south-1\' AS region, \'aws\' AS cloud_provider, \'26.2.1.525\' AS clickhouse_version, \'0fc3eaab-fbcb-4533-8825-9be9faaea781\' AS control_plane_id, \'aarch64\' AS system_processor, * FRO
2026-08-01 18:33:19	1	0	0	1	             SELECT                 name,                 toJSONString(labels) as labels_serialized,                 value,                 help,                 type             FROM (                 SELECT   \'ClickHouse_CustomMetric_TotalMemoryUsedByAsynchronousInserts\' AS name,   toFloat64(SUM(t
2026-08-01 18:33:20	3	0	0	0	SELECT now64(6) as scrape_time_microseconds, \'tzy1uvq\' AS pod_ident, \'boneaws-al-46\' AS spoken_name, \'cell-1\' AS cell, \'ap-south-1\' AS region, \'aws\' AS cloud_provider, \'26.2.1.525\' AS clickhouse_version, \'0fc3eaab-fbcb-4533-8825-9be9faaea781\' AS control_plane_id, \'aarch64\' AS system_processor, * FRO
2026-08-01 18:33:21	3	0	0	0	SELECT now64(6) as scrape_time_microseconds, \'tzy1uvq\' AS pod_ident, \'boneaws-al-46\' AS spoken_name, \'cell-1\' AS cell, \'ap-south-1\' AS region, \'aws\' AS cloud_provider, \'26.2.1.525\' AS clickhouse_version, \'0fc3eaab-fbcb-4533-8825-9be9faaea781\' AS control_plane_id, \'aarch64\' AS system_processor, * FRO
2026-08-01 18:33:21	6	133	32599	133	SELECT             name,             value,             help,             JSONExtract(labels_serialized, \'Map(String, String)\') as labels,             type         FROM merge(system, \'^_custom_metrics_dictionary_.*\')         FORMAT Prometheus
2026-08-01 18:33:22	3	0	0	0	SELECT now64(6) as scrape_time_microseconds, \'tzy1uvq\' AS pod_ident, \'boneaws-al-46\' AS spoken_name, \'cell-1\' AS cell, \'ap-south-1\' AS region, \'aws\' AS cloud_provider, \'26.2.1.525\' AS clickhouse_version, \'0fc3eaab-fbcb-4533-8825-9be9faaea781\' AS control_plane_id, \'aarch64\' AS system_processor, * FRO
2026-08-01 18:33:23	3	0	0	0	SELECT now64(6) as scrape_time_microseconds, \'tzy1uvq\' AS pod_ident, \'boneaws-al-46\' AS spoken_name, \'cell-1\' AS cell, \'ap-south-1\' AS region, \'aws\' AS cloud_provider, \'26.2.1.525\' AS clickhouse_version, \'0fc3eaab-fbcb-4533-8825-9be9faaea781\' AS control_plane_id, \'aarch64\' AS system_processor, * FRO
2026-08-01 18:33:24	3	0	0	0	SELECT now64(6) as scrape_time_microseconds, \'tzy1uvq\' AS pod_ident, \'boneaws-al-46\' AS spoken_name, \'cell-1\' AS cell, \'ap-south-1\' AS region, \'aws\' AS cloud_provider, \'26.2.1.525\' AS clickhouse_version, \'0fc3eaab-fbcb-4533-8825-9be9faaea781\' AS control_plane_id, \'aarch64\' AS system_processor, * FRO
2026-08-01 18:33:25	118	5	4940	5	SELECT now64(6) as scrape_time_microseconds, \'tzy1uvq\' AS pod_ident, \'boneaws-al-46\' AS spoken_name, \'cell-1\' AS cell, \'ap-south-1\' AS region, \'aws\' AS cloud_provider, \'26.2.1.525\' AS clickhouse_version, \'0fc3eaab-fbcb-4533-8825-9be9faaea781\' AS control_plane_id, \'aarch64\' AS system_processor, * FRO
2026-08-01 18:33:25	14	513	7182	1	SELECT avg(ProfileEvent_OSCPUWaitMicroseconds) as cpu_wait FROM  system.metric_log  WHERE event_time > now() - INTERVAL 2 MINUTE AND event_date >= yesterday()
2026-08-01 18:33:25	4	2	10208	2	SELECT count() as count, sum(elapsed) as total_elapsed, \'lh\' as usr FROM system.processes  WHERE user = \'observability-internal\' AND client_hostname LIKE \'loghouse-scraper%\'  UNION ALL SELECT count() as count, sum(elapsed) as total_elapsed, \'other\' as usr FROM system.processes  WHERE user != \'observ
2026-08-01 18:33:25	1	875	366447	1	SELECT value FROM system.asynchronous_metrics WHERE metric = \'OSMemoryAvailable\' ;
2026-08-01 18:33:26	3	0	0	0	SELECT now64(6) as scrape_time_microseconds, \'tzy1uvq\' AS pod_ident, \'boneaws-al-46\' AS spoken_name, \'cell-1\' AS cell, \'ap-south-1\' AS region, \'aws\' AS cloud_provider, \'26.2.1.525\' AS clickhouse_version, \'0fc3eaab-fbcb-4533-8825-9be9faaea781\' AS control_plane_id, \'aarch64\' AS system_processor, * FRO
2026-08-01 18:33:26	3	1	5438	1	SELECT count() FROM system.processes WHERE (initial_user NOT IN _CAST([\'backups-internal\', \'management-internal\', \'monitoring-internal\', \'observability-internal\', \'operator-internal\', \'prometheus-exporter\', \'prometheus-internal\', \'operator-cert-internal\', \'availability-monitoring-internal\', \'\'], \'Ar
2026-08-01 18:33:26	2	120	1690	1	SELECT countIf(database = \'system\') as systemParts, countIf(database != \'system\') as nonSystemParts FROM system.parts where active
2026-08-01 18:33:26	2	0	0	1	SELECT countIf(database = \'system\') as systemMerges, countIf(database != \'system\') as nonSystemMerges FROM system.merges
2026-08-01 18:33:27	3	0	0	0	SELECT now64(6) as scrape_time_microseconds, \'tzy1uvq\' AS pod_ident, \'boneaws-al-46\' AS spoken_name, \'cell-1\' AS cell, \'ap-south-1\' AS region, \'aws\' AS cloud_provider, \'26.2.1.525\' AS clickhouse_version, \'0fc3eaab-fbcb-4533-8825-9be9faaea781\' AS control_plane_id, \'aarch64\' AS system_processor, * FRO
2026-08-01 18:33:28	4	0	0	0	SELECT now64(6) as scrape_time_microseconds, \'tzy1uvq\' AS pod_ident, \'boneaws-al-46\' AS spoken_name, \'cell-1\' AS cell, \'ap-south-1\' AS region, \'aws\' AS cloud_provider, \'26.2.1.525\' AS clickhouse_version, \'0fc3eaab-fbcb-4533-8825-9be9faaea781\' AS control_plane_id, \'aarch64\' AS system_processor, * FRO
2026-08-01 18:33:29	1	6	2128	6	             SELECT                 name,                 toJSONString(labels) as labels_serialized,                 value,                 help,                 type             FROM (                 SELECT   concat(\'clickhouse_\', system.dimensional_metrics.metric) AS name,   toFloat64(system.dime
2026-08-01 18:33:29	3	14	9020	0	             SELECT                 name,                 toJSONString(labels) as labels_serialized,                 value,                 help,                 type             FROM (                 SELECT   \'clickhouse_table_replica_readonly_start_timestamp_seconds\' as name,   toFloat64(toUnixTi
2026-08-01 18:33:30	4	0	0	0	SELECT now64(6) as scrape_time_microseconds, \'tzy1uvq\' AS pod_ident, \'boneaws-al-46\' AS spoken_name, \'cell-1\' AS cell, \'ap-south-1\' AS region, \'aws\' AS cloud_provider, \'26.2.1.525\' AS clickhouse_version, \'0fc3eaab-fbcb-4533-8825-9be9faaea781\' AS control_plane_id, \'aarch64\' AS system_processor, * FRO
2026-08-01 18:33:34	1	6	2128	6	             SELECT                 name,                 toJSONString(labels) as labels_serialized,                 value,                 help,                 type             FROM (                 SELECT   concat(\'clickhouse_\', system.dimensional_metrics.metric) AS name,   toFloat64(system.dime
2026-08-01 18:33:34	2	316	114925	316	SELECT  now64(6) as scrape_time_microseconds, \'tzy1uvq\' AS pod_ident, \'boneaws-al-46\' AS spoken_name, \'cell-1\' AS cell, \'ap-south-1\' AS region, \'aws\' AS cloud_provider, \'26.2.1.525\' AS clickhouse_version, \'0fc3eaab-fbcb-4533-8825-9be9faaea781\' AS control_plane_id, \'aarch64\' AS system_processor, * FR
2026-08-01 18:33:35	5	134	32875	134	SELECT             name,             value,             help,             JSONExtract(labels_serialized, \'Map(String, String)\') as labels,             type         FROM merge(system, \'^_custom_metrics_dictionary_.*\')         FORMAT Prometheus
2026-08-01 18:33:36	2	2	12834	1	SELECT count() FROM system.processes WHERE (initial_user NOT IN _CAST([\'backups-internal\', \'management-internal\', \'monitoring-internal\', \'observability-internal\', \'operator-internal\', \'prometheus-exporter\', \'prometheus-internal\', \'operator-cert-internal\', \'availability-monitoring-internal\', \'\'], \'Ar
2026-08-01 18:33:36	2	118	1660	1	SELECT countIf(database = \'system\') as systemParts, countIf(database != \'system\') as nonSystemParts FROM system.parts where active
2026-08-01 18:33:36	1	0	0	1	SELECT countIf(database = \'system\') as systemMerges, countIf(database != \'system\') as nonSystemMerges FROM system.merges
2026-08-01 18:33:36	24	3160	593762	129	SELECT CAST(\'0fc3eaab-fbcb-4533-8825-9be9faaea781\', \'UUID\') AS instance_id, CAST(\'c-boneaws-al-46-server-tzy1uvq-0\', \'LowCardinality(String)\') AS node_id, CAST(name, \'LowCardinality(String)\') AS metric, CAST(mapFilter((k, v) -> has(_CAST([\'remote\'], \'Array(String)\'), k), labels), \'Map(LowCardinality
2026-08-01 18:33:37	8	8263	891536	1243	SELECT now64(6) as scrape_time_microseconds, \'tzy1uvq\' AS pod_ident, \'boneaws-al-46\' AS spoken_name, \'cell-1\' AS cell, \'ap-south-1\' AS region, \'aws\' AS cloud_provider, \'26.2.1.525\' AS clickhouse_version, \'0fc3eaab-fbcb-4533-8825-9be9faaea781\' AS control_plane_id, \'aarch64\' AS system_processor, * FRO
2026-08-01 18:33:39	1	0	0	1	             SELECT                 name,                 toJSONString(labels) as labels_serialized,                 value,                 help,                 type             FROM (                 SELECT   \'ClickHouse_CustomMetric_TotalMemoryUsedByMerges\' AS name,   toFloat64(SUM(memory_usage))
2026-08-01 18:33:39	2	13	6340	1	             SELECT                 name,                 toJSONString(labels) as labels_serialized,                 value,                 help,                 type             FROM (                 SELECT   \'ClickHouse_CustomMetric_TotalMemoryUsedByDictionaries\' AS name,   toFloat64(SUM(bytes_al
2026-08-01 18:33:39	3	6	213	0	             SELECT                 name,                 toJSONString(labels) as labels_serialized,                 value,                 help,                 type             FROM (                 SELECT   \'ClickHouse_CustomMetric_DatabaseReplicatedRecoveryTime\' as name,   toFloat64(recovery_ti
2026-08-01 18:33:39	3	6	213	0	             SELECT                 name,                 toJSONString(labels) as labels_serialized,                 value,                 help,                 type             FROM (                 SELECT   \'ClickHouse_CustomMetric_SharedCatalogRecoveryTime\' as name,   toFloat64(recovery_time) a
2026-08-01 18:33:44	2	0	0	0	             SELECT                 name,                 toJSONString(labels) as labels_serialized,                 value,                 help,                 type             FROM (                 SELECT   \'ClickHouse_CustomMetric_FailedMutations\' as name,   toFloat64(count()) as value,   \'The 
2026-08-01 18:33:44	2	15	1013	15	             SELECT                 name,                 toJSONString(labels) as labels_serialized,                 value,                 help,                 type             FROM (                 SELECT     \'ClickHouse_MetricsCollection_CustomMetricsSystemTable\' AS name,     toFloat64(1) AS va
2026-08-01 18:33:44	6	134	32875	134	SELECT             name,             value,             help,             JSONExtract(labels_serialized, \'Map(String, String)\') as labels,             type         FROM merge(system, \'^_custom_metrics_dictionary_.*\')         FORMAT Prometheus
2026-08-01 18:33:46	3	1	5438	1	SELECT count() FROM system.processes WHERE (initial_user NOT IN _CAST([\'backups-internal\', \'management-internal\', \'monitoring-internal\', \'observability-internal\', \'operator-internal\', \'prometheus-exporter\', \'prometheus-internal\', \'operator-cert-internal\', \'availability-monitoring-internal\', \'\'], \'Ar
2026-08-01 18:33:46	2	119	1675	1	SELECT countIf(database = \'system\') as systemParts, countIf(database != \'system\') as nonSystemParts FROM system.parts where active
2026-08-01 18:33:46	1	0	0	1	SELECT countIf(database = \'system\') as systemMerges, countIf(database != \'system\') as nonSystemMerges FROM system.merges
2026-08-01 18:33:49	2	1	5022	1	             SELECT                 name,                 toJSONString(labels) as labels_serialized,                 value,                 help,                 type             FROM (                 SELECT   \'ClickHouse_CustomMetric_TotalMemoryUsedByQueries\' AS name,   toFloat64(SUM(peak_memory_u
2026-08-01 18:33:51	6	134	32875	134	SELECT             name,             value,             help,             JSONExtract(labels_serialized, \'Map(String, String)\') as labels,             type         FROM merge(system, \'^_custom_metrics_dictionary_.*\')         FORMAT Prometheus
2026-08-01 18:33:54	1	0	0	1	             SELECT                 name,                 toJSONString(labels) as labels_serialized,                 value,                 help,                 type             FROM (                 SELECT   \'ClickHouse_CustomMetric_TotalMemoryUsedByAsynchronousInserts\' AS name,   toFloat64(SUM(t
2026-08-01 18:33:54	2	59	472	1	             SELECT                 name,                 toJSONString(labels) as labels_serialized,                 value,                 help,                 type             FROM (                 SELECT   \'ClickHouse_CustomMetric_TotalMemoryUsedByDataSkippingIndices\' AS name,   toFloat64(SUM(d
2026-08-01 18:33:55	14	544	7616	1	SELECT avg(ProfileEvent_OSCPUWaitMicroseconds) as cpu_wait FROM  system.metric_log  WHERE event_time > now() - INTERVAL 2 MINUTE AND event_date >= yesterday()
2026-08-01 18:33:55	4	2	10208	2	SELECT count() as count, sum(elapsed) as total_elapsed, \'lh\' as usr FROM system.processes  WHERE user = \'observability-internal\' AND client_hostname LIKE \'loghouse-scraper%\'  UNION ALL SELECT count() as count, sum(elapsed) as total_elapsed, \'other\' as usr FROM system.processes  WHERE user != \'observ
2026-08-01 18:33:55	1	875	366447	1	SELECT value FROM system.asynchronous_metrics WHERE metric = \'OSMemoryAvailable\' ;
2026-08-01 18:33:56	3	2	12834	1	SELECT count() FROM system.processes WHERE (initial_user NOT IN _CAST([\'backups-internal\', \'management-internal\', \'monitoring-internal\', \'observability-internal\', \'operator-internal\', \'prometheus-exporter\', \'prometheus-internal\', \'operator-cert-internal\', \'availability-monitoring-internal\', \'\'], \'Ar
2026-08-01 18:33:56	2	112	1570	1	SELECT countIf(database = \'system\') as systemParts, countIf(database != \'system\') as nonSystemParts FROM system.parts where active
2026-08-01 18:33:56	24	3160	593762	129	SELECT CAST(\'0fc3eaab-fbcb-4533-8825-9be9faaea781\', \'UUID\') AS instance_id, CAST(\'c-boneaws-al-46-server-tzy1uvq-0\', \'LowCardinality(String)\') AS node_id, CAST(name, \'LowCardinality(String)\') AS metric, CAST(mapFilter((k, v) -> has(_CAST([\'remote\'], \'Array(String)\'), k), labels), \'Map(LowCardinality
2026-08-01 18:33:56	2	0	0	1	SELECT countIf(database = \'system\') as systemMerges, countIf(database != \'system\') as nonSystemMerges FROM system.merges
2026-08-01 18:33:59	2	13	6340	1	             SELECT                 name,                 toJSONString(labels) as labels_serialized,                 value,                 help,                 type             FROM (                 SELECT   \'ClickHouse_CustomMetric_TotalMemoryUsedByDictionaries\' AS name,   toFloat64(SUM(bytes_al
2026-08-01 18:34:04	3	6	213	0	             SELECT                 name,                 toJSONString(labels) as labels_serialized,                 value,                 help,                 type             FROM (                 SELECT   \'ClickHouse_CustomMetric_DatabaseReplicatedRecoveryTime\' as name,   toFloat64(recovery_ti
2026-08-01 18:34:05	5	134	32875	134	SELECT             name,             value,             help,             JSONExtract(labels_serialized, \'Map(String, String)\') as labels,             type         FROM merge(system, \'^_custom_metrics_dictionary_.*\')         FORMAT Prometheus
2026-08-01 18:34:06	3	1	5438	1	SELECT count() FROM system.processes WHERE (initial_user NOT IN _CAST([\'backups-internal\', \'management-internal\', \'monitoring-internal\', \'observability-internal\', \'operator-internal\', \'prometheus-exporter\', \'prometheus-internal\', \'operator-cert-internal\', \'availability-monitoring-internal\', \'\'], \'Ar
2026-08-01 18:34:06	2	121	1705	1	SELECT countIf(database = \'system\') as systemParts, countIf(database != \'system\') as nonSystemParts FROM system.parts where active
2026-08-01 18:34:06	1	0	0	1	SELECT countIf(database = \'system\') as systemMerges, countIf(database != \'system\') as nonSystemMerges FROM system.merges
2026-08-01 18:34:09	2	15	1013	15	             SELECT                 name,                 toJSONString(labels) as labels_serialized,                 value,                 help,                 type             FROM (                 SELECT     \'ClickHouse_MetricsCollection_CustomMetricsSystemTable\' AS name,     toFloat64(1) AS va
2026-08-01 18:34:14	5	129	31580	129	SELECT             name,             value,             help,             JSONExtract(labels_serialized, \'Map(String, String)\') as labels,             type         FROM merge(system, \'^_custom_metrics_dictionary_.*\')         FORMAT Prometheus
2026-08-01 18:34:16	5	0	0	0	WITH source AS (SELECT [\'matview_execution_total\', if(exception_code != 0, \'matview_execution_fail\', \'\')] AS metrics, event_time AS ts FROM system.query_views_log WHERE (status != \'QueryStart\') AND (event_date >= toDate(_CAST(\'1785609101.239\', \'DateTime64\'))) AND (event_time >= toDateTime(_CAST(\'178
2026-08-01 18:34:16	4	378	114440	5	WITH metrics AS (SELECT name AS metric, toFloat64(value) AS val, now() AS ts FROM system.server_settings WHERE multiMatchAny(name, _CAST([\'^max_database_num_to_throw$\', \'^max_database_num_to_warn$\', \'^max_table_num_to_throw$\', \'^max_table_num_to_warn$\', \'^max_concurrent_queries$\'], \'Array(String)\'))
2026-08-01 18:34:16	8	75405	1168293	1560	SELECT CAST(\'0fc3eaab-fbcb-4533-8825-9be9faaea781\', \'UUID\') AS control_plane_id, CAST(\'c-boneaws-al-46-server-tzy1uvq-0\', \'LowCardinality(String)\') AS pod_id, CAST(now64(), \'DateTime64(6)\') AS scrape_ts_microseconds, CAST(event_date, \'Date\') AS event_date, CAST(event_time, \'DateTime\') AS event_time,
2026-08-01 18:34:16	3	7	34242	1	SELECT count() FROM system.processes WHERE (initial_user NOT IN _CAST([\'backups-internal\', \'management-internal\', \'monitoring-internal\', \'observability-internal\', \'operator-internal\', \'prometheus-exporter\', \'prometheus-internal\', \'operator-cert-internal\', \'availability-monitoring-internal\', \'\'], \'Ar
2026-08-01 18:34:16	9	0	0	1	WITH failed_mutations AS (SELECT toDateTime(create_time) AS ts, count() AS val FROM system.mutations WHERE (ts > toDateTime(_CAST(\'1785609101.239\', \'DateTime64\'))) AND (ts <= toDateTime(_CAST(\'1785609221.239\', \'DateTime64\'))) AND (latest_failed_part != \'\') AND (is_done = 0) GROUP BY ts), failed_muta
2026-08-01 18:34:16	9	6831	102461	15	WITH metrics AS (SELECT multiIf((event_type = \'MergeParts\') AND (error = 0), \'merges_finished\', (event_type = \'MergeParts\') AND (error != 0), \'merges_failed\', (event_type = \'MutatePart\') AND (error = 0), \'mutate_part_finished\', (event_type = \'MutatePart\') AND (error != 0), \'mutate_part_failed\', NULL
2026-08-01 18:34:16	2	122	1720	1	SELECT countIf(database = \'system\') as systemParts, countIf(database != \'system\') as nonSystemParts FROM system.parts where active
2026-08-01 18:34:16	25	3156	593123	129	SELECT CAST(\'0fc3eaab-fbcb-4533-8825-9be9faaea781\', \'UUID\') AS instance_id, CAST(\'c-boneaws-al-46-server-tzy1uvq-0\', \'LowCardinality(String)\') AS node_id, CAST(name, \'LowCardinality(String)\') AS metric, CAST(mapFilter((k, v) -> has(_CAST([\'remote\'], \'Array(String)\'), k), labels), \'Map(LowCardinality
2026-08-01 18:34:16	1	0	0	1	SELECT countIf(database = \'system\') as systemMerges, countIf(database != \'system\') as nonSystemMerges FROM system.merges
2026-08-01 18:34:16	54	574	174494	120	SELECT CAST(\'0fc3eaab-fbcb-4533-8825-9be9faaea781\', \'UUID\') AS control_plane_id, CAST(\'c-boneaws-al-46-server-tzy1uvq-0\', \'LowCardinality(String)\') AS pod_id, CAST(now64(), \'DateTime64(6)\') AS scrape_ts_microseconds, CAST(event_date, \'Date\') AS event_date, CAST(event_time, \'DateTime\') AS event_time,
2026-08-01 18:34:16	157	811	223343	18	WITH parts_agg AS (SELECT database AS agg_database, `table` AS agg_table, SUM(primary_key_size) AS primary_index_size, SUM(secondary_indices_compressed_bytes) AS secondary_index_size FROM system.parts WHERE active AND (database != \'system\') GROUP BY database, `table`), proj_agg AS (SELECT database A
2026-08-01 18:34:19	2	2	6302	1	             SELECT                 name,                 toJSONString(labels) as labels_serialized,                 value,                 help,                 type             FROM (                 SELECT   \'ClickHouse_CustomMetric_TotalMemoryUsedByQueries\' AS name,   toFloat64(SUM(peak_memory_u
2026-08-01 18:34:19	2	59	472	1	             SELECT                 name,                 toJSONString(labels) as labels_serialized,                 value,                 help,                 type             FROM (                 SELECT   \'ClickHouse_CustomMetric_TotalMemoryUsedByDataSkippingIndices\' AS name,   toFloat64(SUM(d
2026-08-01 18:34:21	5	129	31580	129	SELECT             name,             value,             help,             JSONExtract(labels_serialized, \'Map(String, String)\') as labels,             type         FROM merge(system, \'^_custom_metrics_dictionary_.*\')         FORMAT Prometheus
2026-08-01 18:34:24	2	0	0	0	             SELECT                 name,                 toJSONString(labels) as labels_serialized,                 value,                 help,                 type             FROM (                 SELECT   \'ClickHouse_CustomMetric_FailedMutations\' as name,   toFloat64(count()) as value,   \'The 
2026-08-01 18:34:24	2	59	472	1	             SELECT                 name,                 toJSONString(labels) as labels_serialized,                 value,                 help,                 type             FROM (                 SELECT   \'ClickHouse_CustomMetric_TotalMemoryUsedByDataSkippingIndices\' AS name,   toFloat64(SUM(d
2026-08-01 18:34:24	3	6	213	0	             SELECT                 name,                 toJSONString(labels) as labels_serialized,                 value,                 help,                 type             FROM (                 SELECT   \'ClickHouse_CustomMetric_SharedCatalogRecoveryTime\' as name,   toFloat64(recovery_time) a
2026-08-01 18:34:25	13	574	8036	1	SELECT avg(ProfileEvent_OSCPUWaitMicroseconds) as cpu_wait FROM  system.metric_log  WHERE event_time > now() - INTERVAL 2 MINUTE AND event_date >= yesterday()
2026-08-01 18:34:25	4	2	10208	2	SELECT count() as count, sum(elapsed) as total_elapsed, \'lh\' as usr FROM system.processes  WHERE user = \'observability-internal\' AND client_hostname LIKE \'loghouse-scraper%\'  UNION ALL SELECT count() as count, sum(elapsed) as total_elapsed, \'other\' as usr FROM system.processes  WHERE user != \'observ
2026-08-01 18:34:25	1	876	366590	1	SELECT value FROM system.asynchronous_metrics WHERE metric = \'OSMemoryAvailable\' ;
2026-08-01 18:34:26	2	1	5438	1	SELECT count() FROM system.processes WHERE (initial_user NOT IN _CAST([\'backups-internal\', \'management-internal\', \'monitoring-internal\', \'observability-internal\', \'operator-internal\', \'prometheus-exporter\', \'prometheus-internal\', \'operator-cert-internal\', \'availability-monitoring-internal\', \'\'], \'Ar
2026-08-01 18:34:26	2	121	1705	1	SELECT countIf(database = \'system\') as systemParts, countIf(database != \'system\') as nonSystemParts FROM system.parts where active
2026-08-01 18:34:26	1	0	0	1	SELECT countIf(database = \'system\') as systemMerges, countIf(database != \'system\') as nonSystemMerges FROM system.merges
2026-08-01 18:34:29	1	6	2128	6	             SELECT                 name,                 toJSONString(labels) as labels_serialized,                 value,                 help,                 type             FROM (                 SELECT   concat(\'clickhouse_\', system.dimensional_metrics.metric) AS name,   toFloat64(system.dime
2026-08-01 18:34:29	2	0	0	1	             SELECT                 name,                 toJSONString(labels) as labels_serialized,                 value,                 help,                 type             FROM (                 SELECT   \'ClickHouse_CustomMetric_TotalMemoryUsedByMerges\' AS name,   toFloat64(SUM(memory_usage))
2026-08-01 18:34:29	2	0	0	1	             SELECT                 name,                 toJSONString(labels) as labels_serialized,                 value,                 help,                 type             FROM (                 SELECT   \'ClickHouse_CustomMetric_TotalMemoryUsedByAsynchronousInserts\' AS name,   toFloat64(SUM(t
2026-08-01 18:34:29	2	14	9020	0	             SELECT                 name,                 toJSONString(labels) as labels_serialized,                 value,                 help,                 type             FROM (                 SELECT   \'clickhouse_table_replica_readonly_start_timestamp_seconds\' as name,   toFloat64(toUnixTi
2026-08-01 18:34:29	3	6	213	0	             SELECT                 name,                 toJSONString(labels) as labels_serialized,                 value,                 help,                 type             FROM (                 SELECT   \'ClickHouse_CustomMetric_DatabaseReplicatedRecoveryTime\' as name,   toFloat64(recovery_ti
2026-08-01 18:34:35	5	129	31580	129	SELECT             name,             value,             help,             JSONExtract(labels_serialized, \'Map(String, String)\') as labels,             type         FROM merge(system, \'^_custom_metrics_dictionary_.*\')         FORMAT Prometheus
2026-08-01 18:34:36	2	2	12834	1	SELECT count() FROM system.processes WHERE (initial_user NOT IN _CAST([\'backups-internal\', \'management-internal\', \'monitoring-internal\', \'observability-internal\', \'operator-internal\', \'prometheus-exporter\', \'prometheus-internal\', \'operator-cert-internal\', \'availability-monitoring-internal\', \'\'], \'Ar
2026-08-01 18:34:36	2	125	1765	1	SELECT countIf(database = \'system\') as systemParts, countIf(database != \'system\') as nonSystemParts FROM system.parts where active
2026-08-01 18:34:36	1	0	0	1	SELECT countIf(database = \'system\') as systemMerges, countIf(database != \'system\') as nonSystemMerges FROM system.merges
2026-08-01 18:34:36	23	3156	593123	129	SELECT CAST(\'0fc3eaab-fbcb-4533-8825-9be9faaea781\', \'UUID\') AS instance_id, CAST(\'c-boneaws-al-46-server-tzy1uvq-0\', \'LowCardinality(String)\') AS node_id, CAST(name, \'LowCardinality(String)\') AS metric, CAST(mapFilter((k, v) -> has(_CAST([\'remote\'], \'Array(String)\'), k), labels), \'Map(LowCardinality
2026-08-01 18:34:38	30	4402	9931261	320	SELECT now64(6) as scrape_time_microseconds, \'tzy1uvq\' AS pod_ident, \'boneaws-al-46\' AS spoken_name, \'cell-1\' AS cell, \'ap-south-1\' AS region, \'aws\' AS cloud_provider, \'26.2.1.525\' AS clickhouse_version, \'0fc3eaab-fbcb-4533-8825-9be9faaea781\' AS control_plane_id, \'aarch64\' AS system_processor, * FRO
2026-08-01 18:34:38	9	8271	2438357	393	SELECT now64(6) as scrape_time_microseconds, \'tzy1uvq\' AS pod_ident, \'boneaws-al-46\' AS spoken_name, \'cell-1\' AS cell, \'ap-south-1\' AS region, \'aws\' AS cloud_provider, \'26.2.1.525\' AS clickhouse_version, \'0fc3eaab-fbcb-4533-8825-9be9faaea781\' AS control_plane_id, \'aarch64\' AS system_processor, * FRO
2026-08-01 18:34:39	12	8476	2012710	4459	SELECT now64(6) as scrape_time_microseconds, \'tzy1uvq\' AS pod_ident, \'boneaws-al-46\' AS spoken_name, \'cell-1\' AS cell, \'ap-south-1\' AS region, \'aws\' AS cloud_provider, \'26.2.1.525\' AS clickhouse_version, \'0fc3eaab-fbcb-4533-8825-9be9faaea781\' AS control_plane_id, \'aarch64\' AS system_processor, * FRO
2026-08-01 18:34:39	1	6	2128	6	             SELECT                 name,                 toJSONString(labels) as labels_serialized,                 value,                 help,                 type             FROM (                 SELECT   concat(\'clickhouse_\', system.dimensional_metrics.metric) AS name,   toFloat64(system.dime
2026-08-01 18:34:39	2	15	1013	15	             SELECT                 name,                 toJSONString(labels) as labels_serialized,                 value,                 help,                 type             FROM (                 SELECT     \'ClickHouse_MetricsCollection_CustomMetricsSystemTable\' AS name,     toFloat64(1) AS va
2026-08-01 18:34:43	15	6732	3584864	160	SELECT now64(6) as scrape_time_microseconds, \'tzy1uvq\' AS pod_ident, \'boneaws-al-46\' AS spoken_name, \'cell-1\' AS cell, \'ap-south-1\' AS region, \'aws\' AS cloud_provider, \'26.2.1.525\' AS clickhouse_version, \'0fc3eaab-fbcb-4533-8825-9be9faaea781\' AS control_plane_id, \'aarch64\' AS system_processor, * FRO
2026-08-01 18:34:44	1	0	0	1	             SELECT                 name,                 toJSONString(labels) as labels_serialized,                 value,                 help,                 type             FROM (                 SELECT   \'ClickHouse_CustomMetric_TotalMemoryUsedByAsynchronousInserts\' AS name,   toFloat64(SUM(t
2026-08-01 18:34:44	2	13	6340	1	             SELECT                 name,                 toJSONString(labels) as labels_serialized,                 value,                 help,                 type             FROM (                 SELECT   \'ClickHouse_CustomMetric_TotalMemoryUsedByDictionaries\' AS name,   toFloat64(SUM(bytes_al
2026-08-01 18:34:44	6	129	31580	129	SELECT             name,             value,             help,             JSONExtract(labels_serialized, \'Map(String, String)\') as labels,             type         FROM merge(system, \'^_custom_metrics_dictionary_.*\')         FORMAT Prometheus
2026-08-01 18:34:45	226	1299	3562390	120	SELECT now64(6) as scrape_time_microseconds, \'tzy1uvq\' AS pod_ident, \'boneaws-al-46\' AS spoken_name, \'cell-1\' AS cell, \'ap-south-1\' AS region, \'aws\' AS cloud_provider, \'26.2.1.525\' AS clickhouse_version, \'0fc3eaab-fbcb-4533-8825-9be9faaea781\' AS control_plane_id, \'aarch64\' AS system_processor, * FRO
2026-08-01 18:34:46	142	3358024	53835359	105054	SELECT now64(6) as scrape_time_microseconds, \'tzy1uvq\' AS pod_ident, \'boneaws-al-46\' AS spoken_name, \'cell-1\' AS cell, \'ap-south-1\' AS region, \'aws\' AS cloud_provider, \'26.2.1.525\' AS clickhouse_version, \'0fc3eaab-fbcb-4533-8825-9be9faaea781\' AS control_plane_id, \'aarch64\' AS system_processor, * FRO
2026-08-01 18:34:46	3	1	5438	1	SELECT count() FROM system.processes WHERE (initial_user NOT IN _CAST([\'backups-internal\', \'management-internal\', \'monitoring-internal\', \'observability-internal\', \'operator-internal\', \'prometheus-exporter\', \'prometheus-internal\', \'operator-cert-internal\', \'availability-monitoring-internal\', \'\'], \'Ar
2026-08-01 18:34:46	2	126	1780	1	SELECT countIf(database = \'system\') as systemParts, countIf(database != \'system\') as nonSystemParts FROM system.parts where active
2026-08-01 18:34:46	1	0	0	1	SELECT countIf(database = \'system\') as systemMerges, countIf(database != \'system\') as nonSystemMerges FROM system.merges
2026-08-01 18:34:47	17	20983	5157957	10371	SELECT now64(6) as scrape_time_microseconds, \'tzy1uvq\' AS pod_ident, \'boneaws-al-46\' AS spoken_name, \'cell-1\' AS cell, \'ap-south-1\' AS region, \'aws\' AS cloud_provider, \'26.2.1.525\' AS clickhouse_version, \'0fc3eaab-fbcb-4533-8825-9be9faaea781\' AS control_plane_id, \'aarch64\' AS system_processor, * FRO
2026-08-01 18:34:49	20	31516	7028341	14358	SELECT now64(6) as scrape_time_microseconds, \'tzy1uvq\' AS pod_ident, \'boneaws-al-46\' AS spoken_name, \'cell-1\' AS cell, \'ap-south-1\' AS region, \'aws\' AS cloud_provider, \'26.2.1.525\' AS clickhouse_version, \'0fc3eaab-fbcb-4533-8825-9be9faaea781\' AS control_plane_id, \'aarch64\' AS system_processor, * FRO
2026-08-01 18:34:49	1	0	0	1	             SELECT                 name,                 toJSONString(labels) as labels_serialized,                 value,                 help,                 type             FROM (                 SELECT   \'ClickHouse_CustomMetric_TotalMemoryUsedByMerges\' AS name,   toFloat64(SUM(memory_usage))
2026-08-01 18:34:49	2	0	0	0	             SELECT                 name,                 toJSONString(labels) as labels_serialized,                 value,                 help,                 type             FROM (                 SELECT   \'ClickHouse_CustomMetric_FailedMutations\' as name,   toFloat64(count()) as value,   \'The 
2026-08-01 18:34:50	2	0	8	1	SELECT count() FROM system.backups where status IN (0,3)
2026-08-01 18:34:50	3	1	5472	1	SELECT count() FROM system.processes WHERE (elapsed > _CAST(0, \'Int64\')) AND (initial_user NOT IN _CAST([\'backups-internal\', \'management-internal\', \'monitoring-internal\', \'observability-internal\', \'operator-internal\', \'prometheus-exporter\', \'prometheus-internal\', \'operator-cert-internal\', \'availabil
2026-08-01 18:34:51	6	129	31580	129	SELECT             name,             value,             help,             JSONExtract(labels_serialized, \'Map(String, String)\') as labels,             type         FROM merge(system, \'^_custom_metrics_dictionary_.*\')         FORMAT Prometheus
2026-08-01 18:34:51	1	1	1	1	SELECT displayName(), version(), revision(), timezone()
2026-08-01 18:34:51	1	1	1	1	SELECT 1;
2026-08-01 18:34:54	1	0	0	1	             SELECT                 name,                 toJSONString(labels) as labels_serialized,                 value,                 help,                 type             FROM (                 SELECT   \'ClickHouse_CustomMetric_TotalMemoryUsedByAsynchronousInserts\' AS name,   toFloat64(SUM(t
2026-08-01 18:34:54	2	2	6279	1	             SELECT                 name,                 toJSONString(labels) as labels_serialized,                 value,                 help,                 type             FROM (                 SELECT   \'ClickHouse_CustomMetric_TotalMemoryUsedByQueries\' AS name,   toFloat64(SUM(peak_memory_u
2026-08-01 18:34:55	15	604	8456	1	SELECT avg(ProfileEvent_OSCPUWaitMicroseconds) as cpu_wait FROM  system.metric_log  WHERE event_time > now() - INTERVAL 2 MINUTE AND event_date >= yesterday()
2026-08-01 18:34:55	4	2	10208	2	SELECT count() as count, sum(elapsed) as total_elapsed, \'lh\' as usr FROM system.processes  WHERE user = \'observability-internal\' AND client_hostname LIKE \'loghouse-scraper%\'  UNION ALL SELECT count() as count, sum(elapsed) as total_elapsed, \'other\' as usr FROM system.processes  WHERE user != \'observ
2026-08-01 18:34:55	1	876	366590	1	SELECT value FROM system.asynchronous_metrics WHERE metric = \'OSMemoryAvailable\' ;
2026-08-01 18:34:56	2	2	12834	1	SELECT count() FROM system.processes WHERE (initial_user NOT IN _CAST([\'backups-internal\', \'management-internal\', \'monitoring-internal\', \'observability-internal\', \'operator-internal\', \'prometheus-exporter\', \'prometheus-internal\', \'operator-cert-internal\', \'availability-monitoring-internal\', \'\'], \'Ar
2026-08-01 18:34:56	3	128	1810	1	SELECT countIf(database = \'system\') as systemParts, countIf(database != \'system\') as nonSystemParts FROM system.parts where active
2026-08-01 18:34:56	24	3156	593123	129	SELECT CAST(\'0fc3eaab-fbcb-4533-8825-9be9faaea781\', \'UUID\') AS instance_id, CAST(\'c-boneaws-al-46-server-tzy1uvq-0\', \'LowCardinality(String)\') AS node_id, CAST(name, \'LowCardinality(String)\') AS metric, CAST(mapFilter((k, v) -> has(_CAST([\'remote\'], \'Array(String)\'), k), labels), \'Map(LowCardinality
2026-08-01 18:34:56	2	0	0	1	SELECT countIf(database = \'system\') as systemMerges, countIf(database != \'system\') as nonSystemMerges FROM system.merges
2026-08-01 18:34:57	14	628	383826	42	SELECT now64(6) as scrape_time_microseconds, \'tzy1uvq\' AS pod_ident, \'boneaws-al-46\' AS spoken_name, \'cell-1\' AS cell, \'ap-south-1\' AS region, \'aws\' AS cloud_provider, \'26.2.1.525\' AS clickhouse_version, \'0fc3eaab-fbcb-4533-8825-9be9faaea781\' AS control_plane_id, \'aarch64\' AS system_processor, * FRO
2026-08-01 18:34:59	2	59	472	1	             SELECT                 name,                 toJSONString(labels) as labels_serialized,                 value,                 help,                 type             FROM (                 SELECT   \'ClickHouse_CustomMetric_TotalMemoryUsedByDataSkippingIndices\' AS name,   toFloat64(SUM(d
2026-08-01 18:35:04	2	3	7607	1	             SELECT                 name,                 toJSONString(labels) as labels_serialized,                 value,                 help,                 type             FROM (                 SELECT   \'ClickHouse_CustomMetric_TotalMemoryUsedByQueries\' AS name,   toFloat64(SUM(peak_memory_u
2026-08-01 18:35:04	2	15	1013	15	             SELECT                 name,                 toJSONString(labels) as labels_serialized,                 value,                 help,                 type             FROM (                 SELECT     \'ClickHouse_MetricsCollection_CustomMetricsSystemTable\' AS name,     toFloat64(1) AS va
2026-08-01 18:35:04	3	6	213	0	             SELECT                 name,                 toJSONString(labels) as labels_serialized,                 value,                 help,                 type             FROM (                 SELECT   \'ClickHouse_CustomMetric_DatabaseReplicatedRecoveryTime\' as name,   toFloat64(recovery_ti
2026-08-01 18:35:05	5	129	31580	129	SELECT             name,             value,             help,             JSONExtract(labels_serialized, \'Map(String, String)\') as labels,             type         FROM merge(system, \'^_custom_metrics_dictionary_.*\')         FORMAT Prometheus
2026-08-01 18:35:06	3	1	5438	1	SELECT count() FROM system.processes WHERE (initial_user NOT IN _CAST([\'backups-internal\', \'management-internal\', \'monitoring-internal\', \'observability-internal\', \'operator-internal\', \'prometheus-exporter\', \'prometheus-internal\', \'operator-cert-internal\', \'availability-monitoring-internal\', \'\'], \'Ar
2026-08-01 18:35:06	3	122	1720	1	SELECT countIf(database = \'system\') as systemParts, countIf(database != \'system\') as nonSystemParts FROM system.parts where active
2026-08-01 18:35:06	2	0	0	1	SELECT countIf(database = \'system\') as systemMerges, countIf(database != \'system\') as nonSystemMerges FROM system.merges
2026-08-01 18:35:09	1	6	2128	6	             SELECT                 name,                 toJSONString(labels) as labels_serialized,                 value,                 help,                 type             FROM (                 SELECT   concat(\'clickhouse_\', system.dimensional_metrics.metric) AS name,   toFloat64(system.dime
2026-08-01 18:35:09	2	0	0	1	             SELECT                 name,                 toJSONString(labels) as labels_serialized,                 value,                 help,                 type             FROM (                 SELECT   \'ClickHouse_CustomMetric_TotalMemoryUsedByMerges\' AS name,   toFloat64(SUM(memory_usage))
2026-08-01 18:35:09	2	13	6340	1	             SELECT                 name,                 toJSONString(labels) as labels_serialized,                 value,                 help,                 type             FROM (                 SELECT   \'ClickHouse_CustomMetric_TotalMemoryUsedByDictionaries\' AS name,   toFloat64(SUM(bytes_al
2026-08-01 18:35:09	2	14	9020	0	             SELECT                 name,                 toJSONString(labels) as labels_serialized,                 value,                 help,                 type             FROM (                 SELECT   \'clickhouse_table_replica_readonly_start_timestamp_seconds\' as name,   toFloat64(toUnixTi
2026-08-01 18:35:09	15	6201	1757372	6201	SELECT  now64(6) as scrape_time_microseconds, \'tzy1uvq\' AS pod_ident, \'boneaws-al-46\' AS spoken_name, \'cell-1\' AS cell, \'ap-south-1\' AS region, \'aws\' AS cloud_provider, \'26.2.1.525\' AS clickhouse_version, \'0fc3eaab-fbcb-4533-8825-9be9faaea781\' AS control_plane_id, \'aarch64\' AS system_processor, * FR
2026-08-01 18:35:14	1	6	2128	6	             SELECT                 name,                 toJSONString(labels) as labels_serialized,                 value,                 help,                 type             FROM (                 SELECT   concat(\'clickhouse_\', system.dimensional_metrics.metric) AS name,   toFloat64(system.dime
2026-08-01 18:35:14	3	6	213	0	             SELECT                 name,                 toJSONString(labels) as labels_serialized,                 value,                 help,                 type             FROM (                 SELECT   \'ClickHouse_CustomMetric_DatabaseReplicatedRecoveryTime\' as name,   toFloat64(recovery_ti
2026-08-01 18:35:14	6	129	31580	129	SELECT             name,             value,             help,             JSONExtract(labels_serialized, \'Map(String, String)\') as labels,             type         FROM merge(system, \'^_custom_metrics_dictionary_.*\')         FORMAT Prometheus
2026-08-01 18:35:16	30	3155	592980	129	SELECT CAST(\'0fc3eaab-fbcb-4533-8825-9be9faaea781\', \'UUID\') AS instance_id, CAST(\'c-boneaws-al-46-server-tzy1uvq-0\', \'LowCardinality(String)\') AS node_id, CAST(name, \'LowCardinality(String)\') AS metric, CAST(mapFilter((k, v) -> has(_CAST([\'remote\'], \'Array(String)\'), k), labels), \'Map(LowCardinality
2026-08-01 18:35:16	2	123	1735	1	SELECT countIf(database = \'system\') as systemParts, countIf(database != \'system\') as nonSystemParts FROM system.parts where active
2026-08-01 18:35:16	1	0	0	1	SELECT countIf(database = \'system\') as systemMerges, countIf(database != \'system\') as nonSystemMerges FROM system.merges
2026-08-01 18:35:16	3	2	12834	1	SELECT count() FROM system.processes WHERE (initial_user NOT IN _CAST([\'backups-internal\', \'management-internal\', \'monitoring-internal\', \'observability-internal\', \'operator-internal\', \'prometheus-exporter\', \'prometheus-internal\', \'operator-cert-internal\', \'availability-monitoring-internal\', \'\'], \'Ar
2026-08-01 18:35:19	3	0	0	0	SELECT now64(6) as scrape_time_microseconds, \'tzy1uvq\' AS pod_ident, \'boneaws-al-46\' AS spoken_name, \'cell-1\' AS cell, \'ap-south-1\' AS region, \'aws\' AS cloud_provider, \'26.2.1.525\' AS clickhouse_version, \'0fc3eaab-fbcb-4533-8825-9be9faaea781\' AS control_plane_id, \'aarch64\' AS system_processor, * FRO
2026-08-01 18:35:19	5	0	0	0	SELECT now64(6) as scrape_time_microseconds, \'tzy1uvq\' AS pod_ident, \'boneaws-al-46\' AS spoken_name, \'cell-1\' AS cell, \'ap-south-1\' AS region, \'aws\' AS cloud_provider, \'26.2.1.525\' AS clickhouse_version, \'0fc3eaab-fbcb-4533-8825-9be9faaea781\' AS control_plane_id, \'aarch64\' AS system_processor, * FRO
2026-08-01 18:35:19	3	6	213	0	             SELECT                 name,                 toJSONString(labels) as labels_serialized,                 value,                 help,                 type             FROM (                 SELECT   \'ClickHouse_CustomMetric_SharedCatalogRecoveryTime\' as name,   toFloat64(recovery_time) a
2026-08-01 18:35:20	3	0	0	0	SELECT now64(6) as scrape_time_microseconds, \'tzy1uvq\' AS pod_ident, \'boneaws-al-46\' AS spoken_name, \'cell-1\' AS cell, \'ap-south-1\' AS region, \'aws\' AS cloud_provider, \'26.2.1.525\' AS clickhouse_version, \'0fc3eaab-fbcb-4533-8825-9be9faaea781\' AS control_plane_id, \'aarch64\' AS system_processor, * FRO
2026-08-01 18:35:21	3	0	0	0	SELECT now64(6) as scrape_time_microseconds, \'tzy1uvq\' AS pod_ident, \'boneaws-al-46\' AS spoken_name, \'cell-1\' AS cell, \'ap-south-1\' AS region, \'aws\' AS cloud_provider, \'26.2.1.525\' AS clickhouse_version, \'0fc3eaab-fbcb-4533-8825-9be9faaea781\' AS control_plane_id, \'aarch64\' AS system_processor, * FRO
2026-08-01 18:35:21	5	129	31580	129	SELECT             name,             value,             help,             JSONExtract(labels_serialized, \'Map(String, String)\') as labels,             type         FROM merge(system, \'^_custom_metrics_dictionary_.*\')         FORMAT Prometheus
2026-08-01 18:35:22	3	0	0	0	SELECT now64(6) as scrape_time_microseconds, \'tzy1uvq\' AS pod_ident, \'boneaws-al-46\' AS spoken_name, \'cell-1\' AS cell, \'ap-south-1\' AS region, \'aws\' AS cloud_provider, \'26.2.1.525\' AS clickhouse_version, \'0fc3eaab-fbcb-4533-8825-9be9faaea781\' AS control_plane_id, \'aarch64\' AS system_processor, * FRO
2026-08-01 18:35:23	3	0	0	0	SELECT now64(6) as scrape_time_microseconds, \'tzy1uvq\' AS pod_ident, \'boneaws-al-46\' AS spoken_name, \'cell-1\' AS cell, \'ap-south-1\' AS region, \'aws\' AS cloud_provider, \'26.2.1.525\' AS clickhouse_version, \'0fc3eaab-fbcb-4533-8825-9be9faaea781\' AS control_plane_id, \'aarch64\' AS system_processor, * FRO
2026-08-01 18:35:24	3	0	0	0	SELECT now64(6) as scrape_time_microseconds, \'tzy1uvq\' AS pod_ident, \'boneaws-al-46\' AS spoken_name, \'cell-1\' AS cell, \'ap-south-1\' AS region, \'aws\' AS cloud_provider, \'26.2.1.525\' AS clickhouse_version, \'0fc3eaab-fbcb-4533-8825-9be9faaea781\' AS control_plane_id, \'aarch64\' AS system_processor, * FRO
2026-08-01 18:35:24	1	0	0	1	             SELECT                 name,                 toJSONString(labels) as labels_serialized,                 value,                 help,                 type             FROM (                 SELECT   \'ClickHouse_CustomMetric_TotalMemoryUsedByAsynchronousInserts\' AS name,   toFloat64(SUM(t
2026-08-01 18:35:25	114	2	1243	2	SELECT now64(6) as scrape_time_microseconds, \'tzy1uvq\' AS pod_ident, \'boneaws-al-46\' AS spoken_name, \'cell-1\' AS cell, \'ap-south-1\' AS region, \'aws\' AS cloud_provider, \'26.2.1.525\' AS clickhouse_version, \'0fc3eaab-fbcb-4533-8825-9be9faaea781\' AS control_plane_id, \'aarch64\' AS system_processor, * FRO
2026-08-01 18:35:25	14	121	1471	1	SELECT avg(ProfileEvent_OSCPUWaitMicroseconds) as cpu_wait FROM  system.metric_log  WHERE event_time > now() - INTERVAL 2 MINUTE AND event_date >= yesterday()
2026-08-01 18:35:25	3	2	10208	2	SELECT count() as count, sum(elapsed) as total_elapsed, \'lh\' as usr FROM system.processes  WHERE user = \'observability-internal\' AND client_hostname LIKE \'loghouse-scraper%\'  UNION ALL SELECT count() as count, sum(elapsed) as total_elapsed, \'other\' as usr FROM system.processes  WHERE user != \'observ
2026-08-01 18:35:25	1	875	366447	1	SELECT value FROM system.asynchronous_metrics WHERE metric = \'OSMemoryAvailable\' ;
2026-08-01 18:35:26	3	0	0	0	SELECT now64(6) as scrape_time_microseconds, \'tzy1uvq\' AS pod_ident, \'boneaws-al-46\' AS spoken_name, \'cell-1\' AS cell, \'ap-south-1\' AS region, \'aws\' AS cloud_provider, \'26.2.1.525\' AS clickhouse_version, \'0fc3eaab-fbcb-4533-8825-9be9faaea781\' AS control_plane_id, \'aarch64\' AS system_processor, * FRO
2026-08-01 18:35:26	3	1	5438	1	SELECT count() FROM system.processes WHERE (initial_user NOT IN _CAST([\'backups-internal\', \'management-internal\', \'monitoring-internal\', \'observability-internal\', \'operator-internal\', \'prometheus-exporter\', \'prometheus-internal\', \'operator-cert-internal\', \'availability-monitoring-internal\', \'\'], \'Ar
2026-08-01 18:35:26	2	127	1795	1	SELECT countIf(database = \'system\') as systemParts, countIf(database != \'system\') as nonSystemParts FROM system.parts where active
2026-08-01 18:35:26	1	0	0	1	SELECT countIf(database = \'system\') as systemMerges, countIf(database != \'system\') as nonSystemMerges FROM system.merges
2026-08-01 18:35:27	3	0	0	0	SELECT now64(6) as scrape_time_microseconds, \'tzy1uvq\' AS pod_ident, \'boneaws-al-46\' AS spoken_name, \'cell-1\' AS cell, \'ap-south-1\' AS region, \'aws\' AS cloud_provider, \'26.2.1.525\' AS clickhouse_version, \'0fc3eaab-fbcb-4533-8825-9be9faaea781\' AS control_plane_id, \'aarch64\' AS system_processor, * FRO
2026-08-01 18:35:28	4	0	0	0	SELECT now64(6) as scrape_time_microseconds, \'tzy1uvq\' AS pod_ident, \'boneaws-al-46\' AS spoken_name, \'cell-1\' AS cell, \'ap-south-1\' AS region, \'aws\' AS cloud_provider, \'26.2.1.525\' AS clickhouse_version, \'0fc3eaab-fbcb-4533-8825-9be9faaea781\' AS control_plane_id, \'aarch64\' AS system_processor, * FRO
2026-08-01 18:35:29	2	15	1013	15	             SELECT                 name,                 toJSONString(labels) as labels_serialized,                 value,                 help,                 type             FROM (                 SELECT     \'ClickHouse_MetricsCollection_CustomMetricsSystemTable\' AS name,     toFloat64(1) AS va
2026-08-01 18:35:29	21	33465	737419	33465	SELECT `content_id`, `title`, `video_type`, `category` FROM `sony`.`content_dim`;
2026-08-01 18:35:30	3	0	0	0	SELECT now64(6) as scrape_time_microseconds, \'tzy1uvq\' AS pod_ident, \'boneaws-al-46\' AS spoken_name, \'cell-1\' AS cell, \'ap-south-1\' AS region, \'aws\' AS cloud_provider, \'26.2.1.525\' AS clickhouse_version, \'0fc3eaab-fbcb-4533-8825-9be9faaea781\' AS control_plane_id, \'aarch64\' AS system_processor, * FRO
2026-08-01 18:35:34	1	0	0	1	             SELECT                 name,                 toJSONString(labels) as labels_serialized,                 value,                 help,                 type             FROM (                 SELECT   \'ClickHouse_CustomMetric_TotalMemoryUsedByAsynchronousInserts\' AS name,   toFloat64(SUM(t
2026-08-01 18:35:35	5	134	32875	134	SELECT             name,             value,             help,             JSONExtract(labels_serialized, \'Map(String, String)\') as labels,             type         FROM merge(system, \'^_custom_metrics_dictionary_.*\')         FORMAT Prometheus
2026-08-01 18:35:36	2	2	12834	1	SELECT count() FROM system.processes WHERE (initial_user NOT IN _CAST([\'backups-internal\', \'management-internal\', \'monitoring-internal\', \'observability-internal\', \'operator-internal\', \'prometheus-exporter\', \'prometheus-internal\', \'operator-cert-internal\', \'availability-monitoring-internal\', \'\'], \'Ar
2026-08-01 18:35:36	2	126	1780	1	SELECT countIf(database = \'system\') as systemParts, countIf(database != \'system\') as nonSystemParts FROM system.parts where active
2026-08-01 18:35:36	1	0	0	1	SELECT countIf(database = \'system\') as systemMerges, countIf(database != \'system\') as nonSystemMerges FROM system.merges
2026-08-01 18:35:36	32	3160	593762	129	SELECT CAST(\'0fc3eaab-fbcb-4533-8825-9be9faaea781\', \'UUID\') AS instance_id, CAST(\'c-boneaws-al-46-server-tzy1uvq-0\', \'LowCardinality(String)\') AS node_id, CAST(name, \'LowCardinality(String)\') AS metric, CAST(mapFilter((k, v) -> has(_CAST([\'remote\'], \'Array(String)\'), k), labels), \'Map(LowCardinality
2026-08-01 18:35:37	7	8263	891536	1380	SELECT now64(6) as scrape_time_microseconds, \'tzy1uvq\' AS pod_ident, \'boneaws-al-46\' AS spoken_name, \'cell-1\' AS cell, \'ap-south-1\' AS region, \'aws\' AS cloud_provider, \'26.2.1.525\' AS clickhouse_version, \'0fc3eaab-fbcb-4533-8825-9be9faaea781\' AS control_plane_id, \'aarch64\' AS system_processor, * FRO
2026-08-01 18:35:39	2	1	5022	1	             SELECT                 name,                 toJSONString(labels) as labels_serialized,                 value,                 help,                 type             FROM (                 SELECT   \'ClickHouse_CustomMetric_TotalMemoryUsedByQueries\' AS name,   toFloat64(SUM(peak_memory_u
2026-08-01 18:35:44	1	6	2128	6	             SELECT                 name,                 toJSONString(labels) as labels_serialized,                 value,                 help,                 type             FROM (                 SELECT   concat(\'clickhouse_\', system.dimensional_metrics.metric) AS name,   toFloat64(system.dime
2026-08-01 18:35:44	2	0	0	0	             SELECT                 name,                 toJSONString(labels) as labels_serialized,                 value,                 help,                 type             FROM (                 SELECT   \'ClickHouse_CustomMetric_FailedMutations\' as name,   toFloat64(count()) as value,   \'The 
2026-08-01 18:35:44	5	134	32875	134	SELECT             name,             value,             help,             JSONExtract(labels_serialized, \'Map(String, String)\') as labels,             type         FROM merge(system, \'^_custom_metrics_dictionary_.*\')         FORMAT Prometheus
2026-08-01 18:35:46	3	1	5438	1	SELECT count() FROM system.processes WHERE (initial_user NOT IN _CAST([\'backups-internal\', \'management-internal\', \'monitoring-internal\', \'observability-internal\', \'operator-internal\', \'prometheus-exporter\', \'prometheus-internal\', \'operator-cert-internal\', \'availability-monitoring-internal\', \'\'], \'Ar
2026-08-01 18:35:46	2	122	1720	1	SELECT countIf(database = \'system\') as systemParts, countIf(database != \'system\') as nonSystemParts FROM system.parts where active
2026-08-01 18:35:46	1	0	0	1	SELECT countIf(database = \'system\') as systemMerges, countIf(database != \'system\') as nonSystemMerges FROM system.merges
2026-08-01 18:35:49	3	6	213	0	             SELECT                 name,                 toJSONString(labels) as labels_serialized,                 value,                 help,                 type             FROM (                 SELECT   \'ClickHouse_CustomMetric_DatabaseReplicatedRecoveryTime\' as name,   toFloat64(recovery_ti
2026-08-01 18:35:51	5	134	32875	134	SELECT             name,             value,             help,             JSONExtract(labels_serialized, \'Map(String, String)\') as labels,             type         FROM merge(system, \'^_custom_metrics_dictionary_.*\')         FORMAT Prometheus
2026-08-01 18:35:54	2	59	472	1	             SELECT                 name,                 toJSONString(labels) as labels_serialized,                 value,                 help,                 type             FROM (                 SELECT   \'ClickHouse_CustomMetric_TotalMemoryUsedByDataSkippingIndices\' AS name,   toFloat64(SUM(d
2026-08-01 18:35:54	2	15	1013	15	             SELECT                 name,                 toJSONString(labels) as labels_serialized,                 value,                 help,                 type             FROM (                 SELECT     \'ClickHouse_MetricsCollection_CustomMetricsSystemTable\' AS name,     toFloat64(1) AS va
2026-08-01 18:35:54	2	14	9020	0	             SELECT                 name,                 toJSONString(labels) as labels_serialized,                 value,                 help,                 type             FROM (                 SELECT   \'clickhouse_table_replica_readonly_start_timestamp_seconds\' as name,   toFloat64(toUnixTi
2026-08-01 18:35:55	13	151	2114	1	SELECT avg(ProfileEvent_OSCPUWaitMicroseconds) as cpu_wait FROM  system.metric_log  WHERE event_time > now() - INTERVAL 2 MINUTE AND event_date >= yesterday()
2026-08-01 18:35:55	4	2	10208	2	SELECT count() as count, sum(elapsed) as total_elapsed, \'lh\' as usr FROM system.processes  WHERE user = \'observability-internal\' AND client_hostname LIKE \'loghouse-scraper%\'  UNION ALL SELECT count() as count, sum(elapsed) as total_elapsed, \'other\' as usr FROM system.processes  WHERE user != \'observ
2026-08-01 18:35:55	1	875	366447	1	SELECT value FROM system.asynchronous_metrics WHERE metric = \'OSMemoryAvailable\' ;
2026-08-01 18:35:56	3	2	12834	1	SELECT count() FROM system.processes WHERE (initial_user NOT IN _CAST([\'backups-internal\', \'management-internal\', \'monitoring-internal\', \'observability-internal\', \'operator-internal\', \'prometheus-exporter\', \'prometheus-internal\', \'operator-cert-internal\', \'availability-monitoring-internal\', \'\'], \'Ar
2026-08-01 18:35:56	2	121	1705	1	SELECT countIf(database = \'system\') as systemParts, countIf(database != \'system\') as nonSystemParts FROM system.parts where active
2026-08-01 18:35:56	1	0	0	1	SELECT countIf(database = \'system\') as systemMerges, countIf(database != \'system\') as nonSystemMerges FROM system.merges
2026-08-01 18:35:56	32	3160	593762	129	SELECT CAST(\'0fc3eaab-fbcb-4533-8825-9be9faaea781\', \'UUID\') AS instance_id, CAST(\'c-boneaws-al-46-server-tzy1uvq-0\', \'LowCardinality(String)\') AS node_id, CAST(name, \'LowCardinality(String)\') AS metric, CAST(mapFilter((k, v) -> has(_CAST([\'remote\'], \'Array(String)\'), k), labels), \'Map(LowCardinality
2026-08-01 18:35:59	1	6	2128	6	             SELECT                 name,                 toJSONString(labels) as labels_serialized,                 value,                 help,                 type             FROM (                 SELECT   concat(\'clickhouse_\', system.dimensional_metrics.metric) AS name,   toFloat64(system.dime
2026-08-01 18:35:59	2	2	6298	1	             SELECT                 name,                 toJSONString(labels) as labels_serialized,                 value,                 help,                 type             FROM (                 SELECT   \'ClickHouse_CustomMetric_TotalMemoryUsedByQueries\' AS name,   toFloat64(SUM(peak_memory_u
2026-08-01 18:36:04	3	6	213	0	             SELECT                 name,                 toJSONString(labels) as labels_serialized,                 value,                 help,                 type             FROM (                 SELECT   \'ClickHouse_CustomMetric_DatabaseReplicatedRecoveryTime\' as name,   toFloat64(recovery_ti
2026-08-01 18:36:04	2	15	1013	15	             SELECT                 name,                 toJSONString(labels) as labels_serialized,                 value,                 help,                 type             FROM (                 SELECT     \'ClickHouse_MetricsCollection_CustomMetricsSystemTable\' AS name,     toFloat64(1) AS va
2026-08-01 18:36:04	2	13	6340	1	             SELECT                 name,                 toJSONString(labels) as labels_serialized,                 value,                 help,                 type             FROM (                 SELECT   \'ClickHouse_CustomMetric_TotalMemoryUsedByDictionaries\' AS name,   toFloat64(SUM(bytes_al
2026-08-01 18:36:04	2	0	0	1	             SELECT                 name,                 toJSONString(labels) as labels_serialized,                 value,                 help,                 type             FROM (                 SELECT   \'ClickHouse_CustomMetric_TotalMemoryUsedByMerges\' AS name,   toFloat64(SUM(memory_usage))
2026-08-01 18:36:05	6	134	32875	134	SELECT             name,             value,             help,             JSONExtract(labels_serialized, \'Map(String, String)\') as labels,             type         FROM merge(system, \'^_custom_metrics_dictionary_.*\')         FORMAT Prometheus
2026-08-01 18:36:06	3	1	5438	1	SELECT count() FROM system.processes WHERE (initial_user NOT IN _CAST([\'backups-internal\', \'management-internal\', \'monitoring-internal\', \'observability-internal\', \'operator-internal\', \'prometheus-exporter\', \'prometheus-internal\', \'operator-cert-internal\', \'availability-monitoring-internal\', \'\'], \'Ar
2026-08-01 18:36:06	2	120	1690	1	SELECT countIf(database = \'system\') as systemParts, countIf(database != \'system\') as nonSystemParts FROM system.parts where active
2026-08-01 18:36:06	1	0	0	1	SELECT countIf(database = \'system\') as systemMerges, countIf(database != \'system\') as nonSystemMerges FROM system.merges
2026-08-01 18:36:09	3	6	213	0	             SELECT                 name,                 toJSONString(labels) as labels_serialized,                 value,                 help,                 type             FROM (                 SELECT   \'ClickHouse_CustomMetric_SharedCatalogRecoveryTime\' as name,   toFloat64(recovery_time) a
2026-08-01 18:36:13	2	443	56078	443	SELECT  now64(6) as scrape_time_microseconds, \'tzy1uvq\' AS pod_ident, \'boneaws-al-46\' AS spoken_name, \'cell-1\' AS cell, \'ap-south-1\' AS region, \'aws\' AS cloud_provider, \'26.2.1.525\' AS clickhouse_version, \'0fc3eaab-fbcb-4533-8825-9be9faaea781\' AS control_plane_id, \'aarch64\' AS system_processor, * FR
2026-08-01 18:36:14	3	6	213	0	             SELECT                 name,                 toJSONString(labels) as labels_serialized,                 value,                 help,                 type             FROM (                 SELECT   \'ClickHouse_CustomMetric_DatabaseReplicatedRecoveryTime\' as name,   toFloat64(recovery_ti
2026-08-01 18:36:14	5	134	32875	134	SELECT             name,             value,             help,             JSONExtract(labels_serialized, \'Map(String, String)\') as labels,             type         FROM merge(system, \'^_custom_metrics_dictionary_.*\')         FORMAT Prometheus
2026-08-01 18:36:16	4	378	114440	5	WITH metrics AS (SELECT name AS metric, toFloat64(value) AS val, now() AS ts FROM system.server_settings WHERE multiMatchAny(name, _CAST([\'^max_database_num_to_throw$\', \'^max_database_num_to_warn$\', \'^max_table_num_to_throw$\', \'^max_table_num_to_warn$\', \'^max_concurrent_queries$\'], \'Array(String)\'))
2026-08-01 18:36:16	7	0	0	0	WITH source AS (SELECT [\'matview_execution_total\', if(exception_code != 0, \'matview_execution_fail\', \'\')] AS metrics, event_time AS ts FROM system.query_views_log WHERE (status != \'QueryStart\') AND (event_date >= toDate(_CAST(\'1785609221.239\', \'DateTime64\'))) AND (event_time >= toDateTime(_CAST(\'178
2026-08-01 18:36:16	9	49152	739256	1560	SELECT CAST(\'0fc3eaab-fbcb-4533-8825-9be9faaea781\', \'UUID\') AS control_plane_id, CAST(\'c-boneaws-al-46-server-tzy1uvq-0\', \'LowCardinality(String)\') AS pod_id, CAST(now64(), \'DateTime64(6)\') AS scrape_ts_microseconds, CAST(event_date, \'Date\') AS event_date, CAST(event_time, \'DateTime\') AS event_time,
2026-08-01 18:36:16	3	8	39045	1	SELECT count() FROM system.processes WHERE (initial_user NOT IN _CAST([\'backups-internal\', \'management-internal\', \'monitoring-internal\', \'observability-internal\', \'operator-internal\', \'prometheus-exporter\', \'prometheus-internal\', \'operator-cert-internal\', \'availability-monitoring-internal\', \'\'], \'Ar
2026-08-01 18:36:16	9	0	0	1	WITH failed_mutations AS (SELECT toDateTime(create_time) AS ts, count() AS val FROM system.mutations WHERE (ts > toDateTime(_CAST(\'1785609221.239\', \'DateTime64\'))) AND (ts <= toDateTime(_CAST(\'1785609341.239\', \'DateTime64\'))) AND (latest_failed_part != \'\') AND (is_done = 0) GROUP BY ts), failed_muta
2026-08-01 18:36:16	9	6975	104621	14	WITH metrics AS (SELECT multiIf((event_type = \'MergeParts\') AND (error = 0), \'merges_finished\', (event_type = \'MergeParts\') AND (error != 0), \'merges_failed\', (event_type = \'MutatePart\') AND (error = 0), \'mutate_part_finished\', (event_type = \'MutatePart\') AND (error != 0), \'mutate_part_failed\', NULL
2026-08-01 18:36:16	2	121	1705	1	SELECT countIf(database = \'system\') as systemParts, countIf(database != \'system\') as nonSystemParts FROM system.parts where active
2026-08-01 18:36:16	24	3160	593762	129	SELECT CAST(\'0fc3eaab-fbcb-4533-8825-9be9faaea781\', \'UUID\') AS instance_id, CAST(\'c-boneaws-al-46-server-tzy1uvq-0\', \'LowCardinality(String)\') AS node_id, CAST(name, \'LowCardinality(String)\') AS metric, CAST(mapFilter((k, v) -> has(_CAST([\'remote\'], \'Array(String)\'), k), labels), \'Map(LowCardinality
2026-08-01 18:36:16	1	0	0	1	SELECT countIf(database = \'system\') as systemMerges, countIf(database != \'system\') as nonSystemMerges FROM system.merges
2026-08-01 18:36:16	50	182	55218	120	SELECT CAST(\'0fc3eaab-fbcb-4533-8825-9be9faaea781\', \'UUID\') AS control_plane_id, CAST(\'c-boneaws-al-46-server-tzy1uvq-0\', \'LowCardinality(String)\') AS pod_id, CAST(now64(), \'DateTime64(6)\') AS scrape_ts_microseconds, CAST(event_date, \'Date\') AS event_date, CAST(event_time, \'DateTime\') AS event_time,
2026-08-01 18:36:16	151	811	223343	18	WITH parts_agg AS (SELECT database AS agg_database, `table` AS agg_table, SUM(primary_key_size) AS primary_index_size, SUM(secondary_indices_compressed_bytes) AS secondary_index_size FROM system.parts WHERE active AND (database != \'system\') GROUP BY database, `table`), proj_agg AS (SELECT database A
2026-08-01 18:36:21	5	134	32875	134	SELECT             name,             value,             help,             JSONExtract(labels_serialized, \'Map(String, String)\') as labels,             type         FROM merge(system, \'^_custom_metrics_dictionary_.*\')         FORMAT Prometheus
2026-08-01 18:36:24	2	59	472	1	             SELECT                 name,                 toJSONString(labels) as labels_serialized,                 value,                 help,                 type             FROM (                 SELECT   \'ClickHouse_CustomMetric_TotalMemoryUsedByDataSkippingIndices\' AS name,   toFloat64(SUM(d
2026-08-01 18:36:24	2	4	8819	1	             SELECT                 name,                 toJSONString(labels) as labels_serialized,                 value,                 help,                 type             FROM (                 SELECT   \'ClickHouse_CustomMetric_TotalMemoryUsedByQueries\' AS name,   toFloat64(SUM(peak_memory_u
2026-08-01 18:36:24	2	15	1013	15	             SELECT                 name,                 toJSONString(labels) as labels_serialized,                 value,                 help,                 type             FROM (                 SELECT     \'ClickHouse_MetricsCollection_CustomMetricsSystemTable\' AS name,     toFloat64(1) AS va
2026-08-01 18:36:24	1	0	0	1	             SELECT                 name,                 toJSONString(labels) as labels_serialized,                 value,                 help,                 type             FROM (                 SELECT   \'ClickHouse_CustomMetric_TotalMemoryUsedByAsynchronousInserts\' AS name,   toFloat64(SUM(t
2026-08-01 18:36:25	13	182	2548	1	SELECT avg(ProfileEvent_OSCPUWaitMicroseconds) as cpu_wait FROM  system.metric_log  WHERE event_time > now() - INTERVAL 2 MINUTE AND event_date >= yesterday()
2026-08-01 18:36:25	4	2	10208	2	SELECT count() as count, sum(elapsed) as total_elapsed, \'lh\' as usr FROM system.processes  WHERE user = \'observability-internal\' AND client_hostname LIKE \'loghouse-scraper%\'  UNION ALL SELECT count() as count, sum(elapsed) as total_elapsed, \'other\' as usr FROM system.processes  WHERE user != \'observ
2026-08-01 18:36:25	1	875	366447	1	SELECT value FROM system.asynchronous_metrics WHERE metric = \'OSMemoryAvailable\' ;
2026-08-01 18:36:26	3	1	5438	1	SELECT count() FROM system.processes WHERE (initial_user NOT IN _CAST([\'backups-internal\', \'management-internal\', \'monitoring-internal\', \'observability-internal\', \'operator-internal\', \'prometheus-exporter\', \'prometheus-internal\', \'operator-cert-internal\', \'availability-monitoring-internal\', \'\'], \'Ar
2026-08-01 18:36:26	2	115	1615	1	SELECT countIf(database = \'system\') as systemParts, countIf(database != \'system\') as nonSystemParts FROM system.parts where active
2026-08-01 18:36:26	1	0	0	1	SELECT countIf(database = \'system\') as systemMerges, countIf(database != \'system\') as nonSystemMerges FROM system.merges
2026-08-01 18:36:29	2	13	6340	1	             SELECT                 name,                 toJSONString(labels) as labels_serialized,                 value,                 help,                 type             FROM (                 SELECT   \'ClickHouse_CustomMetric_TotalMemoryUsedByDictionaries\' AS name,   toFloat64(SUM(bytes_al
2026-08-01 18:36:34	2	0	0	1	             SELECT                 name,                 toJSONString(labels) as labels_serialized,                 value,                 help,                 type             FROM (                 SELECT   \'ClickHouse_CustomMetric_TotalMemoryUsedByMerges\' AS name,   toFloat64(SUM(memory_usage))
2026-08-01 18:36:34	2	0	0	0	             SELECT                 name,                 toJSONString(labels) as labels_serialized,                 value,                 help,                 type             FROM (                 SELECT   \'ClickHouse_CustomMetric_FailedMutations\' as name,   toFloat64(count()) as value,   \'The 
2026-08-01 18:36:34	2	15	1013	15	             SELECT                 name,                 toJSONString(labels) as labels_serialized,                 value,                 help,                 type             FROM (                 SELECT     \'ClickHouse_MetricsCollection_CustomMetricsSystemTable\' AS name,     toFloat64(1) AS va
2026-08-01 18:36:35	7	134	32875	134	SELECT             name,             value,             help,             JSONExtract(labels_serialized, \'Map(String, String)\') as labels,             type         FROM merge(system, \'^_custom_metrics_dictionary_.*\')         FORMAT Prometheus
2026-08-01 18:36:36	2	2	12834	1	SELECT count() FROM system.processes WHERE (initial_user NOT IN _CAST([\'backups-internal\', \'management-internal\', \'monitoring-internal\', \'observability-internal\', \'operator-internal\', \'prometheus-exporter\', \'prometheus-internal\', \'operator-cert-internal\', \'availability-monitoring-internal\', \'\'], \'Ar
2026-08-01 18:36:36	2	124	1750	1	SELECT countIf(database = \'system\') as systemParts, countIf(database != \'system\') as nonSystemParts FROM system.parts where active
2026-08-01 18:36:36	23	3160	593762	129	SELECT CAST(\'0fc3eaab-fbcb-4533-8825-9be9faaea781\', \'UUID\') AS instance_id, CAST(\'c-boneaws-al-46-server-tzy1uvq-0\', \'LowCardinality(String)\') AS node_id, CAST(name, \'LowCardinality(String)\') AS metric, CAST(mapFilter((k, v) -> has(_CAST([\'remote\'], \'Array(String)\'), k), labels), \'Map(LowCardinality
2026-08-01 18:36:36	1	0	0	1	SELECT countIf(database = \'system\') as systemMerges, countIf(database != \'system\') as nonSystemMerges FROM system.merges
2026-08-01 18:36:38	9	8271	2438357	428	SELECT now64(6) as scrape_time_microseconds, \'tzy1uvq\' AS pod_ident, \'boneaws-al-46\' AS spoken_name, \'cell-1\' AS cell, \'ap-south-1\' AS region, \'aws\' AS cloud_provider, \'26.2.1.525\' AS clickhouse_version, \'0fc3eaab-fbcb-4533-8825-9be9faaea781\' AS control_plane_id, \'aarch64\' AS system_processor, * FRO
2026-08-01 18:36:38	33	4878	11328390	316	SELECT now64(6) as scrape_time_microseconds, \'tzy1uvq\' AS pod_ident, \'boneaws-al-46\' AS spoken_name, \'cell-1\' AS cell, \'ap-south-1\' AS region, \'aws\' AS cloud_provider, \'26.2.1.525\' AS clickhouse_version, \'0fc3eaab-fbcb-4533-8825-9be9faaea781\' AS control_plane_id, \'aarch64\' AS system_processor, * FRO
2026-08-01 18:36:39	14	15242	3625421	4435	SELECT now64(6) as scrape_time_microseconds, \'tzy1uvq\' AS pod_ident, \'boneaws-al-46\' AS spoken_name, \'cell-1\' AS cell, \'ap-south-1\' AS region, \'aws\' AS cloud_provider, \'26.2.1.525\' AS clickhouse_version, \'0fc3eaab-fbcb-4533-8825-9be9faaea781\' AS control_plane_id, \'aarch64\' AS system_processor, * FRO
2026-08-01 18:36:43	15	6934	3687895	167	SELECT now64(6) as scrape_time_microseconds, \'tzy1uvq\' AS pod_ident, \'boneaws-al-46\' AS spoken_name, \'cell-1\' AS cell, \'ap-south-1\' AS region, \'aws\' AS cloud_provider, \'26.2.1.525\' AS clickhouse_version, \'0fc3eaab-fbcb-4533-8825-9be9faaea781\' AS control_plane_id, \'aarch64\' AS system_processor, * FRO
2026-08-01 18:36:44	5	134	32875	134	SELECT             name,             value,             help,             JSONExtract(labels_serialized, \'Map(String, String)\') as labels,             type         FROM merge(system, \'^_custom_metrics_dictionary_.*\')         FORMAT Prometheus
2026-08-01 18:36:45	172	513	1400330	120	SELECT now64(6) as scrape_time_microseconds, \'tzy1uvq\' AS pod_ident, \'boneaws-al-46\' AS spoken_name, \'cell-1\' AS cell, \'ap-south-1\' AS region, \'aws\' AS cloud_provider, \'26.2.1.525\' AS clickhouse_version, \'0fc3eaab-fbcb-4533-8825-9be9faaea781\' AS control_plane_id, \'aarch64\' AS system_processor, * FRO
2026-08-01 18:36:46	58	660845	10608363	105018	SELECT now64(6) as scrape_time_microseconds, \'tzy1uvq\' AS pod_ident, \'boneaws-al-46\' AS spoken_name, \'cell-1\' AS cell, \'ap-south-1\' AS region, \'aws\' AS cloud_provider, \'26.2.1.525\' AS clickhouse_version, \'0fc3eaab-fbcb-4533-8825-9be9faaea781\' AS control_plane_id, \'aarch64\' AS system_processor, * FRO
2026-08-01 18:36:46	3	1	5438	1	SELECT count() FROM system.processes WHERE (initial_user NOT IN _CAST([\'backups-internal\', \'management-internal\', \'monitoring-internal\', \'observability-internal\', \'operator-internal\', \'prometheus-exporter\', \'prometheus-internal\', \'operator-cert-internal\', \'availability-monitoring-internal\', \'\'], \'Ar
2026-08-01 18:36:46	2	125	1765	1	SELECT countIf(database = \'system\') as systemParts, countIf(database != \'system\') as nonSystemParts FROM system.parts where active
2026-08-01 18:36:46	1	0	0	1	SELECT countIf(database = \'system\') as systemMerges, countIf(database != \'system\') as nonSystemMerges FROM system.merges
2026-08-01 18:36:47	17	21075	5173235	10502	SELECT now64(6) as scrape_time_microseconds, \'tzy1uvq\' AS pod_ident, \'boneaws-al-46\' AS spoken_name, \'cell-1\' AS cell, \'ap-south-1\' AS region, \'aws\' AS cloud_provider, \'26.2.1.525\' AS clickhouse_version, \'0fc3eaab-fbcb-4533-8825-9be9faaea781\' AS control_plane_id, \'aarch64\' AS system_processor, * FRO
2026-08-01 18:36:49	1	6	2128	6	             SELECT                 name,                 toJSONString(labels) as labels_serialized,                 value,                 help,                 type             FROM (                 SELECT   concat(\'clickhouse_\', system.dimensional_metrics.metric) AS name,   toFloat64(system.dime
2026-08-01 18:36:49	18	21730	4840326	14573	SELECT now64(6) as scrape_time_microseconds, \'tzy1uvq\' AS pod_ident, \'boneaws-al-46\' AS spoken_name, \'cell-1\' AS cell, \'ap-south-1\' AS region, \'aws\' AS cloud_provider, \'26.2.1.525\' AS clickhouse_version, \'0fc3eaab-fbcb-4533-8825-9be9faaea781\' AS control_plane_id, \'aarch64\' AS system_processor, * FRO
2026-08-01 18:36:49	1	0	0	1	             SELECT                 name,                 toJSONString(labels) as labels_serialized,                 value,                 help,                 type             FROM (                 SELECT   \'ClickHouse_CustomMetric_TotalMemoryUsedByAsynchronousInserts\' AS name,   toFloat64(SUM(t
2026-08-01 18:36:49	2	14	9020	0	             SELECT                 name,                 toJSONString(labels) as labels_serialized,                 value,                 help,                 type             FROM (                 SELECT   \'clickhouse_table_replica_readonly_start_timestamp_seconds\' as name,   toFloat64(toUnixTi
2026-08-01 18:36:49	3	6	213	0	             SELECT                 name,                 toJSONString(labels) as labels_serialized,                 value,                 help,                 type             FROM (                 SELECT   \'ClickHouse_CustomMetric_SharedCatalogRecoveryTime\' as name,   toFloat64(recovery_time) a
2026-08-01 18:36:51	7	137	33444	137	SELECT             name,             value,             help,             JSONExtract(labels_serialized, \'Map(String, String)\') as labels,             type         FROM merge(system, \'^_custom_metrics_dictionary_.*\')         FORMAT Prometheus
2026-08-01 18:36:55	14	212	2745	1	SELECT avg(ProfileEvent_OSCPUWaitMicroseconds) as cpu_wait FROM  system.metric_log  WHERE event_time > now() - INTERVAL 2 MINUTE AND event_date >= yesterday()
2026-08-01 18:36:55	3	2	10208	2	SELECT count() as count, sum(elapsed) as total_elapsed, \'lh\' as usr FROM system.processes  WHERE user = \'observability-internal\' AND client_hostname LIKE \'loghouse-scraper%\'  UNION ALL SELECT count() as count, sum(elapsed) as total_elapsed, \'other\' as usr FROM system.processes  WHERE user != \'observ
2026-08-01 18:36:55	1	875	366447	1	SELECT value FROM system.asynchronous_metrics WHERE metric = \'OSMemoryAvailable\' ;
2026-08-01 18:36:56	2	2	12834	1	SELECT count() FROM system.processes WHERE (initial_user NOT IN _CAST([\'backups-internal\', \'management-internal\', \'monitoring-internal\', \'observability-internal\', \'operator-internal\', \'prometheus-exporter\', \'prometheus-internal\', \'operator-cert-internal\', \'availability-monitoring-internal\', \'\'], \'Ar
2026-08-01 18:36:56	2	119	1675	1	SELECT countIf(database = \'system\') as systemParts, countIf(database != \'system\') as nonSystemParts FROM system.parts where active
2026-08-01 18:36:56	1	0	0	1	SELECT countIf(database = \'system\') as systemMerges, countIf(database != \'system\') as nonSystemMerges FROM system.merges
2026-08-01 18:36:56	24	3163	594050	129	SELECT CAST(\'0fc3eaab-fbcb-4533-8825-9be9faaea781\', \'UUID\') AS instance_id, CAST(\'c-boneaws-al-46-server-tzy1uvq-0\', \'LowCardinality(String)\') AS node_id, CAST(name, \'LowCardinality(String)\') AS metric, CAST(mapFilter((k, v) -> has(_CAST([\'remote\'], \'Array(String)\'), k), labels), \'Map(LowCardinality
2026-08-01 18:36:57	7	734	450216	42	SELECT now64(6) as scrape_time_microseconds, \'tzy1uvq\' AS pod_ident, \'boneaws-al-46\' AS spoken_name, \'cell-1\' AS cell, \'ap-south-1\' AS region, \'aws\' AS cloud_provider, \'26.2.1.525\' AS clickhouse_version, \'0fc3eaab-fbcb-4533-8825-9be9faaea781\' AS control_plane_id, \'aarch64\' AS system_processor, * FRO
2026-08-01 18:36:59	2	13	6340	1	             SELECT                 name,                 toJSONString(labels) as labels_serialized,                 value,                 help,                 type             FROM (                 SELECT   \'ClickHouse_CustomMetric_TotalMemoryUsedByDictionaries\' AS name,   toFloat64(SUM(bytes_al
2026-08-01 18:37:05	6	137	33444	137	SELECT             name,             value,             help,             JSONExtract(labels_serialized, \'Map(String, String)\') as labels,             type         FROM merge(system, \'^_custom_metrics_dictionary_.*\')         FORMAT Prometheus
2026-08-01 18:37:06	3	1	5438	1	SELECT count() FROM system.processes WHERE (initial_user NOT IN _CAST([\'backups-internal\', \'management-internal\', \'monitoring-internal\', \'observability-internal\', \'operator-internal\', \'prometheus-exporter\', \'prometheus-internal\', \'operator-cert-internal\', \'availability-monitoring-internal\', \'\'], \'Ar
2026-08-01 18:37:06	2	123	1735	1	SELECT countIf(database = \'system\') as systemParts, countIf(database != \'system\') as nonSystemParts FROM system.parts where active
2026-08-01 18:37:06	1	0	0	1	SELECT countIf(database = \'system\') as systemMerges, countIf(database != \'system\') as nonSystemMerges FROM system.merges
2026-08-01 18:37:09	1	0	0	1	             SELECT                 name,                 toJSONString(labels) as labels_serialized,                 value,                 help,                 type             FROM (                 SELECT   \'ClickHouse_CustomMetric_TotalMemoryUsedByAsynchronousInserts\' AS name,   toFloat64(SUM(t
2026-08-01 18:37:14	1	6	2128	6	             SELECT                 name,                 toJSONString(labels) as labels_serialized,                 value,                 help,                 type             FROM (                 SELECT   concat(\'clickhouse_\', system.dimensional_metrics.metric) AS name,   toFloat64(system.dime
2026-08-01 18:37:14	1	0	0	1	             SELECT                 name,                 toJSONString(labels) as labels_serialized,                 value,                 help,                 type             FROM (                 SELECT   \'ClickHouse_CustomMetric_TotalMemoryUsedByAsynchronousInserts\' AS name,   toFloat64(SUM(t
2026-08-01 18:37:14	3	6	213	0	             SELECT                 name,                 toJSONString(labels) as labels_serialized,                 value,                 help,                 type             FROM (                 SELECT   \'ClickHouse_CustomMetric_DatabaseReplicatedRecoveryTime\' as name,   toFloat64(recovery_ti
2026-08-01 18:37:14	6	137	33444	137	SELECT             name,             value,             help,             JSONExtract(labels_serialized, \'Map(String, String)\') as labels,             type         FROM merge(system, \'^_custom_metrics_dictionary_.*\')         FORMAT Prometheus
2026-08-01 18:37:16	2	2	12834	1	SELECT count() FROM system.processes WHERE (initial_user NOT IN _CAST([\'backups-internal\', \'management-internal\', \'monitoring-internal\', \'observability-internal\', \'operator-internal\', \'prometheus-exporter\', \'prometheus-internal\', \'operator-cert-internal\', \'availability-monitoring-internal\', \'\'], \'Ar
2026-08-01 18:37:16	2	124	1750	1	SELECT countIf(database = \'system\') as systemParts, countIf(database != \'system\') as nonSystemParts FROM system.parts where active
2026-08-01 18:37:16	23	3163	594050	129	SELECT CAST(\'0fc3eaab-fbcb-4533-8825-9be9faaea781\', \'UUID\') AS instance_id, CAST(\'c-boneaws-al-46-server-tzy1uvq-0\', \'LowCardinality(String)\') AS node_id, CAST(name, \'LowCardinality(String)\') AS metric, CAST(mapFilter((k, v) -> has(_CAST([\'remote\'], \'Array(String)\'), k), labels), \'Map(LowCardinality
2026-08-01 18:37:16	1	0	0	1	SELECT countIf(database = \'system\') as systemMerges, countIf(database != \'system\') as nonSystemMerges FROM system.merges
2026-08-01 18:37:19	3	0	0	0	SELECT now64(6) as scrape_time_microseconds, \'tzy1uvq\' AS pod_ident, \'boneaws-al-46\' AS spoken_name, \'cell-1\' AS cell, \'ap-south-1\' AS region, \'aws\' AS cloud_provider, \'26.2.1.525\' AS clickhouse_version, \'0fc3eaab-fbcb-4533-8825-9be9faaea781\' AS control_plane_id, \'aarch64\' AS system_processor, * FRO
2026-08-01 18:37:19	5	0	0	0	SELECT now64(6) as scrape_time_microseconds, \'tzy1uvq\' AS pod_ident, \'boneaws-al-46\' AS spoken_name, \'cell-1\' AS cell, \'ap-south-1\' AS region, \'aws\' AS cloud_provider, \'26.2.1.525\' AS clickhouse_version, \'0fc3eaab-fbcb-4533-8825-9be9faaea781\' AS control_plane_id, \'aarch64\' AS system_processor, * FRO
2026-08-01 18:37:19	2	0	0	1	             SELECT                 name,                 toJSONString(labels) as labels_serialized,                 value,                 help,                 type             FROM (                 SELECT   \'ClickHouse_CustomMetric_TotalMemoryUsedByMerges\' AS name,   toFloat64(SUM(memory_usage))
2026-08-01 18:37:20	3	0	0	0	SELECT now64(6) as scrape_time_microseconds, \'tzy1uvq\' AS pod_ident, \'boneaws-al-46\' AS spoken_name, \'cell-1\' AS cell, \'ap-south-1\' AS region, \'aws\' AS cloud_provider, \'26.2.1.525\' AS clickhouse_version, \'0fc3eaab-fbcb-4533-8825-9be9faaea781\' AS control_plane_id, \'aarch64\' AS system_processor, * FRO
2026-08-01 18:37:21	3	0	0	0	SELECT now64(6) as scrape_time_microseconds, \'tzy1uvq\' AS pod_ident, \'boneaws-al-46\' AS spoken_name, \'cell-1\' AS cell, \'ap-south-1\' AS region, \'aws\' AS cloud_provider, \'26.2.1.525\' AS clickhouse_version, \'0fc3eaab-fbcb-4533-8825-9be9faaea781\' AS control_plane_id, \'aarch64\' AS system_processor, * FRO
2026-08-01 18:37:21	5	137	33444	137	SELECT             name,             value,             help,             JSONExtract(labels_serialized, \'Map(String, String)\') as labels,             type         FROM merge(system, \'^_custom_metrics_dictionary_.*\')         FORMAT Prometheus
2026-08-01 18:37:22	2	0	0	0	SELECT now64(6) as scrape_time_microseconds, \'tzy1uvq\' AS pod_ident, \'boneaws-al-46\' AS spoken_name, \'cell-1\' AS cell, \'ap-south-1\' AS region, \'aws\' AS cloud_provider, \'26.2.1.525\' AS clickhouse_version, \'0fc3eaab-fbcb-4533-8825-9be9faaea781\' AS control_plane_id, \'aarch64\' AS system_processor, * FRO
2026-08-01 18:37:23	3	0	0	0	SELECT now64(6) as scrape_time_microseconds, \'tzy1uvq\' AS pod_ident, \'boneaws-al-46\' AS spoken_name, \'cell-1\' AS cell, \'ap-south-1\' AS region, \'aws\' AS cloud_provider, \'26.2.1.525\' AS clickhouse_version, \'0fc3eaab-fbcb-4533-8825-9be9faaea781\' AS control_plane_id, \'aarch64\' AS system_processor, * FRO
2026-08-01 18:37:23	3	378	114440	378	SELECT  now64(6) as scrape_time_microseconds, \'tzy1uvq\' AS pod_ident, \'boneaws-al-46\' AS spoken_name, \'cell-1\' AS cell, \'ap-south-1\' AS region, \'aws\' AS cloud_provider, \'26.2.1.525\' AS clickhouse_version, \'0fc3eaab-fbcb-4533-8825-9be9faaea781\' AS control_plane_id, \'aarch64\' AS system_processor, * FR
2026-08-01 18:37:24	3	0	0	0	SELECT now64(6) as scrape_time_microseconds, \'tzy1uvq\' AS pod_ident, \'boneaws-al-46\' AS spoken_name, \'cell-1\' AS cell, \'ap-south-1\' AS region, \'aws\' AS cloud_provider, \'26.2.1.525\' AS clickhouse_version, \'0fc3eaab-fbcb-4533-8825-9be9faaea781\' AS control_plane_id, \'aarch64\' AS system_processor, * FRO
2026-08-01 18:37:24	2	2	6302	1	             SELECT                 name,                 toJSONString(labels) as labels_serialized,                 value,                 help,                 type             FROM (                 SELECT   \'ClickHouse_CustomMetric_TotalMemoryUsedByQueries\' AS name,   toFloat64(SUM(peak_memory_u
2026-08-01 18:37:24	2	59	472	1	             SELECT                 name,                 toJSONString(labels) as labels_serialized,                 value,                 help,                 type             FROM (                 SELECT   \'ClickHouse_CustomMetric_TotalMemoryUsedByDataSkippingIndices\' AS name,   toFloat64(SUM(d
2026-08-01 18:37:25	76	0	0	0	SELECT now64(6) as scrape_time_microseconds, \'tzy1uvq\' AS pod_ident, \'boneaws-al-46\' AS spoken_name, \'cell-1\' AS cell, \'ap-south-1\' AS region, \'aws\' AS cloud_provider, \'26.2.1.525\' AS clickhouse_version, \'0fc3eaab-fbcb-4533-8825-9be9faaea781\' AS control_plane_id, \'aarch64\' AS system_processor, * FRO
2026-08-01 18:37:25	14	242	3165	1	SELECT avg(ProfileEvent_OSCPUWaitMicroseconds) as cpu_wait FROM  system.metric_log  WHERE event_time > now() - INTERVAL 2 MINUTE AND event_date >= yesterday()
2026-08-01 18:37:25	3	2	10208	2	SELECT count() as count, sum(elapsed) as total_elapsed, \'lh\' as usr FROM system.processes  WHERE user = \'observability-internal\' AND client_hostname LIKE \'loghouse-scraper%\'  UNION ALL SELECT count() as count, sum(elapsed) as total_elapsed, \'other\' as usr FROM system.processes  WHERE user != \'observ
2026-08-01 18:37:25	1	875	366447	1	SELECT value FROM system.asynchronous_metrics WHERE metric = \'OSMemoryAvailable\' ;
2026-08-01 18:37:26	3	0	0	0	SELECT now64(6) as scrape_time_microseconds, \'tzy1uvq\' AS pod_ident, \'boneaws-al-46\' AS spoken_name, \'cell-1\' AS cell, \'ap-south-1\' AS region, \'aws\' AS cloud_provider, \'26.2.1.525\' AS clickhouse_version, \'0fc3eaab-fbcb-4533-8825-9be9faaea781\' AS control_plane_id, \'aarch64\' AS system_processor, * FRO
2026-08-01 18:37:26	2	1	5438	1	SELECT count() FROM system.processes WHERE (initial_user NOT IN _CAST([\'backups-internal\', \'management-internal\', \'monitoring-internal\', \'observability-internal\', \'operator-internal\', \'prometheus-exporter\', \'prometheus-internal\', \'operator-cert-internal\', \'availability-monitoring-internal\', \'\'], \'Ar
2026-08-01 18:37:26	2	122	1720	1	SELECT countIf(database = \'system\') as systemParts, countIf(database != \'system\') as nonSystemParts FROM system.parts where active
2026-08-01 18:37:26	1	0	0	1	SELECT countIf(database = \'system\') as systemMerges, countIf(database != \'system\') as nonSystemMerges FROM system.merges
2026-08-01 18:37:27	3	0	0	0	SELECT now64(6) as scrape_time_microseconds, \'tzy1uvq\' AS pod_ident, \'boneaws-al-46\' AS spoken_name, \'cell-1\' AS cell, \'ap-south-1\' AS region, \'aws\' AS cloud_provider, \'26.2.1.525\' AS clickhouse_version, \'0fc3eaab-fbcb-4533-8825-9be9faaea781\' AS control_plane_id, \'aarch64\' AS system_processor, * FRO
2026-08-01 18:37:28	4	0	0	0	SELECT now64(6) as scrape_time_microseconds, \'tzy1uvq\' AS pod_ident, \'boneaws-al-46\' AS spoken_name, \'cell-1\' AS cell, \'ap-south-1\' AS region, \'aws\' AS cloud_provider, \'26.2.1.525\' AS clickhouse_version, \'0fc3eaab-fbcb-4533-8825-9be9faaea781\' AS control_plane_id, \'aarch64\' AS system_processor, * FRO
2026-08-01 18:37:29	1	0	0	1	             SELECT                 name,                 toJSONString(labels) as labels_serialized,                 value,                 help,                 type             FROM (                 SELECT   \'ClickHouse_CustomMetric_TotalMemoryUsedByAsynchronousInserts\' AS name,   toFloat64(SUM(t
2026-08-01 18:37:29	2	15	1013	15	             SELECT                 name,                 toJSONString(labels) as labels_serialized,                 value,                 help,                 type             FROM (                 SELECT     \'ClickHouse_MetricsCollection_CustomMetricsSystemTable\' AS name,     toFloat64(1) AS va
2026-08-01 18:37:30	3	0	0	0	SELECT now64(6) as scrape_time_microseconds, \'tzy1uvq\' AS pod_ident, \'boneaws-al-46\' AS spoken_name, \'cell-1\' AS cell, \'ap-south-1\' AS region, \'aws\' AS cloud_provider, \'26.2.1.525\' AS clickhouse_version, \'0fc3eaab-fbcb-4533-8825-9be9faaea781\' AS control_plane_id, \'aarch64\' AS system_processor, * FRO
2026-08-01 18:37:34	2	0	0	0	             SELECT                 name,                 toJSONString(labels) as labels_serialized,                 value,                 help,                 type             FROM (                 SELECT   \'ClickHouse_CustomMetric_FailedMutations\' as name,   toFloat64(count()) as value,   \'The 
2026-08-01 18:37:34	2	59	472	1	             SELECT                 name,                 toJSONString(labels) as labels_serialized,                 value,                 help,                 type             FROM (                 SELECT   \'ClickHouse_CustomMetric_TotalMemoryUsedByDataSkippingIndices\' AS name,   toFloat64(SUM(d
2026-08-01 18:37:35	7	137	33444	137	SELECT             name,             value,             help,             JSONExtract(labels_serialized, \'Map(String, String)\') as labels,             type         FROM merge(system, \'^_custom_metrics_dictionary_.*\')         FORMAT Prometheus
2026-08-01 18:37:36	1	0	0	1	SELECT countIf(database = \'system\') as systemMerges, countIf(database != \'system\') as nonSystemMerges FROM system.merges
2026-08-01 18:37:36	2	121	1705	1	SELECT countIf(database = \'system\') as systemParts, countIf(database != \'system\') as nonSystemParts FROM system.parts where active
2026-08-01 18:37:36	24	3163	594050	129	SELECT CAST(\'0fc3eaab-fbcb-4533-8825-9be9faaea781\', \'UUID\') AS instance_id, CAST(\'c-boneaws-al-46-server-tzy1uvq-0\', \'LowCardinality(String)\') AS node_id, CAST(name, \'LowCardinality(String)\') AS metric, CAST(mapFilter((k, v) -> has(_CAST([\'remote\'], \'Array(String)\'), k), labels), \'Map(LowCardinality
2026-08-01 18:37:36	2	2	12834	1	SELECT count() FROM system.processes WHERE (initial_user NOT IN _CAST([\'backups-internal\', \'management-internal\', \'monitoring-internal\', \'observability-internal\', \'operator-internal\', \'prometheus-exporter\', \'prometheus-internal\', \'operator-cert-internal\', \'availability-monitoring-internal\', \'\'], \'Ar
2026-08-01 18:37:37	8	8263	891536	1239	SELECT now64(6) as scrape_time_microseconds, \'tzy1uvq\' AS pod_ident, \'boneaws-al-46\' AS spoken_name, \'cell-1\' AS cell, \'ap-south-1\' AS region, \'aws\' AS cloud_provider, \'26.2.1.525\' AS clickhouse_version, \'0fc3eaab-fbcb-4533-8825-9be9faaea781\' AS control_plane_id, \'aarch64\' AS system_processor, * FRO
2026-08-01 18:37:37	28	5	591	5	SELECT  now64(6) as scrape_time_microseconds, \'tzy1uvq\' AS pod_ident, \'boneaws-al-46\' AS spoken_name, \'cell-1\' AS cell, \'ap-south-1\' AS region, \'aws\' AS cloud_provider, \'26.2.1.525\' AS clickhouse_version, \'0fc3eaab-fbcb-4533-8825-9be9faaea781\' AS control_plane_id, \'aarch64\' AS system_processor, * FR
2026-08-01 18:37:39	1	6	2128	6	             SELECT                 name,                 toJSONString(labels) as labels_serialized,                 value,                 help,                 type             FROM (                 SELECT   concat(\'clickhouse_\', system.dimensional_metrics.metric) AS name,   toFloat64(system.dime
2026-08-01 18:37:39	2	13	6340	1	             SELECT                 name,                 toJSONString(labels) as labels_serialized,                 value,                 help,                 type             FROM (                 SELECT   \'ClickHouse_CustomMetric_TotalMemoryUsedByDictionaries\' AS name,   toFloat64(SUM(bytes_al
2026-08-01 18:37:44	3	14	9020	0	             SELECT                 name,                 toJSONString(labels) as labels_serialized,                 value,                 help,                 type             FROM (                 SELECT   \'clickhouse_table_replica_readonly_start_timestamp_seconds\' as name,   toFloat64(toUnixTi
2026-08-01 18:37:44	3	6	213	0	             SELECT                 name,                 toJSONString(labels) as labels_serialized,                 value,                 help,                 type             FROM (                 SELECT   \'ClickHouse_CustomMetric_SharedCatalogRecoveryTime\' as name,   toFloat64(recovery_time) a
2026-08-01 18:37:44	6	137	33444	137	SELECT             name,             value,             help,             JSONExtract(labels_serialized, \'Map(String, String)\') as labels,             type         FROM merge(system, \'^_custom_metrics_dictionary_.*\')         FORMAT Prometheus
2026-08-01 18:37:46	3	1	5438	1	SELECT count() FROM system.processes WHERE (initial_user NOT IN _CAST([\'backups-internal\', \'management-internal\', \'monitoring-internal\', \'observability-internal\', \'operator-internal\', \'prometheus-exporter\', \'prometheus-internal\', \'operator-cert-internal\', \'availability-monitoring-internal\', \'\'], \'Ar
2026-08-01 18:37:46	2	122	1720	1	SELECT countIf(database = \'system\') as systemParts, countIf(database != \'system\') as nonSystemParts FROM system.parts where active
2026-08-01 18:37:46	2	0	0	1	SELECT countIf(database = \'system\') as systemMerges, countIf(database != \'system\') as nonSystemMerges FROM system.merges
2026-08-01 18:37:49	2	2	6334	1	             SELECT                 name,                 toJSONString(labels) as labels_serialized,                 value,                 help,                 type             FROM (                 SELECT   \'ClickHouse_CustomMetric_TotalMemoryUsedByQueries\' AS name,   toFloat64(SUM(peak_memory_u
2026-08-01 18:37:49	3	14	9020	0	             SELECT                 name,                 toJSONString(labels) as labels_serialized,                 value,                 help,                 type             FROM (                 SELECT   \'clickhouse_table_replica_readonly_start_timestamp_seconds\' as name,   toFloat64(toUnixTi
2026-08-01 18:37:50	2	0	8	1	SELECT count() FROM system.backups where status IN (0,3)
2026-08-01 18:37:50	3	1	5472	1	SELECT count() FROM system.processes WHERE (elapsed > _CAST(0, \'Int64\')) AND (initial_user NOT IN _CAST([\'backups-internal\', \'management-internal\', \'monitoring-internal\', \'observability-internal\', \'operator-internal\', \'prometheus-exporter\', \'prometheus-internal\', \'operator-cert-internal\', \'availabil
2026-08-01 18:37:50	2	6	60	1	SELECT countIf(`__table1`.`is_shared_catalog_cluster` AND (`__table1`.`recovery_time` > 600000)) = 0 AS `equals(countIf(and(if(hasColumnInTable(\'system\', \'clusters\', \'is_shared_catalog_cluster\'), is_shared_catalog_cluster, false), if(hasColumnInTable(\'system\', \'clusters\', \'recovery_time\'), greater(r
2026-08-01 18:37:51	6	137	33444	137	SELECT             name,             value,             help,             JSONExtract(labels_serialized, \'Map(String, String)\') as labels,             type         FROM merge(system, \'^_custom_metrics_dictionary_.*\')         FORMAT Prometheus
2026-08-01 18:37:52	150	811	223343	18	WITH parts_agg AS (SELECT database AS agg_database, `table` AS agg_table, SUM(primary_key_size) AS primary_index_size, SUM(secondary_indices_compressed_bytes) AS secondary_index_size FROM system.parts WHERE active AND (database != \'system\') GROUP BY database, `table`), proj_agg AS (SELECT database A
2026-08-01 18:37:52	8	0	0	0	WITH source AS (SELECT [\'matview_execution_total\', if(exception_code != 0, \'matview_execution_fail\', \'\')] AS metrics, event_time AS ts FROM system.query_views_log WHERE (status != \'QueryStart\') AND (event_date >= toDate(_CAST(\'1785609341.239\', \'DateTime64\'))) AND (event_time >= toDateTime(_CAST(\'178
2026-08-01 18:37:52	9	103326	1654979	1443	SELECT CAST(\'0fc3eaab-fbcb-4533-8825-9be9faaea781\', \'UUID\') AS control_plane_id, CAST(\'c-boneaws-al-46-server-tzy1uvq-0\', \'LowCardinality(String)\') AS pod_id, CAST(now64(), \'DateTime64(6)\') AS scrape_ts_microseconds, CAST(event_date, \'Date\') AS event_date, CAST(event_time, \'DateTime\') AS event_time,
2026-08-01 18:37:52	11	162	2416	14	WITH metrics AS (SELECT multiIf((event_type = \'MergeParts\') AND (error = 0), \'merges_finished\', (event_type = \'MergeParts\') AND (error != 0), \'merges_failed\', (event_type = \'MutatePart\') AND (error = 0), \'mutate_part_finished\', (event_type = \'MutatePart\') AND (error != 0), \'mutate_part_failed\', NULL
2026-08-01 18:37:52	9	0	0	1	WITH failed_mutations AS (SELECT toDateTime(create_time) AS ts, count() AS val FROM system.mutations WHERE (ts > toDateTime(_CAST(\'1785609341.239\', \'DateTime64\'))) AND (ts <= toDateTime(_CAST(\'1785609472.365\', \'DateTime64\'))) AND (latest_failed_part != \'\') AND (is_done = 0) GROUP BY ts), failed_muta
2026-08-01 18:37:52	24	3163	594050	129	SELECT CAST(\'0fc3eaab-fbcb-4533-8825-9be9faaea781\', \'UUID\') AS instance_id, CAST(\'c-boneaws-al-46-server-tzy1uvq-0\', \'LowCardinality(String)\') AS node_id, CAST(name, \'LowCardinality(String)\') AS metric, CAST(mapFilter((k, v) -> has(_CAST([\'remote\'], \'Array(String)\'), k), labels), \'Map(LowCardinality
2026-08-01 18:37:52	71	121	35786	112	SELECT CAST(\'0fc3eaab-fbcb-4533-8825-9be9faaea781\', \'UUID\') AS control_plane_id, CAST(\'c-boneaws-al-46-server-tzy1uvq-0\', \'LowCardinality(String)\') AS pod_id, CAST(now64(), \'DateTime64(6)\') AS scrape_ts_microseconds, CAST(event_date, \'Date\') AS event_date, CAST(event_time, \'DateTime\') AS event_time,
2026-08-01 18:37:52	4	378	114440	5	WITH metrics AS (SELECT name AS metric, toFloat64(value) AS val, now() AS ts FROM system.server_settings WHERE multiMatchAny(name, _CAST([\'^max_database_num_to_throw$\', \'^max_database_num_to_warn$\', \'^max_table_num_to_throw$\', \'^max_table_num_to_warn$\', \'^max_concurrent_queries$\'], \'Array(String)\'))
2026-08-01 18:37:54	2	0	0	1	             SELECT                 name,                 toJSONString(labels) as labels_serialized,                 value,                 help,                 type             FROM (                 SELECT   \'ClickHouse_CustomMetric_TotalMemoryUsedByMerges\' AS name,   toFloat64(SUM(memory_usage))
2026-08-01 18:37:54	2	0	0	0	             SELECT                 name,                 toJSONString(labels) as labels_serialized,                 value,                 help,                 type             FROM (                 SELECT   \'ClickHouse_CustomMetric_FailedMutations\' as name,   toFloat64(count()) as value,   \'The 
2026-08-01 18:37:54	2	15	1013	15	             SELECT                 name,                 toJSONString(labels) as labels_serialized,                 value,                 help,                 type             FROM (                 SELECT     \'ClickHouse_MetricsCollection_CustomMetricsSystemTable\' AS name,     toFloat64(1) AS va
2026-08-01 18:37:55	28	1	573	1	         SELECT             count(*),             create_table_query         FROM system.tables         WHERE database = \'system\'         AND name = \'system_tables_tracking_boneaws_al_46\'         GROUP by create_table_query
2026-08-01 18:37:55	2	2	55	1	SELECT COUNT() FROM system.databases WHERE name = \'default\' AND engine = \'Shared\'
2026-08-01 18:37:55	1	1	1	1	SELECT hostname()
2026-08-01 18:37:55	16	143	1539	1	SELECT avg(ProfileEvent_OSCPUWaitMicroseconds) as cpu_wait FROM  system.metric_log  WHERE event_time > now() - INTERVAL 2 MINUTE AND event_date >= yesterday()
2026-08-01 18:37:55	4	4	16641	2	SELECT count() as count, sum(elapsed) as total_elapsed, \'lh\' as usr FROM system.processes  WHERE user = \'observability-internal\' AND client_hostname LIKE \'loghouse-scraper%\'  UNION ALL SELECT count() as count, sum(elapsed) as total_elapsed, \'other\' as usr FROM system.processes  WHERE user != \'observ
2026-08-01 18:37:55	1	876	366588	1	SELECT value FROM system.asynchronous_metrics WHERE metric = \'OSMemoryAvailable\' ;
2026-08-01 18:37:55	600	0	0	0	SYSTEM FLUSH LOGS
2026-08-01 18:37:55	2	27	6373	22	         SELECT             name,             uuid,             hostname() as h,             data_paths[1] as data_path         FROM system.tables         WHERE database = \'system\'         AND (name LIKE \'%_log\' OR name LIKE \'%_log_%\')         AND (storage_policy = \'plain_rewritable_system_tables\' O
2026-08-01 18:37:55	10	66	8619	22	 SELECT hostname() as executing_replica, uuid, name, origin_replica, attached_replica_id FROM system.system_tables_tracking_boneaws_al_46 WHERE attached_replica_id = \'c-boneaws-al-46-server-tzy1uvq-0\' OR attached_replica_id IS NULL OR origin_replica = \'c-boneaws-al-46-server-tzy1uvq-0\'        
2026-08-01 18:37:55	0	0	0	0	SYSTEM REPLICA READY
2026-08-01 18:37:55	26	391	120780	1	         WITH (             SELECT coalesce(value, \'false\')             FROM system.server_settings             WHERE name = \'dictionaries_lazy_load\'         ) as lazy SELECT count() as total, countIf(status = \'LOADED\') as loaded, countIf(status = \'LOADING\') as loading, countIf(status 
2026-08-01 18:37:56	3	1	5438	1	SELECT count() FROM system.processes WHERE (initial_user NOT IN _CAST([\'backups-internal\', \'management-internal\', \'monitoring-internal\', \'observability-internal\', \'operator-internal\', \'prometheus-exporter\', \'prometheus-internal\', \'operator-cert-internal\', \'availability-monitoring-internal\', \'\'], \'Ar
2026-08-01 18:37:56	2	122	1720	1	SELECT countIf(database = \'system\') as systemParts, countIf(database != \'system\') as nonSystemParts FROM system.parts where active
2026-08-01 18:37:56	2	1	1786	1	SELECT countIf(database = \'system\') as systemMerges, countIf(database != \'system\') as nonSystemMerges FROM system.merges
2026-08-01 18:37:57	605	0	0	0	SYSTEM FLUSH LOGS
2026-08-01 18:37:57	2	2	55	1	SELECT COUNT() FROM system.databases WHERE name = \'default\' AND engine = \'Shared\'
2026-08-01 18:37:57	1	1	1	1	SELECT hostname()
2026-08-01 18:37:57	28	1	573	1	         SELECT             count(*),             create_table_query         FROM system.tables         WHERE database = \'system\'         AND name = \'system_tables_tracking_boneaws_al_46\'         GROUP by create_table_query
2026-08-01 18:37:57	3	27	6373	22	         SELECT             name,             uuid,             hostname() as h,             data_paths[1] as data_path         FROM system.tables         WHERE database = \'system\'         AND (name LIKE \'%_log\' OR name LIKE \'%_log_%\')         AND (storage_policy = \'plain_rewritable_system_tables\' O
2026-08-01 18:37:57	9	66	8619	22	 SELECT hostname() as executing_replica, uuid, name, origin_replica, attached_replica_id FROM system.system_tables_tracking_boneaws_al_46 WHERE attached_replica_id = \'c-boneaws-al-46-server-tzy1uvq-0\' OR attached_replica_id IS NULL OR origin_replica = \'c-boneaws-al-46-server-tzy1uvq-0\'        
2026-08-01 18:37:57	0	0	0	0	SYSTEM REPLICA READY
2026-08-01 18:37:57	6	391	120780	1	         WITH (             SELECT coalesce(value, \'false\')             FROM system.server_settings             WHERE name = \'dictionaries_lazy_load\'         ) as lazy SELECT count() as total, countIf(status = \'LOADED\') as loaded, countIf(status = \'LOADING\') as loading, countIf(status 
2026-08-01 18:37:59	3	6	213	0	             SELECT                 name,                 toJSONString(labels) as labels_serialized,                 value,                 help,                 type             FROM (                 SELECT   \'ClickHouse_CustomMetric_DatabaseReplicatedRecoveryTime\' as name,   toFloat64(recovery_ti
2026-08-01 18:37:59	2	15	1013	15	             SELECT                 name,                 toJSONString(labels) as labels_serialized,                 value,                 help,                 type             FROM (                 SELECT     \'ClickHouse_MetricsCollection_CustomMetricsSystemTable\' AS name,     toFloat64(1) AS va
2026-08-01 18:37:59	1	0	0	1	             SELECT                 name,                 toJSONString(labels) as labels_serialized,                 value,                 help,                 type             FROM (                 SELECT   \'ClickHouse_CustomMetric_TotalMemoryUsedByAsynchronousInserts\' AS name,   toFloat64(SUM(t
2026-08-01 18:38:03	643	0	0	0	SYSTEM FLUSH LOGS
2026-08-01 18:38:03	2	2	55	1	SELECT COUNT() FROM system.databases WHERE name = \'default\' AND engine = \'Shared\'
2026-08-01 18:38:03	1	1	1	1	SELECT hostname()
2026-08-01 18:38:03	28	1	573	1	         SELECT             count(*),             create_table_query         FROM system.tables         WHERE database = \'system\'         AND name = \'system_tables_tracking_boneaws_al_46\'         GROUP by create_table_query
2026-08-01 18:38:03	3	27	6373	22	         SELECT             name,             uuid,             hostname() as h,             data_paths[1] as data_path         FROM system.tables         WHERE database = \'system\'         AND (name LIKE \'%_log\' OR name LIKE \'%_log_%\')         AND (storage_policy = \'plain_rewritable_system_tables\' O
2026-08-01 18:38:03	10	66	8619	22	 SELECT hostname() as executing_replica, uuid, name, origin_replica, attached_replica_id FROM system.system_tables_tracking_boneaws_al_46 WHERE attached_replica_id = \'c-boneaws-al-46-server-tzy1uvq-0\' OR attached_replica_id IS NULL OR origin_replica = \'c-boneaws-al-46-server-tzy1uvq-0\'        
2026-08-01 18:38:03	0	0	0	0	SYSTEM REPLICA READY
2026-08-01 18:38:03	7	391	120780	1	         WITH (             SELECT coalesce(value, \'false\')             FROM system.server_settings             WHERE name = \'dictionaries_lazy_load\'         ) as lazy SELECT count() as total, countIf(status = \'LOADED\') as loaded, countIf(status = \'LOADING\') as loading, countIf(status 
2026-08-01 18:38:04	3	6	213	0	             SELECT                 name,                 toJSONString(labels) as labels_serialized,                 value,                 help,                 type             FROM (                 SELECT   \'ClickHouse_CustomMetric_SharedCatalogRecoveryTime\' as name,   toFloat64(recovery_time) a
2026-08-01 18:38:05	6	130	31856	130	SELECT             name,             value,             help,             JSONExtract(labels_serialized, \'Map(String, String)\') as labels,             type         FROM merge(system, \'^_custom_metrics_dictionary_.*\')         FORMAT Prometheus
2026-08-01 18:38:06	2	127	1795	1	SELECT countIf(database = \'system\') as systemParts, countIf(database != \'system\') as nonSystemParts FROM system.parts where active
2026-08-01 18:38:06	2	1	5438	1	SELECT count() FROM system.processes WHERE (initial_user NOT IN _CAST([\'backups-internal\', \'management-internal\', \'monitoring-internal\', \'observability-internal\', \'operator-internal\', \'prometheus-exporter\', \'prometheus-internal\', \'operator-cert-internal\', \'availability-monitoring-internal\', \'\'], \'Ar
2026-08-01 18:38:06	2	0	0	1	SELECT countIf(database = \'system\') as systemMerges, countIf(database != \'system\') as nonSystemMerges FROM system.merges
2026-08-01 18:38:09	2	13	6340	1	             SELECT                 name,                 toJSONString(labels) as labels_serialized,                 value,                 help,                 type             FROM (                 SELECT   \'ClickHouse_CustomMetric_TotalMemoryUsedByDictionaries\' AS name,   toFloat64(SUM(bytes_al
2026-08-01 18:38:09	601	0	0	0	SYSTEM FLUSH LOGS
2026-08-01 18:38:09	2	2	55	1	SELECT COUNT() FROM system.databases WHERE name = \'default\' AND engine = \'Shared\'
2026-08-01 18:38:09	1	1	1	1	SELECT hostname()
2026-08-01 18:38:09	26	1	573	1	         SELECT             count(*),             create_table_query         FROM system.tables         WHERE database = \'system\'         AND name = \'system_tables_tracking_boneaws_al_46\'         GROUP by create_table_query
2026-08-01 18:38:09	3	27	6373	22	         SELECT             name,             uuid,             hostname() as h,             data_paths[1] as data_path         FROM system.tables         WHERE database = \'system\'         AND (name LIKE \'%_log\' OR name LIKE \'%_log_%\')         AND (storage_policy = \'plain_rewritable_system_tables\' O
2026-08-01 18:38:09	9	66	8619	22	 SELECT hostname() as executing_replica, uuid, name, origin_replica, attached_replica_id FROM system.system_tables_tracking_boneaws_al_46 WHERE attached_replica_id = \'c-boneaws-al-46-server-tzy1uvq-0\' OR attached_replica_id IS NULL OR origin_replica = \'c-boneaws-al-46-server-tzy1uvq-0\'        
2026-08-01 18:38:09	0	0	0	0	SYSTEM REPLICA READY
2026-08-01 18:38:09	6	391	120780	1	         WITH (             SELECT coalesce(value, \'false\')             FROM system.server_settings             WHERE name = \'dictionaries_lazy_load\'         ) as lazy SELECT count() as total, countIf(status = \'LOADED\') as loaded, countIf(status = \'LOADING\') as loading, countIf(status 
2026-08-01 18:38:14	3	6	213	0	             SELECT                 name,                 toJSONString(labels) as labels_serialized,                 value,                 help,                 type             FROM (                 SELECT   \'ClickHouse_CustomMetric_DatabaseReplicatedRecoveryTime\' as name,   toFloat64(recovery_ti
2026-08-01 18:38:14	7	130	31856	130	SELECT             name,             value,             help,             JSONExtract(labels_serialized, \'Map(String, String)\') as labels,             type         FROM merge(system, \'^_custom_metrics_dictionary_.*\')         FORMAT Prometheus
2026-08-01 18:38:15	2	2	55	1	SELECT COUNT() FROM system.databases WHERE name = \'default\' AND engine = \'Shared\'
2026-08-01 18:38:15	711	0	0	0	SYSTEM FLUSH LOGS
2026-08-01 18:38:15	1	1	1	1	SELECT hostname()
2026-08-01 18:38:16	28	1	573	1	         SELECT             count(*),             create_table_query         FROM system.tables         WHERE database = \'system\'         AND name = \'system_tables_tracking_boneaws_al_46\'         GROUP by create_table_query
2026-08-01 18:38:16	3	27	6373	22	         SELECT             name,             uuid,             hostname() as h,             data_paths[1] as data_path         FROM system.tables         WHERE database = \'system\'         AND (name LIKE \'%_log\' OR name LIKE \'%_log_%\')         AND (storage_policy = \'plain_rewritable_system_tables\' O
2026-08-01 18:38:16	11	66	8619	22	 SELECT hostname() as executing_replica, uuid, name, origin_replica, attached_replica_id FROM system.system_tables_tracking_boneaws_al_46 WHERE attached_replica_id = \'c-boneaws-al-46-server-tzy1uvq-0\' OR attached_replica_id IS NULL OR origin_replica = \'c-boneaws-al-46-server-tzy1uvq-0\'        
2026-08-01 18:38:16	0	0	0	0	SYSTEM REPLICA READY
2026-08-01 18:38:16	6	391	120780	1	         WITH (             SELECT coalesce(value, \'false\')             FROM system.server_settings             WHERE name = \'dictionaries_lazy_load\'         ) as lazy SELECT count() as total, countIf(status = \'LOADED\') as loaded, countIf(status = \'LOADING\') as loading, countIf(status 
2026-08-01 18:38:16	2	1	5438	1	SELECT count() FROM system.processes WHERE (initial_user NOT IN _CAST([\'backups-internal\', \'management-internal\', \'monitoring-internal\', \'observability-internal\', \'operator-internal\', \'prometheus-exporter\', \'prometheus-internal\', \'operator-cert-internal\', \'availability-monitoring-internal\', \'\'], \'Ar
2026-08-01 18:38:16	2	123	1735	1	SELECT countIf(database = \'system\') as systemParts, countIf(database != \'system\') as nonSystemParts FROM system.parts where active
2026-08-01 18:38:16	2	0	0	1	SELECT countIf(database = \'system\') as systemMerges, countIf(database != \'system\') as nonSystemMerges FROM system.merges
2026-08-01 18:38:19	2	59	472	1	             SELECT                 name,                 toJSONString(labels) as labels_serialized,                 value,                 help,                 type             FROM (                 SELECT   \'ClickHouse_CustomMetric_TotalMemoryUsedByDataSkippingIndices\' AS name,   toFloat64(SUM(d
2026-08-01 18:38:21	6	130	31856	130	SELECT             name,             value,             help,             JSONExtract(labels_serialized, \'Map(String, String)\') as labels,             type         FROM merge(system, \'^_custom_metrics_dictionary_.*\')         FORMAT Prometheus
2026-08-01 18:38:22	1	1	1	1	SELECT hostname()
2026-08-01 18:38:22	2	2	55	1	SELECT COUNT() FROM system.databases WHERE name = \'default\' AND engine = \'Shared\'
2026-08-01 18:38:22	719	0	0	0	SYSTEM FLUSH LOGS
2026-08-01 18:38:22	27	1	573	1	         SELECT             count(*),             create_table_query         FROM system.tables         WHERE database = \'system\'         AND name = \'system_tables_tracking_boneaws_al_46\'         GROUP by create_table_query
2026-08-01 18:38:22	3	27	6373	22	         SELECT             name,             uuid,             hostname() as h,             data_paths[1] as data_path         FROM system.tables         WHERE database = \'system\'         AND (name LIKE \'%_log\' OR name LIKE \'%_log_%\')         AND (storage_policy = \'plain_rewritable_system_tables\' O
2026-08-01 18:38:22	9	66	8619	22	 SELECT hostname() as executing_replica, uuid, name, origin_replica, attached_replica_id FROM system.system_tables_tracking_boneaws_al_46 WHERE attached_replica_id = \'c-boneaws-al-46-server-tzy1uvq-0\' OR attached_replica_id IS NULL OR origin_replica = \'c-boneaws-al-46-server-tzy1uvq-0\'        
2026-08-01 18:38:22	0	0	0	0	SYSTEM REPLICA READY
2026-08-01 18:38:22	6	391	120780	1	         WITH (             SELECT coalesce(value, \'false\')             FROM system.server_settings             WHERE name = \'dictionaries_lazy_load\'         ) as lazy SELECT count() as total, countIf(status = \'LOADED\') as loaded, countIf(status = \'LOADING\') as loading, countIf(status 
2026-08-01 18:38:24	1	0	0	1	             SELECT                 name,                 toJSONString(labels) as labels_serialized,                 value,                 help,                 type             FROM (                 SELECT   \'ClickHouse_CustomMetric_TotalMemoryUsedByAsynchronousInserts\' AS name,   toFloat64(SUM(t
2026-08-01 18:38:24	3	6	213	0	             SELECT                 name,                 toJSONString(labels) as labels_serialized,                 value,                 help,                 type             FROM (                 SELECT   \'ClickHouse_CustomMetric_SharedCatalogRecoveryTime\' as name,   toFloat64(recovery_time) a
2026-08-01 18:38:25	17	839	11634	1	SELECT avg(ProfileEvent_OSCPUWaitMicroseconds) as cpu_wait FROM  system.metric_log  WHERE event_time > now() - INTERVAL 2 MINUTE AND event_date >= yesterday()
2026-08-01 18:38:25	4	2	10208	2	SELECT count() as count, sum(elapsed) as total_elapsed, \'lh\' as usr FROM system.processes  WHERE user = \'observability-internal\' AND client_hostname LIKE \'loghouse-scraper%\'  UNION ALL SELECT count() as count, sum(elapsed) as total_elapsed, \'other\' as usr FROM system.processes  WHERE user != \'observ
2026-08-01 18:38:25	1	875	366447	1	SELECT value FROM system.asynchronous_metrics WHERE metric = \'OSMemoryAvailable\' ;
2026-08-01 18:38:26	3	1	5438	1	SELECT count() FROM system.processes WHERE (initial_user NOT IN _CAST([\'backups-internal\', \'management-internal\', \'monitoring-internal\', \'observability-internal\', \'operator-internal\', \'prometheus-exporter\', \'prometheus-internal\', \'operator-cert-internal\', \'availability-monitoring-internal\', \'\'], \'Ar
2026-08-01 18:38:26	2	124	1750	1	SELECT countIf(database = \'system\') as systemParts, countIf(database != \'system\') as nonSystemParts FROM system.parts where active
2026-08-01 18:38:26	2	0	0	1	SELECT countIf(database = \'system\') as systemMerges, countIf(database != \'system\') as nonSystemMerges FROM system.merges
2026-08-01 18:38:28	2	2	55	1	SELECT COUNT() FROM system.databases WHERE name = \'default\' AND engine = \'Shared\'
2026-08-01 18:38:28	650	0	0	0	SYSTEM FLUSH LOGS
2026-08-01 18:38:28	1	1	1	1	SELECT hostname()
2026-08-01 18:38:28	27	1	573	1	         SELECT             count(*),             create_table_query         FROM system.tables         WHERE database = \'system\'         AND name = \'system_tables_tracking_boneaws_al_46\'         GROUP by create_table_query
2026-08-01 18:38:28	3	27	6373	22	         SELECT             name,             uuid,             hostname() as h,             data_paths[1] as data_path         FROM system.tables         WHERE database = \'system\'         AND (name LIKE \'%_log\' OR name LIKE \'%_log_%\')         AND (storage_policy = \'plain_rewritable_system_tables\' O
2026-08-01 18:38:28	11	66	8619	22	 SELECT hostname() as executing_replica, uuid, name, origin_replica, attached_replica_id FROM system.system_tables_tracking_boneaws_al_46 WHERE attached_replica_id = \'c-boneaws-al-46-server-tzy1uvq-0\' OR attached_replica_id IS NULL OR origin_replica = \'c-boneaws-al-46-server-tzy1uvq-0\'        
2026-08-01 18:38:28	0	0	0	0	SYSTEM REPLICA READY
2026-08-01 18:38:28	6	391	120780	1	         WITH (             SELECT coalesce(value, \'false\')             FROM system.server_settings             WHERE name = \'dictionaries_lazy_load\'         ) as lazy SELECT count() as total, countIf(status = \'LOADED\') as loaded, countIf(status = \'LOADING\') as loading, countIf(status 
2026-08-01 18:38:29	3	14	9020	0	             SELECT                 name,                 toJSONString(labels) as labels_serialized,                 value,                 help,                 type             FROM (                 SELECT   \'clickhouse_table_replica_readonly_start_timestamp_seconds\' as name,   toFloat64(toUnixTi
2026-08-01 18:38:29	3	6	213	0	             SELECT                 name,                 toJSONString(labels) as labels_serialized,                 value,                 help,                 type             FROM (                 SELECT   \'ClickHouse_CustomMetric_DatabaseReplicatedRecoveryTime\' as name,   toFloat64(recovery_ti
2026-08-01 18:38:34	1	6	2128	6	             SELECT                 name,                 toJSONString(labels) as labels_serialized,                 value,                 help,                 type             FROM (                 SELECT   concat(\'clickhouse_\', system.dimensional_metrics.metric) AS name,   toFloat64(system.dime
2026-08-01 18:38:34	2	13	6340	1	             SELECT                 name,                 toJSONString(labels) as labels_serialized,                 value,                 help,                 type             FROM (                 SELECT   \'ClickHouse_CustomMetric_TotalMemoryUsedByDictionaries\' AS name,   toFloat64(SUM(bytes_al
2026-08-01 18:38:34	2	15	1013	15	             SELECT                 name,                 toJSONString(labels) as labels_serialized,                 value,                 help,                 type             FROM (                 SELECT     \'ClickHouse_MetricsCollection_CustomMetricsSystemTable\' AS name,     toFloat64(1) AS va
2026-08-01 18:38:34	504	0	0	0	SYSTEM FLUSH LOGS
2026-08-01 18:38:34	2	2	55	1	SELECT COUNT() FROM system.databases WHERE name = \'default\' AND engine = \'Shared\'
2026-08-01 18:38:34	0	1	1	1	SELECT hostname()
2026-08-01 18:38:34	22	1	573	1	         SELECT             count(*),             create_table_query         FROM system.tables         WHERE database = \'system\'         AND name = \'system_tables_tracking_boneaws_al_46\'         GROUP by create_table_query
2026-08-01 18:38:34	3	27	6373	22	         SELECT             name,             uuid,             hostname() as h,             data_paths[1] as data_path         FROM system.tables         WHERE database = \'system\'         AND (name LIKE \'%_log\' OR name LIKE \'%_log_%\')         AND (storage_policy = \'plain_rewritable_system_tables\' O
2026-08-01 18:38:34	10	66	8619	22	 SELECT hostname() as executing_replica, uuid, name, origin_replica, attached_replica_id FROM system.system_tables_tracking_boneaws_al_46 WHERE attached_replica_id = \'c-boneaws-al-46-server-tzy1uvq-0\' OR attached_replica_id IS NULL OR origin_replica = \'c-boneaws-al-46-server-tzy1uvq-0\'        
2026-08-01 18:38:34	0	0	0	0	SYSTEM REPLICA READY
2026-08-01 18:38:34	6	391	120780	1	         WITH (             SELECT coalesce(value, \'false\')             FROM system.server_settings             WHERE name = \'dictionaries_lazy_load\'         ) as lazy SELECT count() as total, countIf(status = \'LOADED\') as loaded, countIf(status = \'LOADING\') as loading, countIf(status 
2026-08-01 18:38:35	6	130	31856	130	SELECT             name,             value,             help,             JSONExtract(labels_serialized, \'Map(String, String)\') as labels,             type         FROM merge(system, \'^_custom_metrics_dictionary_.*\')         FORMAT Prometheus
2026-08-01 18:38:36	2	128	1810	1	SELECT countIf(database = \'system\') as systemParts, countIf(database != \'system\') as nonSystemParts FROM system.parts where active
2026-08-01 18:38:36	2	2	12834	1	SELECT count() FROM system.processes WHERE (initial_user NOT IN _CAST([\'backups-internal\', \'management-internal\', \'monitoring-internal\', \'observability-internal\', \'operator-internal\', \'prometheus-exporter\', \'prometheus-internal\', \'operator-cert-internal\', \'availability-monitoring-internal\', \'\'], \'Ar
2026-08-01 18:38:36	2	0	0	1	SELECT countIf(database = \'system\') as systemMerges, countIf(database != \'system\') as nonSystemMerges FROM system.merges
2026-08-01 18:38:36	24	3156	593118	129	SELECT CAST(\'0fc3eaab-fbcb-4533-8825-9be9faaea781\', \'UUID\') AS instance_id, CAST(\'c-boneaws-al-46-server-tzy1uvq-0\', \'LowCardinality(String)\') AS node_id, CAST(name, \'LowCardinality(String)\') AS metric, CAST(mapFilter((k, v) -> has(_CAST([\'remote\'], \'Array(String)\'), k), labels), \'Map(LowCardinality
2026-08-01 18:38:38	12	8271	2438357	318	SELECT now64(6) as scrape_time_microseconds, \'tzy1uvq\' AS pod_ident, \'boneaws-al-46\' AS spoken_name, \'cell-1\' AS cell, \'ap-south-1\' AS region, \'aws\' AS cloud_provider, \'26.2.1.525\' AS clickhouse_version, \'0fc3eaab-fbcb-4533-8825-9be9faaea781\' AS control_plane_id, \'aarch64\' AS system_processor, * FRO
2026-08-01 18:38:38	30	2132	5034831	318	SELECT now64(6) as scrape_time_microseconds, \'tzy1uvq\' AS pod_ident, \'boneaws-al-46\' AS spoken_name, \'cell-1\' AS cell, \'ap-south-1\' AS region, \'aws\' AS cloud_provider, \'26.2.1.525\' AS clickhouse_version, \'0fc3eaab-fbcb-4533-8825-9be9faaea781\' AS control_plane_id, \'aarch64\' AS system_processor, * FRO
2026-08-01 18:38:39	18	16575	3934082	5313	SELECT now64(6) as scrape_time_microseconds, \'tzy1uvq\' AS pod_ident, \'boneaws-al-46\' AS spoken_name, \'cell-1\' AS cell, \'ap-south-1\' AS region, \'aws\' AS cloud_provider, \'26.2.1.525\' AS clickhouse_version, \'0fc3eaab-fbcb-4533-8825-9be9faaea781\' AS control_plane_id, \'aarch64\' AS system_processor, * FRO
2026-08-01 18:38:39	2	1	5022	1	             SELECT                 name,                 toJSONString(labels) as labels_serialized,                 value,                 help,                 type             FROM (                 SELECT   \'ClickHouse_CustomMetric_TotalMemoryUsedByQueries\' AS name,   toFloat64(SUM(peak_memory_u
2026-08-01 18:38:40	658	0	0	0	SYSTEM FLUSH LOGS
2026-08-01 18:38:40	2	2	55	1	SELECT COUNT() FROM system.databases WHERE name = \'default\' AND engine = \'Shared\'
2026-08-01 18:38:40	1	1	1	1	SELECT hostname()
2026-08-01 18:38:40	25	1	573	1	         SELECT             count(*),             create_table_query         FROM system.tables         WHERE database = \'system\'         AND name = \'system_tables_tracking_boneaws_al_46\'         GROUP by create_table_query
2026-08-01 18:38:40	3	27	6373	22	         SELECT             name,             uuid,             hostname() as h,             data_paths[1] as data_path         FROM system.tables         WHERE database = \'system\'         AND (name LIKE \'%_log\' OR name LIKE \'%_log_%\')         AND (storage_policy = \'plain_rewritable_system_tables\' O
2026-08-01 18:38:40	9	66	8619	22	 SELECT hostname() as executing_replica, uuid, name, origin_replica, attached_replica_id FROM system.system_tables_tracking_boneaws_al_46 WHERE attached_replica_id = \'c-boneaws-al-46-server-tzy1uvq-0\' OR attached_replica_id IS NULL OR origin_replica = \'c-boneaws-al-46-server-tzy1uvq-0\'        
2026-08-01 18:38:40	0	0	0	0	SYSTEM REPLICA READY
2026-08-01 18:38:40	6	391	120780	1	         WITH (             SELECT coalesce(value, \'false\')             FROM system.server_settings             WHERE name = \'dictionaries_lazy_load\'         ) as lazy SELECT count() as total, countIf(status = \'LOADED\') as loaded, countIf(status = \'LOADING\') as loading, countIf(status 
2026-08-01 18:38:43	15	7214	3855211	139	SELECT now64(6) as scrape_time_microseconds, \'tzy1uvq\' AS pod_ident, \'boneaws-al-46\' AS spoken_name, \'cell-1\' AS cell, \'ap-south-1\' AS region, \'aws\' AS cloud_provider, \'26.2.1.525\' AS clickhouse_version, \'0fc3eaab-fbcb-4533-8825-9be9faaea781\' AS control_plane_id, \'aarch64\' AS system_processor, * FRO
2026-08-01 18:38:44	1	0	0	1	             SELECT                 name,                 toJSONString(labels) as labels_serialized,                 value,                 help,                 type             FROM (                 SELECT   \'ClickHouse_CustomMetric_TotalMemoryUsedByMerges\' AS name,   toFloat64(SUM(memory_usage))
2026-08-01 18:38:44	2	0	0	0	             SELECT                 name,                 toJSONString(labels) as labels_serialized,                 value,                 help,                 type             FROM (                 SELECT   \'ClickHouse_CustomMetric_FailedMutations\' as name,   toFloat64(count()) as value,   \'The 
2026-08-01 18:38:44	3	14	9020	0	             SELECT                 name,                 toJSONString(labels) as labels_serialized,                 value,                 help,                 type             FROM (                 SELECT   \'clickhouse_table_replica_readonly_start_timestamp_seconds\' as name,   toFloat64(toUnixTi
2026-08-01 18:38:44	3	6	213	0	             SELECT                 name,                 toJSONString(labels) as labels_serialized,                 value,                 help,                 type             FROM (                 SELECT   \'ClickHouse_CustomMetric_DatabaseReplicatedRecoveryTime\' as name,   toFloat64(recovery_ti
2026-08-01 18:38:44	6	130	31856	130	SELECT             name,             value,             help,             JSONExtract(labels_serialized, \'Map(String, String)\') as labels,             type         FROM merge(system, \'^_custom_metrics_dictionary_.*\')         FORMAT Prometheus
2026-08-01 18:38:44	4	1530	559331	1530	SELECT  now64(6) as scrape_time_microseconds, \'tzy1uvq\' AS pod_ident, \'boneaws-al-46\' AS spoken_name, \'cell-1\' AS cell, \'ap-south-1\' AS region, \'aws\' AS cloud_provider, \'26.2.1.525\' AS clickhouse_version, \'0fc3eaab-fbcb-4533-8825-9be9faaea781\' AS control_plane_id, \'aarch64\' AS system_processor, * FR
2026-08-01 18:38:45	174	785	2142170	120	SELECT now64(6) as scrape_time_microseconds, \'tzy1uvq\' AS pod_ident, \'boneaws-al-46\' AS spoken_name, \'cell-1\' AS cell, \'ap-south-1\' AS region, \'aws\' AS cloud_provider, \'26.2.1.525\' AS clickhouse_version, \'0fc3eaab-fbcb-4533-8825-9be9faaea781\' AS control_plane_id, \'aarch64\' AS system_processor, * FRO
2026-08-01 18:38:46	10	66	8619	22	 SELECT hostname() as executing_replica, uuid, name, origin_replica, attached_replica_id FROM system.system_tables_tracking_boneaws_al_46 WHERE attached_replica_id = \'c-boneaws-al-46-server-tzy1uvq-0\' OR attached_replica_id IS NULL OR origin_replica = \'c-boneaws-al-46-server-tzy1uvq-0\'        
2026-08-01 18:38:46	3	2	7298	1	SELECT count() FROM system.processes WHERE (initial_user NOT IN _CAST([\'backups-internal\', \'management-internal\', \'monitoring-internal\', \'observability-internal\', \'operator-internal\', \'prometheus-exporter\', \'prometheus-internal\', \'operator-cert-internal\', \'availability-monitoring-internal\', \'\'], \'Ar
2026-08-01 18:38:46	98	135	1915	1	SELECT countIf(database = \'system\') as systemParts, countIf(database != \'system\') as nonSystemParts FROM system.parts where active
2026-08-01 18:38:46	2	3	4590	1	SELECT countIf(database = \'system\') as systemMerges, countIf(database != \'system\') as nonSystemMerges FROM system.merges
2026-08-01 18:38:46	594	0	0	0	SYSTEM FLUSH LOGS
2026-08-01 18:38:46	2	2	55	1	SELECT COUNT() FROM system.databases WHERE name = \'default\' AND engine = \'Shared\'
2026-08-01 18:38:46	0	1	1	1	SELECT hostname()
2026-08-01 18:38:46	26	1	573	1	         SELECT             count(*),             create_table_query         FROM system.tables         WHERE database = \'system\'         AND name = \'system_tables_tracking_boneaws_al_46\'         GROUP by create_table_query
2026-08-01 18:38:46	3	27	6373	22	         SELECT             name,             uuid,             hostname() as h,             data_paths[1] as data_path         FROM system.tables         WHERE database = \'system\'         AND (name LIKE \'%_log\' OR name LIKE \'%_log_%\')         AND (storage_policy = \'plain_rewritable_system_tables\' O
2026-08-01 18:38:46	62	787729	12640943	105013	SELECT now64(6) as scrape_time_microseconds, \'tzy1uvq\' AS pod_ident, \'boneaws-al-46\' AS spoken_name, \'cell-1\' AS cell, \'ap-south-1\' AS region, \'aws\' AS cloud_provider, \'26.2.1.525\' AS clickhouse_version, \'0fc3eaab-fbcb-4533-8825-9be9faaea781\' AS control_plane_id, \'aarch64\' AS system_processor, * FRO
2026-08-01 18:38:46	0	0	0	0	SYSTEM REPLICA READY
2026-08-01 18:38:46	5	391	120780	1	         WITH (             SELECT coalesce(value, \'false\')             FROM system.server_settings             WHERE name = \'dictionaries_lazy_load\'         ) as lazy SELECT count() as total, countIf(status = \'LOADED\') as loaded, countIf(status = \'LOADING\') as loading, countIf(status 
2026-08-01 18:38:47	17	21149	5188966	10424	SELECT now64(6) as scrape_time_microseconds, \'tzy1uvq\' AS pod_ident, \'boneaws-al-46\' AS spoken_name, \'cell-1\' AS cell, \'ap-south-1\' AS region, \'aws\' AS cloud_provider, \'26.2.1.525\' AS clickhouse_version, \'0fc3eaab-fbcb-4533-8825-9be9faaea781\' AS control_plane_id, \'aarch64\' AS system_processor, * FRO
2026-08-01 18:38:49	19	22477	5068508	15089	SELECT now64(6) as scrape_time_microseconds, \'tzy1uvq\' AS pod_ident, \'boneaws-al-46\' AS spoken_name, \'cell-1\' AS cell, \'ap-south-1\' AS region, \'aws\' AS cloud_provider, \'26.2.1.525\' AS clickhouse_version, \'0fc3eaab-fbcb-4533-8825-9be9faaea781\' AS control_plane_id, \'aarch64\' AS system_processor, * FRO
2026-08-01 18:38:49	1	0	0	1	             SELECT                 name,                 toJSONString(labels) as labels_serialized,                 value,                 help,                 type             FROM (                 SELECT   \'ClickHouse_CustomMetric_TotalMemoryUsedByMerges\' AS name,   toFloat64(SUM(memory_usage))
2026-08-01 18:38:51	6	130	31856	130	SELECT             name,             value,             help,             JSONExtract(labels_serialized, \'Map(String, String)\') as labels,             type         FROM merge(system, \'^_custom_metrics_dictionary_.*\')         FORMAT Prometheus
2026-08-01 18:38:52	683	0	0	0	SYSTEM FLUSH LOGS
2026-08-01 18:38:52	2	2	55	1	SELECT COUNT() FROM system.databases WHERE name = \'default\' AND engine = \'Shared\'
2026-08-01 18:38:52	1	1	1	1	SELECT hostname()
2026-08-01 18:38:52	26	1	573	1	         SELECT             count(*),             create_table_query         FROM system.tables         WHERE database = \'system\'         AND name = \'system_tables_tracking_boneaws_al_46\'         GROUP by create_table_query
2026-08-01 18:38:52	3	27	6373	22	         SELECT             name,             uuid,             hostname() as h,             data_paths[1] as data_path         FROM system.tables         WHERE database = \'system\'         AND (name LIKE \'%_log\' OR name LIKE \'%_log_%\')         AND (storage_policy = \'plain_rewritable_system_tables\' O
2026-08-01 18:38:52	10	66	8619	22	 SELECT hostname() as executing_replica, uuid, name, origin_replica, attached_replica_id FROM system.system_tables_tracking_boneaws_al_46 WHERE attached_replica_id = \'c-boneaws-al-46-server-tzy1uvq-0\' OR attached_replica_id IS NULL OR origin_replica = \'c-boneaws-al-46-server-tzy1uvq-0\'        
2026-08-01 18:38:52	0	0	0	0	SYSTEM REPLICA READY
2026-08-01 18:38:52	6	391	120780	1	         WITH (             SELECT coalesce(value, \'false\')             FROM system.server_settings             WHERE name = \'dictionaries_lazy_load\'         ) as lazy SELECT count() as total, countIf(status = \'LOADED\') as loaded, countIf(status = \'LOADING\') as loading, countIf(status 
2026-08-01 18:38:53	0	0	0	0	SYSTEM PAUSE VIEWS
2026-08-01 18:38:53	0	0	0	0	SYSTEM STOP LISTEN CUSTOM \'tcp\'
2026-08-01 18:38:53	0	0	0	0	SYSTEM STOP LISTEN CUSTOM \'tcp_secure\'
2026-08-01 18:38:53	0	0	0	0	SYSTEM STOP LISTEN CUSTOM \'http\'
2026-08-01 18:38:53	0	0	0	0	SYSTEM STOP LISTEN CUSTOM \'http_secure\'
2026-08-01 18:38:53	0	0	0	0	SYSTEM STOP LISTEN CUSTOM \'tcp_over_proxy\'
2026-08-01 18:38:53	0	0	0	0	SYSTEM STOP LISTEN CUSTOM \'http_over_proxy\'
2026-08-01 18:38:53	0	0	0	0	SYSTEM STOP LISTEN CUSTOM \'mysql\'
2026-08-01 18:38:53	716	0	0	0	SYSTEM FLUSH LOGS
2026-08-01 18:38:53	1	1	1	1	SELECT subtractSeconds(now(), 15) FORMAT TabSeparatedRaw
2026-08-01 18:38:58	673	0	0	0	SYSTEM FLUSH LOGS
2026-08-01 18:38:58	2	2	55	1	SELECT COUNT() FROM system.databases WHERE name = \'default\' AND engine = \'Shared\'
2026-08-01 18:38:58	1	1	1	1	SELECT hostname()
2026-08-01 18:38:58	30	1	573	1	         SELECT             count(*),             create_table_query         FROM system.tables         WHERE database = \'system\'         AND name = \'system_tables_tracking_boneaws_al_46\'         GROUP by create_table_query
2026-08-01 18:38:58	3	27	6373	22	         SELECT             name,             uuid,             hostname() as h,             data_paths[1] as data_path         FROM system.tables         WHERE database = \'system\'         AND (name LIKE \'%_log\' OR name LIKE \'%_log_%\')         AND (storage_policy = \'plain_rewritable_system_tables\' O
2026-08-01 18:38:58	10	66	8619	22	 SELECT hostname() as executing_replica, uuid, name, origin_replica, attached_replica_id FROM system.system_tables_tracking_boneaws_al_46 WHERE attached_replica_id = \'c-boneaws-al-46-server-tzy1uvq-0\' OR attached_replica_id IS NULL OR origin_replica = \'c-boneaws-al-46-server-tzy1uvq-0\'        
2026-08-01 18:38:58	0	0	0	0	SYSTEM REPLICA READY
2026-08-01 18:38:58	6	391	120780	1	         WITH (             SELECT coalesce(value, \'false\')             FROM system.server_settings             WHERE name = \'dictionaries_lazy_load\'         ) as lazy SELECT count() as total, countIf(status = \'LOADED\') as loaded, countIf(status = \'LOADING\') as loading, countIf(status 
2026-08-01 18:39:04	727	0	0	0	SYSTEM FLUSH LOGS
2026-08-01 18:39:04	2	59	472	1	             SELECT                 name,                 toJSONString(labels) as labels_serialized,                 value,                 help,                 type             FROM (                 SELECT   \'ClickHouse_CustomMetric_TotalMemoryUsedByDataSkippingIndices\' AS name,   toFloat64(SUM(d
2026-08-01 18:39:04	2	0	0	0	             SELECT                 name,                 toJSONString(labels) as labels_serialized,                 value,                 help,                 type             FROM (                 SELECT   \'ClickHouse_CustomMetric_FailedMutations\' as name,   toFloat64(count()) as value,   \'The 
2026-08-01 18:39:04	2	2	55	1	SELECT COUNT() FROM system.databases WHERE name = \'default\' AND engine = \'Shared\'
2026-08-01 18:39:04	1	1	1	1	SELECT hostname()
2026-08-01 18:39:04	26	1	573	1	         SELECT             count(*),             create_table_query         FROM system.tables         WHERE database = \'system\'         AND name = \'system_tables_tracking_boneaws_al_46\'         GROUP by create_table_query
2026-08-01 18:39:04	3	27	6373	22	         SELECT             name,             uuid,             hostname() as h,             data_paths[1] as data_path         FROM system.tables         WHERE database = \'system\'         AND (name LIKE \'%_log\' OR name LIKE \'%_log_%\')         AND (storage_policy = \'plain_rewritable_system_tables\' O
2026-08-01 18:39:04	10	66	8619	22	 SELECT hostname() as executing_replica, uuid, name, origin_replica, attached_replica_id FROM system.system_tables_tracking_boneaws_al_46 WHERE attached_replica_id = \'c-boneaws-al-46-server-tzy1uvq-0\' OR attached_replica_id IS NULL OR origin_replica = \'c-boneaws-al-46-server-tzy1uvq-0\'        
2026-08-01 18:39:04	0	0	0	0	SYSTEM REPLICA READY
2026-08-01 18:39:04	7	391	120780	1	         WITH (             SELECT coalesce(value, \'false\')             FROM system.server_settings             WHERE name = \'dictionaries_lazy_load\'         ) as lazy SELECT count() as total, countIf(status = \'LOADED\') as loaded, countIf(status = \'LOADING\') as loading, countIf(status 
2026-08-01 18:39:05	6	140	34265	140	SELECT             name,             value,             help,             JSONExtract(labels_serialized, \'Map(String, String)\') as labels,             type         FROM merge(system, \'^_custom_metrics_dictionary_.*\')         FORMAT Prometheus
2026-08-01 18:39:09	4	6	213	0	             SELECT                 name,                 toJSONString(labels) as labels_serialized,                 value,                 help,                 type             FROM (                 SELECT   \'ClickHouse_CustomMetric_SharedCatalogRecoveryTime\' as name,   toFloat64(recovery_time) a
2026-08-01 18:39:11	548	0	0	0	SYSTEM FLUSH LOGS
2026-08-01 18:39:11	2	2	55	1	SELECT COUNT() FROM system.databases WHERE name = \'default\' AND engine = \'Shared\'
2026-08-01 18:39:11	1	1	1	1	SELECT hostname()
2026-08-01 18:39:11	27	1	573	1	         SELECT             count(*),             create_table_query         FROM system.tables         WHERE database = \'system\'         AND name = \'system_tables_tracking_boneaws_al_46\'         GROUP by create_table_query
2026-08-01 18:39:11	3	27	6373	22	         SELECT             name,             uuid,             hostname() as h,             data_paths[1] as data_path         FROM system.tables         WHERE database = \'system\'         AND (name LIKE \'%_log\' OR name LIKE \'%_log_%\')         AND (storage_policy = \'plain_rewritable_system_tables\' O
2026-08-01 18:39:11	10	66	8619	22	 SELECT hostname() as executing_replica, uuid, name, origin_replica, attached_replica_id FROM system.system_tables_tracking_boneaws_al_46 WHERE attached_replica_id = \'c-boneaws-al-46-server-tzy1uvq-0\' OR attached_replica_id IS NULL OR origin_replica = \'c-boneaws-al-46-server-tzy1uvq-0\'        
2026-08-01 18:39:11	0	0	0	0	SYSTEM REPLICA READY
2026-08-01 18:39:11	6	391	120780	1	         WITH (             SELECT coalesce(value, \'false\')             FROM system.server_settings             WHERE name = \'dictionaries_lazy_load\'         ) as lazy SELECT count() as total, countIf(status = \'LOADED\') as loaded, countIf(status = \'LOADING\') as loading, countIf(status 
2026-08-01 18:39:14	2	0	0	1	             SELECT                 name,                 toJSONString(labels) as labels_serialized,                 value,                 help,                 type             FROM (                 SELECT   \'ClickHouse_CustomMetric_TotalMemoryUsedByAsynchronousInserts\' AS name,   toFloat64(SUM(t
2026-08-01 18:39:14	7	140	34265	140	SELECT             name,             value,             help,             JSONExtract(labels_serialized, \'Map(String, String)\') as labels,             type         FROM merge(system, \'^_custom_metrics_dictionary_.*\')         FORMAT Prometheus
2026-08-01 18:39:17	10	66	8619	22	 SELECT hostname() as executing_replica, uuid, name, origin_replica, attached_replica_id FROM system.system_tables_tracking_boneaws_al_46 WHERE attached_replica_id = \'c-boneaws-al-46-server-tzy1uvq-0\' OR attached_replica_id IS NULL OR origin_replica = \'c-boneaws-al-46-server-tzy1uvq-0\'        
2026-08-01 18:39:17	2	2	55	1	SELECT COUNT() FROM system.databases WHERE name = \'default\' AND engine = \'Shared\'
2026-08-01 18:39:17	1	1	1	1	SELECT hostname()
2026-08-01 18:39:17	25	1	573	1	         SELECT             count(*),             create_table_query         FROM system.tables         WHERE database = \'system\'         AND name = \'system_tables_tracking_boneaws_al_46\'         GROUP by create_table_query
2026-08-01 18:39:17	3	27	6373	22	         SELECT             name,             uuid,             hostname() as h,             data_paths[1] as data_path         FROM system.tables         WHERE database = \'system\'         AND (name LIKE \'%_log\' OR name LIKE \'%_log_%\')         AND (storage_policy = \'plain_rewritable_system_tables\' O
2026-08-01 18:39:17	738	0	0	0	SYSTEM FLUSH LOGS
2026-08-01 18:39:17	0	0	0	0	SYSTEM REPLICA READY
2026-08-01 18:39:17	6	391	120780	1	         WITH (             SELECT coalesce(value, \'false\')             FROM system.server_settings             WHERE name = \'dictionaries_lazy_load\'         ) as lazy SELECT count() as total, countIf(status = \'LOADED\') as loaded, countIf(status = \'LOADING\') as loading, countIf(status 
2026-08-01 18:39:19	2	0	0	0	             SELECT                 name,                 toJSONString(labels) as labels_serialized,                 value,                 help,                 type             FROM (                 SELECT   \'ClickHouse_CustomMetric_FailedMutations\' as name,   toFloat64(count()) as value,   \'The 
2026-08-01 18:39:21	6	140	34265	140	SELECT             name,             value,             help,             JSONExtract(labels_serialized, \'Map(String, String)\') as labels,             type         FROM merge(system, \'^_custom_metrics_dictionary_.*\')         FORMAT Prometheus
2026-08-01 18:39:23	590	0	0	0	SYSTEM FLUSH LOGS
2026-08-01 18:39:23	2	2	55	1	SELECT COUNT() FROM system.databases WHERE name = \'default\' AND engine = \'Shared\'
2026-08-01 18:39:23	1	1	1	1	SELECT hostname()
2026-08-01 18:39:23	26	1	573	1	         SELECT             count(*),             create_table_query         FROM system.tables         WHERE database = \'system\'         AND name = \'system_tables_tracking_boneaws_al_46\'         GROUP by create_table_query
2026-08-01 18:39:23	3	27	6373	22	         SELECT             name,             uuid,             hostname() as h,             data_paths[1] as data_path         FROM system.tables         WHERE database = \'system\'         AND (name LIKE \'%_log\' OR name LIKE \'%_log_%\')         AND (storage_policy = \'plain_rewritable_system_tables\' O
2026-08-01 18:39:23	10	66	8619	22	 SELECT hostname() as executing_replica, uuid, name, origin_replica, attached_replica_id FROM system.system_tables_tracking_boneaws_al_46 WHERE attached_replica_id = \'c-boneaws-al-46-server-tzy1uvq-0\' OR attached_replica_id IS NULL OR origin_replica = \'c-boneaws-al-46-server-tzy1uvq-0\'        
2026-08-01 18:39:23	0	0	0	0	SYSTEM REPLICA READY
2026-08-01 18:39:23	6	391	120780	1	         WITH (             SELECT coalesce(value, \'false\')             FROM system.server_settings             WHERE name = \'dictionaries_lazy_load\'         ) as lazy SELECT count() as total, countIf(status = \'LOADED\') as loaded, countIf(status = \'LOADING\') as loading, countIf(status 
2026-08-01 18:39:29	2	2	55	1	SELECT COUNT() FROM system.databases WHERE name = \'default\' AND engine = \'Shared\'
2026-08-01 18:39:29	3	15	1013	15	             SELECT                 name,                 toJSONString(labels) as labels_serialized,                 value,                 help,                 type             FROM (                 SELECT     \'ClickHouse_MetricsCollection_CustomMetricsSystemTable\' AS name,     toFloat64(1) AS va
2026-08-01 18:39:29	563	0	0	0	SYSTEM FLUSH LOGS
2026-08-01 18:39:29	2	6	2128	6	             SELECT                 name,                 toJSONString(labels) as labels_serialized,                 value,                 help,                 type             FROM (                 SELECT   concat(\'clickhouse_\', system.dimensional_metrics.metric) AS name,   toFloat64(system.dime
2026-08-01 18:39:29	1	1	1	1	SELECT hostname()
2026-08-01 18:39:29	28	1	573	1	         SELECT             count(*),             create_table_query         FROM system.tables         WHERE database = \'system\'         AND name = \'system_tables_tracking_boneaws_al_46\'         GROUP by create_table_query
2026-08-01 18:39:29	3	27	6373	22	         SELECT             name,             uuid,             hostname() as h,             data_paths[1] as data_path         FROM system.tables         WHERE database = \'system\'         AND (name LIKE \'%_log\' OR name LIKE \'%_log_%\')         AND (storage_policy = \'plain_rewritable_system_tables\' O
2026-08-01 18:39:29	10	66	8619	22	 SELECT hostname() as executing_replica, uuid, name, origin_replica, attached_replica_id FROM system.system_tables_tracking_boneaws_al_46 WHERE attached_replica_id = \'c-boneaws-al-46-server-tzy1uvq-0\' OR attached_replica_id IS NULL OR origin_replica = \'c-boneaws-al-46-server-tzy1uvq-0\'        
2026-08-01 18:39:29	0	0	0	0	SYSTEM REPLICA READY
2026-08-01 18:39:29	6	391	120780	1	         WITH (             SELECT coalesce(value, \'false\')             FROM system.server_settings             WHERE name = \'dictionaries_lazy_load\'         ) as lazy SELECT count() as total, countIf(status = \'LOADED\') as loaded, countIf(status = \'LOADING\') as loading, countIf(status 
2026-08-01 18:39:34	2	0	0	1	             SELECT                 name,                 toJSONString(labels) as labels_serialized,                 value,                 help,                 type             FROM (                 SELECT   \'ClickHouse_CustomMetric_TotalMemoryUsedByAsynchronousInserts\' AS name,   toFloat64(SUM(t
2026-08-01 18:39:34	2	3	7499	1	             SELECT                 name,                 toJSONString(labels) as labels_serialized,                 value,                 help,                 type             FROM (                 SELECT   \'ClickHouse_CustomMetric_TotalMemoryUsedByQueries\' AS name,   toFloat64(SUM(peak_memory_u
2026-08-01 18:39:34	2	13	6340	1	             SELECT                 name,                 toJSONString(labels) as labels_serialized,                 value,                 help,                 type             FROM (                 SELECT   \'ClickHouse_CustomMetric_TotalMemoryUsedByDictionaries\' AS name,   toFloat64(SUM(bytes_al
2026-08-01 18:39:35	7	146	35656	146	SELECT             name,             value,             help,             JSONExtract(labels_serialized, \'Map(String, String)\') as labels,             type         FROM merge(system, \'^_custom_metrics_dictionary_.*\')         FORMAT Prometheus
2026-08-01 18:39:36	720	0	0	0	SYSTEM FLUSH LOGS
2026-08-01 18:39:36	2	2	55	1	SELECT COUNT() FROM system.databases WHERE name = \'default\' AND engine = \'Shared\'
2026-08-01 18:39:36	1	1	1	1	SELECT hostname()
2026-08-01 18:39:36	28	1	573	1	         SELECT             count(*),             create_table_query         FROM system.tables         WHERE database = \'system\'         AND name = \'system_tables_tracking_boneaws_al_46\'         GROUP by create_table_query
2026-08-01 18:39:36	3	27	6373	22	         SELECT             name,             uuid,             hostname() as h,             data_paths[1] as data_path         FROM system.tables         WHERE database = \'system\'         AND (name LIKE \'%_log\' OR name LIKE \'%_log_%\')         AND (storage_policy = \'plain_rewritable_system_tables\' O
2026-08-01 18:39:36	9	66	8619	22	 SELECT hostname() as executing_replica, uuid, name, origin_replica, attached_replica_id FROM system.system_tables_tracking_boneaws_al_46 WHERE attached_replica_id = \'c-boneaws-al-46-server-tzy1uvq-0\' OR attached_replica_id IS NULL OR origin_replica = \'c-boneaws-al-46-server-tzy1uvq-0\'        
2026-08-01 18:39:36	0	0	0	0	SYSTEM REPLICA READY
2026-08-01 18:39:36	6	391	120780	1	         WITH (             SELECT coalesce(value, \'false\')             FROM system.server_settings             WHERE name = \'dictionaries_lazy_load\'         ) as lazy SELECT count() as total, countIf(status = \'LOADED\') as loaded, countIf(status = \'LOADING\') as loading, countIf(status 
2026-08-01 18:39:39	2	0	0	0	             SELECT                 name,                 toJSONString(labels) as labels_serialized,                 value,                 help,                 type             FROM (                 SELECT   \'ClickHouse_CustomMetric_FailedMutations\' as name,   toFloat64(count()) as value,   \'The 
2026-08-01 18:39:39	2	14	9020	0	             SELECT                 name,                 toJSONString(labels) as labels_serialized,                 value,                 help,                 type             FROM (                 SELECT   \'clickhouse_table_replica_readonly_start_timestamp_seconds\' as name,   toFloat64(toUnixTi
2026-08-01 18:39:42	10	66	8619	22	 SELECT hostname() as executing_replica, uuid, name, origin_replica, attached_replica_id FROM system.system_tables_tracking_boneaws_al_46 WHERE attached_replica_id = \'c-boneaws-al-46-server-tzy1uvq-0\' OR attached_replica_id IS NULL OR origin_replica = \'c-boneaws-al-46-server-tzy1uvq-0\'        
2026-08-01 18:39:42	2	2	55	1	SELECT COUNT() FROM system.databases WHERE name = \'default\' AND engine = \'Shared\'
2026-08-01 18:39:42	1	1	1	1	SELECT hostname()
2026-08-01 18:39:42	24	1	573	1	         SELECT             count(*),             create_table_query         FROM system.tables         WHERE database = \'system\'         AND name = \'system_tables_tracking_boneaws_al_46\'         GROUP by create_table_query
2026-08-01 18:39:42	3	27	6373	22	         SELECT             name,             uuid,             hostname() as h,             data_paths[1] as data_path         FROM system.tables         WHERE database = \'system\'         AND (name LIKE \'%_log\' OR name LIKE \'%_log_%\')         AND (storage_policy = \'plain_rewritable_system_tables\' O
2026-08-01 18:39:42	569	0	0	0	SYSTEM FLUSH LOGS
2026-08-01 18:39:42	0	0	0	0	SYSTEM REPLICA READY
2026-08-01 18:39:42	6	391	120780	1	         WITH (             SELECT coalesce(value, \'false\')             FROM system.server_settings             WHERE name = \'dictionaries_lazy_load\'         ) as lazy SELECT count() as total, countIf(status = \'LOADED\') as loaded, countIf(status = \'LOADING\') as loading, countIf(status 
2026-08-01 18:39:44	1	0	0	1	             SELECT                 name,                 toJSONString(labels) as labels_serialized,                 value,                 help,                 type             FROM (                 SELECT   \'ClickHouse_CustomMetric_TotalMemoryUsedByMerges\' AS name,   toFloat64(SUM(memory_usage))
2026-08-01 18:39:44	3	6	213	0	             SELECT                 name,                 toJSONString(labels) as labels_serialized,                 value,                 help,                 type             FROM (                 SELECT   \'ClickHouse_CustomMetric_DatabaseReplicatedRecoveryTime\' as name,   toFloat64(recovery_ti
2026-08-01 18:39:44	6	146	35656	146	SELECT             name,             value,             help,             JSONExtract(labels_serialized, \'Map(String, String)\') as labels,             type         FROM merge(system, \'^_custom_metrics_dictionary_.*\')         FORMAT Prometheus
2026-08-01 18:39:48	536	0	0	0	SYSTEM FLUSH LOGS
2026-08-01 18:39:48	2	2	55	1	SELECT COUNT() FROM system.databases WHERE name = \'default\' AND engine = \'Shared\'
2026-08-01 18:39:48	1	1	1	1	SELECT hostname()
2026-08-01 18:39:48	29	1	573	1	         SELECT             count(*),             create_table_query         FROM system.tables         WHERE database = \'system\'         AND name = \'system_tables_tracking_boneaws_al_46\'         GROUP by create_table_query
2026-08-01 18:39:48	3	27	6373	22	         SELECT             name,             uuid,             hostname() as h,             data_paths[1] as data_path         FROM system.tables         WHERE database = \'system\'         AND (name LIKE \'%_log\' OR name LIKE \'%_log_%\')         AND (storage_policy = \'plain_rewritable_system_tables\' O
2026-08-01 18:39:48	10	66	8619	22	 SELECT hostname() as executing_replica, uuid, name, origin_replica, attached_replica_id FROM system.system_tables_tracking_boneaws_al_46 WHERE attached_replica_id = \'c-boneaws-al-46-server-tzy1uvq-0\' OR attached_replica_id IS NULL OR origin_replica = \'c-boneaws-al-46-server-tzy1uvq-0\'        
2026-08-01 18:39:48	0	0	0	0	SYSTEM REPLICA READY
2026-08-01 18:39:48	6	391	120780	1	         WITH (             SELECT coalesce(value, \'false\')             FROM system.server_settings             WHERE name = \'dictionaries_lazy_load\'         ) as lazy SELECT count() as total, countIf(status = \'LOADED\') as loaded, countIf(status = \'LOADING\') as loading, countIf(status 
2026-08-01 18:39:51	6	146	35656	146	SELECT             name,             value,             help,             JSONExtract(labels_serialized, \'Map(String, String)\') as labels,             type         FROM merge(system, \'^_custom_metrics_dictionary_.*\')         FORMAT Prometheus
2026-08-01 18:39:54	1	1	1	1	SELECT hostname()
2026-08-01 18:39:54	1	0	0	1	             SELECT                 name,                 toJSONString(labels) as labels_serialized,                 value,                 help,                 type             FROM (                 SELECT   \'ClickHouse_CustomMetric_TotalMemoryUsedByAsynchronousInserts\' AS name,   toFloat64(SUM(t
2026-08-01 18:39:54	2	0	0	0	             SELECT                 name,                 toJSONString(labels) as labels_serialized,                 value,                 help,                 type             FROM (                 SELECT   \'ClickHouse_CustomMetric_FailedMutations\' as name,   toFloat64(count()) as value,   \'The 
2026-08-01 18:39:54	2	59	472	1	             SELECT                 name,                 toJSONString(labels) as labels_serialized,                 value,                 help,                 type             FROM (                 SELECT   \'ClickHouse_CustomMetric_TotalMemoryUsedByDataSkippingIndices\' AS name,   toFloat64(SUM(d
2026-08-01 18:39:54	693	0	0	0	SYSTEM FLUSH LOGS
2026-08-01 18:39:54	2	2	55	1	SELECT COUNT() FROM system.databases WHERE name = \'default\' AND engine = \'Shared\'
2026-08-01 18:39:54	1	6	2128	6	             SELECT                 name,                 toJSONString(labels) as labels_serialized,                 value,                 help,                 type             FROM (                 SELECT   concat(\'clickhouse_\', system.dimensional_metrics.metric) AS name,   toFloat64(system.dime
2026-08-01 18:39:54	29	1	573	1	         SELECT             count(*),             create_table_query         FROM system.tables         WHERE database = \'system\'         AND name = \'system_tables_tracking_boneaws_al_46\'         GROUP by create_table_query
2026-08-01 18:39:54	3	27	6373	22	         SELECT             name,             uuid,             hostname() as h,             data_paths[1] as data_path         FROM system.tables         WHERE database = \'system\'         AND (name LIKE \'%_log\' OR name LIKE \'%_log_%\')         AND (storage_policy = \'plain_rewritable_system_tables\' O
2026-08-01 18:39:54	9	66	8619	22	 SELECT hostname() as executing_replica, uuid, name, origin_replica, attached_replica_id FROM system.system_tables_tracking_boneaws_al_46 WHERE attached_replica_id = \'c-boneaws-al-46-server-tzy1uvq-0\' OR attached_replica_id IS NULL OR origin_replica = \'c-boneaws-al-46-server-tzy1uvq-0\'        
2026-08-01 18:39:54	0	0	0	0	SYSTEM REPLICA READY
2026-08-01 18:39:54	0	0	0	0	SYSTEM FLUSH ASYNC INSERT QUEUE
2026-08-01 18:39:54	6	391	120780	1	         WITH (             SELECT coalesce(value, \'false\')             FROM system.server_settings             WHERE name = \'dictionaries_lazy_load\'         ) as lazy SELECT count() as total, countIf(status = \'LOADED\') as loaded, countIf(status = \'LOADING\') as loading, countIf(status 
2026-08-01 18:39:54	3	14	9257	1	select count() from system.processes where user not in (select name from system.users where name like \'%-internal\' and storage = \'users_xml\') and query not ilike \'%sql console internal query%\' format TabSeparatedRaw;
2026-08-01 18:39:54	0	0	0	0	SYSTEM FLUSH ASYNC INSERT QUEUE
2026-08-01 18:39:59	2	15	1013	15	             SELECT                 name,                 toJSONString(labels) as labels_serialized,                 value,                 help,                 type             FROM (                 SELECT     \'ClickHouse_MetricsCollection_CustomMetricsSystemTable\' AS name,     toFloat64(1) AS va
2026-08-01 18:39:59	1	0	0	1	             SELECT                 name,                 toJSONString(labels) as labels_serialized,                 value,                 help,                 type             FROM (                 SELECT   \'ClickHouse_CustomMetric_TotalMemoryUsedByAsynchronousInserts\' AS name,   toFloat64(SUM(t
2026-08-01 18:39:59	2	59	472	1	             SELECT                 name,                 toJSONString(labels) as labels_serialized,                 value,                 help,                 type             FROM (                 SELECT   \'ClickHouse_CustomMetric_TotalMemoryUsedByDataSkippingIndices\' AS name,   toFloat64(SUM(d
2026-08-01 18:39:59	2	13	6340	1	             SELECT                 name,                 toJSONString(labels) as labels_serialized,                 value,                 help,                 type             FROM (                 SELECT   \'ClickHouse_CustomMetric_TotalMemoryUsedByDictionaries\' AS name,   toFloat64(SUM(bytes_al
2026-08-01 18:40:14	1	0	0	1	             SELECT                 name,                 toJSONString(labels) as labels_serialized,                 value,                 help,                 type             FROM (                 SELECT   \'ClickHouse_CustomMetric_TotalMemoryUsedByMerges\' AS name,   toFloat64(SUM(memory_usage))
2026-08-01 18:40:14	2	13	5876	1	             SELECT                 name,                 toJSONString(labels) as labels_serialized,                 value,                 help,                 type             FROM (                 SELECT   \'ClickHouse_CustomMetric_TotalMemoryUsedByDictionaries\' AS name,   toFloat64(SUM(bytes_al
2026-08-01 18:40:14	2	0	0	0	             SELECT                 name,                 toJSONString(labels) as labels_serialized,                 value,                 help,                 type             FROM (                 SELECT   \'ClickHouse_CustomMetric_FailedMutations\' as name,   toFloat64(count()) as value,   \'The 
2026-08-01 18:40:14	2	15	1013	15	             SELECT                 name,                 toJSONString(labels) as labels_serialized,                 value,                 help,                 type             FROM (                 SELECT     \'ClickHouse_MetricsCollection_CustomMetricsSystemTable\' AS name,     toFloat64(1) AS va
2026-08-01 18:40:14	3	12	19492	1	             SELECT                 name,                 toJSONString(labels) as labels_serialized,                 value,                 help,                 type             FROM (                 SELECT   \'ClickHouse_CustomMetric_TotalMemoryUsedByQueries\' AS name,   toFloat64(SUM(peak_memory_u
2026-08-01 18:40:14	4	0	0	1	             SELECT                 name,                 toJSONString(labels) as labels_serialized,                 value,                 help,                 type             FROM (                 SELECT   \'ClickHouse_CustomMetric_TotalMemoryUsedByAsynchronousInserts\' AS name,   toFloat64(SUM(t
2026-08-01 18:40:14	4	6	2128	6	             SELECT                 name,                 toJSONString(labels) as labels_serialized,                 value,                 help,                 type             FROM (                 SELECT   concat(\'clickhouse_\', system.dimensional_metrics.metric) AS name,   toFloat64(system.dime
2026-08-01 18:40:14	6	6	213	0	             SELECT                 name,                 toJSONString(labels) as labels_serialized,                 value,                 help,                 type             FROM (                 SELECT   \'ClickHouse_CustomMetric_DatabaseReplicatedRecoveryTime\' as name,   toFloat64(recovery_ti
2026-08-01 18:40:14	6	6	213	0	             SELECT                 name,                 toJSONString(labels) as labels_serialized,                 value,                 help,                 type             FROM (                 SELECT   \'ClickHouse_CustomMetric_SharedCatalogRecoveryTime\' as name,   toFloat64(recovery_time) a
2026-08-01 18:40:14	6	14	9020	0	             SELECT                 name,                 toJSONString(labels) as labels_serialized,                 value,                 help,                 type             FROM (                 SELECT   \'clickhouse_table_replica_readonly_start_timestamp_seconds\' as name,   toFloat64(toUnixTi
2026-08-01 18:40:14	27	33465	737419	33465	SELECT `content_id`, `title`, `video_type`, `category` FROM `sony`.`content_dim`;
2026-08-01 18:40:14	41	59	472	1	             SELECT                 name,                 toJSONString(labels) as labels_serialized,                 value,                 help,                 type             FROM (                 SELECT   \'ClickHouse_CustomMetric_TotalMemoryUsedByDataSkippingIndices\' AS name,   toFloat64(SUM(d
2026-08-01 18:40:20	75	0	0	0	CREATE DICTIONARY system._custom_metrics_dictionary_database_replicated_recovery_time (     `name` String,     `labels_serialized` String,     `value` Float64,     `help` String,     `type` String ) PRIMARY KEY (name, labels_serialized) SOURCE(     CLICKHOUSE(         QUERY `             SELECT     
2026-08-01 18:40:20	9	0	0	0	DROP TABLE IF EXISTS system.custom_metrics;
2026-08-01 18:40:20	83	0	0	0	CREATE OR REPLACE VIEW system.prometheus_metrics (   `name` String,   `value` Float64,   `help` String,   `labels` Map(String, String),   `type` String ) AS SELECT   concat(\'ClickHouse_\', event) AS name,   toFloat64(value) as value,   description AS help,   map(\'hostname\', hostName(), \'table\', \'syst
2026-08-01 18:40:20	0	0	0	0	DROP TABLE IF EXISTS system._custom_metrics_readonly_table_replicas;
2026-08-01 18:40:20	0	0	0	0	DROP TABLE IF EXISTS system._custom_metrics_shared_catalog_recovery_time;
2026-08-01 18:40:20	0	0	0	0	DROP TABLE IF EXISTS system._custom_metrics_data_parts_merge_duration_increase;
2026-08-01 18:40:20	0	0	0	0	DROP TABLE IF EXISTS system._custom_metrics_failed_mutations;
2026-08-01 18:40:20	0	0	0	0	DROP TABLE IF EXISTS system._custom_metrics_index_granularity_bytes_in_memory;
2026-08-01 18:40:20	0	0	0	0	DROP TABLE IF EXISTS system._custom_metrics_table_read_only_duration_seconds;
2026-08-01 18:40:20	0	0	0	0	DROP TABLE IF EXISTS system._custom_metrics_view_error_metrics_important;
2026-08-01 18:40:20	13	0	0	0	DROP TABLE IF EXISTS system._custom_metrics_view_error_metrics;
2026-08-01 18:40:20	59	0	0	0	CREATE VIEW system._custom_metrics_view_error_metrics (     `name` String,     `value` Float64,     `help` String,     `labels` Map(String, String),     `type` String ) AS (     SELECT         concat(\'ClickHouseErrorMetric_\', system.errors.name) AS name,         toFloat64(value) AS value,         sy
2026-08-01 18:40:20	0	0	0	0	DROP TABLE IF EXISTS system._custom_metrics_view_database_replicated_recovery_time;
2026-08-01 18:40:20	11	0	0	0	DROP DICTIONARY IF EXISTS system._custom_metrics_dictionary_database_replicated_recovery_time;
2026-08-01 18:40:20	8	6	213	0	             SELECT                 name,                 toJSONString(labels) as labels_serialized,                 value,                 help,                 type             FROM (                 SELECT   \'ClickHouse_CustomMetric_DatabaseReplicatedRecoveryTime\' as name,   toFloat64(recovery_ti
2026-08-01 18:40:20	5771	0	0	0	SYSTEM FLUSH LOGS;
2026-08-01 18:40:20	0	0	0	0	DROP TABLE IF EXISTS system._custom_metrics_view_table_read_only_duration_seconds;
2026-08-01 18:40:20	11	0	0	0	DROP DICTIONARY IF EXISTS system._custom_metrics_dictionary_table_read_only_duration_seconds;
2026-08-01 18:40:20	2	14	9020	0	             SELECT                 name,                 toJSONString(labels) as labels_serialized,                 value,                 help,                 type             FROM (                 SELECT   \'clickhouse_table_replica_readonly_start_timestamp_seconds\' as name,   toFloat64(toUnixTi
2026-08-01 18:40:20	68	0	0	0	CREATE DICTIONARY system._custom_metrics_dictionary_table_read_only_duration_seconds (     `name` String,     `labels_serialized` String,     `value` Float64,     `help` String,     `type` String ) PRIMARY KEY (name, labels_serialized) SOURCE(     CLICKHOUSE(         QUERY `             SELECT      
2026-08-01 18:40:20	0	0	0	0	DROP TABLE IF EXISTS system._custom_metrics_view_total_memory_async_inserts;
2026-08-01 18:40:20	11	0	0	0	DROP DICTIONARY IF EXISTS system._custom_metrics_dictionary_total_memory_async_inserts;
2026-08-01 18:40:20	1	0	0	1	             SELECT                 name,                 toJSONString(labels) as labels_serialized,                 value,                 help,                 type             FROM (                 SELECT   \'ClickHouse_CustomMetric_TotalMemoryUsedByAsynchronousInserts\' AS name,   toFloat64(SUM(t
2026-08-01 18:40:21	0	0	0	0	DROP TABLE IF EXISTS system._custom_metrics_total_memory_processes_mv;
2026-08-01 18:40:21	10	0	0	0	DROP TABLE IF EXISTS system._custom_metrics_view_metrics_and_events;
2026-08-01 18:40:21	11	0	0	0	DROP DICTIONARY IF EXISTS system._custom_metrics_dictionary_total_memory_data_skipping_indices;
2026-08-01 18:40:21	2	59	472	1	             SELECT                 name,                 toJSONString(labels) as labels_serialized,                 value,                 help,                 type             FROM (                 SELECT   \'ClickHouse_CustomMetric_TotalMemoryUsedByDataSkippingIndices\' AS name,   toFloat64(SUM(d
2026-08-01 18:40:21	64	0	0	0	CREATE DICTIONARY system._custom_metrics_dictionary_total_memory_data_skipping_indices (     `name` String,     `labels_serialized` String,     `value` Float64,     `help` String,     `type` String ) PRIMARY KEY (name, labels_serialized) SOURCE(     CLICKHOUSE(         QUERY `             SELECT    
2026-08-01 18:40:21	0	0	0	0	DROP TABLE IF EXISTS system._custom_metrics_view_total_memory_dictionaries;
2026-08-01 18:40:21	11	0	0	0	DROP DICTIONARY IF EXISTS system._custom_metrics_dictionary_total_memory_dictionaries;
2026-08-01 18:40:21	2	13	6305	1	             SELECT                 name,                 toJSONString(labels) as labels_serialized,                 value,                 help,                 type             FROM (                 SELECT   \'ClickHouse_CustomMetric_TotalMemoryUsedByDictionaries\' AS name,   toFloat64(SUM(bytes_al
2026-08-01 18:40:21	59	0	0	0	CREATE DICTIONARY system._custom_metrics_dictionary_total_memory_dictionaries (     `name` String,     `labels_serialized` String,     `value` Float64,     `help` String,     `type` String ) PRIMARY KEY (name, labels_serialized) SOURCE(     CLICKHOUSE(         QUERY `             SELECT             
2026-08-01 18:40:21	0	0	0	0	DROP TABLE IF EXISTS system._custom_metrics_view_total_memory_merges;
2026-08-01 18:40:21	11	0	0	0	DROP DICTIONARY IF EXISTS system._custom_metrics_dictionary_total_memory_merges;
2026-08-01 18:40:21	1	0	0	1	             SELECT                 name,                 toJSONString(labels) as labels_serialized,                 value,                 help,                 type             FROM (                 SELECT   \'ClickHouse_CustomMetric_TotalMemoryUsedByMerges\' AS name,   toFloat64(SUM(memory_usage))
2026-08-01 18:40:21	64	0	0	0	CREATE DICTIONARY system._custom_metrics_dictionary_total_memory_merges (     `name` String,     `labels_serialized` String,     `value` Float64,     `help` String,     `type` String ) PRIMARY KEY (name, labels_serialized) SOURCE(     CLICKHOUSE(         QUERY `             SELECT                 na
2026-08-01 18:40:21	0	0	0	0	DROP TABLE IF EXISTS system._custom_metrics_view_total_memory_processes;
2026-08-01 18:40:21	10	0	0	0	DROP DICTIONARY IF EXISTS system._custom_metrics_dictionary_total_memory_processes;
2026-08-01 18:40:21	2	2	7175	1	             SELECT                 name,                 toJSONString(labels) as labels_serialized,                 value,                 help,                 type             FROM (                 SELECT   \'ClickHouse_CustomMetric_TotalMemoryUsedByQueries\' AS name,   toFloat64(SUM(peak_memory_u
2026-08-01 18:40:21	64	0	0	0	CREATE DICTIONARY system._custom_metrics_dictionary_total_memory_processes (     `name` String,     `labels_serialized` String,     `value` Float64,     `help` String,     `type` String ) PRIMARY KEY (name, labels_serialized) SOURCE(     CLICKHOUSE(         QUERY `             SELECT                
2026-08-01 18:40:21	0	0	0	0	DROP TABLE IF EXISTS system._custom_metrics_view_failed_mutations;
2026-08-01 18:40:21	10	0	0	0	DROP DICTIONARY IF EXISTS system._custom_metrics_dictionary_failed_mutations;
2026-08-01 18:40:21	2	0	0	0	             SELECT                 name,                 toJSONString(labels) as labels_serialized,                 value,                 help,                 type             FROM (                 SELECT   \'ClickHouse_CustomMetric_FailedMutations\' as name,   toFloat64(count()) as value,   \'The 
2026-08-01 18:40:21	59	0	0	0	CREATE DICTIONARY system._custom_metrics_dictionary_failed_mutations (     `name` String,     `labels_serialized` String,     `value` Float64,     `help` String,     `type` String ) PRIMARY KEY (name, labels_serialized) SOURCE(     CLICKHOUSE(         QUERY `             SELECT                 name,
2026-08-01 18:40:21	0	0	0	0	DROP TABLE IF EXISTS system._custom_metrics_view_index_granularity_bytes_in_memory;
2026-08-01 18:40:21	0	0	0	0	DROP TABLE IF EXISTS system._custom_metrics_view_index_granularity_bytes_in_memory_allocated;
2026-08-01 18:40:21	0	0	0	0	DROP TABLE IF EXISTS system._custom_metrics_view_shared_catalog_recovery_time;
2026-08-01 18:40:21	10	0	0	0	DROP DICTIONARY IF EXISTS system._custom_metrics_dictionary_shared_catalog_recovery_time;
2026-08-01 18:40:21	16	6	213	0	             SELECT                 name,                 toJSONString(labels) as labels_serialized,                 value,                 help,                 type             FROM (                 SELECT   \'ClickHouse_CustomMetric_SharedCatalogRecoveryTime\' as name,   toFloat64(recovery_time) a
2026-08-01 18:40:21	71	0	0	0	CREATE DICTIONARY system._custom_metrics_dictionary_shared_catalog_recovery_time (     `name` String,     `labels_serialized` String,     `value` Float64,     `help` String,     `type` String ) PRIMARY KEY (name, labels_serialized) SOURCE(     CLICKHOUSE(         QUERY `             SELECT          
2026-08-01 18:40:21	0	0	0	0	DROP TABLE IF EXISTS system._custom_metrics_data_parts_merge_duration_increase_mv;
2026-08-01 18:40:21	0	0	0	0	DROP TABLE IF EXISTS system._custom_metrics_failed_mutations_with_retries_mv;
2026-08-01 18:40:21	0	0	0	0	DROP TABLE IF EXISTS system._custom_metrics_readonly_table_replicas_mv;
2026-08-01 18:40:21	0	0	0	0	DROP TABLE IF EXISTS system._custom_metrics_table_read_only_duration_seconds_mv;
2026-08-01 18:40:21	0	0	0	0	DROP TABLE IF EXISTS system._custom_metrics_failed_mutations_mv;
2026-08-01 18:40:21	0	0	0	0	DROP TABLE IF EXISTS system._custom_metrics_index_granularity_bytes_in_memory_mv;
2026-08-01 18:40:21	0	0	0	0	DROP TABLE IF EXISTS system._custom_metrics_index_granularity_bytes_in_memory_allocated_mv;
2026-08-01 18:40:21	0	0	0	0	DROP TABLE IF EXISTS system._custom_metrics_shared_catalog_recovery_time_mv;
2026-08-01 18:40:21	0	0	0	0	DROP TABLE IF EXISTS system._custom_metrics_total_memory_async_inserts_mv;
2026-08-01 18:40:21	0	0	0	0	DROP TABLE IF EXISTS system._custom_metrics_total_memory_data_skipping_indices_mv;
2026-08-01 18:40:21	0	0	0	0	DROP TABLE IF EXISTS system._custom_metrics_total_memory_dictionaries_mv;
2026-08-01 18:40:21	0	0	0	0	DROP TABLE IF EXISTS system._custom_metrics_total_memory_merges_mv;
2026-08-01 18:40:21	65	0	0	0	CREATE DICTIONARY system._custom_metrics_dictionary_total_memory_async_inserts (     `name` String,     `labels_serialized` String,     `value` Float64,     `help` String,     `type` String ) PRIMARY KEY (name, labels_serialized) SOURCE(     CLICKHOUSE(         QUERY `             SELECT            
2026-08-01 18:40:21	0	0	0	0	DROP TABLE IF EXISTS system._custom_metrics_index_granularity_bytes_in_memory_allocated;
2026-08-01 18:40:21	0	0	0	0	DROP TABLE IF EXISTS system._custom_metrics_view_custom_metrics_tables;
2026-08-01 18:40:21	10	0	0	0	DROP DICTIONARY IF EXISTS system._custom_metrics_dictionary_custom_metrics_tables;
2026-08-01 18:40:21	2	13	907	13	             SELECT                 name,                 toJSONString(labels) as labels_serialized,                 value,                 help,                 type             FROM (                 SELECT     \'ClickHouse_MetricsCollection_CustomMetricsSystemTable\' AS name,     toFloat64(1) AS va
2026-08-01 18:40:21	62	0	0	0	CREATE DICTIONARY system._custom_metrics_dictionary_custom_metrics_tables (     `name` String,     `labels_serialized` String,     `value` Float64,     `help` String,     `type` String ) PRIMARY KEY (name, labels_serialized) SOURCE(     CLICKHOUSE(         QUERY `             SELECT                 
2026-08-01 18:40:21	0	0	0	0	DROP TABLE IF EXISTS system._custom_metrics_view_error_metrics_important;
2026-08-01 18:40:21	0	0	0	0	CREATE TABLE IF NOT EXISTS system.clickpipes_log (     `event_date` Date,     `event_time` DateTime,     `event_time_microseconds` DateTime64(6) COMMENT \'Query starting time with microseconds precision.\',     `log_level` LowCardinality(String),     `message` String,     `error` String,     `error_ty
2026-08-01 18:40:21	0	0	0	0	DROP TABLE IF EXISTS system.custom_metrics_refresher;
2026-08-01 18:40:21	11	0	0	0	DROP DICTIONARY IF EXISTS system._custom_metrics_dictionary_group;
2026-08-01 18:40:21	0	0	0	0	DROP VIEW IF EXISTS system.custom_metrics;
2026-08-01 18:40:21	50	0	0	0	CREATE VIEW system.custom_metrics AS SELECT * FROM merge(system, \'^_custom_metrics_view_.*\') UNION ALL SELECT     name,     value,     help,     JSONExtract(labels_serialized, \'Map(String, String)\') AS labels,     type FROM merge(system, \'^_custom_metrics_dictionary_.*\'); 
2026-08-01 18:40:21	0	0	0	0	DROP TABLE IF EXISTS system._custom_metrics_view_histograms;
2026-08-01 18:40:21	0	0	0	0	DROP DICTIONARY IF EXISTS system._custom_metrics_dictionary_histograms;
2026-08-01 18:40:21	0	0	0	0	DROP TABLE IF EXISTS system._custom_metrics_view_total_memory_data_skipping_indices;
2026-08-01 18:40:22	61	0	0	0	CREATE VIEW system._custom_metrics_view_metrics_and_events (     `name` String,     `value` Float64,     `help` String,     `labels` Map(String, String),     `type` String ) AS SELECT   concat(\'ClickHouseProfileEvents_\', event) AS name,   toFloat64(value) as value,   description AS help,   map(\'host
2026-08-01 18:40:22	0	0	0	0	DROP TABLE IF EXISTS system._custom_metrics_view_dimensional;
2026-08-01 18:40:22	10	0	0	0	DROP DICTIONARY IF EXISTS system._custom_metrics_dictionary_dimensional;
2026-08-01 18:40:22	3	2	42	1	SELECT EXISTS(SELECT 1 FROM system.tables WHERE database = \'system\' AND name = \'dimensional_metrics\')
2026-08-01 18:40:22	1	6	2128	6	             SELECT                 name,                 toJSONString(labels) as labels_serialized,                 value,                 help,                 type             FROM (                 SELECT   concat(\'clickhouse_\', system.dimensional_metrics.metric) AS name,   toFloat64(system.dime
2026-08-01 18:40:22	63	0	0	0	CREATE DICTIONARY system._custom_metrics_dictionary_dimensional (     `name` String,     `labels_serialized` String,     `value` Float64,     `help` String,     `type` String ) PRIMARY KEY (name, labels_serialized) SOURCE(     CLICKHOUSE(         QUERY `             SELECT                 name,     
2026-08-01 18:40:22	6	139	33585	139	SELECT             name,             value,             help,             JSONExtract(labels_serialized, \'Map(String, String)\') as labels,             type         FROM merge(system, \'^_custom_metrics_dictionary_.*\')         FORMAT Prometheus
2026-08-01 18:40:24	1722	0	0	0	SYSTEM FLUSH LOGS
2026-08-01 18:40:24	2	2	55	1	SELECT COUNT() FROM system.databases WHERE name = \'default\' AND engine = \'Shared\'
2026-08-01 18:40:24	1	1	1	1	SELECT hostname()
2026-08-01 18:40:24	26	1	573	1	         SELECT             count(*),             create_table_query         FROM system.tables         WHERE database = \'system\'         AND name = \'system_tables_tracking_boneaws_al_46\'         GROUP by create_table_query
2026-08-01 18:40:24	3	27	6373	22	         SELECT             name,             uuid,             hostname() as h,             data_paths[1] as data_path         FROM system.tables         WHERE database = \'system\'         AND (name LIKE \'%_log\' OR name LIKE \'%_log_%\')         AND (storage_policy = \'plain_rewritable_system_tables\' O
2026-08-01 18:40:24	10	66	8619	22	 SELECT hostname() as executing_replica, uuid, name, origin_replica, attached_replica_id FROM system.system_tables_tracking_boneaws_al_46 WHERE attached_replica_id = \'c-boneaws-al-46-server-tzy1uvq-0\' OR attached_replica_id IS NULL OR origin_replica = \'c-boneaws-al-46-server-tzy1uvq-0\'        
2026-08-01 18:40:24	0	0	0	0	SYSTEM REPLICA READY
2026-08-01 18:40:24	6	391	120780	1	         WITH (             SELECT coalesce(value, \'false\')             FROM system.server_settings             WHERE name = \'dictionaries_lazy_load\'         ) as lazy SELECT count() as total, countIf(status = \'LOADED\') as loaded, countIf(status = \'LOADING\') as loading, countIf(status 
2026-08-01 18:40:25	3	6	60	1	SELECT countIf(`__table1`.`is_shared_catalog_cluster` AND (`__table1`.`recovery_time` > 600000)) = 0 AS `equals(countIf(and(if(hasColumnInTable(\'system\', \'clusters\', \'is_shared_catalog_cluster\'), is_shared_catalog_cluster, false), if(hasColumnInTable(\'system\', \'clusters\', \'recovery_time\'), greater(r
2026-08-01 18:40:25	2	2	55	1	SELECT COUNT() FROM system.databases WHERE name = \'default\' AND engine = \'Shared\'
2026-08-01 18:40:25	1	1	1	1	SELECT hostname()
2026-08-01 18:40:25	27	1	573	1	         SELECT             count(*),             create_table_query         FROM system.tables         WHERE database = \'system\'         AND name = \'system_tables_tracking_boneaws_al_46\'         GROUP by create_table_query
2026-08-01 18:40:25	3	27	6373	22	         SELECT             name,             uuid,             hostname() as h,             data_paths[1] as data_path         FROM system.tables         WHERE database = \'system\'         AND (name LIKE \'%_log\' OR name LIKE \'%_log_%\')         AND (storage_policy = \'plain_rewritable_system_tables\' O
2026-08-01 18:40:25	10	66	8619	22	 SELECT hostname() as executing_replica, uuid, name, origin_replica, attached_replica_id FROM system.system_tables_tracking_boneaws_al_46 WHERE attached_replica_id = \'c-boneaws-al-46-server-tzy1uvq-0\' OR attached_replica_id IS NULL OR origin_replica = \'c-boneaws-al-46-server-tzy1uvq-0\'        
2026-08-01 18:40:25	0	0	0	0	SYSTEM REPLICA READY
2026-08-01 18:40:25	6	391	120780	1	         WITH (             SELECT coalesce(value, \'false\')             FROM system.server_settings             WHERE name = \'dictionaries_lazy_load\'         ) as lazy SELECT count() as total, countIf(status = \'LOADED\') as loaded, countIf(status = \'LOADING\') as loading, countIf(status 
2026-08-01 18:40:25	879	0	0	0	SYSTEM FLUSH LOGS
2026-08-01 18:40:25	1	1	1	1	SELECT hostname()
2026-08-01 18:40:25	25	1	573	1	         SELECT             count(*),             create_table_query         FROM system.tables         WHERE database = \'system\'         AND name = \'system_tables_tracking_boneaws_al_46\'         GROUP by create_table_query
2026-08-01 18:40:25	3	27	6373	22	         SELECT             name,             uuid,             hostname() as h,             data_paths[1] as data_path         FROM system.tables         WHERE database = \'system\'         AND (name LIKE \'%_log\' OR name LIKE \'%_log_%\')         AND (storage_policy = \'plain_rewritable_system_tables\' O
2026-08-01 18:40:25	11	66	8619	22	 SELECT hostname() as executing_replica, uuid, name, origin_replica, attached_replica_id FROM system.system_tables_tracking_boneaws_al_46 WHERE attached_replica_id = \'c-boneaws-al-46-server-tzy1uvq-0\' OR attached_replica_id IS NULL OR origin_replica = \'c-boneaws-al-46-server-tzy1uvq-0\'        
2026-08-01 18:40:25	0	0	0	0	CREATE DICTIONARY IF NOT EXISTS sony.content_dict UUID \'b8b308f8-e678-4150-a243-8b0fa2bc1618\' (`content_id` Int64, `title` String, `video_type` String, `category` String) PRIMARY KEY content_id SOURCE(CLICKHOUSE(TABLE \'content_dim\' DB \'sony\' USER \'default\' PASSWORD \'[HIDDEN]\')) LIFETIME(MIN 300 MAX 
2026-08-01 18:40:25	1	0	0	0	CREATE DICTIONARY IF NOT EXISTS sony.content_dict (`content_id` Int64, `title` String, `video_type` String, `category` String) PRIMARY KEY content_id SOURCE(CLICKHOUSE(TABLE \'content_dim\' DB \'sony\' USER \'default\' PASSWORD \'[HIDDEN]\')) LIFETIME(MIN 300 MAX 600) LAYOUT(COMPLEX_KEY_HASHED())
2026-08-01 18:40:26	1	0	0	0	CREATE TABLE IF NOT EXISTS sony.pipeline_runs (     run_id              String,     started_at          DateTime64(3, \'UTC\'),     finished_at         DateTime64(3, \'UTC\'),     duration_s          Float32,     status              LowCardinality(String),             git_commit          String,     gi
2026-08-01 18:40:26	0	0	0	0	CREATE TABLE IF NOT EXISTS sony.pipeline_runs UUID \'8c717631-25f1-48d7-878a-4f84523211f6\' (`run_id` String, `started_at` DateTime64(3, \'UTC\'), `finished_at` DateTime64(3, \'UTC\'), `duration_s` Float32, `status` LowCardinality(String), `git_commit` String, `git_dirty` UInt8, `input_path` String, `inpu
2026-08-01 18:40:26	72	0	0	0	TRUNCATE TABLE IF EXISTS sony.raw_events
2026-08-01 18:40:26	73	0	0	0	TRUNCATE TABLE IF EXISTS sony.raw_events 
2026-08-01 18:40:26	749	0	0	0	SYSTEM FLUSH LOGS
2026-08-01 18:40:26	2	2	55	1	SELECT COUNT() FROM system.databases WHERE name = \'default\' AND engine = \'Shared\'
2026-08-01 18:40:26	1	1	1	1	SELECT hostname()
2026-08-01 18:40:26	26	1	573	1	         SELECT             count(*),             create_table_query         FROM system.tables         WHERE database = \'system\'         AND name = \'system_tables_tracking_boneaws_al_46\'         GROUP by create_table_query
2026-08-01 18:40:26	3	27	6373	22	         SELECT             name,             uuid,             hostname() as h,             data_paths[1] as data_path         FROM system.tables         WHERE database = \'system\'         AND (name LIKE \'%_log\' OR name LIKE \'%_log_%\')         AND (storage_policy = \'plain_rewritable_system_tables\' O
2026-08-01 18:40:26	13	66	8619	22	 SELECT hostname() as executing_replica, uuid, name, origin_replica, attached_replica_id FROM system.system_tables_tracking_boneaws_al_46 WHERE attached_replica_id = \'c-boneaws-al-46-server-tzy1uvq-0\' OR attached_replica_id IS NULL OR origin_replica = \'c-boneaws-al-46-server-tzy1uvq-0\'        
2026-08-01 18:40:26	0	0	0	0	SYSTEM REPLICA READY
2026-08-01 18:40:26	6	391	120780	1	         WITH (             SELECT coalesce(value, \'false\')             FROM system.server_settings             WHERE name = \'dictionaries_lazy_load\'         ) as lazy SELECT count() as total, countIf(status = \'LOADED\') as loaded, countIf(status = \'LOADING\') as loading, countIf(status 
2026-08-01 18:40:26	108	0	0	0	TRUNCATE TABLE IF EXISTS sony.session_active_intervals
2026-08-01 18:40:26	109	0	0	0	TRUNCATE TABLE IF EXISTS sony.session_active_intervals 
2026-08-01 18:40:27	3	6	213	0	             SELECT                 name,                 toJSONString(labels) as labels_serialized,                 value,                 help,                 type             FROM (                 SELECT   \'ClickHouse_CustomMetric_SharedCatalogRecoveryTime\' as name,   toFloat64(recovery_time) a
2026-08-01 18:40:27	6	139	33585	139	SELECT             name,             value,             help,             JSONExtract(labels_serialized, \'Map(String, String)\') as labels,             type         FROM merge(system, \'^_custom_metrics_dictionary_.*\')         FORMAT Prometheus
2026-08-01 18:40:28	2	1	36	1	SELECT count() FROM system.tables WHERE (database = \'system\') AND (name = \'custom_metrics\')
2026-08-01 18:40:28	2	88	4725	1	SELECT count() FROM system.columns WHERE database=\'system\' AND table=\'query_log\' AND name=\'is_internal\'
2026-08-01 18:40:28	2	73	5182	1	SELECT  now() as current_time, version() as chVersion, (SELECT value FROM system.build_options WHERE name = \'SYSTEM_PROCESSOR\') as system_processor
2026-08-01 18:40:28	2	88	4725	1	SELECT count() FROM system.columns WHERE database=\'system\' AND table=\'query_log\' AND name=\'is_internal\'
2026-08-01 18:40:28	0	1	1	1	SELECT version()
2026-08-01 18:40:28	0	1	1	1	SELECT version()
2026-08-01 18:40:28	7	378	114440	5	WITH metrics AS (SELECT name AS metric, toFloat64(value) AS val, now() AS ts FROM system.server_settings WHERE multiMatchAny(name, _CAST([\'^max_database_num_to_throw$\', \'^max_database_num_to_warn$\', \'^max_table_num_to_throw$\', \'^max_table_num_to_warn$\', \'^max_concurrent_queries$\'], \'Array(String)\'))
2026-08-01 18:40:28	2	1	37	1	SELECT count() FROM system.tables WHERE (database = \'system\') AND (name = \'query_views_log\')
2026-08-01 18:40:28	4	0	0	1	SELECT count() FROM system.query_views_log WHERE (status != \'QueryStart\') AND (event_date >= toDate(_CAST(\'1785604677.309\', \'DateTime64\'))) AND (event_time >= toDateTime(_CAST(\'1785604677.309\', \'DateTime64\'))) AND (event_time <= (toDateTime(_CAST(\'1785609593.89\', \'DateTime64\')) + toIntervalSecond(1)
2026-08-01 18:40:28	9	0	0	1	WITH failed_mutations AS (SELECT toDateTime(create_time) AS ts, count() AS val FROM system.mutations WHERE (ts > toDateTime(_CAST(\'1785609472.37\', \'DateTime64\'))) AND (ts <= toDateTime(_CAST(\'1785609593.89\', \'DateTime64\'))) AND (latest_failed_part != \'\') AND (is_done = 0) GROUP BY ts), failed_mutati
2026-08-01 18:40:28	9	7632	114476	56	WITH metrics AS (SELECT multiIf((event_type = \'MergeParts\') AND (error = 0), \'merges_finished\', (event_type = \'MergeParts\') AND (error != 0), \'merges_failed\', (event_type = \'MutatePart\') AND (error = 0), \'mutate_part_finished\', (event_type = \'MutatePart\') AND (error != 0), \'mutate_part_failed\', NULL
2026-08-01 18:40:28	25	3124	588504	122	SELECT CAST(\'0fc3eaab-fbcb-4533-8825-9be9faaea781\', \'UUID\') AS instance_id, CAST(\'c-boneaws-al-46-server-tzy1uvq-0\', \'LowCardinality(String)\') AS node_id, CAST(name, \'LowCardinality(String)\') AS metric, CAST(mapFilter((k, v) -> has(_CAST([\'remote\'], \'Array(String)\'), k), labels), \'Map(LowCardinality
2026-08-01 18:40:28	51	182	58066	162	SELECT CAST(\'0fc3eaab-fbcb-4533-8825-9be9faaea781\', \'UUID\') AS control_plane_id, CAST(\'c-boneaws-al-46-server-tzy1uvq-0\', \'LowCardinality(String)\') AS pod_id, CAST(now64(), \'DateTime64(6)\') AS scrape_ts_microseconds, CAST(event_date, \'Date\') AS event_date, CAST(event_time, \'DateTime\') AS event_time,
2026-08-01 18:40:29	160	770	221594	19	WITH parts_agg AS (SELECT database AS agg_database, `table` AS agg_table, SUM(primary_key_size) AS primary_index_size, SUM(secondary_indices_compressed_bytes) AS secondary_index_size FROM system.parts WHERE active AND (database != \'system\') GROUP BY database, `table`), proj_agg AS (SELECT database A
2026-08-01 18:40:29	160	73728	1108056	1833	SELECT CAST(\'0fc3eaab-fbcb-4533-8825-9be9faaea781\', \'UUID\') AS control_plane_id, CAST(\'c-boneaws-al-46-server-tzy1uvq-0\', \'LowCardinality(String)\') AS pod_id, CAST(now64(), \'DateTime64(6)\') AS scrape_ts_microseconds, CAST(event_date, \'Date\') AS event_date, CAST(event_time, \'DateTime\') AS event_time,
2026-08-01 18:40:29	583	72	466862	22	SELECT name, cityHash64(replaceAll(create_table_query, name, \'__table_name__\')) as hash, primary_key, sorting_key, partition_key, comment FROM system.tables LEFT OUTER JOIN ( SELECT table, max(max_date) AS max_date FROM system.parts WHERE database = \'system\' AND active GROUP BY table ) AS parts 
2026-08-01 18:40:30	14	187	2594	1	SELECT avg(ProfileEvent_OSCPUWaitMicroseconds) as cpu_wait FROM  system.metric_log  WHERE event_time > now() - INTERVAL 2 MINUTE AND event_date >= yesterday()
2026-08-01 18:40:31	13	19	16713	19	SELECT name, cityHash64(replaceAll(create_table_query, name, \'__table_name__\')) as hash, comment FROM system.tables WHERE database = \'system\' AND engine like \'System%\' AND name NOT LIKE \'%_log\' AND NOT match(name, \'log_\\d+\') AND (name = \'build_options\' OR name = \'columns\' OR name = \'databases\' OR na
2026-08-01 18:40:32	4	4	12554	2	SELECT count() as count, sum(elapsed) as total_elapsed, \'lh\' as usr FROM system.processes  WHERE user = \'observability-internal\' AND client_hostname LIKE \'loghouse-scraper%\'  UNION ALL SELECT count() as count, sum(elapsed) as total_elapsed, \'other\' as usr FROM system.processes  WHERE user != \'observ
2026-08-01 18:40:32	2	15	1013	15	             SELECT                 name,                 toJSONString(labels) as labels_serialized,                 value,                 help,                 type             FROM (                 SELECT     \'ClickHouse_MetricsCollection_CustomMetricsSystemTable\' AS name,     toFloat64(1) AS va
2026-08-01 18:40:32	3	6	213	0	             SELECT                 name,                 toJSONString(labels) as labels_serialized,                 value,                 help,                 type             FROM (                 SELECT   \'ClickHouse_CustomMetric_SharedCatalogRecoveryTime\' as name,   toFloat64(recovery_time) a
2026-08-01 18:40:33	6	141	34073	141	SELECT             name,             value,             help,             JSONExtract(labels_serialized, \'Map(String, String)\') as labels,             type         FROM merge(system, \'^_custom_metrics_dictionary_.*\')         FORMAT Prometheus
2026-08-01 18:40:34	1	887	368225	1	SELECT value FROM system.asynchronous_metrics WHERE metric = \'OSMemoryAvailable\' ;
2026-08-01 18:40:35	2	0	0	1	SELECT min(event_time), now() - INTERVAL 600 SECOND maxSettlePoint FROM system.query_thread_log WHERE event_time >= toDateTime32(\'1785588035\') AND event_date >= toDate(toDateTime32(\'1785588035\')) AND event_time <= maxSettlePoint
2026-08-01 18:40:36	2	0	0	1	SELECT min(event_time), now() - INTERVAL 600 SECOND maxSettlePoint FROM system.filesystem_cache_log WHERE event_time >= toDateTime32(\'1785588035\') AND event_date >= toDate(toDateTime32(\'1785588035\')) AND event_time <= maxSettlePoint
2026-08-01 18:40:37	2	0	0	1	SELECT min(event_time), now() - INTERVAL 600 SECOND maxSettlePoint FROM system.filesystem_read_prefetches_log WHERE event_time >= toDateTime32(\'1785588035\') AND event_date >= toDate(toDateTime32(\'1785588035\')) AND event_time <= maxSettlePoint
2026-08-01 18:40:37	2	59	472	1	             SELECT                 name,                 toJSONString(labels) as labels_serialized,                 value,                 help,                 type             FROM (                 SELECT   \'ClickHouse_CustomMetric_TotalMemoryUsedByDataSkippingIndices\' AS name,   toFloat64(SUM(d
2026-08-01 18:40:38	16	0	0	1	SELECT min(event_time), now() - INTERVAL 600 SECOND maxSettlePoint FROM system.crash_log WHERE event_time >= toDateTime32(\'1785588035\') AND event_date >= toDate(toDateTime32(\'1785588035\')) AND event_time <= maxSettlePoint
2026-08-01 18:40:38	3	2	6554	1	SELECT count() FROM system.processes WHERE (initial_user NOT IN _CAST([\'backups-internal\', \'management-internal\', \'monitoring-internal\', \'observability-internal\', \'operator-internal\', \'prometheus-exporter\', \'prometheus-internal\', \'operator-cert-internal\', \'availability-monitoring-internal\', \'\'], \'Ar
2026-08-01 18:40:38	2	82	1186	1	SELECT countIf(database = \'system\') as systemParts, countIf(database != \'system\') as nonSystemParts FROM system.parts where active
2026-08-01 18:40:38	1	0	0	1	SELECT countIf(database = \'system\') as systemMerges, countIf(database != \'system\') as nonSystemMerges FROM system.merges
2026-08-01 18:40:39	2	0	0	1	SELECT min(event_time), now() - INTERVAL 600 SECOND maxSettlePoint FROM system.clickpipes_log WHERE event_time >= toDateTime32(\'1785588035\') AND event_date >= toDate(toDateTime32(\'1785588035\')) AND event_time <= maxSettlePoint
2026-08-01 18:40:40	2	0	0	1	SELECT min(event_time), now() - INTERVAL 600 SECOND maxSettlePoint FROM system.backup_log WHERE event_time >= toDateTime32(\'1785588035\') AND event_date >= toDate(toDateTime32(\'1785588035\')) AND event_time <= maxSettlePoint
2026-08-01 18:40:41	4	7631	45786	1	SELECT min(event_time), now() - INTERVAL 600 SECOND maxSettlePoint FROM system.part_log WHERE event_time >= toDateTime32(\'1785608918\') AND event_date >= toDate(toDateTime32(\'1785608918\')) AND event_time <= maxSettlePoint
2026-08-01 18:40:42	3	0	0	1	SELECT min(event_time), now() - INTERVAL 600 SECOND maxSettlePoint FROM system.zookeeper_connection_log WHERE event_time >= toDateTime32(\'1785607201\') AND event_date >= toDate(toDateTime32(\'1785607201\')) AND event_time <= maxSettlePoint
2026-08-01 18:40:42	1	6	2128	6	             SELECT                 name,                 toJSONString(labels) as labels_serialized,                 value,                 help,                 type             FROM (                 SELECT   concat(\'clickhouse_\', system.dimensional_metrics.metric) AS name,   toFloat64(system.dime
2026-08-01 18:40:43	3	0	0	1	SELECT min(event_time), now() - INTERVAL 600 SECOND maxSettlePoint FROM system.error_log WHERE event_time >= toDateTime32(\'1785608068\') AND event_date >= toDate(toDateTime32(\'1785608068\')) AND event_time <= maxSettlePoint
2026-08-01 18:40:44	3	0	0	1	SELECT min(event_time), now() - INTERVAL 600 SECOND maxSettlePoint FROM system.asynchronous_insert_log WHERE event_time >= toDateTime32(\'1785604181\') AND event_date >= toDate(toDateTime32(\'1785604181\')) AND event_time <= maxSettlePoint
2026-08-01 18:40:45	2	0	0	1	SELECT min(event_time), now() - INTERVAL 600 SECOND maxSettlePoint FROM system.s3queue_log WHERE event_time >= toDateTime32(\'1785588035\') AND event_date >= toDate(toDateTime32(\'1785588035\')) AND event_time <= maxSettlePoint
2026-08-01 18:40:46	4	1173	7038	1	SELECT min(event_time), now() - INTERVAL 600 SECOND maxSettlePoint FROM system.session_log WHERE event_time >= toDateTime32(\'1785608812\') AND event_date >= toDate(toDateTime32(\'1785608812\')) AND event_time <= maxSettlePoint
2026-08-01 18:40:47	3	0	0	1	SELECT min(event_time), now() - INTERVAL 600 SECOND maxSettlePoint FROM system.query_views_log WHERE event_time >= toDateTime32(\'1785604566\') AND event_date >= toDate(toDateTime32(\'1785604566\')) AND event_time <= maxSettlePoint
2026-08-01 18:40:47	6	144	34733	144	SELECT             name,             value,             help,             JSONExtract(labels_serialized, \'Map(String, String)\') as labels,             type         FROM merge(system, \'^_custom_metrics_dictionary_.*\')         FORMAT Prometheus
2026-08-01 18:40:48	3	3	13950	1	SELECT count() FROM system.processes WHERE (initial_user NOT IN _CAST([\'backups-internal\', \'management-internal\', \'monitoring-internal\', \'observability-internal\', \'operator-internal\', \'prometheus-exporter\', \'prometheus-internal\', \'operator-cert-internal\', \'availability-monitoring-internal\', \'\'], \'Ar
2026-08-01 18:40:48	2	80	1156	1	SELECT countIf(database = \'system\') as systemParts, countIf(database != \'system\') as nonSystemParts FROM system.parts where active
2026-08-01 18:40:48	24	3145	591247	123	SELECT CAST(\'0fc3eaab-fbcb-4533-8825-9be9faaea781\', \'UUID\') AS instance_id, CAST(\'c-boneaws-al-46-server-tzy1uvq-0\', \'LowCardinality(String)\') AS node_id, CAST(name, \'LowCardinality(String)\') AS metric, CAST(mapFilter((k, v) -> has(_CAST([\'remote\'], \'Array(String)\'), k), labels), \'Map(LowCardinality
2026-08-01 18:40:48	15	0	0	1	SELECT countIf(database = \'system\') as systemMerges, countIf(database != \'system\') as nonSystemMerges FROM system.merges
2026-08-01 18:40:49	9	0	0	1	SELECT min(event_time), now() - INTERVAL 600 SECOND maxSettlePoint FROM system.query_metric_log WHERE event_time >= toDateTime32(\'1785608705\') AND event_date >= toDate(toDateTime32(\'1785608705\')) AND event_time <= maxSettlePoint
2026-08-01 18:40:50	4	11269	67614	1	SELECT min(event_time), now() - INTERVAL 600 SECOND maxSettlePoint FROM system.blob_storage_log WHERE event_time >= toDateTime32(\'1785608918\') AND event_date >= toDate(toDateTime32(\'1785608918\')) AND event_time <= maxSettlePoint
2026-08-01 18:40:50	2	0	8	1	SELECT count() FROM system.backups where status IN (0,3)
2026-08-01 18:40:50	3	2	6588	1	SELECT count() FROM system.processes WHERE (elapsed > _CAST(0, \'Int64\')) AND (initial_user NOT IN _CAST([\'backups-internal\', \'management-internal\', \'monitoring-internal\', \'observability-internal\', \'operator-internal\', \'prometheus-exporter\', \'prometheus-internal\', \'operator-cert-internal\', \'availabil
2026-08-01 18:40:51	3	0	0	1	SELECT min(event_time), now() - INTERVAL 600 SECOND maxSettlePoint FROM system.aggregated_zookeeper_log WHERE event_time >= toDateTime32(\'1785608857\') AND event_date >= toDate(toDateTime32(\'1785608857\')) AND event_time <= maxSettlePoint
2026-08-01 18:40:52	13	785	4710	1	SELECT min(event_time), now() - INTERVAL 600 SECOND maxSettlePoint FROM system.metric_log WHERE event_time >= toDateTime32(\'1785608925\') AND event_date >= toDate(toDateTime32(\'1785608925\')) AND event_time <= maxSettlePoint
2026-08-01 18:40:52	2	0	0	0	             SELECT                 name,                 toJSONString(labels) as labels_serialized,                 value,                 help,                 type             FROM (                 SELECT   \'ClickHouse_CustomMetric_FailedMutations\' as name,   toFloat64(count()) as value,   \'The 
2026-08-01 18:40:52	2	13	6340	1	             SELECT                 name,                 toJSONString(labels) as labels_serialized,                 value,                 help,                 type             FROM (                 SELECT   \'ClickHouse_CustomMetric_TotalMemoryUsedByDictionaries\' AS name,   toFloat64(SUM(bytes_al
2026-08-01 18:40:52	2	15	9657	0	             SELECT                 name,                 toJSONString(labels) as labels_serialized,                 value,                 help,                 type             FROM (                 SELECT   \'clickhouse_table_replica_readonly_start_timestamp_seconds\' as name,   toFloat64(toUnixTi
2026-08-01 18:40:52	3	6	213	0	             SELECT                 name,                 toJSONString(labels) as labels_serialized,                 value,                 help,                 type             FROM (                 SELECT   \'ClickHouse_CustomMetric_SharedCatalogRecoveryTime\' as name,   toFloat64(recovery_time) a
2026-08-01 18:40:52	3	6	213	0	             SELECT                 name,                 toJSONString(labels) as labels_serialized,                 value,                 help,                 type             FROM (                 SELECT   \'ClickHouse_CustomMetric_DatabaseReplicatedRecoveryTime\' as name,   toFloat64(recovery_ti
2026-08-01 18:40:53	4	20757	124542	1	SELECT min(event_time), now() - INTERVAL 600 SECOND maxSettlePoint FROM system.trace_log WHERE event_time >= toDateTime32(\'1785608927\') AND event_date >= toDate(toDateTime32(\'1785608927\')) AND event_time <= maxSettlePoint
2026-08-01 18:40:54	5	32991	197946	1	SELECT min(event_time), now() - INTERVAL 600 SECOND maxSettlePoint FROM system.text_log WHERE event_time >= toDateTime32(\'1785608929\') AND event_date >= toDate(toDateTime32(\'1785608929\')) AND event_time <= maxSettlePoint
2026-08-01 18:40:55	4	9809	58854	1	SELECT min(event_time), now() - INTERVAL 600 SECOND maxSettlePoint FROM system.processors_profile_log WHERE event_time >= toDateTime32(\'1785608919\') AND event_date >= toDate(toDateTime32(\'1785608919\')) AND event_time <= maxSettlePoint
2026-08-01 18:40:56	19	877342	5264052	1	SELECT min(event_time), now() - INTERVAL 600 SECOND maxSettlePoint FROM system.asynchronous_metric_log WHERE event_time >= toDateTime32(\'1785608926\') AND event_date >= toDate(toDateTime32(\'1785608926\')) AND event_time <= maxSettlePoint
2026-08-01 18:40:56	4	4	1420	4	SELECT fingerprint, compatible, length(fields), arrayStringConcat(unmapped, \', \'), arrayStringConcat(missing, \', \') FROM sony.schema_registry GROUP BY fingerprint, compatible, fields, unmapped, missing ORDER BY compatible ASC LIMIT 12 FORMAT TabSeparated 
2026-08-01 18:40:57	15	7631	4125692	76	SELECT now64(6) as scrape_time_microseconds, \'tzy1uvq\' AS pod_ident, \'boneaws-al-46\' AS spoken_name, \'cell-1\' AS cell, \'ap-south-1\' AS region, \'aws\' AS cloud_provider, \'?\' AS clickhouse_version, \'0fc3eaab-fbcb-4533-8825-9be9faaea781\' AS control_plane_id, \'?\' AS system_processor, * FROM system."part_
2026-08-01 18:40:57	1	0	0	1	             SELECT                 name,                 toJSONString(labels) as labels_serialized,                 value,                 help,                 type             FROM (                 SELECT   \'ClickHouse_CustomMetric_TotalMemoryUsedByAsynchronousInserts\' AS name,   toFloat64(SUM(t
2026-08-01 18:40:57	2	3	7443	1	             SELECT                 name,                 toJSONString(labels) as labels_serialized,                 value,                 help,                 type             FROM (                 SELECT   \'ClickHouse_CustomMetric_TotalMemoryUsedByQueries\' AS name,   toFloat64(SUM(peak_memory_u
2026-08-01 18:40:57	5	144	34731	144	SELECT             name,             value,             help,             JSONExtract(labels_serialized, \'Map(String, String)\') as labels,             type         FROM merge(system, \'^_custom_metrics_dictionary_.*\')         FORMAT Prometheus
2026-08-01 18:40:58	7	1173	743987	16	SELECT now64(6) as scrape_time_microseconds, \'tzy1uvq\' AS pod_ident, \'boneaws-al-46\' AS spoken_name, \'cell-1\' AS cell, \'ap-south-1\' AS region, \'aws\' AS cloud_provider, \'?\' AS clickhouse_version, \'0fc3eaab-fbcb-4533-8825-9be9faaea781\' AS control_plane_id, \'?\' AS system_processor, * FROM system."sessi
2026-08-01 18:40:58	3	2	6554	1	SELECT count() FROM system.processes WHERE (initial_user NOT IN _CAST([\'backups-internal\', \'management-internal\', \'monitoring-internal\', \'observability-internal\', \'operator-internal\', \'prometheus-exporter\', \'prometheus-internal\', \'operator-cert-internal\', \'availability-monitoring-internal\', \'\'], \'Ar
2026-08-01 18:40:58	2	85	1231	1	SELECT countIf(database = \'system\') as systemParts, countIf(database != \'system\') as nonSystemParts FROM system.parts where active
2026-08-01 18:40:58	1	0	0	1	SELECT countIf(database = \'system\') as systemMerges, countIf(database != \'system\') as nonSystemMerges FROM system.merges
2026-08-01 18:40:59	1	5	5	1	SELECT count(*) FROM system.databases
2026-08-01 18:41:00	23	2572	5293532	176	SELECT now64(6) as scrape_time_microseconds, \'tzy1uvq\' AS pod_ident, \'boneaws-al-46\' AS spoken_name, \'cell-1\' AS cell, \'ap-south-1\' AS region, \'aws\' AS cloud_provider, \'?\' AS clickhouse_version, \'0fc3eaab-fbcb-4533-8825-9be9faaea781\' AS control_plane_id, \'?\' AS system_processor, * FROM system."query
2026-08-01 18:41:01	11	11269	3342670	218	SELECT now64(6) as scrape_time_microseconds, \'tzy1uvq\' AS pod_ident, \'boneaws-al-46\' AS spoken_name, \'cell-1\' AS cell, \'ap-south-1\' AS region, \'aws\' AS cloud_provider, \'?\' AS clickhouse_version, \'0fc3eaab-fbcb-4533-8825-9be9faaea781\' AS control_plane_id, \'?\' AS system_processor, * FROM system."blob_
2026-08-01 18:41:02	189	785	2148022	60	SELECT now64(6) as scrape_time_microseconds, \'tzy1uvq\' AS pod_ident, \'boneaws-al-46\' AS spoken_name, \'cell-1\' AS cell, \'ap-south-1\' AS region, \'aws\' AS cloud_provider, \'?\' AS clickhouse_version, \'0fc3eaab-fbcb-4533-8825-9be9faaea781\' AS control_plane_id, \'?\' AS system_processor, * FROM system."metri
2026-08-01 18:41:02	2	0	0	1	             SELECT                 name,                 toJSONString(labels) as labels_serialized,                 value,                 help,                 type             FROM (                 SELECT   \'ClickHouse_CustomMetric_TotalMemoryUsedByMerges\' AS name,   toFloat64(SUM(memory_usage))
2026-08-01 18:41:02	2	0	0	0	             SELECT                 name,                 toJSONString(labels) as labels_serialized,                 value,                 help,                 type             FROM (                 SELECT   \'ClickHouse_CustomMetric_FailedMutations\' as name,   toFloat64(count()) as value,   \'The 
2026-08-01 18:41:03	6	144	34731	144	SELECT             name,             value,             help,             JSONExtract(labels_serialized, \'Map(String, String)\') as labels,             type         FROM merge(system, \'^_custom_metrics_dictionary_.*\')         FORMAT Prometheus
2026-08-01 18:41:03	145	10584	2607079	5083	SELECT now64(6) as scrape_time_microseconds, \'tzy1uvq\' AS pod_ident, \'boneaws-al-46\' AS spoken_name, \'cell-1\' AS cell, \'ap-south-1\' AS region, \'aws\' AS cloud_provider, \'?\' AS clickhouse_version, \'0fc3eaab-fbcb-4533-8825-9be9faaea781\' AS control_plane_id, \'?\' AS system_processor, * FROM system."trace
2026-08-01 18:41:04	181	22747	5159794	7011	SELECT now64(6) as scrape_time_microseconds, \'tzy1uvq\' AS pod_ident, \'boneaws-al-46\' AS spoken_name, \'cell-1\' AS cell, \'ap-south-1\' AS region, \'aws\' AS cloud_provider, \'?\' AS clickhouse_version, \'0fc3eaab-fbcb-4533-8825-9be9faaea781\' AS control_plane_id, \'?\' AS system_processor, * FROM system."text_
2026-08-01 18:41:05	12	9809	2321371	2251	SELECT now64(6) as scrape_time_microseconds, \'tzy1uvq\' AS pod_ident, \'boneaws-al-46\' AS spoken_name, \'cell-1\' AS cell, \'ap-south-1\' AS region, \'aws\' AS cloud_provider, \'?\' AS clickhouse_version, \'0fc3eaab-fbcb-4533-8825-9be9faaea781\' AS control_plane_id, \'?\' AS system_processor, * FROM system."proce
2026-08-01 18:41:06	57	877342	14077010	52547	SELECT now64(6) as scrape_time_microseconds, \'tzy1uvq\' AS pod_ident, \'boneaws-al-46\' AS spoken_name, \'cell-1\' AS cell, \'ap-south-1\' AS region, \'aws\' AS cloud_provider, \'?\' AS clickhouse_version, \'0fc3eaab-fbcb-4533-8825-9be9faaea781\' AS control_plane_id, \'?\' AS system_processor, * FROM system."async
2026-08-01 18:41:07	15	218	3028	1	SELECT avg(ProfileEvent_OSCPUWaitMicroseconds) as cpu_wait FROM  system.metric_log  WHERE event_time > now() - INTERVAL 2 MINUTE AND event_date >= yesterday()
2026-08-01 18:41:08	1	15	1195	1	SELECT count(*) FROM system.settings_profiles
2026-08-01 18:41:08	10	3	13950	1	SELECT count() FROM system.processes WHERE (initial_user NOT IN _CAST([\'backups-internal\', \'management-internal\', \'monitoring-internal\', \'observability-internal\', \'operator-internal\', \'prometheus-exporter\', \'prometheus-internal\', \'operator-cert-internal\', \'availability-monitoring-internal\', \'\'], \'Ar
2026-08-01 18:41:08	2	86	1246	1	SELECT countIf(database = \'system\') as systemParts, countIf(database != \'system\') as nonSystemParts FROM system.parts where active
2026-08-01 18:41:08	24	3146	591388	123	SELECT CAST(\'0fc3eaab-fbcb-4533-8825-9be9faaea781\', \'UUID\') AS instance_id, CAST(\'c-boneaws-al-46-server-tzy1uvq-0\', \'LowCardinality(String)\') AS node_id, CAST(name, \'LowCardinality(String)\') AS metric, CAST(mapFilter((k, v) -> has(_CAST([\'remote\'], \'Array(String)\'), k), labels), \'Map(LowCardinality
2026-08-01 18:41:08	1	0	0	1	SELECT countIf(database = \'system\') as systemMerges, countIf(database != \'system\') as nonSystemMerges FROM system.merges
2026-08-01 18:41:09	7	1173	743987	38	SELECT now64(6) as scrape_time_microseconds, \'tzy1uvq\' AS pod_ident, \'boneaws-al-46\' AS spoken_name, \'cell-1\' AS cell, \'ap-south-1\' AS region, \'aws\' AS cloud_provider, \'?\' AS clickhouse_version, \'0fc3eaab-fbcb-4533-8825-9be9faaea781\' AS control_plane_id, \'?\' AS system_processor, * FROM system."sessi
2026-08-01 18:41:10	21	4	12554	2	SELECT count() as count, sum(elapsed) as total_elapsed, \'lh\' as usr FROM system.processes  WHERE user = \'observability-internal\' AND client_hostname LIKE \'loghouse-scraper%\'  UNION ALL SELECT count() as count, sum(elapsed) as total_elapsed, \'other\' as usr FROM system.processes  WHERE user != \'observ
2026-08-01 18:41:11	1	72	5181	1	SELECT count(*) FROM system.build_options
2026-08-01 18:41:12	1	887	368225	1	SELECT value FROM system.asynchronous_metrics WHERE metric = \'OSMemoryAvailable\' ;
2026-08-01 18:41:12	2	0	0	0	             SELECT                 name,                 toJSONString(labels) as labels_serialized,                 value,                 help,                 type             FROM (                 SELECT   \'ClickHouse_CustomMetric_FailedMutations\' as name,   toFloat64(count()) as value,   \'The 
2026-08-01 18:41:17	2	15	1013	15	             SELECT                 name,                 toJSONString(labels) as labels_serialized,                 value,                 help,                 type             FROM (                 SELECT     \'ClickHouse_MetricsCollection_CustomMetricsSystemTable\' AS name,     toFloat64(1) AS va
2026-08-01 18:41:17	3	6	213	0	             SELECT                 name,                 toJSONString(labels) as labels_serialized,                 value,                 help,                 type             FROM (                 SELECT   \'ClickHouse_CustomMetric_SharedCatalogRecoveryTime\' as name,   toFloat64(recovery_time) a
2026-08-01 18:41:17	6	144	34731	144	SELECT             name,             value,             help,             JSONExtract(labels_serialized, \'Map(String, String)\') as labels,             type         FROM merge(system, \'^_custom_metrics_dictionary_.*\')         FORMAT Prometheus
2026-08-01 18:41:18	3	2	6554	1	SELECT count() FROM system.processes WHERE (initial_user NOT IN _CAST([\'backups-internal\', \'management-internal\', \'monitoring-internal\', \'observability-internal\', \'operator-internal\', \'prometheus-exporter\', \'prometheus-internal\', \'operator-cert-internal\', \'availability-monitoring-internal\', \'\'], \'Ar
2026-08-01 18:41:18	2	83	1201	1	SELECT countIf(database = \'system\') as systemParts, countIf(database != \'system\') as nonSystemParts FROM system.parts where active
2026-08-01 18:41:18	1	0	0	1	SELECT countIf(database = \'system\') as systemMerges, countIf(database != \'system\') as nonSystemMerges FROM system.merges
2026-08-01 18:41:22	3	15	9657	0	             SELECT                 name,                 toJSONString(labels) as labels_serialized,                 value,                 help,                 type             FROM (                 SELECT   \'clickhouse_table_replica_readonly_start_timestamp_seconds\' as name,   toFloat64(toUnixTi
2026-08-01 18:41:27	6	144	34731	144	SELECT             name,             value,             help,             JSONExtract(labels_serialized, \'Map(String, String)\') as labels,             type         FROM merge(system, \'^_custom_metrics_dictionary_.*\')         FORMAT Prometheus
2026-08-01 18:41:28	3	3	14896	1	SELECT count() FROM system.processes WHERE (initial_user NOT IN _CAST([\'backups-internal\', \'management-internal\', \'monitoring-internal\', \'observability-internal\', \'operator-internal\', \'prometheus-exporter\', \'prometheus-internal\', \'operator-cert-internal\', \'availability-monitoring-internal\', \'\'], \'Ar
2026-08-01 18:41:28	2	89	1291	1	SELECT countIf(database = \'system\') as systemParts, countIf(database != \'system\') as nonSystemParts FROM system.parts where active
2026-08-01 18:41:28	1	0	0	1	SELECT countIf(database = \'system\') as systemMerges, countIf(database != \'system\') as nonSystemMerges FROM system.merges
2026-08-01 18:41:28	24	3148	591586	124	SELECT CAST(\'0fc3eaab-fbcb-4533-8825-9be9faaea781\', \'UUID\') AS instance_id, CAST(\'c-boneaws-al-46-server-tzy1uvq-0\', \'LowCardinality(String)\') AS node_id, CAST(name, \'LowCardinality(String)\') AS metric, CAST(mapFilter((k, v) -> has(_CAST([\'remote\'], \'Array(String)\'), k), labels), \'Map(LowCardinality
2026-08-01 18:41:32	1	6	2128	6	             SELECT                 name,                 toJSONString(labels) as labels_serialized,                 value,                 help,                 type             FROM (                 SELECT   concat(\'clickhouse_\', system.dimensional_metrics.metric) AS name,   toFloat64(system.dime
2026-08-01 18:41:32	1	0	0	1	             SELECT                 name,                 toJSONString(labels) as labels_serialized,                 value,                 help,                 type             FROM (                 SELECT   \'ClickHouse_CustomMetric_TotalMemoryUsedByAsynchronousInserts\' AS name,   toFloat64(SUM(t
2026-08-01 18:41:32	2	59	472	1	             SELECT                 name,                 toJSONString(labels) as labels_serialized,                 value,                 help,                 type             FROM (                 SELECT   \'ClickHouse_CustomMetric_TotalMemoryUsedByDataSkippingIndices\' AS name,   toFloat64(SUM(d
2026-08-01 18:41:32	3	6	213	0	             SELECT                 name,                 toJSONString(labels) as labels_serialized,                 value,                 help,                 type             FROM (                 SELECT   \'ClickHouse_CustomMetric_DatabaseReplicatedRecoveryTime\' as name,   toFloat64(recovery_ti
2026-08-01 18:41:33	6	144	34731	144	SELECT             name,             value,             help,             JSONExtract(labels_serialized, \'Map(String, String)\') as labels,             type         FROM merge(system, \'^_custom_metrics_dictionary_.*\')         FORMAT Prometheus
2026-08-01 18:41:35	5	0	0	0	SELECT now64(6) as scrape_time_microseconds, \'tzy1uvq\' AS pod_ident, \'boneaws-al-46\' AS spoken_name, \'cell-1\' AS cell, \'ap-south-1\' AS region, \'aws\' AS cloud_provider, \'?\' AS clickhouse_version, \'0fc3eaab-fbcb-4533-8825-9be9faaea781\' AS control_plane_id, \'?\' AS system_processor, * FROM system."query
2026-08-01 18:41:36	3	0	0	0	SELECT now64(6) as scrape_time_microseconds, \'tzy1uvq\' AS pod_ident, \'boneaws-al-46\' AS spoken_name, \'cell-1\' AS cell, \'ap-south-1\' AS region, \'aws\' AS cloud_provider, \'?\' AS clickhouse_version, \'0fc3eaab-fbcb-4533-8825-9be9faaea781\' AS control_plane_id, \'?\' AS system_processor, * FROM system."files
2026-08-01 18:41:37	3	0	0	0	SELECT now64(6) as scrape_time_microseconds, \'tzy1uvq\' AS pod_ident, \'boneaws-al-46\' AS spoken_name, \'cell-1\' AS cell, \'ap-south-1\' AS region, \'aws\' AS cloud_provider, \'?\' AS clickhouse_version, \'0fc3eaab-fbcb-4533-8825-9be9faaea781\' AS control_plane_id, \'?\' AS system_processor, * FROM system."files
2026-08-01 18:41:38	3	0	0	0	SELECT now64(6) as scrape_time_microseconds, \'tzy1uvq\' AS pod_ident, \'boneaws-al-46\' AS spoken_name, \'cell-1\' AS cell, \'ap-south-1\' AS region, \'aws\' AS cloud_provider, \'?\' AS clickhouse_version, \'0fc3eaab-fbcb-4533-8825-9be9faaea781\' AS control_plane_id, \'?\' AS system_processor, * FROM system."crash
2026-08-01 18:41:38	24	2572	5293532	310	SELECT now64(6) as scrape_time_microseconds, \'tzy1uvq\' AS pod_ident, \'boneaws-al-46\' AS spoken_name, \'cell-1\' AS cell, \'ap-south-1\' AS region, \'aws\' AS cloud_provider, \'?\' AS clickhouse_version, \'0fc3eaab-fbcb-4533-8825-9be9faaea781\' AS control_plane_id, \'?\' AS system_processor, * FROM system."query
2026-08-01 18:41:38	3	2	7508	1	SELECT count() FROM system.processes WHERE (initial_user NOT IN _CAST([\'backups-internal\', \'management-internal\', \'monitoring-internal\', \'observability-internal\', \'operator-internal\', \'prometheus-exporter\', \'prometheus-internal\', \'operator-cert-internal\', \'availability-monitoring-internal\', \'\'], \'Ar
2026-08-01 18:41:38	2	91	1321	1	SELECT countIf(database = \'system\') as systemParts, countIf(database != \'system\') as nonSystemParts FROM system.parts where active
2026-08-01 18:41:38	1	0	0	1	SELECT countIf(database = \'system\') as systemMerges, countIf(database != \'system\') as nonSystemMerges FROM system.merges
2026-08-01 18:41:39	3	0	0	0	SELECT now64(6) as scrape_time_microseconds, \'tzy1uvq\' AS pod_ident, \'boneaws-al-46\' AS spoken_name, \'cell-1\' AS cell, \'ap-south-1\' AS region, \'aws\' AS cloud_provider, \'?\' AS clickhouse_version, \'0fc3eaab-fbcb-4533-8825-9be9faaea781\' AS control_plane_id, \'?\' AS system_processor, * FROM system."click
2026-08-01 18:41:39	12	9809	2321371	4436	SELECT now64(6) as scrape_time_microseconds, \'tzy1uvq\' AS pod_ident, \'boneaws-al-46\' AS spoken_name, \'cell-1\' AS cell, \'ap-south-1\' AS region, \'aws\' AS cloud_provider, \'?\' AS clickhouse_version, \'0fc3eaab-fbcb-4533-8825-9be9faaea781\' AS control_plane_id, \'?\' AS system_processor, * FROM system."proce
2026-08-01 18:41:40	3	0	0	0	SELECT now64(6) as scrape_time_microseconds, \'tzy1uvq\' AS pod_ident, \'boneaws-al-46\' AS spoken_name, \'cell-1\' AS cell, \'ap-south-1\' AS region, \'aws\' AS cloud_provider, \'?\' AS clickhouse_version, \'0fc3eaab-fbcb-4533-8825-9be9faaea781\' AS control_plane_id, \'?\' AS system_processor, * FROM system."backu
2026-08-01 18:41:42	3	0	0	0	SELECT now64(6) as scrape_time_microseconds, \'tzy1uvq\' AS pod_ident, \'boneaws-al-46\' AS spoken_name, \'cell-1\' AS cell, \'ap-south-1\' AS region, \'aws\' AS cloud_provider, \'?\' AS clickhouse_version, \'0fc3eaab-fbcb-4533-8825-9be9faaea781\' AS control_plane_id, \'?\' AS system_processor, * FROM system."zooke
2026-08-01 18:41:42	15	248	3448	1	SELECT avg(ProfileEvent_OSCPUWaitMicroseconds) as cpu_wait FROM  system.metric_log  WHERE event_time > now() - INTERVAL 2 MINUTE AND event_date >= yesterday()
2026-08-01 18:41:42	4	4	14462	2	SELECT count() as count, sum(elapsed) as total_elapsed, \'lh\' as usr FROM system.processes  WHERE user = \'observability-internal\' AND client_hostname LIKE \'loghouse-scraper%\'  UNION ALL SELECT count() as count, sum(elapsed) as total_elapsed, \'other\' as usr FROM system.processes  WHERE user != \'observ
2026-08-01 18:41:42	1	887	368225	1	SELECT value FROM system.asynchronous_metrics WHERE metric = \'OSMemoryAvailable\' ;
2026-08-01 18:41:42	2	13	6340	1	             SELECT                 name,                 toJSONString(labels) as labels_serialized,                 value,                 help,                 type             FROM (                 SELECT   \'ClickHouse_CustomMetric_TotalMemoryUsedByDictionaries\' AS name,   toFloat64(SUM(bytes_al
2026-08-01 18:41:43	3	0	0	0	SELECT now64(6) as scrape_time_microseconds, \'tzy1uvq\' AS pod_ident, \'boneaws-al-46\' AS spoken_name, \'cell-1\' AS cell, \'ap-south-1\' AS region, \'aws\' AS cloud_provider, \'?\' AS clickhouse_version, \'0fc3eaab-fbcb-4533-8825-9be9faaea781\' AS control_plane_id, \'?\' AS system_processor, * FROM system."error
2026-08-01 18:41:44	4	0	0	0	SELECT now64(6) as scrape_time_microseconds, \'tzy1uvq\' AS pod_ident, \'boneaws-al-46\' AS spoken_name, \'cell-1\' AS cell, \'ap-south-1\' AS region, \'aws\' AS cloud_provider, \'?\' AS clickhouse_version, \'0fc3eaab-fbcb-4533-8825-9be9faaea781\' AS control_plane_id, \'?\' AS system_processor, * FROM system."async
2026-08-01 18:41:45	3	0	0	0	SELECT now64(6) as scrape_time_microseconds, \'tzy1uvq\' AS pod_ident, \'boneaws-al-46\' AS spoken_name, \'cell-1\' AS cell, \'ap-south-1\' AS region, \'aws\' AS cloud_provider, \'?\' AS clickhouse_version, \'0fc3eaab-fbcb-4533-8825-9be9faaea781\' AS control_plane_id, \'?\' AS system_processor, * FROM system."s3que
2026-08-01 18:41:45	7	2998	904313	415	SELECT now64(6) as scrape_time_microseconds, \'tzy1uvq\' AS pod_ident, \'boneaws-al-46\' AS spoken_name, \'cell-1\' AS cell, \'ap-south-1\' AS region, \'aws\' AS cloud_provider, \'?\' AS clickhouse_version, \'0fc3eaab-fbcb-4533-8825-9be9faaea781\' AS control_plane_id, \'?\' AS system_processor, * FROM system."blob_
2026-08-01 18:41:45	17	7631	4125692	176	SELECT now64(6) as scrape_time_microseconds, \'tzy1uvq\' AS pod_ident, \'boneaws-al-46\' AS spoken_name, \'cell-1\' AS cell, \'ap-south-1\' AS region, \'aws\' AS cloud_provider, \'?\' AS clickhouse_version, \'0fc3eaab-fbcb-4533-8825-9be9faaea781\' AS control_plane_id, \'?\' AS system_processor, * FROM system."part_
2026-08-01 18:41:45	182	785	2148022	120	SELECT now64(6) as scrape_time_microseconds, \'tzy1uvq\' AS pod_ident, \'boneaws-al-46\' AS spoken_name, \'cell-1\' AS cell, \'ap-south-1\' AS region, \'aws\' AS cloud_provider, \'?\' AS clickhouse_version, \'0fc3eaab-fbcb-4533-8825-9be9faaea781\' AS control_plane_id, \'?\' AS system_processor, * FROM system."metri
2026-08-01 18:41:46	68	877342	14077010	105020	SELECT now64(6) as scrape_time_microseconds, \'tzy1uvq\' AS pod_ident, \'boneaws-al-46\' AS spoken_name, \'cell-1\' AS cell, \'ap-south-1\' AS region, \'aws\' AS cloud_provider, \'?\' AS clickhouse_version, \'0fc3eaab-fbcb-4533-8825-9be9faaea781\' AS control_plane_id, \'?\' AS system_processor, * FROM system."async
2026-08-01 18:41:47	4	0	0	0	SELECT now64(6) as scrape_time_microseconds, \'tzy1uvq\' AS pod_ident, \'boneaws-al-46\' AS spoken_name, \'cell-1\' AS cell, \'ap-south-1\' AS region, \'aws\' AS cloud_provider, \'?\' AS clickhouse_version, \'0fc3eaab-fbcb-4533-8825-9be9faaea781\' AS control_plane_id, \'?\' AS system_processor, * FROM system."query
2026-08-01 18:41:47	17	20757	5057198	10398	SELECT now64(6) as scrape_time_microseconds, \'tzy1uvq\' AS pod_ident, \'boneaws-al-46\' AS spoken_name, \'cell-1\' AS cell, \'ap-south-1\' AS region, \'aws\' AS cloud_provider, \'?\' AS clickhouse_version, \'0fc3eaab-fbcb-4533-8825-9be9faaea781\' AS control_plane_id, \'?\' AS system_processor, * FROM system."trace
2026-08-01 18:41:47	6	144	34731	144	SELECT             name,             value,             help,             JSONExtract(labels_serialized, \'Map(String, String)\') as labels,             type         FROM merge(system, \'^_custom_metrics_dictionary_.*\')         FORMAT Prometheus
2026-08-01 18:41:48	3	3	14904	1	SELECT count() FROM system.processes WHERE (initial_user NOT IN _CAST([\'backups-internal\', \'management-internal\', \'monitoring-internal\', \'observability-internal\', \'operator-internal\', \'prometheus-exporter\', \'prometheus-internal\', \'operator-cert-internal\', \'availability-monitoring-internal\', \'\'], \'Ar
2026-08-01 18:41:48	2	95	1381	1	SELECT countIf(database = \'system\') as systemParts, countIf(database != \'system\') as nonSystemParts FROM system.parts where active
2026-08-01 18:41:48	2	0	0	1	SELECT countIf(database = \'system\') as systemMerges, countIf(database != \'system\') as nonSystemMerges FROM system.merges
2026-08-01 18:41:48	25	3152	592054	124	SELECT CAST(\'0fc3eaab-fbcb-4533-8825-9be9faaea781\', \'UUID\') AS instance_id, CAST(\'c-boneaws-al-46-server-tzy1uvq-0\', \'LowCardinality(String)\') AS node_id, CAST(name, \'LowCardinality(String)\') AS metric, CAST(mapFilter((k, v) -> has(_CAST([\'remote\'], \'Array(String)\'), k), labels), \'Map(LowCardinality
2026-08-01 18:41:49	19	21646	4850245	14650	SELECT now64(6) as scrape_time_microseconds, \'tzy1uvq\' AS pod_ident, \'boneaws-al-46\' AS spoken_name, \'cell-1\' AS cell, \'ap-south-1\' AS region, \'aws\' AS cloud_provider, \'?\' AS clickhouse_version, \'0fc3eaab-fbcb-4533-8825-9be9faaea781\' AS control_plane_id, \'?\' AS system_processor, * FROM system."text_
2026-08-01 18:41:49	81	0	0	0	SELECT now64(6) as scrape_time_microseconds, \'tzy1uvq\' AS pod_ident, \'boneaws-al-46\' AS spoken_name, \'cell-1\' AS cell, \'ap-south-1\' AS region, \'aws\' AS cloud_provider, \'?\' AS clickhouse_version, \'0fc3eaab-fbcb-4533-8825-9be9faaea781\' AS control_plane_id, \'?\' AS system_processor, * FROM system."query
2026-08-01 18:41:51	3	0	0	0	SELECT now64(6) as scrape_time_microseconds, \'tzy1uvq\' AS pod_ident, \'boneaws-al-46\' AS spoken_name, \'cell-1\' AS cell, \'ap-south-1\' AS region, \'aws\' AS cloud_provider, \'?\' AS clickhouse_version, \'0fc3eaab-fbcb-4533-8825-9be9faaea781\' AS control_plane_id, \'?\' AS system_processor, * FROM system."aggre
2026-08-01 18:41:52	3	6	213	0	             SELECT                 name,                 toJSONString(labels) as labels_serialized,                 value,                 help,                 type             FROM (                 SELECT   \'ClickHouse_CustomMetric_DatabaseReplicatedRecoveryTime\' as name,   toFloat64(recovery_ti
2026-08-01 18:41:52	22	3	8465	1	             SELECT                 name,                 toJSONString(labels) as labels_serialized,                 value,                 help,                 type             FROM (                 SELECT   \'ClickHouse_CustomMetric_TotalMemoryUsedByQueries\' AS name,   toFloat64(SUM(peak_memory_u
2026-08-01 18:41:57	1	6	2128	6	             SELECT                 name,                 toJSONString(labels) as labels_serialized,                 value,                 help,                 type             FROM (                 SELECT   concat(\'clickhouse_\', system.dimensional_metrics.metric) AS name,   toFloat64(system.dime
2026-08-01 18:41:57	5	164	39716	164	SELECT             name,             value,             help,             JSONExtract(labels_serialized, \'Map(String, String)\') as labels,             type         FROM merge(system, \'^_custom_metrics_dictionary_.*\')         FORMAT Prometheus
2026-08-01 18:41:58	3	2	7508	1	SELECT count() FROM system.processes WHERE (initial_user NOT IN _CAST([\'backups-internal\', \'management-internal\', \'monitoring-internal\', \'observability-internal\', \'operator-internal\', \'prometheus-exporter\', \'prometheus-internal\', \'operator-cert-internal\', \'availability-monitoring-internal\', \'\'], \'Ar
2026-08-01 18:41:58	2	86	1246	1	SELECT countIf(database = \'system\') as systemParts, countIf(database != \'system\') as nonSystemParts FROM system.parts where active
2026-08-01 18:41:58	1	0	0	1	SELECT countIf(database = \'system\') as systemMerges, countIf(database != \'system\') as nonSystemMerges FROM system.merges
2026-08-01 18:42:02	1	0	0	1	             SELECT                 name,                 toJSONString(labels) as labels_serialized,                 value,                 help,                 type             FROM (                 SELECT   \'ClickHouse_CustomMetric_TotalMemoryUsedByMerges\' AS name,   toFloat64(SUM(memory_usage))
2026-08-01 18:42:03	6	164	39716	164	SELECT             name,             value,             help,             JSONExtract(labels_serialized, \'Map(String, String)\') as labels,             type         FROM merge(system, \'^_custom_metrics_dictionary_.*\')         FORMAT Prometheus
2026-08-01 18:42:04	2	59	59	1	SELECT count(*) FROM system.data_skipping_indices
2026-08-01 18:42:05	8	1173	743987	42	SELECT now64(6) as scrape_time_microseconds, \'tzy1uvq\' AS pod_ident, \'boneaws-al-46\' AS spoken_name, \'cell-1\' AS cell, \'ap-south-1\' AS region, \'aws\' AS cloud_provider, \'?\' AS clickhouse_version, \'0fc3eaab-fbcb-4533-8825-9be9faaea781\' AS control_plane_id, \'?\' AS system_processor, * FROM system."sessi
2026-08-01 18:42:07	2	0	0	0	             SELECT                 name,                 toJSONString(labels) as labels_serialized,                 value,                 help,                 type             FROM (                 SELECT   \'ClickHouse_CustomMetric_FailedMutations\' as name,   toFloat64(count()) as value,   \'The 
2026-08-01 18:42:07	2	13	6340	1	             SELECT                 name,                 toJSONString(labels) as labels_serialized,                 value,                 help,                 type             FROM (                 SELECT   \'ClickHouse_CustomMetric_TotalMemoryUsedByDictionaries\' AS name,   toFloat64(SUM(bytes_al
2026-08-01 18:42:08	3	3	14904	1	SELECT count() FROM system.processes WHERE (initial_user NOT IN _CAST([\'backups-internal\', \'management-internal\', \'monitoring-internal\', \'observability-internal\', \'operator-internal\', \'prometheus-exporter\', \'prometheus-internal\', \'operator-cert-internal\', \'availability-monitoring-internal\', \'\'], \'Ar
2026-08-01 18:42:08	2	88	1276	1	SELECT countIf(database = \'system\') as systemParts, countIf(database != \'system\') as nonSystemParts FROM system.parts where active
2026-08-01 18:42:08	1	0	0	1	SELECT countIf(database = \'system\') as systemMerges, countIf(database != \'system\') as nonSystemMerges FROM system.merges
2026-08-01 18:42:08	24	3172	595079	124	SELECT CAST(\'0fc3eaab-fbcb-4533-8825-9be9faaea781\', \'UUID\') AS instance_id, CAST(\'c-boneaws-al-46-server-tzy1uvq-0\', \'LowCardinality(String)\') AS node_id, CAST(name, \'LowCardinality(String)\') AS metric, CAST(mapFilter((k, v) -> has(_CAST([\'remote\'], \'Array(String)\'), k), labels), \'Map(LowCardinality
2026-08-01 18:42:12	34	279	3882	1	SELECT avg(ProfileEvent_OSCPUWaitMicroseconds) as cpu_wait FROM  system.metric_log  WHERE event_time > now() - INTERVAL 2 MINUTE AND event_date >= yesterday()
2026-08-01 18:42:12	4	4	14462	2	SELECT count() as count, sum(elapsed) as total_elapsed, \'lh\' as usr FROM system.processes  WHERE user = \'observability-internal\' AND client_hostname LIKE \'loghouse-scraper%\'  UNION ALL SELECT count() as count, sum(elapsed) as total_elapsed, \'other\' as usr FROM system.processes  WHERE user != \'observ
2026-08-01 18:42:12	1	887	368225	1	SELECT value FROM system.asynchronous_metrics WHERE metric = \'OSMemoryAvailable\' ;
2026-08-01 18:42:12	1	6	2128	6	             SELECT                 name,                 toJSONString(labels) as labels_serialized,                 value,                 help,                 type             FROM (                 SELECT   concat(\'clickhouse_\', system.dimensional_metrics.metric) AS name,   toFloat64(system.dime
2026-08-01 18:42:12	2	15	1013	15	             SELECT                 name,                 toJSONString(labels) as labels_serialized,                 value,                 help,                 type             FROM (                 SELECT     \'ClickHouse_MetricsCollection_CustomMetricsSystemTable\' AS name,     toFloat64(1) AS va
2026-08-01 18:42:12	3	6	213	0	             SELECT                 name,                 toJSONString(labels) as labels_serialized,                 value,                 help,                 type             FROM (                 SELECT   \'ClickHouse_CustomMetric_SharedCatalogRecoveryTime\' as name,   toFloat64(recovery_time) a
2026-08-01 18:42:17	2	59	472	1	             SELECT                 name,                 toJSONString(labels) as labels_serialized,                 value,                 help,                 type             FROM (                 SELECT   \'ClickHouse_CustomMetric_TotalMemoryUsedByDataSkippingIndices\' AS name,   toFloat64(SUM(d
2026-08-01 18:42:17	6	164	39716	164	SELECT             name,             value,             help,             JSONExtract(labels_serialized, \'Map(String, String)\') as labels,             type         FROM merge(system, \'^_custom_metrics_dictionary_.*\')         FORMAT Prometheus
2026-08-01 18:42:18	3	2	7552	1	SELECT count() FROM system.processes WHERE (initial_user NOT IN _CAST([\'backups-internal\', \'management-internal\', \'monitoring-internal\', \'observability-internal\', \'operator-internal\', \'prometheus-exporter\', \'prometheus-internal\', \'operator-cert-internal\', \'availability-monitoring-internal\', \'\'], \'Ar
2026-08-01 18:42:18	2	92	1336	1	SELECT countIf(database = \'system\') as systemParts, countIf(database != \'system\') as nonSystemParts FROM system.parts where active
2026-08-01 18:42:18	1	0	0	1	SELECT countIf(database = \'system\') as systemMerges, countIf(database != \'system\') as nonSystemMerges FROM system.merges
2026-08-01 18:42:22	3	15	9657	0	             SELECT                 name,                 toJSONString(labels) as labels_serialized,                 value,                 help,                 type             FROM (                 SELECT   \'clickhouse_table_replica_readonly_start_timestamp_seconds\' as name,   toFloat64(toUnixTi
2026-08-01 18:42:27	2	0	0	1	             SELECT                 name,                 toJSONString(labels) as labels_serialized,                 value,                 help,                 type             FROM (                 SELECT   \'ClickHouse_CustomMetric_TotalMemoryUsedByAsynchronousInserts\' AS name,   toFloat64(SUM(t
2026-08-01 18:42:27	6	164	39716	164	SELECT             name,             value,             help,             JSONExtract(labels_serialized, \'Map(String, String)\') as labels,             type         FROM merge(system, \'^_custom_metrics_dictionary_.*\')         FORMAT Prometheus
2026-08-01 18:42:28	5	378	114440	5	WITH metrics AS (SELECT name AS metric, toFloat64(value) AS val, now() AS ts FROM system.server_settings WHERE multiMatchAny(name, _CAST([\'^max_database_num_to_throw$\', \'^max_database_num_to_warn$\', \'^max_table_num_to_throw$\', \'^max_table_num_to_warn$\', \'^max_concurrent_queries$\'], \'Array(String)\'))
2026-08-01 18:42:28	9	81920	1231044	1372	SELECT CAST(\'0fc3eaab-fbcb-4533-8825-9be9faaea781\', \'UUID\') AS control_plane_id, CAST(\'c-boneaws-al-46-server-tzy1uvq-0\', \'LowCardinality(String)\') AS pod_id, CAST(now64(), \'DateTime64(6)\') AS scrape_ts_microseconds, CAST(event_date, \'Date\') AS event_date, CAST(event_time, \'DateTime\') AS event_time,
2026-08-01 18:42:28	3	10	44199	1	SELECT count() FROM system.processes WHERE (initial_user NOT IN _CAST([\'backups-internal\', \'management-internal\', \'monitoring-internal\', \'observability-internal\', \'operator-internal\', \'prometheus-exporter\', \'prometheus-internal\', \'operator-cert-internal\', \'availability-monitoring-internal\', \'\'], \'Ar
2026-08-01 18:42:28	5	0	0	0	WITH source AS (SELECT [\'matview_execution_total\', if(exception_code != 0, \'matview_execution_fail\', \'\')] AS metrics, event_time AS ts FROM system.query_views_log WHERE (status != \'QueryStart\') AND (event_date >= toDate(_CAST(\'1785609593.89\', \'DateTime64\'))) AND (event_time >= toDateTime(_CAST(\'1785
2026-08-01 18:42:28	2	77	1111	1	SELECT countIf(database = \'system\') as systemParts, countIf(database != \'system\') as nonSystemParts FROM system.parts where active
2026-08-01 18:42:28	1	0	0	1	SELECT countIf(database = \'system\') as systemMerges, countIf(database != \'system\') as nonSystemMerges FROM system.merges
2026-08-01 18:42:28	27	0	0	1	WITH failed_mutations AS (SELECT toDateTime(create_time) AS ts, count() AS val FROM system.mutations WHERE (ts > toDateTime(_CAST(\'1785609593.89\', \'DateTime64\'))) AND (ts <= toDateTime(_CAST(\'1785609713.89\', \'DateTime64\'))) AND (latest_failed_part != \'\') AND (is_done = 0) GROUP BY ts), failed_mutati
2026-08-01 18:42:28	25	3179	595815	126	SELECT CAST(\'0fc3eaab-fbcb-4533-8825-9be9faaea781\', \'UUID\') AS instance_id, CAST(\'c-boneaws-al-46-server-tzy1uvq-0\', \'LowCardinality(String)\') AS node_id, CAST(name, \'LowCardinality(String)\') AS metric, CAST(mapFilter((k, v) -> has(_CAST([\'remote\'], \'Array(String)\'), k), labels), \'Map(LowCardinality
2026-08-01 18:42:28	38	7829	117431	19	WITH metrics AS (SELECT multiIf((event_type = \'MergeParts\') AND (error = 0), \'merges_finished\', (event_type = \'MergeParts\') AND (error != 0), \'merges_failed\', (event_type = \'MutatePart\') AND (error = 0), \'mutate_part_finished\', (event_type = \'MutatePart\') AND (error != 0), \'mutate_part_failed\', NULL
2026-08-01 18:42:28	53	309	99396	114	SELECT CAST(\'0fc3eaab-fbcb-4533-8825-9be9faaea781\', \'UUID\') AS control_plane_id, CAST(\'c-boneaws-al-46-server-tzy1uvq-0\', \'LowCardinality(String)\') AS pod_id, CAST(now64(), \'DateTime64(6)\') AS scrape_ts_microseconds, CAST(event_date, \'Date\') AS event_date, CAST(event_time, \'DateTime\') AS event_time,
2026-08-01 18:42:29	183	770	221594	19	WITH parts_agg AS (SELECT database AS agg_database, `table` AS agg_table, SUM(primary_key_size) AS primary_index_size, SUM(secondary_indices_compressed_bytes) AS secondary_index_size FROM system.parts WHERE active AND (database != \'system\') GROUP BY database, `table`), proj_agg AS (SELECT database A
2026-08-01 18:42:33	6	164	39716	164	SELECT             name,             value,             help,             JSONExtract(labels_serialized, \'Map(String, String)\') as labels,             type         FROM merge(system, \'^_custom_metrics_dictionary_.*\')         FORMAT Prometheus
2026-08-01 18:42:37	128992	924596	318626016	924596	INSERT INTO sony.stage_raw_events FORMAT CSV 
2026-08-01 18:42:37	2	2	11058	1	             SELECT                 name,                 toJSONString(labels) as labels_serialized,                 value,                 help,                 type             FROM (                 SELECT   \'ClickHouse_CustomMetric_TotalMemoryUsedByQueries\' AS name,   toFloat64(SUM(peak_memory_u
2026-08-01 18:42:38	3	2	13348	1	SELECT count() FROM system.processes WHERE (initial_user NOT IN _CAST([\'backups-internal\', \'management-internal\', \'monitoring-internal\', \'observability-internal\', \'operator-internal\', \'prometheus-exporter\', \'prometheus-internal\', \'operator-cert-internal\', \'availability-monitoring-internal\', \'\'], \'Ar
2026-08-01 18:42:38	2	75	1069	1	SELECT countIf(database = \'system\') as systemParts, countIf(database != \'system\') as nonSystemParts FROM system.parts where active
2026-08-01 18:42:38	2	0	0	1	SELECT countIf(database = \'system\') as systemMerges, countIf(database != \'system\') as nonSystemMerges FROM system.merges
2026-08-01 18:42:39	1704	2714242	391428026	917131	INSERT INTO sony.raw_events (content_id, video_session_id, user_id, event_type, event, event_timestamp_ms, platform, app_version, country, audio_language, subtitle_language, player_version, session_start_ms) SELECT toInt64OrZero(trim(BOTH \' \' FROM c6)) AS content_id, trim(BOTH \' \' FROM c7) AS video_
2026-08-01 18:42:39	22	924596	11280579	1	SELECT countIf(toInt64OrZero(trim(BOTH \' \' FROM c6)) = 0) FROM sony.stage_raw_events FORMAT TabSeparated 
2026-08-01 18:42:39	24	924596	14534920	1	SELECT countIf(toInt64OrZero(trim(BOTH \' \' FROM c13)) = 0) FROM sony.stage_raw_events FORMAT TabSeparated 
2026-08-01 18:42:39	22	924596	14775427	1	SELECT countIf(toInt64OrZero(trim(BOTH \' \' FROM c2)) = 0) FROM sony.stage_raw_events FORMAT TabSeparated 
2026-08-01 18:42:39	26	0	0	0	DROP TABLE IF EXISTS sony.stage_raw_events
2026-08-01 18:42:39	39	0	0	0	DROP TABLE IF EXISTS sony.stage_raw_events 
2026-08-01 18:42:40	22	894823	60337263	1	SELECT uniqExact(video_session_id) FROM sony.raw_events FORMAT TabSeparated 
2026-08-01 18:42:40	7	894823	7158584	1	SELECT concat(toString(min(event_time)),\' .. \',toString(max(event_time))) FROM sony.raw_events FORMAT TabSeparated 
2026-08-01 18:42:42	13	309	4326	1	SELECT avg(ProfileEvent_OSCPUWaitMicroseconds) as cpu_wait FROM  system.metric_log  WHERE event_time > now() - INTERVAL 2 MINUTE AND event_date >= yesterday()
2026-08-01 18:42:42	4	4	20918	2	SELECT count() as count, sum(elapsed) as total_elapsed, \'lh\' as usr FROM system.processes  WHERE user = \'observability-internal\' AND client_hostname LIKE \'loghouse-scraper%\'  UNION ALL SELECT count() as count, sum(elapsed) as total_elapsed, \'other\' as usr FROM system.processes  WHERE user != \'observ
2026-08-01 18:42:42	1	887	368225	1	SELECT value FROM system.asynchronous_metrics WHERE metric = \'OSMemoryAvailable\' ;
2026-08-01 18:42:42	1	0	0	1	             SELECT                 name,                 toJSONString(labels) as labels_serialized,                 value,                 help,                 type             FROM (                 SELECT   \'ClickHouse_CustomMetric_TotalMemoryUsedByMerges\' AS name,   toFloat64(SUM(memory_usage))
2026-08-01 18:42:42	2	0	0	0	             SELECT                 name,                 toJSONString(labels) as labels_serialized,                 value,                 help,                 type             FROM (                 SELECT   \'ClickHouse_CustomMetric_FailedMutations\' as name,   toFloat64(count()) as value,   \'The 
2026-08-01 18:42:42	2	15	1013	15	             SELECT                 name,                 toJSONString(labels) as labels_serialized,                 value,                 help,                 type             FROM (                 SELECT     \'ClickHouse_MetricsCollection_CustomMetricsSystemTable\' AS name,     toFloat64(1) AS va
2026-08-01 18:42:43	1239	936480	140952515	34662	INSERT INTO sony.session_active_intervals WITH                    toInt64(120000) AS gap_timeout,     toInt64(0)   AS gap_grace,     toInt64(1942745397780)   AS watermark SELECT     video_session_id,     (iv.1) AS interval_seq,     fromUnixTimestamp64Milli(iv.2, \'UTC\')  AS active_start,     fromUni
2026-08-01 18:42:43	8	34662	2978506	1	SELECT round(sum(duration_ms)/3600000,2) FROM sony.session_active_intervals FINAL FORMAT TabSeparated 
2026-08-01 18:42:43	26	0	0	0	DROP TABLE IF EXISTS sony.concurrency_hourly_checkpoint
2026-08-01 18:42:43	41	0	0	0	DROP TABLE IF EXISTS sony.concurrency_hourly_checkpoint 
2026-08-01 18:42:45	1066	69324	6659572	36626	INSERT INTO sony.concurrency_minute_delta SELECT platform, country, video_type, content_id, minute, sum(d) AS delta FROM (     SELECT platform, country, video_type, content_id,            toDateTime(intDiv(active_start_ms, 60000) * 60, \'UTC\') AS minute,            1 AS d     FROM sony.session_active
2026-08-01 18:42:46	10	0	0	0	CREATE OR REPLACE VIEW sony.concurrency_delta_all UUID \'97bac84c-5690-4e62-85c4-1727a2bf0939\' (`platform` LowCardinality(String), `country` LowCardinality(String), `video_type` LowCardinality(String), `content_id` Int64, `minute` DateTime(\'UTC\'), `delta` Int32) AS SELECT platform, country, video_typ
2026-08-01 18:42:46	71	0	0	0	CREATE OR REPLACE VIEW sony.concurrency_delta_all AS SELECT platform, country, video_type, content_id, minute, delta FROM sony.concurrency_minute_delta UNION ALL SELECT platform, country, video_type, content_id, minute, delta FROM sony.open_minute_delta 
2026-08-01 18:42:47	57	1789646	134991694	1	         SELECT max(c) FROM (           SELECT sum(d) OVER (ORDER BY m) AS c FROM (             SELECT m, sum(d) AS d FROM (               SELECT intDiv(min(event_timestamp_ms), 60000) AS m, 1 AS d               FROM sony.raw_events GROUP BY video_session_id               UNION ALL               SEL
2026-08-01 18:42:47	1	1	1	1	SELECT version() FORMAT TabSeparated 
2026-08-01 18:42:47	2	0	0	1	             SELECT                 name,                 toJSONString(labels) as labels_serialized,                 value,                 help,                 type             FROM (                 SELECT   \'ClickHouse_CustomMetric_TotalMemoryUsedByMerges\' AS name,   toFloat64(SUM(memory_usage))
2026-08-01 18:42:47	6	164	39716	164	SELECT             name,             value,             help,             JSONExtract(labels_serialized, \'Map(String, String)\') as labels,             type         FROM merge(system, \'^_custom_metrics_dictionary_.*\')         FORMAT Prometheus
2026-08-01 18:42:47	2	12	288	1	SELECT toString(min(minute)) FROM sony.concurrency_minute_delta FORMAT TabSeparated 
2026-08-01 18:42:48	3	2	12834	1	SELECT count() FROM system.processes WHERE (initial_user NOT IN _CAST([\'backups-internal\', \'management-internal\', \'monitoring-internal\', \'observability-internal\', \'operator-internal\', \'prometheus-exporter\', \'prometheus-internal\', \'operator-cert-internal\', \'availability-monitoring-internal\', \'\'], \'Ar
2026-08-01 18:42:48	2	108	1506	1	SELECT countIf(database = \'system\') as systemParts, countIf(database != \'system\') as nonSystemParts FROM system.parts where active
2026-08-01 18:42:48	24	3201	599491	129	SELECT CAST(\'0fc3eaab-fbcb-4533-8825-9be9faaea781\', \'UUID\') AS instance_id, CAST(\'c-boneaws-al-46-server-tzy1uvq-0\', \'LowCardinality(String)\') AS node_id, CAST(name, \'LowCardinality(String)\') AS metric, CAST(mapFilter((k, v) -> has(_CAST([\'remote\'], \'Array(String)\'), k), labels), \'Map(LowCardinality
2026-08-01 18:42:48	2	0	0	1	SELECT countIf(database = \'system\') as systemMerges, countIf(database != \'system\') as nonSystemMerges FROM system.merges
2026-08-01 18:42:52	3	6	213	0	             SELECT                 name,                 toJSONString(labels) as labels_serialized,                 value,                 help,                 type             FROM (                 SELECT   \'ClickHouse_CustomMetric_DatabaseReplicatedRecoveryTime\' as name,   toFloat64(recovery_ti
2026-08-01 18:42:52	2	59	472	1	             SELECT                 name,                 toJSONString(labels) as labels_serialized,                 value,                 help,                 type             FROM (                 SELECT   \'ClickHouse_CustomMetric_TotalMemoryUsedByDataSkippingIndices\' AS name,   toFloat64(SUM(d
2026-08-01 18:42:57	2	15	1013	15	             SELECT                 name,                 toJSONString(labels) as labels_serialized,                 value,                 help,                 type             FROM (                 SELECT     \'ClickHouse_MetricsCollection_CustomMetricsSystemTable\' AS name,     toFloat64(1) AS va
2026-08-01 18:42:57	6	164	39716	164	SELECT             name,             value,             help,             JSONExtract(labels_serialized, \'Map(String, String)\') as labels,             type         FROM merge(system, \'^_custom_metrics_dictionary_.*\')         FORMAT Prometheus
2026-08-01 18:42:58	3	1	5438	1	SELECT count() FROM system.processes WHERE (initial_user NOT IN _CAST([\'backups-internal\', \'management-internal\', \'monitoring-internal\', \'observability-internal\', \'operator-internal\', \'prometheus-exporter\', \'prometheus-internal\', \'operator-cert-internal\', \'availability-monitoring-internal\', \'\'], \'Ar
2026-08-01 18:42:58	2	114	1596	1	SELECT countIf(database = \'system\') as systemParts, countIf(database != \'system\') as nonSystemParts FROM system.parts where active
2026-08-01 18:42:58	2	0	0	1	SELECT countIf(database = \'system\') as systemMerges, countIf(database != \'system\') as nonSystemMerges FROM system.merges
2026-08-01 18:43:02	2	13	6340	1	             SELECT                 name,                 toJSONString(labels) as labels_serialized,                 value,                 help,                 type             FROM (                 SELECT   \'ClickHouse_CustomMetric_TotalMemoryUsedByDictionaries\' AS name,   toFloat64(SUM(bytes_al
2026-08-01 18:43:02	3	6	213	0	             SELECT                 name,                 toJSONString(labels) as labels_serialized,                 value,                 help,                 type             FROM (                 SELECT   \'ClickHouse_CustomMetric_SharedCatalogRecoveryTime\' as name,   toFloat64(recovery_time) a
2026-08-01 18:43:02	3	6	213	0	             SELECT                 name,                 toJSONString(labels) as labels_serialized,                 value,                 help,                 type             FROM (                 SELECT   \'ClickHouse_CustomMetric_DatabaseReplicatedRecoveryTime\' as name,   toFloat64(recovery_ti
2026-08-01 18:43:03	6	164	39716	164	SELECT             name,             value,             help,             JSONExtract(labels_serialized, \'Map(String, String)\') as labels,             type         FROM merge(system, \'^_custom_metrics_dictionary_.*\')         FORMAT Prometheus
2026-08-01 18:43:07	1	6	2128	6	             SELECT                 name,                 toJSONString(labels) as labels_serialized,                 value,                 help,                 type             FROM (                 SELECT   concat(\'clickhouse_\', system.dimensional_metrics.metric) AS name,   toFloat64(system.dime
2026-08-01 18:43:07	1	0	0	1	             SELECT                 name,                 toJSONString(labels) as labels_serialized,                 value,                 help,                 type             FROM (                 SELECT   \'ClickHouse_CustomMetric_TotalMemoryUsedByMerges\' AS name,   toFloat64(SUM(memory_usage))
2026-08-01 18:43:08	3	2	12834	1	SELECT count() FROM system.processes WHERE (initial_user NOT IN _CAST([\'backups-internal\', \'management-internal\', \'monitoring-internal\', \'observability-internal\', \'operator-internal\', \'prometheus-exporter\', \'prometheus-internal\', \'operator-cert-internal\', \'availability-monitoring-internal\', \'\'], \'Ar
2026-08-01 18:43:08	2	115	1611	1	SELECT countIf(database = \'system\') as systemParts, countIf(database != \'system\') as nonSystemParts FROM system.parts where active
2026-08-01 18:43:08	1	0	0	1	SELECT countIf(database = \'system\') as systemMerges, countIf(database != \'system\') as nonSystemMerges FROM system.merges
2026-08-01 18:43:08	27	3202	599633	129	SELECT CAST(\'0fc3eaab-fbcb-4533-8825-9be9faaea781\', \'UUID\') AS instance_id, CAST(\'c-boneaws-al-46-server-tzy1uvq-0\', \'LowCardinality(String)\') AS node_id, CAST(name, \'LowCardinality(String)\') AS metric, CAST(mapFilter((k, v) -> has(_CAST([\'remote\'], \'Array(String)\'), k), labels), \'Map(LowCardinality
2026-08-01 18:43:12	14	339	4746	1	SELECT avg(ProfileEvent_OSCPUWaitMicroseconds) as cpu_wait FROM  system.metric_log  WHERE event_time > now() - INTERVAL 2 MINUTE AND event_date >= yesterday()
2026-08-01 18:43:12	4	2	10208	2	SELECT count() as count, sum(elapsed) as total_elapsed, \'lh\' as usr FROM system.processes  WHERE user = \'observability-internal\' AND client_hostname LIKE \'loghouse-scraper%\'  UNION ALL SELECT count() as count, sum(elapsed) as total_elapsed, \'other\' as usr FROM system.processes  WHERE user != \'observ
2026-08-01 18:43:12	1	887	368225	1	SELECT value FROM system.asynchronous_metrics WHERE metric = \'OSMemoryAvailable\' ;
2026-08-01 18:43:12	2	0	0	1	             SELECT                 name,                 toJSONString(labels) as labels_serialized,                 value,                 help,                 type             FROM (                 SELECT   \'ClickHouse_CustomMetric_TotalMemoryUsedByMerges\' AS name,   toFloat64(SUM(memory_usage))
2026-08-01 18:43:12	2	3	7527	1	             SELECT                 name,                 toJSONString(labels) as labels_serialized,                 value,                 help,                 type             FROM (                 SELECT   \'ClickHouse_CustomMetric_TotalMemoryUsedByQueries\' AS name,   toFloat64(SUM(peak_memory_u
2026-08-01 18:43:12	2	14	9020	0	             SELECT                 name,                 toJSONString(labels) as labels_serialized,                 value,                 help,                 type             FROM (                 SELECT   \'clickhouse_table_replica_readonly_start_timestamp_seconds\' as name,   toFloat64(toUnixTi
2026-08-01 18:43:17	2	0	0	0	             SELECT                 name,                 toJSONString(labels) as labels_serialized,                 value,                 help,                 type             FROM (                 SELECT   \'ClickHouse_CustomMetric_FailedMutations\' as name,   toFloat64(count()) as value,   \'The 
2026-08-01 18:43:17	6	164	39716	164	SELECT             name,             value,             help,             JSONExtract(labels_serialized, \'Map(String, String)\') as labels,             type         FROM merge(system, \'^_custom_metrics_dictionary_.*\')         FORMAT Prometheus
2026-08-01 18:43:18	2	112	1566	1	SELECT countIf(database = \'system\') as systemParts, countIf(database != \'system\') as nonSystemParts FROM system.parts where active
2026-08-01 18:43:18	3	2	11111	1	SELECT count() FROM system.processes WHERE (initial_user NOT IN _CAST([\'backups-internal\', \'management-internal\', \'monitoring-internal\', \'observability-internal\', \'operator-internal\', \'prometheus-exporter\', \'prometheus-internal\', \'operator-cert-internal\', \'availability-monitoring-internal\', \'\'], \'Ar
2026-08-01 18:43:18	1	0	0	1	SELECT countIf(database = \'system\') as systemMerges, countIf(database != \'system\') as nonSystemMerges FROM system.merges
2026-08-01 18:43:19	4428	101996	6920948	1	 WITH toDateTime(\'1970-01-21 15:46:00\', \'UTC\') AS t0, toDateTime(\'2031-07-25 11:28:00\', \'UTC\') AS t1 SELECT max(c) AS peak, toString(argMax(minute, c)) AS peak_minute, round(avg(c), 4) AS avg_c FROM (     SELECT minute, sum(d) OVER (ORDER BY minute) AS c     FROM (         SELECT minute, sum(delta) 
2026-08-01 18:43:22	1	0	0	1	SELECT count(*) FROM system.row_policies
2026-08-01 18:43:22	1	0	0	1	             SELECT                 name,                 toJSONString(labels) as labels_serialized,                 value,                 help,                 type             FROM (                 SELECT   \'ClickHouse_CustomMetric_TotalMemoryUsedByAsynchronousInserts\' AS name,   toFloat64(SUM(t
2026-08-01 18:43:22	2	0	0	0	             SELECT                 name,                 toJSONString(labels) as labels_serialized,                 value,                 help,                 type             FROM (                 SELECT   \'ClickHouse_CustomMetric_FailedMutations\' as name,   toFloat64(count()) as value,   \'The 
2026-08-01 18:43:24	18	34663	3255803	1	 WITH toDateTime(\'1970-01-21 15:46:00\', \'UTC\') AS t0,      (SELECT max(hour_boundary) FROM sony.concurrency_hourly_checkpoint        WHERE hour_boundary <= t0 ) AS anchor SELECT     toString(ifNull(anchor, toDateTime(0, \'UTC\'))) AS anchor_ts,     ifNull((SELECT sum(concurrency) FROM sony.concurrency
2026-08-01 18:43:24	39	69324	6659572	1	SELECT ifNull(sum(delta), 0) FROM sony.concurrency_delta_all WHERE minute < toDateTime(\'1970-01-21 15:46:00\', \'UTC\')  FORMAT TabSeparated 
2026-08-01 18:43:27	3	6	213	0	             SELECT                 name,                 toJSONString(labels) as labels_serialized,                 value,                 help,                 type             FROM (                 SELECT   \'ClickHouse_CustomMetric_SharedCatalogRecoveryTime\' as name,   toFloat64(recovery_time) a
2026-08-01 18:43:27	5	144	35095	144	SELECT             name,             value,             help,             JSONExtract(labels_serialized, \'Map(String, String)\') as labels,             type         FROM merge(system, \'^_custom_metrics_dictionary_.*\')         FORMAT Prometheus
2026-08-01 18:43:28	1	0	0	1	SELECT countIf(database = \'system\') as systemMerges, countIf(database != \'system\') as nonSystemMerges FROM system.merges
2026-08-01 18:43:28	2	119	1671	1	SELECT countIf(database = \'system\') as systemParts, countIf(database != \'system\') as nonSystemParts FROM system.parts where active
2026-08-01 18:43:28	3	3	18732	1	SELECT count() FROM system.processes WHERE (initial_user NOT IN _CAST([\'backups-internal\', \'management-internal\', \'monitoring-internal\', \'observability-internal\', \'operator-internal\', \'prometheus-exporter\', \'prometheus-internal\', \'operator-cert-internal\', \'availability-monitoring-internal\', \'\'], \'Ar
2026-08-01 18:43:28	23	3183	597019	129	SELECT CAST(\'0fc3eaab-fbcb-4533-8825-9be9faaea781\', \'UUID\') AS instance_id, CAST(\'c-boneaws-al-46-server-tzy1uvq-0\', \'LowCardinality(String)\') AS node_id, CAST(name, \'LowCardinality(String)\') AS metric, CAST(mapFilter((k, v) -> has(_CAST([\'remote\'], \'Array(String)\'), k), labels), \'Map(LowCardinality
2026-08-01 18:43:29	5013	101996	6920948	1	 WITH toDateTime(\'1970-01-21 15:46:00\', \'UTC\') AS t0 SELECT max(c) AS peak, toString(argMax(minute, c)) AS peak_minute, round(avg(c), 4) AS avg_c FROM (     SELECT minute, 0 + sum(d) OVER (ORDER BY minute) AS c     FROM (         SELECT minute, sum(delta) AS d         FROM sony.concurrency_delta_all
2026-08-01 18:43:32	2	0	0	1	             SELECT                 name,                 toJSONString(labels) as labels_serialized,                 value,                 help,                 type             FROM (                 SELECT   \'ClickHouse_CustomMetric_TotalMemoryUsedByMerges\' AS name,   toFloat64(SUM(memory_usage))
2026-08-01 18:43:32	2	15	1013	15	             SELECT                 name,                 toJSONString(labels) as labels_serialized,                 value,                 help,                 type             FROM (                 SELECT     \'ClickHouse_MetricsCollection_CustomMetricsSystemTable\' AS name,     toFloat64(1) AS va
2026-08-01 18:43:32	2	14	9020	0	             SELECT                 name,                 toJSONString(labels) as labels_serialized,                 value,                 help,                 type             FROM (                 SELECT   \'clickhouse_table_replica_readonly_start_timestamp_seconds\' as name,   toFloat64(toUnixTi
2026-08-01 18:43:33	6	144	35095	144	SELECT             name,             value,             help,             JSONExtract(labels_serialized, \'Map(String, String)\') as labels,             type         FROM merge(system, \'^_custom_metrics_dictionary_.*\')         FORMAT Prometheus
2026-08-01 18:43:35	5	0	0	0	SELECT now64(6) as scrape_time_microseconds, \'tzy1uvq\' AS pod_ident, \'boneaws-al-46\' AS spoken_name, \'cell-1\' AS cell, \'ap-south-1\' AS region, \'aws\' AS cloud_provider, \'?\' AS clickhouse_version, \'0fc3eaab-fbcb-4533-8825-9be9faaea781\' AS control_plane_id, \'?\' AS system_processor, * FROM system."query
2026-08-01 18:43:36	3	0	0	0	SELECT now64(6) as scrape_time_microseconds, \'tzy1uvq\' AS pod_ident, \'boneaws-al-46\' AS spoken_name, \'cell-1\' AS cell, \'ap-south-1\' AS region, \'aws\' AS cloud_provider, \'?\' AS clickhouse_version, \'0fc3eaab-fbcb-4533-8825-9be9faaea781\' AS control_plane_id, \'?\' AS system_processor, * FROM system."files
2026-08-01 18:43:36	41	69324	6659572	1	SELECT ifNull(sum(delta), 0) FROM sony.concurrency_delta_all WHERE minute < toDateTime(\'1970-01-21 15:46:00\', \'UTC\')  FORMAT TabSeparated 
2026-08-01 18:43:37	3	0	0	0	SELECT now64(6) as scrape_time_microseconds, \'tzy1uvq\' AS pod_ident, \'boneaws-al-46\' AS spoken_name, \'cell-1\' AS cell, \'ap-south-1\' AS region, \'aws\' AS cloud_provider, \'?\' AS clickhouse_version, \'0fc3eaab-fbcb-4533-8825-9be9faaea781\' AS control_plane_id, \'?\' AS system_processor, * FROM system."files
2026-08-01 18:43:37	2	0	0	0	             SELECT                 name,                 toJSONString(labels) as labels_serialized,                 value,                 help,                 type             FROM (                 SELECT   \'ClickHouse_CustomMetric_FailedMutations\' as name,   toFloat64(count()) as value,   \'The 
2026-08-01 18:43:37	2	13	6340	1	             SELECT                 name,                 toJSONString(labels) as labels_serialized,                 value,                 help,                 type             FROM (                 SELECT   \'ClickHouse_CustomMetric_TotalMemoryUsedByDictionaries\' AS name,   toFloat64(SUM(bytes_al
2026-08-01 18:43:38	3	2	11485	1	SELECT count() FROM system.processes WHERE (initial_user NOT IN _CAST([\'backups-internal\', \'management-internal\', \'monitoring-internal\', \'observability-internal\', \'operator-internal\', \'prometheus-exporter\', \'prometheus-internal\', \'operator-cert-internal\', \'availability-monitoring-internal\', \'\'], \'Ar
2026-08-01 18:43:38	25	2975	6122254	312	SELECT now64(6) as scrape_time_microseconds, \'tzy1uvq\' AS pod_ident, \'boneaws-al-46\' AS spoken_name, \'cell-1\' AS cell, \'ap-south-1\' AS region, \'aws\' AS cloud_provider, \'?\' AS clickhouse_version, \'0fc3eaab-fbcb-4533-8825-9be9faaea781\' AS control_plane_id, \'?\' AS system_processor, * FROM system."query
2026-08-01 18:43:38	3	0	0	0	SELECT now64(6) as scrape_time_microseconds, \'tzy1uvq\' AS pod_ident, \'boneaws-al-46\' AS spoken_name, \'cell-1\' AS cell, \'ap-south-1\' AS region, \'aws\' AS cloud_provider, \'?\' AS clickhouse_version, \'0fc3eaab-fbcb-4533-8825-9be9faaea781\' AS control_plane_id, \'?\' AS system_processor, * FROM system."crash
2026-08-01 18:43:38	2	116	1626	1	SELECT countIf(database = \'system\') as systemParts, countIf(database != \'system\') as nonSystemParts FROM system.parts where active
2026-08-01 18:43:38	1	0	0	1	SELECT countIf(database = \'system\') as systemMerges, countIf(database != \'system\') as nonSystemMerges FROM system.merges
2026-08-01 18:43:39	3	0	0	0	SELECT now64(6) as scrape_time_microseconds, \'tzy1uvq\' AS pod_ident, \'boneaws-al-46\' AS spoken_name, \'cell-1\' AS cell, \'ap-south-1\' AS region, \'aws\' AS cloud_provider, \'?\' AS clickhouse_version, \'0fc3eaab-fbcb-4533-8825-9be9faaea781\' AS control_plane_id, \'?\' AS system_processor, * FROM system."click
2026-08-01 18:43:39	17	18688	4421653	5116	SELECT now64(6) as scrape_time_microseconds, \'tzy1uvq\' AS pod_ident, \'boneaws-al-46\' AS spoken_name, \'cell-1\' AS cell, \'ap-south-1\' AS region, \'aws\' AS cloud_provider, \'?\' AS clickhouse_version, \'0fc3eaab-fbcb-4533-8825-9be9faaea781\' AS control_plane_id, \'?\' AS system_processor, * FROM system."proce
2026-08-01 18:43:40	3	0	0	0	SELECT now64(6) as scrape_time_microseconds, \'tzy1uvq\' AS pod_ident, \'boneaws-al-46\' AS spoken_name, \'cell-1\' AS cell, \'ap-south-1\' AS region, \'aws\' AS cloud_provider, \'?\' AS clickhouse_version, \'0fc3eaab-fbcb-4533-8825-9be9faaea781\' AS control_plane_id, \'?\' AS system_processor, * FROM system."backu
2026-08-01 18:43:41	4989	101996	6920948	1	 WITH toDateTime(\'1970-01-21 15:46:00\', \'UTC\') AS t0 SELECT max(c) AS peak, toString(argMax(minute, c)) AS peak_minute, round(avg(c), 4) AS avg_c FROM (     SELECT minute, 0 + sum(d) OVER (ORDER BY minute) AS c     FROM (         SELECT minute, sum(delta) AS d         FROM sony.concurrency_delta_all
2026-08-01 18:43:42	1	6	2128	6	             SELECT                 name,                 toJSONString(labels) as labels_serialized,                 value,                 help,                 type             FROM (                 SELECT   concat(\'clickhouse_\', system.dimensional_metrics.metric) AS name,   toFloat64(system.dime
2026-08-01 18:43:42	14	370	5180	1	SELECT avg(ProfileEvent_OSCPUWaitMicroseconds) as cpu_wait FROM  system.metric_log  WHERE event_time > now() - INTERVAL 2 MINUTE AND event_date >= yesterday()
2026-08-01 18:43:42	4	2	10208	2	SELECT count() as count, sum(elapsed) as total_elapsed, \'lh\' as usr FROM system.processes  WHERE user = \'observability-internal\' AND client_hostname LIKE \'loghouse-scraper%\'  UNION ALL SELECT count() as count, sum(elapsed) as total_elapsed, \'other\' as usr FROM system.processes  WHERE user != \'observ
2026-08-01 18:43:42	1	887	368225	1	SELECT value FROM system.asynchronous_metrics WHERE metric = \'OSMemoryAvailable\' ;
2026-08-01 18:43:42	4	0	0	0	SELECT now64(6) as scrape_time_microseconds, \'tzy1uvq\' AS pod_ident, \'boneaws-al-46\' AS spoken_name, \'cell-1\' AS cell, \'ap-south-1\' AS region, \'aws\' AS cloud_provider, \'?\' AS clickhouse_version, \'0fc3eaab-fbcb-4533-8825-9be9faaea781\' AS control_plane_id, \'?\' AS system_processor, * FROM system."zooke
2026-08-01 18:43:42	2	59	472	1	             SELECT                 name,                 toJSONString(labels) as labels_serialized,                 value,                 help,                 type             FROM (                 SELECT   \'ClickHouse_CustomMetric_TotalMemoryUsedByDataSkippingIndices\' AS name,   toFloat64(SUM(d
2026-08-01 18:43:42	3	14	9020	0	             SELECT                 name,                 toJSONString(labels) as labels_serialized,                 value,                 help,                 type             FROM (                 SELECT   \'clickhouse_table_replica_readonly_start_timestamp_seconds\' as name,   toFloat64(toUnixTi
2026-08-01 18:43:43	4	0	0	0	SELECT now64(6) as scrape_time_microseconds, \'tzy1uvq\' AS pod_ident, \'boneaws-al-46\' AS spoken_name, \'cell-1\' AS cell, \'ap-south-1\' AS region, \'aws\' AS cloud_provider, \'?\' AS clickhouse_version, \'0fc3eaab-fbcb-4533-8825-9be9faaea781\' AS control_plane_id, \'?\' AS system_processor, * FROM system."error
2026-08-01 18:43:44	4	0	0	0	SELECT now64(6) as scrape_time_microseconds, \'tzy1uvq\' AS pod_ident, \'boneaws-al-46\' AS spoken_name, \'cell-1\' AS cell, \'ap-south-1\' AS region, \'aws\' AS cloud_provider, \'?\' AS clickhouse_version, \'0fc3eaab-fbcb-4533-8825-9be9faaea781\' AS control_plane_id, \'?\' AS system_processor, * FROM system."async
2026-08-01 18:43:45	3	0	0	0	SELECT now64(6) as scrape_time_microseconds, \'tzy1uvq\' AS pod_ident, \'boneaws-al-46\' AS spoken_name, \'cell-1\' AS cell, \'ap-south-1\' AS region, \'aws\' AS cloud_provider, \'?\' AS clickhouse_version, \'0fc3eaab-fbcb-4533-8825-9be9faaea781\' AS control_plane_id, \'?\' AS system_processor, * FROM system."s3que
2026-08-01 18:43:45	7	3465	1040249	334	SELECT now64(6) as scrape_time_microseconds, \'tzy1uvq\' AS pod_ident, \'boneaws-al-46\' AS spoken_name, \'cell-1\' AS cell, \'ap-south-1\' AS region, \'aws\' AS cloud_provider, \'?\' AS clickhouse_version, \'0fc3eaab-fbcb-4533-8825-9be9faaea781\' AS control_plane_id, \'?\' AS system_processor, * FROM system."blob_
2026-08-01 18:43:45	15	7828	4231238	142	SELECT now64(6) as scrape_time_microseconds, \'tzy1uvq\' AS pod_ident, \'boneaws-al-46\' AS spoken_name, \'cell-1\' AS cell, \'ap-south-1\' AS region, \'aws\' AS cloud_provider, \'?\' AS clickhouse_version, \'0fc3eaab-fbcb-4533-8825-9be9faaea781\' AS control_plane_id, \'?\' AS system_processor, * FROM system."part_
2026-08-01 18:43:45	184	785	2153994	120	SELECT now64(6) as scrape_time_microseconds, \'tzy1uvq\' AS pod_ident, \'boneaws-al-46\' AS spoken_name, \'cell-1\' AS cell, \'ap-south-1\' AS region, \'aws\' AS cloud_provider, \'?\' AS clickhouse_version, \'0fc3eaab-fbcb-4533-8825-9be9faaea781\' AS control_plane_id, \'?\' AS system_processor, * FROM system."metri
2026-08-01 18:43:46	113	986460	15824852	105012	SELECT now64(6) as scrape_time_microseconds, \'tzy1uvq\' AS pod_ident, \'boneaws-al-46\' AS spoken_name, \'cell-1\' AS cell, \'ap-south-1\' AS region, \'aws\' AS cloud_provider, \'?\' AS clickhouse_version, \'0fc3eaab-fbcb-4533-8825-9be9faaea781\' AS control_plane_id, \'?\' AS system_processor, * FROM system."async
2026-08-01 18:43:47	4	0	0	0	SELECT now64(6) as scrape_time_microseconds, \'tzy1uvq\' AS pod_ident, \'boneaws-al-46\' AS spoken_name, \'cell-1\' AS cell, \'ap-south-1\' AS region, \'aws\' AS cloud_provider, \'?\' AS clickhouse_version, \'0fc3eaab-fbcb-4533-8825-9be9faaea781\' AS control_plane_id, \'?\' AS system_processor, * FROM system."query
2026-08-01 18:43:47	18	20518	4977125	10235	SELECT now64(6) as scrape_time_microseconds, \'tzy1uvq\' AS pod_ident, \'boneaws-al-46\' AS spoken_name, \'cell-1\' AS cell, \'ap-south-1\' AS region, \'aws\' AS cloud_provider, \'?\' AS clickhouse_version, \'0fc3eaab-fbcb-4533-8825-9be9faaea781\' AS control_plane_id, \'?\' AS system_processor, * FROM system."trace
2026-08-01 18:43:47	6	144	35095	144	SELECT             name,             value,             help,             JSONExtract(labels_serialized, \'Map(String, String)\') as labels,             type         FROM merge(system, \'^_custom_metrics_dictionary_.*\')         FORMAT Prometheus
2026-08-01 18:43:48	2	119	1671	1	SELECT countIf(database = \'system\') as systemParts, countIf(database != \'system\') as nonSystemParts FROM system.parts where active
2026-08-01 18:43:48	26	3184	597117	129	SELECT CAST(\'0fc3eaab-fbcb-4533-8825-9be9faaea781\', \'UUID\') AS instance_id, CAST(\'c-boneaws-al-46-server-tzy1uvq-0\', \'LowCardinality(String)\') AS node_id, CAST(name, \'LowCardinality(String)\') AS metric, CAST(mapFilter((k, v) -> has(_CAST([\'remote\'], \'Array(String)\'), k), labels), \'Map(LowCardinality
2026-08-01 18:43:48	3	2	12834	1	SELECT count() FROM system.processes WHERE (initial_user NOT IN _CAST([\'backups-internal\', \'management-internal\', \'monitoring-internal\', \'observability-internal\', \'operator-internal\', \'prometheus-exporter\', \'prometheus-internal\', \'operator-cert-internal\', \'availability-monitoring-internal\', \'\'], \'Ar
2026-08-01 18:43:48	1	0	0	1	SELECT countIf(database = \'system\') as systemMerges, countIf(database != \'system\') as nonSystemMerges FROM system.merges
2026-08-01 18:43:49	23	32566	7303797	14843	SELECT now64(6) as scrape_time_microseconds, \'tzy1uvq\' AS pod_ident, \'boneaws-al-46\' AS spoken_name, \'cell-1\' AS cell, \'ap-south-1\' AS region, \'aws\' AS cloud_provider, \'?\' AS clickhouse_version, \'0fc3eaab-fbcb-4533-8825-9be9faaea781\' AS control_plane_id, \'?\' AS system_processor, * FROM system."text_
2026-08-01 18:43:49	79	0	0	0	SELECT now64(6) as scrape_time_microseconds, \'tzy1uvq\' AS pod_ident, \'boneaws-al-46\' AS spoken_name, \'cell-1\' AS cell, \'ap-south-1\' AS region, \'aws\' AS cloud_provider, \'?\' AS clickhouse_version, \'0fc3eaab-fbcb-4533-8825-9be9faaea781\' AS control_plane_id, \'?\' AS system_processor, * FROM system."query
2026-08-01 18:43:50	2	0	8	1	SELECT count() FROM system.backups where status IN (0,3)
2026-08-01 18:43:50	3	1	5472	1	SELECT count() FROM system.processes WHERE (elapsed > _CAST(0, \'Int64\')) AND (initial_user NOT IN _CAST([\'backups-internal\', \'management-internal\', \'monitoring-internal\', \'observability-internal\', \'operator-internal\', \'prometheus-exporter\', \'prometheus-internal\', \'operator-cert-internal\', \'availabil
2026-08-01 18:43:51	3	0	0	0	SELECT now64(6) as scrape_time_microseconds, \'tzy1uvq\' AS pod_ident, \'boneaws-al-46\' AS spoken_name, \'cell-1\' AS cell, \'ap-south-1\' AS region, \'aws\' AS cloud_provider, \'?\' AS clickhouse_version, \'0fc3eaab-fbcb-4533-8825-9be9faaea781\' AS control_plane_id, \'?\' AS system_processor, * FROM system."aggre
2026-08-01 18:43:57	2	14	9020	0	             SELECT                 name,                 toJSONString(labels) as labels_serialized,                 value,                 help,                 type             FROM (                 SELECT   \'clickhouse_table_replica_readonly_start_timestamp_seconds\' as name,   toFloat64(toUnixTi
2026-08-01 18:43:57	5	144	35095	144	SELECT             name,             value,             help,             JSONExtract(labels_serialized, \'Map(String, String)\') as labels,             type         FROM merge(system, \'^_custom_metrics_dictionary_.*\')         FORMAT Prometheus
2026-08-01 18:43:58	3	1	5438	1	SELECT count() FROM system.processes WHERE (initial_user NOT IN _CAST([\'backups-internal\', \'management-internal\', \'monitoring-internal\', \'observability-internal\', \'operator-internal\', \'prometheus-exporter\', \'prometheus-internal\', \'operator-cert-internal\', \'availability-monitoring-internal\', \'\'], \'Ar
2026-08-01 18:43:58	2	118	1656	1	SELECT countIf(database = \'system\') as systemParts, countIf(database != \'system\') as nonSystemParts FROM system.parts where active
2026-08-01 18:43:58	1	0	0	1	SELECT countIf(database = \'system\') as systemMerges, countIf(database != \'system\') as nonSystemMerges FROM system.merges
2026-08-01 18:44:02	3	6	213	0	             SELECT                 name,                 toJSONString(labels) as labels_serialized,                 value,                 help,                 type             FROM (                 SELECT   \'ClickHouse_CustomMetric_DatabaseReplicatedRecoveryTime\' as name,   toFloat64(recovery_ti
2026-08-01 18:44:02	2	0	0	1	             SELECT                 name,                 toJSONString(labels) as labels_serialized,                 value,                 help,                 type             FROM (                 SELECT   \'ClickHouse_CustomMetric_TotalMemoryUsedByMerges\' AS name,   toFloat64(SUM(memory_usage))
2026-08-01 18:44:02	3	6	213	0	             SELECT                 name,                 toJSONString(labels) as labels_serialized,                 value,                 help,                 type             FROM (                 SELECT   \'ClickHouse_CustomMetric_SharedCatalogRecoveryTime\' as name,   toFloat64(recovery_time) a
2026-08-01 18:44:03	6	141	34508	141	SELECT             name,             value,             help,             JSONExtract(labels_serialized, \'Map(String, String)\') as labels,             type         FROM merge(system, \'^_custom_metrics_dictionary_.*\')         FORMAT Prometheus
2026-08-01 18:44:05	8	1279	817420	42	SELECT now64(6) as scrape_time_microseconds, \'tzy1uvq\' AS pod_ident, \'boneaws-al-46\' AS spoken_name, \'cell-1\' AS cell, \'ap-south-1\' AS region, \'aws\' AS cloud_provider, \'?\' AS clickhouse_version, \'0fc3eaab-fbcb-4533-8825-9be9faaea781\' AS control_plane_id, \'?\' AS system_processor, * FROM system."sessi
2026-08-01 18:44:07	2	1	5022	1	             SELECT                 name,                 toJSONString(labels) as labels_serialized,                 value,                 help,                 type             FROM (                 SELECT   \'ClickHouse_CustomMetric_TotalMemoryUsedByQueries\' AS name,   toFloat64(SUM(peak_memory_u
2026-08-01 18:44:08	3	2	12834	1	SELECT count() FROM system.processes WHERE (initial_user NOT IN _CAST([\'backups-internal\', \'management-internal\', \'monitoring-internal\', \'observability-internal\', \'operator-internal\', \'prometheus-exporter\', \'prometheus-internal\', \'operator-cert-internal\', \'availability-monitoring-internal\', \'\'], \'Ar
2026-08-01 18:44:08	2	119	1671	1	SELECT countIf(database = \'system\') as systemParts, countIf(database != \'system\') as nonSystemParts FROM system.parts where active
2026-08-01 18:44:08	1	0	0	1	SELECT countIf(database = \'system\') as systemMerges, countIf(database != \'system\') as nonSystemMerges FROM system.merges
2026-08-01 18:44:08	26	3180	596583	129	SELECT CAST(\'0fc3eaab-fbcb-4533-8825-9be9faaea781\', \'UUID\') AS instance_id, CAST(\'c-boneaws-al-46-server-tzy1uvq-0\', \'LowCardinality(String)\') AS node_id, CAST(name, \'LowCardinality(String)\') AS metric, CAST(mapFilter((k, v) -> has(_CAST([\'remote\'], \'Array(String)\'), k), labels), \'Map(LowCardinality
2026-08-01 18:44:12	15	400	5600	1	SELECT avg(ProfileEvent_OSCPUWaitMicroseconds) as cpu_wait FROM  system.metric_log  WHERE event_time > now() - INTERVAL 2 MINUTE AND event_date >= yesterday()
2026-08-01 18:44:12	4	2	10208	2	SELECT count() as count, sum(elapsed) as total_elapsed, \'lh\' as usr FROM system.processes  WHERE user = \'observability-internal\' AND client_hostname LIKE \'loghouse-scraper%\'  UNION ALL SELECT count() as count, sum(elapsed) as total_elapsed, \'other\' as usr FROM system.processes  WHERE user != \'observ
2026-08-01 18:44:12	1	886	368083	1	SELECT value FROM system.asynchronous_metrics WHERE metric = \'OSMemoryAvailable\' ;
2026-08-01 18:44:12	2	15	1013	15	             SELECT                 name,                 toJSONString(labels) as labels_serialized,                 value,                 help,                 type             FROM (                 SELECT     \'ClickHouse_MetricsCollection_CustomMetricsSystemTable\' AS name,     toFloat64(1) AS va
2026-08-01 18:44:12	3	6	213	0	             SELECT                 name,                 toJSONString(labels) as labels_serialized,                 value,                 help,                 type             FROM (                 SELECT   \'ClickHouse_CustomMetric_SharedCatalogRecoveryTime\' as name,   toFloat64(recovery_time) a
2026-08-01 18:44:17	5	141	34508	141	SELECT             name,             value,             help,             JSONExtract(labels_serialized, \'Map(String, String)\') as labels,             type         FROM merge(system, \'^_custom_metrics_dictionary_.*\')         FORMAT Prometheus
2026-08-01 18:44:17	3	6	213	0	             SELECT                 name,                 toJSONString(labels) as labels_serialized,                 value,                 help,                 type             FROM (                 SELECT   \'ClickHouse_CustomMetric_SharedCatalogRecoveryTime\' as name,   toFloat64(recovery_time) a
2026-08-01 18:44:17	1	0	0	1	             SELECT                 name,                 toJSONString(labels) as labels_serialized,                 value,                 help,                 type             FROM (                 SELECT   \'ClickHouse_CustomMetric_TotalMemoryUsedByAsynchronousInserts\' AS name,   toFloat64(SUM(t
2026-08-01 18:44:18	3	1	5438	1	SELECT count() FROM system.processes WHERE (initial_user NOT IN _CAST([\'backups-internal\', \'management-internal\', \'monitoring-internal\', \'observability-internal\', \'operator-internal\', \'prometheus-exporter\', \'prometheus-internal\', \'operator-cert-internal\', \'availability-monitoring-internal\', \'\'], \'Ar
2026-08-01 18:44:18	2	120	1686	1	SELECT countIf(database = \'system\') as systemParts, countIf(database != \'system\') as nonSystemParts FROM system.parts where active
2026-08-01 18:44:18	1	0	0	1	SELECT countIf(database = \'system\') as systemMerges, countIf(database != \'system\') as nonSystemMerges FROM system.merges
2026-08-01 18:44:20	22	69324	6659572	1	SELECT ifNull(sum(delta), 0) FROM sony.concurrency_delta_all WHERE minute < toDateTime(\'1970-01-21 15:46:00\', \'UTC\')  AND platform = \'ANDROID_PHONE\' FORMAT TabSeparated 
2026-08-01 18:44:20	1	1	1	1	SELECT toString(toDateTime(\'1970-01-21 15:46:00\', \'UTC\') - INTERVAL 1 MINUTE) FORMAT TabSeparated 
2026-08-01 18:44:22	1	6	2128	6	             SELECT                 name,                 toJSONString(labels) as labels_serialized,                 value,                 help,                 type             FROM (                 SELECT   concat(\'clickhouse_\', system.dimensional_metrics.metric) AS name,   toFloat64(system.dime
2026-08-01 18:44:22	3	6	213	0	             SELECT                 name,                 toJSONString(labels) as labels_serialized,                 value,                 help,                 type             FROM (                 SELECT   \'ClickHouse_CustomMetric_DatabaseReplicatedRecoveryTime\' as name,   toFloat64(recovery_ti
2026-08-01 18:44:25	5042	88627	6834131	1	 WITH toDateTime(\'1970-01-21 15:46:00\', \'UTC\') AS t0 SELECT max(c) AS peak, toString(argMax(minute, c)) AS peak_minute, round(avg(c), 4) AS avg_c FROM (     SELECT minute, 0 + sum(d) OVER (ORDER BY minute) AS c     FROM (         SELECT minute, sum(delta) AS d         FROM sony.concurrency_delta_all
2026-08-01 18:44:25	22	69324	6659572	1	SELECT ifNull(sum(delta), 0) FROM sony.concurrency_delta_all WHERE minute < toDateTime(\'1970-01-21 15:46:00\', \'UTC\')  AND platform = \'ANDROID_PHONE\' FORMAT TabSeparated 
2026-08-01 18:44:27	2	0	0	0	             SELECT                 name,                 toJSONString(labels) as labels_serialized,                 value,                 help,                 type             FROM (                 SELECT   \'ClickHouse_CustomMetric_FailedMutations\' as name,   toFloat64(count()) as value,   \'The 
2026-08-01 18:44:27	5	141	34508	141	SELECT             name,             value,             help,             JSONExtract(labels_serialized, \'Map(String, String)\') as labels,             type         FROM merge(system, \'^_custom_metrics_dictionary_.*\')         FORMAT Prometheus
2026-08-01 18:44:28	5	378	114440	5	WITH metrics AS (SELECT name AS metric, toFloat64(value) AS val, now() AS ts FROM system.server_settings WHERE multiMatchAny(name, _CAST([\'^max_database_num_to_throw$\', \'^max_database_num_to_warn$\', \'^max_table_num_to_throw$\', \'^max_table_num_to_warn$\', \'^max_concurrent_queries$\'], \'Array(String)\'))
2026-08-01 18:44:28	7	2	30	2	WITH source AS (SELECT [\'matview_execution_total\', if(exception_code != 0, \'matview_execution_fail\', \'\')] AS metrics, event_time AS ts FROM system.query_views_log WHERE (status != \'QueryStart\') AND (event_date >= toDate(_CAST(\'1785609713.89\', \'DateTime64\'))) AND (event_time >= toDateTime(_CAST(\'1785
2026-08-01 18:44:28	9	0	0	1	WITH failed_mutations AS (SELECT toDateTime(create_time) AS ts, count() AS val FROM system.mutations WHERE (ts > toDateTime(_CAST(\'1785609713.89\', \'DateTime64\'))) AND (ts <= toDateTime(_CAST(\'1785609833.89\', \'DateTime64\'))) AND (latest_failed_part != \'\') AND (is_done = 0) GROUP BY ts), failed_mutati
2026-08-01 18:44:28	3	8	38956	1	SELECT count() FROM system.processes WHERE (initial_user NOT IN _CAST([\'backups-internal\', \'management-internal\', \'monitoring-internal\', \'observability-internal\', \'operator-internal\', \'prometheus-exporter\', \'prometheus-internal\', \'operator-cert-internal\', \'availability-monitoring-internal\', \'\'], \'Ar
2026-08-01 18:44:28	9	137184	2166281	1560	SELECT CAST(\'0fc3eaab-fbcb-4533-8825-9be9faaea781\', \'UUID\') AS control_plane_id, CAST(\'c-boneaws-al-46-server-tzy1uvq-0\', \'LowCardinality(String)\') AS pod_id, CAST(now64(), \'DateTime64(6)\') AS scrape_ts_microseconds, CAST(event_date, \'Date\') AS event_date, CAST(event_time, \'DateTime\') AS event_time,
2026-08-01 18:44:28	10	7980	119696	20	WITH metrics AS (SELECT multiIf((event_type = \'MergeParts\') AND (error = 0), \'merges_finished\', (event_type = \'MergeParts\') AND (error != 0), \'merges_failed\', (event_type = \'MutatePart\') AND (error = 0), \'mutate_part_finished\', (event_type = \'MutatePart\') AND (error != 0), \'mutate_part_failed\', NULL
2026-08-01 18:44:28	2	127	1791	1	SELECT countIf(database = \'system\') as systemParts, countIf(database != \'system\') as nonSystemParts FROM system.parts where active
2026-08-01 18:44:28	24	3180	596583	129	SELECT CAST(\'0fc3eaab-fbcb-4533-8825-9be9faaea781\', \'UUID\') AS instance_id, CAST(\'c-boneaws-al-46-server-tzy1uvq-0\', \'LowCardinality(String)\') AS node_id, CAST(name, \'LowCardinality(String)\') AS metric, CAST(mapFilter((k, v) -> has(_CAST([\'remote\'], \'Array(String)\'), k), labels), \'Map(LowCardinality
2026-08-01 18:44:28	1	0	0	1	SELECT countIf(database = \'system\') as systemMerges, countIf(database != \'system\') as nonSystemMerges FROM system.merges
2026-08-01 18:44:28	55	400	129670	120	SELECT CAST(\'0fc3eaab-fbcb-4533-8825-9be9faaea781\', \'UUID\') AS control_plane_id, CAST(\'c-boneaws-al-46-server-tzy1uvq-0\', \'LowCardinality(String)\') AS pod_id, CAST(now64(), \'DateTime64(6)\') AS scrape_ts_microseconds, CAST(event_date, \'Date\') AS event_date, CAST(event_time, \'DateTime\') AS event_time,
2026-08-01 18:44:29	170	813	223441	18	WITH parts_agg AS (SELECT database AS agg_database, `table` AS agg_table, SUM(primary_key_size) AS primary_index_size, SUM(secondary_indices_compressed_bytes) AS secondary_index_size FROM system.parts WHERE active AND (database != \'system\') GROUP BY database, `table`), proj_agg AS (SELECT database A
2026-08-01 18:44:33	6	141	34508	141	SELECT             name,             value,             help,             JSONExtract(labels_serialized, \'Map(String, String)\') as labels,             type         FROM merge(system, \'^_custom_metrics_dictionary_.*\')         FORMAT Prometheus
2026-08-01 18:44:37	2	13	6340	1	             SELECT                 name,                 toJSONString(labels) as labels_serialized,                 value,                 help,                 type             FROM (                 SELECT   \'ClickHouse_CustomMetric_TotalMemoryUsedByDictionaries\' AS name,   toFloat64(SUM(bytes_al
2026-08-01 18:44:38	3	1	5438	1	SELECT count() FROM system.processes WHERE (initial_user NOT IN _CAST([\'backups-internal\', \'management-internal\', \'monitoring-internal\', \'observability-internal\', \'operator-internal\', \'prometheus-exporter\', \'prometheus-internal\', \'operator-cert-internal\', \'availability-monitoring-internal\', \'\'], \'Ar
2026-08-01 18:44:38	2	128	1806	1	SELECT countIf(database = \'system\') as systemParts, countIf(database != \'system\') as nonSystemParts FROM system.parts where active
2026-08-01 18:44:38	1	0	0	1	SELECT countIf(database = \'system\') as systemMerges, countIf(database != \'system\') as nonSystemMerges FROM system.merges
2026-08-01 18:44:42	15	121	1694	1	SELECT avg(ProfileEvent_OSCPUWaitMicroseconds) as cpu_wait FROM  system.metric_log  WHERE event_time > now() - INTERVAL 2 MINUTE AND event_date >= yesterday()
2026-08-01 18:44:42	4	2	10208	2	SELECT count() as count, sum(elapsed) as total_elapsed, \'lh\' as usr FROM system.processes  WHERE user = \'observability-internal\' AND client_hostname LIKE \'loghouse-scraper%\'  UNION ALL SELECT count() as count, sum(elapsed) as total_elapsed, \'other\' as usr FROM system.processes  WHERE user != \'observ
2026-08-01 18:44:42	2	886	368083	1	SELECT value FROM system.asynchronous_metrics WHERE metric = \'OSMemoryAvailable\' ;
2026-08-01 18:44:42	2	0	0	1	             SELECT                 name,                 toJSONString(labels) as labels_serialized,                 value,                 help,                 type             FROM (                 SELECT   \'ClickHouse_CustomMetric_TotalMemoryUsedByMerges\' AS name,   toFloat64(SUM(memory_usage))
2026-08-01 18:44:42	2	15	1013	15	             SELECT                 name,                 toJSONString(labels) as labels_serialized,                 value,                 help,                 type             FROM (                 SELECT     \'ClickHouse_MetricsCollection_CustomMetricsSystemTable\' AS name,     toFloat64(1) AS va
2026-08-01 18:44:42	2	59	472	1	             SELECT                 name,                 toJSONString(labels) as labels_serialized,                 value,                 help,                 type             FROM (                 SELECT   \'ClickHouse_CustomMetric_TotalMemoryUsedByDataSkippingIndices\' AS name,   toFloat64(SUM(d
2026-08-01 18:44:42	2	14	9020	0	             SELECT                 name,                 toJSONString(labels) as labels_serialized,                 value,                 help,                 type             FROM (                 SELECT   \'clickhouse_table_replica_readonly_start_timestamp_seconds\' as name,   toFloat64(toUnixTi
2026-08-01 18:44:42	3	6	213	0	             SELECT                 name,                 toJSONString(labels) as labels_serialized,                 value,                 help,                 type             FROM (                 SELECT   \'ClickHouse_CustomMetric_DatabaseReplicatedRecoveryTime\' as name,   toFloat64(recovery_ti
2026-08-01 18:44:47	6	141	34508	141	SELECT             name,             value,             help,             JSONExtract(labels_serialized, \'Map(String, String)\') as labels,             type         FROM merge(system, \'^_custom_metrics_dictionary_.*\')         FORMAT Prometheus
2026-08-01 18:44:48	2	2	12834	1	SELECT count() FROM system.processes WHERE (initial_user NOT IN _CAST([\'backups-internal\', \'management-internal\', \'monitoring-internal\', \'observability-internal\', \'operator-internal\', \'prometheus-exporter\', \'prometheus-internal\', \'operator-cert-internal\', \'availability-monitoring-internal\', \'\'], \'Ar
2026-08-01 18:44:48	2	125	1761	1	SELECT countIf(database = \'system\') as systemParts, countIf(database != \'system\') as nonSystemParts FROM system.parts where active
2026-08-01 18:44:48	23	3180	596583	129	SELECT CAST(\'0fc3eaab-fbcb-4533-8825-9be9faaea781\', \'UUID\') AS instance_id, CAST(\'c-boneaws-al-46-server-tzy1uvq-0\', \'LowCardinality(String)\') AS node_id, CAST(name, \'LowCardinality(String)\') AS metric, CAST(mapFilter((k, v) -> has(_CAST([\'remote\'], \'Array(String)\'), k), labels), \'Map(LowCardinality
2026-08-01 18:44:48	2	0	0	1	SELECT countIf(database = \'system\') as systemMerges, countIf(database != \'system\') as nonSystemMerges FROM system.merges
2026-08-01 18:44:52	2	13	6340	1	             SELECT                 name,                 toJSONString(labels) as labels_serialized,                 value,                 help,                 type             FROM (                 SELECT   \'ClickHouse_CustomMetric_TotalMemoryUsedByDictionaries\' AS name,   toFloat64(SUM(bytes_al
2026-08-01 18:44:57	2	15	1013	15	             SELECT                 name,                 toJSONString(labels) as labels_serialized,                 value,                 help,                 type             FROM (                 SELECT     \'ClickHouse_MetricsCollection_CustomMetricsSystemTable\' AS name,     toFloat64(1) AS va
2026-08-01 18:44:57	2	59	472	1	             SELECT                 name,                 toJSONString(labels) as labels_serialized,                 value,                 help,                 type             FROM (                 SELECT   \'ClickHouse_CustomMetric_TotalMemoryUsedByDataSkippingIndices\' AS name,   toFloat64(SUM(d
2026-08-01 18:44:57	3	6	213	0	             SELECT                 name,                 toJSONString(labels) as labels_serialized,                 value,                 help,                 type             FROM (                 SELECT   \'ClickHouse_CustomMetric_SharedCatalogRecoveryTime\' as name,   toFloat64(recovery_time) a
2026-08-01 18:44:57	5	141	34508	141	SELECT             name,             value,             help,             JSONExtract(labels_serialized, \'Map(String, String)\') as labels,             type         FROM merge(system, \'^_custom_metrics_dictionary_.*\')         FORMAT Prometheus
2026-08-01 18:44:58	3	1	5438	1	SELECT count() FROM system.processes WHERE (initial_user NOT IN _CAST([\'backups-internal\', \'management-internal\', \'monitoring-internal\', \'observability-internal\', \'operator-internal\', \'prometheus-exporter\', \'prometheus-internal\', \'operator-cert-internal\', \'availability-monitoring-internal\', \'\'], \'Ar
2026-08-01 18:44:58	2	125	1761	1	SELECT countIf(database = \'system\') as systemParts, countIf(database != \'system\') as nonSystemParts FROM system.parts where active
2026-08-01 18:44:58	2	1	1585	1	SELECT countIf(database = \'system\') as systemMerges, countIf(database != \'system\') as nonSystemMerges FROM system.merges
2026-08-01 18:45:00	19	34663	3259239	1	 WITH toDateTime(\'1970-01-21 15:46:00\', \'UTC\') AS t0,      (SELECT max(hour_boundary) FROM sony.concurrency_hourly_checkpoint        WHERE hour_boundary <= t0  AND platform = \'IPHONE\') AS anchor SELECT     toString(ifNull(anchor, toDateTime(0, \'UTC\'))) AS anchor_ts,     ifNull((SELECT sum(concurrenc
2026-08-01 18:45:01	1	1	1	1	SELECT toString(toDateTime(\'1970-01-21 15:46:00\', \'UTC\') - INTERVAL 1 MINUTE) FORMAT TabSeparated 
2026-08-01 18:45:02	1	0	0	1	             SELECT                 name,                 toJSONString(labels) as labels_serialized,                 value,                 help,                 type             FROM (                 SELECT   \'ClickHouse_CustomMetric_TotalMemoryUsedByMerges\' AS name,   toFloat64(SUM(memory_usage))
2026-08-01 18:45:03	5	141	34508	141	SELECT             name,             value,             help,             JSONExtract(labels_serialized, \'Map(String, String)\') as labels,             type         FROM merge(system, \'^_custom_metrics_dictionary_.*\')         FORMAT Prometheus
2026-08-01 18:45:06	4961	80429	6760482	1	 WITH toDateTime(\'1970-01-21 15:46:00\', \'UTC\') AS t0 SELECT max(c) AS peak, toString(argMax(minute, c)) AS peak_minute, round(avg(c), 4) AS avg_c FROM (     SELECT minute, 0 + sum(d) OVER (ORDER BY minute) AS c     FROM (         SELECT minute, sum(delta) AS d         FROM sony.concurrency_delta_all
2026-08-01 18:45:07	2	2	6302	1	             SELECT                 name,                 toJSONString(labels) as labels_serialized,                 value,                 help,                 type             FROM (                 SELECT   \'ClickHouse_CustomMetric_TotalMemoryUsedByQueries\' AS name,   toFloat64(SUM(peak_memory_u
2026-08-01 18:45:07	2	0	0	0	             SELECT                 name,                 toJSONString(labels) as labels_serialized,                 value,                 help,                 type             FROM (                 SELECT   \'ClickHouse_CustomMetric_FailedMutations\' as name,   toFloat64(count()) as value,   \'The 
2026-08-01 18:45:08	3	2	12834	1	SELECT count() FROM system.processes WHERE (initial_user NOT IN _CAST([\'backups-internal\', \'management-internal\', \'monitoring-internal\', \'observability-internal\', \'operator-internal\', \'prometheus-exporter\', \'prometheus-internal\', \'operator-cert-internal\', \'availability-monitoring-internal\', \'\'], \'Ar
2026-08-01 18:45:08	2	117	1641	1	SELECT countIf(database = \'system\') as systemParts, countIf(database != \'system\') as nonSystemParts FROM system.parts where active
2026-08-01 18:45:08	1	0	0	1	SELECT countIf(database = \'system\') as systemMerges, countIf(database != \'system\') as nonSystemMerges FROM system.merges
2026-08-01 18:45:08	27	3180	596583	129	SELECT CAST(\'0fc3eaab-fbcb-4533-8825-9be9faaea781\', \'UUID\') AS instance_id, CAST(\'c-boneaws-al-46-server-tzy1uvq-0\', \'LowCardinality(String)\') AS node_id, CAST(name, \'LowCardinality(String)\') AS metric, CAST(mapFilter((k, v) -> has(_CAST([\'remote\'], \'Array(String)\'), k), labels), \'Map(LowCardinality
2026-08-01 18:45:12	18	34663	3259239	1	 WITH toDateTime(\'1970-01-21 15:46:00\', \'UTC\') AS t0,      (SELECT max(hour_boundary) FROM sony.concurrency_hourly_checkpoint        WHERE hour_boundary <= t0  AND platform = \'IPHONE\') AS anchor SELECT     toString(ifNull(anchor, toDateTime(0, \'UTC\'))) AS anchor_ts,     ifNull((SELECT sum(concurrenc
2026-08-01 18:45:12	14	121	1694	1	SELECT avg(ProfileEvent_OSCPUWaitMicroseconds) as cpu_wait FROM  system.metric_log  WHERE event_time > now() - INTERVAL 2 MINUTE AND event_date >= yesterday()
2026-08-01 18:45:12	4	2	10208	2	SELECT count() as count, sum(elapsed) as total_elapsed, \'lh\' as usr FROM system.processes  WHERE user = \'observability-internal\' AND client_hostname LIKE \'loghouse-scraper%\'  UNION ALL SELECT count() as count, sum(elapsed) as total_elapsed, \'other\' as usr FROM system.processes  WHERE user != \'observ
2026-08-01 18:45:12	1	886	368083	1	SELECT value FROM system.asynchronous_metrics WHERE metric = \'OSMemoryAvailable\' ;
2026-08-01 18:45:12	2	13	6340	1	             SELECT                 name,                 toJSONString(labels) as labels_serialized,                 value,                 help,                 type             FROM (                 SELECT   \'ClickHouse_CustomMetric_TotalMemoryUsedByDictionaries\' AS name,   toFloat64(SUM(bytes_al
2026-08-01 18:45:12	2	14	9020	0	             SELECT                 name,                 toJSONString(labels) as labels_serialized,                 value,                 help,                 type             FROM (                 SELECT   \'clickhouse_table_replica_readonly_start_timestamp_seconds\' as name,   toFloat64(toUnixTi
2026-08-01 18:45:17	4943	80429	6760482	1	 WITH toDateTime(\'1970-01-21 15:46:00\', \'UTC\') AS t0 SELECT max(c) AS peak, toString(argMax(minute, c)) AS peak_minute, round(avg(c), 4) AS avg_c FROM (     SELECT minute, 0 + sum(d) OVER (ORDER BY minute) AS c     FROM (         SELECT minute, sum(delta) AS d         FROM sony.concurrency_delta_all
2026-08-01 18:45:17	2	0	0	1	             SELECT                 name,                 toJSONString(labels) as labels_serialized,                 value,                 help,                 type             FROM (                 SELECT   \'ClickHouse_CustomMetric_TotalMemoryUsedByAsynchronousInserts\' AS name,   toFloat64(SUM(t
2026-08-01 18:45:17	2	13	6340	1	             SELECT                 name,                 toJSONString(labels) as labels_serialized,                 value,                 help,                 type             FROM (                 SELECT   \'ClickHouse_CustomMetric_TotalMemoryUsedByDictionaries\' AS name,   toFloat64(SUM(bytes_al
2026-08-01 18:45:17	6	141	34508	141	SELECT             name,             value,             help,             JSONExtract(labels_serialized, \'Map(String, String)\') as labels,             type         FROM merge(system, \'^_custom_metrics_dictionary_.*\')         FORMAT Prometheus
2026-08-01 18:45:18	3	1	5438	1	SELECT count() FROM system.processes WHERE (initial_user NOT IN _CAST([\'backups-internal\', \'management-internal\', \'monitoring-internal\', \'observability-internal\', \'operator-internal\', \'prometheus-exporter\', \'prometheus-internal\', \'operator-cert-internal\', \'availability-monitoring-internal\', \'\'], \'Ar
2026-08-01 18:45:18	2	114	1596	1	SELECT countIf(database = \'system\') as systemParts, countIf(database != \'system\') as nonSystemParts FROM system.parts where active
2026-08-01 18:45:18	1	0	0	1	SELECT countIf(database = \'system\') as systemMerges, countIf(database != \'system\') as nonSystemMerges FROM system.merges
2026-08-01 18:45:22	1	6	2128	6	             SELECT                 name,                 toJSONString(labels) as labels_serialized,                 value,                 help,                 type             FROM (                 SELECT   concat(\'clickhouse_\', system.dimensional_metrics.metric) AS name,   toFloat64(system.dime
2026-08-01 18:45:22	2	59	472	1	             SELECT                 name,                 toJSONString(labels) as labels_serialized,                 value,                 help,                 type             FROM (                 SELECT   \'ClickHouse_CustomMetric_TotalMemoryUsedByDataSkippingIndices\' AS name,   toFloat64(SUM(d
2026-08-01 18:45:22	2	0	0	0	             SELECT                 name,                 toJSONString(labels) as labels_serialized,                 value,                 help,                 type             FROM (                 SELECT   \'ClickHouse_CustomMetric_FailedMutations\' as name,   toFloat64(count()) as value,   \'The 
2026-08-01 18:45:22	2	14	9020	0	             SELECT                 name,                 toJSONString(labels) as labels_serialized,                 value,                 help,                 type             FROM (                 SELECT   \'clickhouse_table_replica_readonly_start_timestamp_seconds\' as name,   toFloat64(toUnixTi
2026-08-01 18:45:27	2	59	472	1	             SELECT                 name,                 toJSONString(labels) as labels_serialized,                 value,                 help,                 type             FROM (                 SELECT   \'ClickHouse_CustomMetric_TotalMemoryUsedByDataSkippingIndices\' AS name,   toFloat64(SUM(d
2026-08-01 18:45:27	5	141	34523	141	SELECT             name,             value,             help,             JSONExtract(labels_serialized, \'Map(String, String)\') as labels,             type         FROM merge(system, \'^_custom_metrics_dictionary_.*\')         FORMAT Prometheus
2026-08-01 18:45:28	2	2	12834	1	SELECT count() FROM system.processes WHERE (initial_user NOT IN _CAST([\'backups-internal\', \'management-internal\', \'monitoring-internal\', \'observability-internal\', \'operator-internal\', \'prometheus-exporter\', \'prometheus-internal\', \'operator-cert-internal\', \'availability-monitoring-internal\', \'\'], \'Ar
2026-08-01 18:45:28	2	119	1671	1	SELECT countIf(database = \'system\') as systemParts, countIf(database != \'system\') as nonSystemParts FROM system.parts where active
2026-08-01 18:45:28	24	3181	596730	129	SELECT CAST(\'0fc3eaab-fbcb-4533-8825-9be9faaea781\', \'UUID\') AS instance_id, CAST(\'c-boneaws-al-46-server-tzy1uvq-0\', \'LowCardinality(String)\') AS node_id, CAST(name, \'LowCardinality(String)\') AS metric, CAST(mapFilter((k, v) -> has(_CAST([\'remote\'], \'Array(String)\'), k), labels), \'Map(LowCardinality
2026-08-01 18:45:28	1	0	0	1	SELECT countIf(database = \'system\') as systemMerges, countIf(database != \'system\') as nonSystemMerges FROM system.merges
2026-08-01 18:45:30	1	1	1	1	SELECT displayName(), version(), revision(), timezone()
2026-08-01 18:45:31	1	1	1	1	SELECT 1;
2026-08-01 18:45:32	3	14	9020	0	             SELECT                 name,                 toJSONString(labels) as labels_serialized,                 value,                 help,                 type             FROM (                 SELECT   \'clickhouse_table_replica_readonly_start_timestamp_seconds\' as name,   toFloat64(toUnixTi
2026-08-01 18:45:33	5	141	34523	141	SELECT             name,             value,             help,             JSONExtract(labels_serialized, \'Map(String, String)\') as labels,             type         FROM merge(system, \'^_custom_metrics_dictionary_.*\')         FORMAT Prometheus
2026-08-01 18:45:35	5	0	0	0	SELECT now64(6) as scrape_time_microseconds, \'tzy1uvq\' AS pod_ident, \'boneaws-al-46\' AS spoken_name, \'cell-1\' AS cell, \'ap-south-1\' AS region, \'aws\' AS cloud_provider, \'?\' AS clickhouse_version, \'0fc3eaab-fbcb-4533-8825-9be9faaea781\' AS control_plane_id, \'?\' AS system_processor, * FROM system."query
2026-08-01 18:45:36	3	0	0	0	SELECT now64(6) as scrape_time_microseconds, \'tzy1uvq\' AS pod_ident, \'boneaws-al-46\' AS spoken_name, \'cell-1\' AS cell, \'ap-south-1\' AS region, \'aws\' AS cloud_provider, \'?\' AS clickhouse_version, \'0fc3eaab-fbcb-4533-8825-9be9faaea781\' AS control_plane_id, \'?\' AS system_processor, * FROM system."files
2026-08-01 18:45:37	3	0	0	0	SELECT now64(6) as scrape_time_microseconds, \'tzy1uvq\' AS pod_ident, \'boneaws-al-46\' AS spoken_name, \'cell-1\' AS cell, \'ap-south-1\' AS region, \'aws\' AS cloud_provider, \'?\' AS clickhouse_version, \'0fc3eaab-fbcb-4533-8825-9be9faaea781\' AS control_plane_id, \'?\' AS system_processor, * FROM system."files
2026-08-01 18:45:37	1	0	0	1	             SELECT                 name,                 toJSONString(labels) as labels_serialized,                 value,                 help,                 type             FROM (                 SELECT   \'ClickHouse_CustomMetric_TotalMemoryUsedByAsynchronousInserts\' AS name,   toFloat64(SUM(t
2026-08-01 18:45:37	2	0	0	0	             SELECT                 name,                 toJSONString(labels) as labels_serialized,                 value,                 help,                 type             FROM (                 SELECT   \'ClickHouse_CustomMetric_FailedMutations\' as name,   toFloat64(count()) as value,   \'The 
2026-08-01 18:45:37	3	6	213	0	             SELECT                 name,                 toJSONString(labels) as labels_serialized,                 value,                 help,                 type             FROM (                 SELECT   \'ClickHouse_CustomMetric_DatabaseReplicatedRecoveryTime\' as name,   toFloat64(recovery_ti
2026-08-01 18:45:38	3	0	0	0	SELECT now64(6) as scrape_time_microseconds, \'tzy1uvq\' AS pod_ident, \'boneaws-al-46\' AS spoken_name, \'cell-1\' AS cell, \'ap-south-1\' AS region, \'aws\' AS cloud_provider, \'?\' AS clickhouse_version, \'0fc3eaab-fbcb-4533-8825-9be9faaea781\' AS control_plane_id, \'?\' AS system_processor, * FROM system."crash
2026-08-01 18:45:38	25	2975	6122254	320	SELECT now64(6) as scrape_time_microseconds, \'tzy1uvq\' AS pod_ident, \'boneaws-al-46\' AS spoken_name, \'cell-1\' AS cell, \'ap-south-1\' AS region, \'aws\' AS cloud_provider, \'?\' AS clickhouse_version, \'0fc3eaab-fbcb-4533-8825-9be9faaea781\' AS control_plane_id, \'?\' AS system_processor, * FROM system."query
2026-08-01 18:45:38	3	2	10851	1	SELECT count() FROM system.processes WHERE (initial_user NOT IN _CAST([\'backups-internal\', \'management-internal\', \'monitoring-internal\', \'observability-internal\', \'operator-internal\', \'prometheus-exporter\', \'prometheus-internal\', \'operator-cert-internal\', \'availability-monitoring-internal\', \'\'], \'Ar
2026-08-01 18:45:38	2	116	1626	1	SELECT countIf(database = \'system\') as systemParts, countIf(database != \'system\') as nonSystemParts FROM system.parts where active
2026-08-01 18:45:38	1	0	0	1	SELECT countIf(database = \'system\') as systemMerges, countIf(database != \'system\') as nonSystemMerges FROM system.merges
2026-08-01 18:45:39	3	0	0	0	SELECT now64(6) as scrape_time_microseconds, \'tzy1uvq\' AS pod_ident, \'boneaws-al-46\' AS spoken_name, \'cell-1\' AS cell, \'ap-south-1\' AS region, \'aws\' AS cloud_provider, \'?\' AS clickhouse_version, \'0fc3eaab-fbcb-4533-8825-9be9faaea781\' AS control_plane_id, \'?\' AS system_processor, * FROM system."click
2026-08-01 18:45:39	13	8879	2100282	4487	SELECT now64(6) as scrape_time_microseconds, \'tzy1uvq\' AS pod_ident, \'boneaws-al-46\' AS spoken_name, \'cell-1\' AS cell, \'ap-south-1\' AS region, \'aws\' AS cloud_provider, \'?\' AS clickhouse_version, \'0fc3eaab-fbcb-4533-8825-9be9faaea781\' AS control_plane_id, \'?\' AS system_processor, * FROM system."proce
2026-08-01 18:45:40	3	0	0	0	SELECT now64(6) as scrape_time_microseconds, \'tzy1uvq\' AS pod_ident, \'boneaws-al-46\' AS spoken_name, \'cell-1\' AS cell, \'ap-south-1\' AS region, \'aws\' AS cloud_provider, \'?\' AS clickhouse_version, \'0fc3eaab-fbcb-4533-8825-9be9faaea781\' AS control_plane_id, \'?\' AS system_processor, * FROM system."backu
2026-08-01 18:45:41	4935	76863	6723165	1	 WITH toDateTime(\'1970-01-21 15:46:00\', \'UTC\') AS t0, toDateTime(\'2031-07-25 11:28:00\', \'UTC\') AS t1 SELECT max(c) AS peak, toString(argMax(minute, c)) AS peak_minute, round(avg(c), 4) AS avg_c FROM (     SELECT minute, sum(d) OVER (ORDER BY minute) AS c     FROM (         SELECT minute, sum(delta) 
2026-08-01 18:45:42	3	0	0	0	SELECT now64(6) as scrape_time_microseconds, \'tzy1uvq\' AS pod_ident, \'boneaws-al-46\' AS spoken_name, \'cell-1\' AS cell, \'ap-south-1\' AS region, \'aws\' AS cloud_provider, \'?\' AS clickhouse_version, \'0fc3eaab-fbcb-4533-8825-9be9faaea781\' AS control_plane_id, \'?\' AS system_processor, * FROM system."zooke
2026-08-01 18:45:42	14	490	6860	1	SELECT avg(ProfileEvent_OSCPUWaitMicroseconds) as cpu_wait FROM  system.metric_log  WHERE event_time > now() - INTERVAL 2 MINUTE AND event_date >= yesterday()
2026-08-01 18:45:42	3	2	10208	2	SELECT count() as count, sum(elapsed) as total_elapsed, \'lh\' as usr FROM system.processes  WHERE user = \'observability-internal\' AND client_hostname LIKE \'loghouse-scraper%\'  UNION ALL SELECT count() as count, sum(elapsed) as total_elapsed, \'other\' as usr FROM system.processes  WHERE user != \'observ
2026-08-01 18:45:42	1	886	368083	1	SELECT value FROM system.asynchronous_metrics WHERE metric = \'OSMemoryAvailable\' ;
2026-08-01 18:45:43	3	0	0	0	SELECT now64(6) as scrape_time_microseconds, \'tzy1uvq\' AS pod_ident, \'boneaws-al-46\' AS spoken_name, \'cell-1\' AS cell, \'ap-south-1\' AS region, \'aws\' AS cloud_provider, \'?\' AS clickhouse_version, \'0fc3eaab-fbcb-4533-8825-9be9faaea781\' AS control_plane_id, \'?\' AS system_processor, * FROM system."error
2026-08-01 18:45:44	4	0	0	0	SELECT now64(6) as scrape_time_microseconds, \'tzy1uvq\' AS pod_ident, \'boneaws-al-46\' AS spoken_name, \'cell-1\' AS cell, \'ap-south-1\' AS region, \'aws\' AS cloud_provider, \'?\' AS clickhouse_version, \'0fc3eaab-fbcb-4533-8825-9be9faaea781\' AS control_plane_id, \'?\' AS system_processor, * FROM system."async
2026-08-01 18:45:45	179	785	2153994	120	SELECT now64(6) as scrape_time_microseconds, \'tzy1uvq\' AS pod_ident, \'boneaws-al-46\' AS spoken_name, \'cell-1\' AS cell, \'ap-south-1\' AS region, \'aws\' AS cloud_provider, \'?\' AS clickhouse_version, \'0fc3eaab-fbcb-4533-8825-9be9faaea781\' AS control_plane_id, \'?\' AS system_processor, * FROM system."metri
2026-08-01 18:45:45	8	3465	1040249	349	SELECT now64(6) as scrape_time_microseconds, \'tzy1uvq\' AS pod_ident, \'boneaws-al-46\' AS spoken_name, \'cell-1\' AS cell, \'ap-south-1\' AS region, \'aws\' AS cloud_provider, \'?\' AS clickhouse_version, \'0fc3eaab-fbcb-4533-8825-9be9faaea781\' AS control_plane_id, \'?\' AS system_processor, * FROM system."blob_
2026-08-01 18:45:45	16	8045	4362455	145	SELECT now64(6) as scrape_time_microseconds, \'tzy1uvq\' AS pod_ident, \'boneaws-al-46\' AS spoken_name, \'cell-1\' AS cell, \'ap-south-1\' AS region, \'aws\' AS cloud_provider, \'?\' AS clickhouse_version, \'0fc3eaab-fbcb-4533-8825-9be9faaea781\' AS control_plane_id, \'?\' AS system_processor, * FROM system."part_
2026-08-01 18:45:45	3	0	0	0	SELECT now64(6) as scrape_time_microseconds, \'tzy1uvq\' AS pod_ident, \'boneaws-al-46\' AS spoken_name, \'cell-1\' AS cell, \'ap-south-1\' AS region, \'aws\' AS cloud_provider, \'?\' AS clickhouse_version, \'0fc3eaab-fbcb-4533-8825-9be9faaea781\' AS control_plane_id, \'?\' AS system_processor, * FROM system."s3que
2026-08-01 18:45:46	77	1119463	17955292	105061	SELECT now64(6) as scrape_time_microseconds, \'tzy1uvq\' AS pod_ident, \'boneaws-al-46\' AS spoken_name, \'cell-1\' AS cell, \'ap-south-1\' AS region, \'aws\' AS cloud_provider, \'?\' AS clickhouse_version, \'0fc3eaab-fbcb-4533-8825-9be9faaea781\' AS control_plane_id, \'?\' AS system_processor, * FROM system."async
2026-08-01 18:45:46	22	69324	6659572	1	SELECT ifNull(sum(delta), 0) FROM sony.concurrency_delta_all WHERE minute < toDateTime(\'1970-01-21 15:46:00\', \'UTC\')  AND platform = \'SONY_ANDROID_TV\' FORMAT TabSeparated 
2026-08-01 18:45:47	4	0	0	0	SELECT now64(6) as scrape_time_microseconds, \'tzy1uvq\' AS pod_ident, \'boneaws-al-46\' AS spoken_name, \'cell-1\' AS cell, \'ap-south-1\' AS region, \'aws\' AS cloud_provider, \'?\' AS clickhouse_version, \'0fc3eaab-fbcb-4533-8825-9be9faaea781\' AS control_plane_id, \'?\' AS system_processor, * FROM system."query
2026-08-01 18:45:47	20	20587	5015832	10193	SELECT now64(6) as scrape_time_microseconds, \'tzy1uvq\' AS pod_ident, \'boneaws-al-46\' AS spoken_name, \'cell-1\' AS cell, \'ap-south-1\' AS region, \'aws\' AS cloud_provider, \'?\' AS clickhouse_version, \'0fc3eaab-fbcb-4533-8825-9be9faaea781\' AS control_plane_id, \'?\' AS system_processor, * FROM system."trace
2026-08-01 18:45:47	1	1	1	1	SELECT toString(toDateTime(\'1970-01-21 15:46:00\', \'UTC\') - INTERVAL 1 MINUTE) FORMAT TabSeparated 
2026-08-01 18:45:47	2	13	6340	1	             SELECT                 name,                 toJSONString(labels) as labels_serialized,                 value,                 help,                 type             FROM (                 SELECT   \'ClickHouse_CustomMetric_TotalMemoryUsedByDictionaries\' AS name,   toFloat64(SUM(bytes_al
2026-08-01 18:45:47	2	59	472	1	             SELECT                 name,                 toJSONString(labels) as labels_serialized,                 value,                 help,                 type             FROM (                 SELECT   \'ClickHouse_CustomMetric_TotalMemoryUsedByDataSkippingIndices\' AS name,   toFloat64(SUM(d
2026-08-01 18:45:47	3	6	213	0	             SELECT                 name,                 toJSONString(labels) as labels_serialized,                 value,                 help,                 type             FROM (                 SELECT   \'ClickHouse_CustomMetric_SharedCatalogRecoveryTime\' as name,   toFloat64(recovery_time) a
2026-08-01 18:45:47	5	148	36124	148	SELECT             name,             value,             help,             JSONExtract(labels_serialized, \'Map(String, String)\') as labels,             type         FROM merge(system, \'^_custom_metrics_dictionary_.*\')         FORMAT Prometheus
2026-08-01 18:45:48	2	2	12834	1	SELECT count() FROM system.processes WHERE (initial_user NOT IN _CAST([\'backups-internal\', \'management-internal\', \'monitoring-internal\', \'observability-internal\', \'operator-internal\', \'prometheus-exporter\', \'prometheus-internal\', \'operator-cert-internal\', \'availability-monitoring-internal\', \'\'], \'Ar
2026-08-01 18:45:48	2	113	1581	1	SELECT countIf(database = \'system\') as systemParts, countIf(database != \'system\') as nonSystemParts FROM system.parts where active
2026-08-01 18:45:48	2	0	0	1	SELECT countIf(database = \'system\') as systemMerges, countIf(database != \'system\') as nonSystemMerges FROM system.merges
2026-08-01 18:45:48	31	3188	597702	129	SELECT CAST(\'0fc3eaab-fbcb-4533-8825-9be9faaea781\', \'UUID\') AS instance_id, CAST(\'c-boneaws-al-46-server-tzy1uvq-0\', \'LowCardinality(String)\') AS node_id, CAST(name, \'LowCardinality(String)\') AS metric, CAST(mapFilter((k, v) -> has(_CAST([\'remote\'], \'Array(String)\'), k), labels), \'Map(LowCardinality
2026-08-01 18:45:49	18	21346	4806206	14208	SELECT now64(6) as scrape_time_microseconds, \'tzy1uvq\' AS pod_ident, \'boneaws-al-46\' AS spoken_name, \'cell-1\' AS cell, \'ap-south-1\' AS region, \'aws\' AS cloud_provider, \'?\' AS clickhouse_version, \'0fc3eaab-fbcb-4533-8825-9be9faaea781\' AS control_plane_id, \'?\' AS system_processor, * FROM system."text_
2026-08-01 18:45:49	76	0	0	0	SELECT now64(6) as scrape_time_microseconds, \'tzy1uvq\' AS pod_ident, \'boneaws-al-46\' AS spoken_name, \'cell-1\' AS cell, \'ap-south-1\' AS region, \'aws\' AS cloud_provider, \'?\' AS clickhouse_version, \'0fc3eaab-fbcb-4533-8825-9be9faaea781\' AS control_plane_id, \'?\' AS system_processor, * FROM system."query
2026-08-01 18:45:51	3	0	0	0	SELECT now64(6) as scrape_time_microseconds, \'tzy1uvq\' AS pod_ident, \'boneaws-al-46\' AS spoken_name, \'cell-1\' AS cell, \'ap-south-1\' AS region, \'aws\' AS cloud_provider, \'?\' AS clickhouse_version, \'0fc3eaab-fbcb-4533-8825-9be9faaea781\' AS control_plane_id, \'?\' AS system_processor, * FROM system."aggre
2026-08-01 18:45:52	2	15	1013	15	             SELECT                 name,                 toJSONString(labels) as labels_serialized,                 value,                 help,                 type             FROM (                 SELECT     \'ClickHouse_MetricsCollection_CustomMetricsSystemTable\' AS name,     toFloat64(1) AS va
2026-08-01 18:45:52	1	1	1	1	SELECT toString(toDateTime(\'1970-01-21 15:46:00\', \'UTC\') - INTERVAL 1 MINUTE) FORMAT TabSeparated 
2026-08-01 18:45:57	6	148	36124	148	SELECT             name,             value,             help,             JSONExtract(labels_serialized, \'Map(String, String)\') as labels,             type         FROM merge(system, \'^_custom_metrics_dictionary_.*\')         FORMAT Prometheus
2026-08-01 18:45:58	2	0	0	1	SELECT countIf(database = \'system\') as systemMerges, countIf(database != \'system\') as nonSystemMerges FROM system.merges
2026-08-01 18:45:58	2	117	1641	1	SELECT countIf(database = \'system\') as systemParts, countIf(database != \'system\') as nonSystemParts FROM system.parts where active
2026-08-01 18:45:58	3	1	5438	1	SELECT count() FROM system.processes WHERE (initial_user NOT IN _CAST([\'backups-internal\', \'management-internal\', \'monitoring-internal\', \'observability-internal\', \'operator-internal\', \'prometheus-exporter\', \'prometheus-internal\', \'operator-cert-internal\', \'availability-monitoring-internal\', \'\'], \'Ar
2026-08-01 18:46:02	2	0	0	1	             SELECT                 name,                 toJSONString(labels) as labels_serialized,                 value,                 help,                 type             FROM (                 SELECT   \'ClickHouse_CustomMetric_TotalMemoryUsedByMerges\' AS name,   toFloat64(SUM(memory_usage))
2026-08-01 18:46:02	2	2	6215	1	             SELECT                 name,                 toJSONString(labels) as labels_serialized,                 value,                 help,                 type             FROM (                 SELECT   \'ClickHouse_CustomMetric_TotalMemoryUsedByQueries\' AS name,   toFloat64(SUM(peak_memory_u
2026-08-01 18:46:03	6	148	36124	148	SELECT             name,             value,             help,             JSONExtract(labels_serialized, \'Map(String, String)\') as labels,             type         FROM merge(system, \'^_custom_metrics_dictionary_.*\')         FORMAT Prometheus
2026-08-01 18:46:05	8	1279	817420	38	SELECT now64(6) as scrape_time_microseconds, \'tzy1uvq\' AS pod_ident, \'boneaws-al-46\' AS spoken_name, \'cell-1\' AS cell, \'ap-south-1\' AS region, \'aws\' AS cloud_provider, \'?\' AS clickhouse_version, \'0fc3eaab-fbcb-4533-8825-9be9faaea781\' AS control_plane_id, \'?\' AS system_processor, * FROM system."sessi
2026-08-01 18:46:08	2	2	12834	1	SELECT count() FROM system.processes WHERE (initial_user NOT IN _CAST([\'backups-internal\', \'management-internal\', \'monitoring-internal\', \'observability-internal\', \'operator-internal\', \'prometheus-exporter\', \'prometheus-internal\', \'operator-cert-internal\', \'availability-monitoring-internal\', \'\'], \'Ar
2026-08-01 18:46:08	2	119	1671	1	SELECT countIf(database = \'system\') as systemParts, countIf(database != \'system\') as nonSystemParts FROM system.parts where active
2026-08-01 18:46:08	25	3188	597702	129	SELECT CAST(\'0fc3eaab-fbcb-4533-8825-9be9faaea781\', \'UUID\') AS instance_id, CAST(\'c-boneaws-al-46-server-tzy1uvq-0\', \'LowCardinality(String)\') AS node_id, CAST(name, \'LowCardinality(String)\') AS metric, CAST(mapFilter((k, v) -> has(_CAST([\'remote\'], \'Array(String)\'), k), labels), \'Map(LowCardinality
2026-08-01 18:46:08	2	0	0	1	SELECT countIf(database = \'system\') as systemMerges, countIf(database != \'system\') as nonSystemMerges FROM system.merges
2026-08-01 18:46:12	2	886	368083	1	SELECT value FROM system.asynchronous_metrics WHERE metric = \'OSMemoryAvailable\' ;
2026-08-01 18:46:12	4	2	10208	2	SELECT count() as count, sum(elapsed) as total_elapsed, \'lh\' as usr FROM system.processes  WHERE user = \'observability-internal\' AND client_hostname LIKE \'loghouse-scraper%\'  UNION ALL SELECT count() as count, sum(elapsed) as total_elapsed, \'other\' as usr FROM system.processes  WHERE user != \'observ
2026-08-01 18:46:12	15	521	7294	1	SELECT avg(ProfileEvent_OSCPUWaitMicroseconds) as cpu_wait FROM  system.metric_log  WHERE event_time > now() - INTERVAL 2 MINUTE AND event_date >= yesterday()
2026-08-01 18:46:12	2	0	0	1	             SELECT                 name,                 toJSONString(labels) as labels_serialized,                 value,                 help,                 type             FROM (                 SELECT   \'ClickHouse_CustomMetric_TotalMemoryUsedByMerges\' AS name,   toFloat64(SUM(memory_usage))
2026-08-01 18:46:12	2	0	0	0	             SELECT                 name,                 toJSONString(labels) as labels_serialized,                 value,                 help,                 type             FROM (                 SELECT   \'ClickHouse_CustomMetric_FailedMutations\' as name,   toFloat64(count()) as value,   \'The 
2026-08-01 18:46:17	3	6	213	0	             SELECT                 name,                 toJSONString(labels) as labels_serialized,                 value,                 help,                 type             FROM (                 SELECT   \'ClickHouse_CustomMetric_DatabaseReplicatedRecoveryTime\' as name,   toFloat64(recovery_ti
2026-08-01 18:46:17	6	148	36124	148	SELECT             name,             value,             help,             JSONExtract(labels_serialized, \'Map(String, String)\') as labels,             type         FROM merge(system, \'^_custom_metrics_dictionary_.*\')         FORMAT Prometheus
2026-08-01 18:46:18	3	1	5438	1	SELECT count() FROM system.processes WHERE (initial_user NOT IN _CAST([\'backups-internal\', \'management-internal\', \'monitoring-internal\', \'observability-internal\', \'operator-internal\', \'prometheus-exporter\', \'prometheus-internal\', \'operator-cert-internal\', \'availability-monitoring-internal\', \'\'], \'Ar
2026-08-01 18:46:18	2	120	1686	1	SELECT countIf(database = \'system\') as systemParts, countIf(database != \'system\') as nonSystemParts FROM system.parts where active
2026-08-01 18:46:18	2	0	0	1	SELECT countIf(database = \'system\') as systemMerges, countIf(database != \'system\') as nonSystemMerges FROM system.merges
2026-08-01 18:46:22	1	6	2128	6	             SELECT                 name,                 toJSONString(labels) as labels_serialized,                 value,                 help,                 type             FROM (                 SELECT   concat(\'clickhouse_\', system.dimensional_metrics.metric) AS name,   toFloat64(system.dime
2026-08-01 18:46:22	2	3	7518	1	             SELECT                 name,                 toJSONString(labels) as labels_serialized,                 value,                 help,                 type             FROM (                 SELECT   \'ClickHouse_CustomMetric_TotalMemoryUsedByQueries\' AS name,   toFloat64(SUM(peak_memory_u
2026-08-01 18:46:22	2	13	6340	1	             SELECT                 name,                 toJSONString(labels) as labels_serialized,                 value,                 help,                 type             FROM (                 SELECT   \'ClickHouse_CustomMetric_TotalMemoryUsedByDictionaries\' AS name,   toFloat64(SUM(bytes_al
2026-08-01 18:46:27	1	0	0	1	             SELECT                 name,                 toJSONString(labels) as labels_serialized,                 value,                 help,                 type             FROM (                 SELECT   \'ClickHouse_CustomMetric_TotalMemoryUsedByAsynchronousInserts\' AS name,   toFloat64(SUM(t
2026-08-01 18:46:27	6	148	36124	148	SELECT             name,             value,             help,             JSONExtract(labels_serialized, \'Map(String, String)\') as labels,             type         FROM merge(system, \'^_custom_metrics_dictionary_.*\')         FORMAT Prometheus
2026-08-01 18:46:28	10	8126	121886	16	WITH metrics AS (SELECT multiIf((event_type = \'MergeParts\') AND (error = 0), \'merges_finished\', (event_type = \'MergeParts\') AND (error != 0), \'merges_failed\', (event_type = \'MutatePart\') AND (error = 0), \'mutate_part_finished\', (event_type = \'MutatePart\') AND (error != 0), \'mutate_part_failed\', NULL
2026-08-01 18:46:28	5	378	114440	5	WITH metrics AS (SELECT name AS metric, toFloat64(value) AS val, now() AS ts FROM system.server_settings WHERE multiMatchAny(name, _CAST([\'^max_database_num_to_throw$\', \'^max_database_num_to_warn$\', \'^max_table_num_to_throw$\', \'^max_table_num_to_warn$\', \'^max_concurrent_queries$\'], \'Array(String)\'))
2026-08-01 18:46:28	5	0	0	0	WITH source AS (SELECT [\'matview_execution_total\', if(exception_code != 0, \'matview_execution_fail\', \'\')] AS metrics, event_time AS ts FROM system.query_views_log WHERE (status != \'QueryStart\') AND (event_date >= toDate(_CAST(\'1785609833.89\', \'DateTime64\'))) AND (event_time >= toDateTime(_CAST(\'1785
2026-08-01 18:46:28	9	111390	1744115	1560	SELECT CAST(\'0fc3eaab-fbcb-4533-8825-9be9faaea781\', \'UUID\') AS control_plane_id, CAST(\'c-boneaws-al-46-server-tzy1uvq-0\', \'LowCardinality(String)\') AS pod_id, CAST(now64(), \'DateTime64(6)\') AS scrape_ts_microseconds, CAST(event_date, \'Date\') AS event_date, CAST(event_time, \'DateTime\') AS event_time,
2026-08-01 18:46:28	9	0	0	1	WITH failed_mutations AS (SELECT toDateTime(create_time) AS ts, count() AS val FROM system.mutations WHERE (ts > toDateTime(_CAST(\'1785609833.89\', \'DateTime64\'))) AND (ts <= toDateTime(_CAST(\'1785609953.89\', \'DateTime64\'))) AND (latest_failed_part != \'\') AND (is_done = 0) GROUP BY ts), failed_mutati
2026-08-01 18:46:28	3	9	40689	1	SELECT count() FROM system.processes WHERE (initial_user NOT IN _CAST([\'backups-internal\', \'management-internal\', \'monitoring-internal\', \'observability-internal\', \'operator-internal\', \'prometheus-exporter\', \'prometheus-internal\', \'operator-cert-internal\', \'availability-monitoring-internal\', \'\'], \'Ar
2026-08-01 18:46:28	4983	101976	6939199	1	 WITH toDateTime(\'1970-01-21 15:46:00\', \'UTC\') AS t0, toDateTime(\'2031-07-25 11:28:00\', \'UTC\') AS t1 SELECT max(c) AS peak, toString(argMax(minute, c)) AS peak_minute, round(avg(c), 4) AS avg_c FROM (     SELECT minute, sum(d) OVER (ORDER BY minute) AS c     FROM (         SELECT minute, sum(delta) 
2026-08-01 18:46:28	2	122	1716	1	SELECT countIf(database = \'system\') as systemParts, countIf(database != \'system\') as nonSystemParts FROM system.parts where active
2026-08-01 18:46:28	1	0	0	1	SELECT countIf(database = \'system\') as systemMerges, countIf(database != \'system\') as nonSystemMerges FROM system.merges
2026-08-01 18:46:28	25	3188	597702	129	SELECT CAST(\'0fc3eaab-fbcb-4533-8825-9be9faaea781\', \'UUID\') AS instance_id, CAST(\'c-boneaws-al-46-server-tzy1uvq-0\', \'LowCardinality(String)\') AS node_id, CAST(name, \'LowCardinality(String)\') AS metric, CAST(mapFilter((k, v) -> has(_CAST([\'remote\'], \'Array(String)\'), k), labels), \'Map(LowCardinality
2026-08-01 18:46:28	52	521	166147	120	SELECT CAST(\'0fc3eaab-fbcb-4533-8825-9be9faaea781\', \'UUID\') AS control_plane_id, CAST(\'c-boneaws-al-46-server-tzy1uvq-0\', \'LowCardinality(String)\') AS pod_id, CAST(now64(), \'DateTime64(6)\') AS scrape_ts_microseconds, CAST(event_date, \'Date\') AS event_date, CAST(event_time, \'DateTime\') AS event_time,
2026-08-01 18:46:29	183	813	223441	18	WITH parts_agg AS (SELECT database AS agg_database, `table` AS agg_table, SUM(primary_key_size) AS primary_index_size, SUM(secondary_indices_compressed_bytes) AS secondary_index_size FROM system.parts WHERE active AND (database != \'system\') GROUP BY database, `table`), proj_agg AS (SELECT database A
2026-08-01 18:46:32	2	15	1013	15	             SELECT                 name,                 toJSONString(labels) as labels_serialized,                 value,                 help,                 type             FROM (                 SELECT     \'ClickHouse_MetricsCollection_CustomMetricsSystemTable\' AS name,     toFloat64(1) AS va
2026-08-01 18:46:32	3	14	9020	0	             SELECT                 name,                 toJSONString(labels) as labels_serialized,                 value,                 help,                 type             FROM (                 SELECT   \'clickhouse_table_replica_readonly_start_timestamp_seconds\' as name,   toFloat64(toUnixTi
2026-08-01 18:46:32	3	6	213	0	             SELECT                 name,                 toJSONString(labels) as labels_serialized,                 value,                 help,                 type             FROM (                 SELECT   \'ClickHouse_CustomMetric_SharedCatalogRecoveryTime\' as name,   toFloat64(recovery_time) a
2026-08-01 18:46:33	6	151	36865	151	SELECT             name,             value,             help,             JSONExtract(labels_serialized, \'Map(String, String)\') as labels,             type         FROM merge(system, \'^_custom_metrics_dictionary_.*\')         FORMAT Prometheus
2026-08-01 18:46:33	4944	100170	6937279	1	 WITH toDateTime(\'1970-01-21 15:46:00\', \'UTC\') AS t0, toDateTime(\'2031-07-25 11:28:00\', \'UTC\') AS t1 SELECT max(c) AS peak, toString(argMax(minute, c)) AS peak_minute, round(avg(c), 4) AS avg_c FROM (     SELECT minute, sum(d) OVER (ORDER BY minute) AS c     FROM (         SELECT minute, sum(delta) 
2026-08-01 18:46:34	1	1	1	1	SELECT toString(toDateTime(\'1970-01-21 15:46:00\', \'UTC\') - INTERVAL 1 MINUTE) FORMAT TabSeparated 
2026-08-01 18:46:38	3	1	5438	1	SELECT count() FROM system.processes WHERE (initial_user NOT IN _CAST([\'backups-internal\', \'management-internal\', \'monitoring-internal\', \'observability-internal\', \'operator-internal\', \'prometheus-exporter\', \'prometheus-internal\', \'operator-cert-internal\', \'availability-monitoring-internal\', \'\'], \'Ar
2026-08-01 18:46:38	2	130	1836	1	SELECT countIf(database = \'system\') as systemParts, countIf(database != \'system\') as nonSystemParts FROM system.parts where active
2026-08-01 18:46:38	1	0	0	1	SELECT countIf(database = \'system\') as systemMerges, countIf(database != \'system\') as nonSystemMerges FROM system.merges
2026-08-01 18:46:39	54	34663	3257968	1	 WITH toDateTime(\'1970-01-21 15:46:00\', \'UTC\') AS t0,      (SELECT max(hour_boundary) FROM sony.concurrency_hourly_checkpoint        WHERE hour_boundary <= t0  AND video_type = \'live\') AS anchor SELECT     toString(ifNull(anchor, toDateTime(0, \'UTC\'))) AS anchor_ts,     ifNull((SELECT sum(concurrenc
2026-08-01 18:46:40	1	1	1	1	SELECT toString(toDateTime(\'1970-01-21 15:46:00\', \'UTC\') - INTERVAL 1 MINUTE) FORMAT TabSeparated 
2026-08-01 18:46:42	14	552	7728	1	SELECT avg(ProfileEvent_OSCPUWaitMicroseconds) as cpu_wait FROM  system.metric_log  WHERE event_time > now() - INTERVAL 2 MINUTE AND event_date >= yesterday()
2026-08-01 18:46:42	4	2	10208	2	SELECT count() as count, sum(elapsed) as total_elapsed, \'lh\' as usr FROM system.processes  WHERE user = \'observability-internal\' AND client_hostname LIKE \'loghouse-scraper%\'  UNION ALL SELECT count() as count, sum(elapsed) as total_elapsed, \'other\' as usr FROM system.processes  WHERE user != \'observ
2026-08-01 18:46:42	1	886	368083	1	SELECT value FROM system.asynchronous_metrics WHERE metric = \'OSMemoryAvailable\' ;
2026-08-01 18:46:42	2	0	0	0	             SELECT                 name,                 toJSONString(labels) as labels_serialized,                 value,                 help,                 type             FROM (                 SELECT   \'ClickHouse_CustomMetric_FailedMutations\' as name,   toFloat64(count()) as value,   \'The 
2026-08-01 18:46:42	2	59	472	1	             SELECT                 name,                 toJSONString(labels) as labels_serialized,                 value,                 help,                 type             FROM (                 SELECT   \'ClickHouse_CustomMetric_TotalMemoryUsedByDataSkippingIndices\' AS name,   toFloat64(SUM(d
2026-08-01 18:46:42	3	6	213	0	             SELECT                 name,                 toJSONString(labels) as labels_serialized,                 value,                 help,                 type             FROM (                 SELECT   \'ClickHouse_CustomMetric_DatabaseReplicatedRecoveryTime\' as name,   toFloat64(recovery_ti
2026-08-01 18:46:45	1	1	1	1	SELECT toString(toDateTime(\'1970-01-21 15:46:00\', \'UTC\') - INTERVAL 1 MINUTE) FORMAT TabSeparated 
2026-08-01 18:46:47	2	59	472	1	             SELECT                 name,                 toJSONString(labels) as labels_serialized,                 value,                 help,                 type             FROM (                 SELECT   \'ClickHouse_CustomMetric_TotalMemoryUsedByDataSkippingIndices\' AS name,   toFloat64(SUM(d
2026-08-01 18:46:47	1	6	2128	6	             SELECT                 name,                 toJSONString(labels) as labels_serialized,                 value,                 help,                 type             FROM (                 SELECT   concat(\'clickhouse_\', system.dimensional_metrics.metric) AS name,   toFloat64(system.dime
2026-08-01 18:46:47	7	151	36865	151	SELECT             name,             value,             help,             JSONExtract(labels_serialized, \'Map(String, String)\') as labels,             type         FROM merge(system, \'^_custom_metrics_dictionary_.*\')         FORMAT Prometheus
2026-08-01 18:46:48	3	3	18762	1	SELECT count() FROM system.processes WHERE (initial_user NOT IN _CAST([\'backups-internal\', \'management-internal\', \'monitoring-internal\', \'observability-internal\', \'operator-internal\', \'prometheus-exporter\', \'prometheus-internal\', \'operator-cert-internal\', \'availability-monitoring-internal\', \'\'], \'Ar
2026-08-01 18:46:48	2	131	1851	1	SELECT countIf(database = \'system\') as systemParts, countIf(database != \'system\') as nonSystemParts FROM system.parts where active
2026-08-01 18:46:48	2	0	0	1	SELECT countIf(database = \'system\') as systemMerges, countIf(database != \'system\') as nonSystemMerges FROM system.merges
2026-08-01 18:46:48	24	3191	598206	129	SELECT CAST(\'0fc3eaab-fbcb-4533-8825-9be9faaea781\', \'UUID\') AS instance_id, CAST(\'c-boneaws-al-46-server-tzy1uvq-0\', \'LowCardinality(String)\') AS node_id, CAST(name, \'LowCardinality(String)\') AS metric, CAST(mapFilter((k, v) -> has(_CAST([\'remote\'], \'Array(String)\'), k), labels), \'Map(LowCardinality
2026-08-01 18:46:50	4923	101976	6939199	1	 WITH toDateTime(\'1970-01-21 15:46:00\', \'UTC\') AS t0 SELECT max(c) AS peak, toString(argMax(minute, c)) AS peak_minute, round(avg(c), 4) AS avg_c FROM (     SELECT minute, 0 + sum(d) OVER (ORDER BY minute) AS c     FROM (         SELECT minute, sum(delta) AS d         FROM sony.concurrency_delta_all
2026-08-01 18:46:50	2	0	8	1	SELECT count() FROM system.backups where status IN (0,3)
2026-08-01 18:46:50	3	1	5472	1	SELECT count() FROM system.processes WHERE (elapsed > _CAST(0, \'Int64\')) AND (initial_user NOT IN _CAST([\'backups-internal\', \'management-internal\', \'monitoring-internal\', \'observability-internal\', \'operator-internal\', \'prometheus-exporter\', \'prometheus-internal\', \'operator-cert-internal\', \'availabil
2026-08-01 18:46:52	2	15	1013	15	             SELECT                 name,                 toJSONString(labels) as labels_serialized,                 value,                 help,                 type             FROM (                 SELECT     \'ClickHouse_MetricsCollection_CustomMetricsSystemTable\' AS name,     toFloat64(1) AS va
2026-08-01 18:46:57	3	6	213	0	             SELECT                 name,                 toJSONString(labels) as labels_serialized,                 value,                 help,                 type             FROM (                 SELECT   \'ClickHouse_CustomMetric_SharedCatalogRecoveryTime\' as name,   toFloat64(recovery_time) a
2026-08-01 18:46:57	6	151	36865	151	SELECT             name,             value,             help,             JSONExtract(labels_serialized, \'Map(String, String)\') as labels,             type         FROM merge(system, \'^_custom_metrics_dictionary_.*\')         FORMAT Prometheus
2026-08-01 18:46:58	3	1	5438	1	SELECT count() FROM system.processes WHERE (initial_user NOT IN _CAST([\'backups-internal\', \'management-internal\', \'monitoring-internal\', \'observability-internal\', \'operator-internal\', \'prometheus-exporter\', \'prometheus-internal\', \'operator-cert-internal\', \'availability-monitoring-internal\', \'\'], \'Ar
2026-08-01 18:46:58	2	123	1731	1	SELECT countIf(database = \'system\') as systemParts, countIf(database != \'system\') as nonSystemParts FROM system.parts where active
2026-08-01 18:46:58	1	0	0	1	SELECT countIf(database = \'system\') as systemMerges, countIf(database != \'system\') as nonSystemMerges FROM system.merges
2026-08-01 18:47:02	1	6	2128	6	             SELECT                 name,                 toJSONString(labels) as labels_serialized,                 value,                 help,                 type             FROM (                 SELECT   concat(\'clickhouse_\', system.dimensional_metrics.metric) AS name,   toFloat64(system.dime
2026-08-01 18:47:02	2	2	6298	1	             SELECT                 name,                 toJSONString(labels) as labels_serialized,                 value,                 help,                 type             FROM (                 SELECT   \'ClickHouse_CustomMetric_TotalMemoryUsedByQueries\' AS name,   toFloat64(SUM(peak_memory_u
2026-08-01 18:47:03	6	151	36865	151	SELECT             name,             value,             help,             JSONExtract(labels_serialized, \'Map(String, String)\') as labels,             type         FROM merge(system, \'^_custom_metrics_dictionary_.*\')         FORMAT Prometheus
2026-08-01 18:47:07	2	0	0	1	             SELECT                 name,                 toJSONString(labels) as labels_serialized,                 value,                 help,                 type             FROM (                 SELECT   \'ClickHouse_CustomMetric_TotalMemoryUsedByAsynchronousInserts\' AS name,   toFloat64(SUM(t
2026-08-01 18:47:07	2	0	0	1	             SELECT                 name,                 toJSONString(labels) as labels_serialized,                 value,                 help,                 type             FROM (                 SELECT   \'ClickHouse_CustomMetric_TotalMemoryUsedByMerges\' AS name,   toFloat64(SUM(memory_usage))
2026-08-01 18:47:07	2	0	0	0	             SELECT                 name,                 toJSONString(labels) as labels_serialized,                 value,                 help,                 type             FROM (                 SELECT   \'ClickHouse_CustomMetric_FailedMutations\' as name,   toFloat64(count()) as value,   \'The 
2026-08-01 18:47:08	4452	101996	6954059	1	 WITH toDateTime(\'1970-01-21 15:46:00\', \'UTC\') AS t0, toDateTime(\'2031-07-25 11:28:00\', \'UTC\') AS t1 SELECT max(c) AS peak, toString(argMax(minute, c)) AS peak_minute, round(avg(c), 4) AS avg_c FROM (     SELECT minute, sum(d) OVER (ORDER BY minute) AS c     FROM (         SELECT minute, sum(delta) 
2026-08-01 18:47:08	3	2	12834	1	SELECT count() FROM system.processes WHERE (initial_user NOT IN _CAST([\'backups-internal\', \'management-internal\', \'monitoring-internal\', \'observability-internal\', \'operator-internal\', \'prometheus-exporter\', \'prometheus-internal\', \'operator-cert-internal\', \'availability-monitoring-internal\', \'\'], \'Ar
2026-08-01 18:47:08	2	124	1746	1	SELECT countIf(database = \'system\') as systemParts, countIf(database != \'system\') as nonSystemParts FROM system.parts where active
2026-08-01 18:47:08	24	3191	598206	129	SELECT CAST(\'0fc3eaab-fbcb-4533-8825-9be9faaea781\', \'UUID\') AS instance_id, CAST(\'c-boneaws-al-46-server-tzy1uvq-0\', \'LowCardinality(String)\') AS node_id, CAST(name, \'LowCardinality(String)\') AS metric, CAST(mapFilter((k, v) -> has(_CAST([\'remote\'], \'Array(String)\'), k), labels), \'Map(LowCardinality
2026-08-01 18:47:08	2	0	0	1	SELECT countIf(database = \'system\') as systemMerges, countIf(database != \'system\') as nonSystemMerges FROM system.merges
2026-08-01 18:47:12	15	582	8148	1	SELECT avg(ProfileEvent_OSCPUWaitMicroseconds) as cpu_wait FROM  system.metric_log  WHERE event_time > now() - INTERVAL 2 MINUTE AND event_date >= yesterday()
2026-08-01 18:47:12	4	2	10208	2	SELECT count() as count, sum(elapsed) as total_elapsed, \'lh\' as usr FROM system.processes  WHERE user = \'observability-internal\' AND client_hostname LIKE \'loghouse-scraper%\'  UNION ALL SELECT count() as count, sum(elapsed) as total_elapsed, \'other\' as usr FROM system.processes  WHERE user != \'observ
2026-08-01 18:47:12	1	886	368083	1	SELECT value FROM system.asynchronous_metrics WHERE metric = \'OSMemoryAvailable\' ;
2026-08-01 18:47:12	3	14	9020	0	             SELECT                 name,                 toJSONString(labels) as labels_serialized,                 value,                 help,                 type             FROM (                 SELECT   \'clickhouse_table_replica_readonly_start_timestamp_seconds\' as name,   toFloat64(toUnixTi
2026-08-01 18:47:17	3	6	213	0	             SELECT                 name,                 toJSONString(labels) as labels_serialized,                 value,                 help,                 type             FROM (                 SELECT   \'ClickHouse_CustomMetric_DatabaseReplicatedRecoveryTime\' as name,   toFloat64(recovery_ti
2026-08-01 18:47:17	2	3	7673	1	             SELECT                 name,                 toJSONString(labels) as labels_serialized,                 value,                 help,                 type             FROM (                 SELECT   \'ClickHouse_CustomMetric_TotalMemoryUsedByQueries\' AS name,   toFloat64(SUM(peak_memory_u
2026-08-01 18:47:17	3	6	213	0	             SELECT                 name,                 toJSONString(labels) as labels_serialized,                 value,                 help,                 type             FROM (                 SELECT   \'ClickHouse_CustomMetric_SharedCatalogRecoveryTime\' as name,   toFloat64(recovery_time) a
2026-08-01 18:47:17	6	151	36865	151	SELECT             name,             value,             help,             JSONExtract(labels_serialized, \'Map(String, String)\') as labels,             type         FROM merge(system, \'^_custom_metrics_dictionary_.*\')         FORMAT Prometheus
2026-08-01 18:47:18	19	34663	3258180	1	 WITH toDateTime(\'1970-01-21 15:46:00\', \'UTC\') AS t0,      (SELECT max(hour_boundary) FROM sony.concurrency_hourly_checkpoint        WHERE hour_boundary <= t0  AND country = \'india\') AS anchor SELECT     toString(ifNull(anchor, toDateTime(0, \'UTC\'))) AS anchor_ts,     ifNull((SELECT sum(concurrency)
2026-08-01 18:47:18	23	69324	6659572	1	SELECT ifNull(sum(delta), 0) FROM sony.concurrency_delta_all WHERE minute < toDateTime(\'1970-01-21 15:46:00\', \'UTC\')  AND country = \'india\' FORMAT TabSeparated 
2026-08-01 18:47:18	3	1	5438	1	SELECT count() FROM system.processes WHERE (initial_user NOT IN _CAST([\'backups-internal\', \'management-internal\', \'monitoring-internal\', \'observability-internal\', \'operator-internal\', \'prometheus-exporter\', \'prometheus-internal\', \'operator-cert-internal\', \'availability-monitoring-internal\', \'\'], \'Ar
2026-08-01 18:47:18	2	126	1776	1	SELECT countIf(database = \'system\') as systemParts, countIf(database != \'system\') as nonSystemParts FROM system.parts where active
2026-08-01 18:47:18	1	0	0	1	SELECT countIf(database = \'system\') as systemMerges, countIf(database != \'system\') as nonSystemMerges FROM system.merges
2026-08-01 18:47:20	1	0	0	1	SELECT count(*) FROM system.view_refreshes
2026-08-01 18:47:22	2	13	6340	1	             SELECT                 name,                 toJSONString(labels) as labels_serialized,                 value,                 help,                 type             FROM (                 SELECT   \'ClickHouse_CustomMetric_TotalMemoryUsedByDictionaries\' AS name,   toFloat64(SUM(bytes_al
2026-08-01 18:47:22	3	6	213	0	             SELECT                 name,                 toJSONString(labels) as labels_serialized,                 value,                 help,                 type             FROM (                 SELECT   \'ClickHouse_CustomMetric_SharedCatalogRecoveryTime\' as name,   toFloat64(recovery_time) a
2026-08-01 18:47:24	5021	101996	6954059	1	 WITH toDateTime(\'1970-01-21 15:46:00\', \'UTC\') AS t0 SELECT max(c) AS peak, toString(argMax(minute, c)) AS peak_minute, round(avg(c), 4) AS avg_c FROM (     SELECT minute, 0 + sum(d) OVER (ORDER BY minute) AS c     FROM (         SELECT minute, sum(delta) AS d         FROM sony.concurrency_delta_all
2026-08-01 18:47:24	23	69324	6659572	1	SELECT ifNull(sum(delta), 0) FROM sony.concurrency_delta_all WHERE minute < toDateTime(\'1970-01-21 15:46:00\', \'UTC\')  AND country = \'india\' FORMAT TabSeparated 
2026-08-01 18:47:27	1	6	2128	6	             SELECT                 name,                 toJSONString(labels) as labels_serialized,                 value,                 help,                 type             FROM (                 SELECT   concat(\'clickhouse_\', system.dimensional_metrics.metric) AS name,   toFloat64(system.dime
2026-08-01 18:47:27	6	151	36865	151	SELECT             name,             value,             help,             JSONExtract(labels_serialized, \'Map(String, String)\') as labels,             type         FROM merge(system, \'^_custom_metrics_dictionary_.*\')         FORMAT Prometheus
2026-08-01 18:47:28	3	2	12834	1	SELECT count() FROM system.processes WHERE (initial_user NOT IN _CAST([\'backups-internal\', \'management-internal\', \'monitoring-internal\', \'observability-internal\', \'operator-internal\', \'prometheus-exporter\', \'prometheus-internal\', \'operator-cert-internal\', \'availability-monitoring-internal\', \'\'], \'Ar
2026-08-01 18:47:28	2	127	1791	1	SELECT countIf(database = \'system\') as systemParts, countIf(database != \'system\') as nonSystemParts FROM system.parts where active
2026-08-01 18:47:28	24	3191	598206	129	SELECT CAST(\'0fc3eaab-fbcb-4533-8825-9be9faaea781\', \'UUID\') AS instance_id, CAST(\'c-boneaws-al-46-server-tzy1uvq-0\', \'LowCardinality(String)\') AS node_id, CAST(name, \'LowCardinality(String)\') AS metric, CAST(mapFilter((k, v) -> has(_CAST([\'remote\'], \'Array(String)\'), k), labels), \'Map(LowCardinality
2026-08-01 18:47:28	1	1	1603	1	SELECT countIf(database = \'system\') as systemMerges, countIf(database != \'system\') as nonSystemMerges FROM system.merges
2026-08-01 18:47:30	1	1	1	1	SELECT toString(toDateTime(\'1970-01-21 15:46:00\', \'UTC\') - INTERVAL 1 MINUTE) FORMAT TabSeparated 
2026-08-01 18:47:32	2	0	0	1	             SELECT                 name,                 toJSONString(labels) as labels_serialized,                 value,                 help,                 type             FROM (                 SELECT   \'ClickHouse_CustomMetric_TotalMemoryUsedByMerges\' AS name,   toFloat64(SUM(memory_usage))
2026-08-01 18:47:32	2	0	0	0	             SELECT                 name,                 toJSONString(labels) as labels_serialized,                 value,                 help,                 type             FROM (                 SELECT   \'ClickHouse_CustomMetric_FailedMutations\' as name,   toFloat64(count()) as value,   \'The 
2026-08-01 18:47:33	6	151	36865	151	SELECT             name,             value,             help,             JSONExtract(labels_serialized, \'Map(String, String)\') as labels,             type         FROM merge(system, \'^_custom_metrics_dictionary_.*\')         FORMAT Prometheus
2026-08-01 18:47:35	5	0	0	0	SELECT now64(6) as scrape_time_microseconds, \'tzy1uvq\' AS pod_ident, \'boneaws-al-46\' AS spoken_name, \'cell-1\' AS cell, \'ap-south-1\' AS region, \'aws\' AS cloud_provider, \'?\' AS clickhouse_version, \'0fc3eaab-fbcb-4533-8825-9be9faaea781\' AS control_plane_id, \'?\' AS system_processor, * FROM system."query
2026-08-01 18:47:35	4988	101996	6954059	1	 WITH toDateTime(\'1970-01-21 15:46:00\', \'UTC\') AS t0 SELECT max(c) AS peak, toString(argMax(minute, c)) AS peak_minute, round(avg(c), 4) AS avg_c FROM (     SELECT minute, 0 + sum(d) OVER (ORDER BY minute) AS c     FROM (         SELECT minute, sum(delta) AS d         FROM sony.concurrency_delta_all
2026-08-01 18:47:36	3	0	0	0	SELECT now64(6) as scrape_time_microseconds, \'tzy1uvq\' AS pod_ident, \'boneaws-al-46\' AS spoken_name, \'cell-1\' AS cell, \'ap-south-1\' AS region, \'aws\' AS cloud_provider, \'?\' AS clickhouse_version, \'0fc3eaab-fbcb-4533-8825-9be9faaea781\' AS control_plane_id, \'?\' AS system_processor, * FROM system."files
2026-08-01 18:47:37	1	0	0	1	SELECT count(*) FROM system.mutations
2026-08-01 18:47:37	3	0	0	0	SELECT now64(6) as scrape_time_microseconds, \'tzy1uvq\' AS pod_ident, \'boneaws-al-46\' AS spoken_name, \'cell-1\' AS cell, \'ap-south-1\' AS region, \'aws\' AS cloud_provider, \'?\' AS clickhouse_version, \'0fc3eaab-fbcb-4533-8825-9be9faaea781\' AS control_plane_id, \'?\' AS system_processor, * FROM system."files
2026-08-01 18:47:37	1	6	2128	6	             SELECT                 name,                 toJSONString(labels) as labels_serialized,                 value,                 help,                 type             FROM (                 SELECT   concat(\'clickhouse_\', system.dimensional_metrics.metric) AS name,   toFloat64(system.dime
2026-08-01 18:47:38	3	0	0	0	SELECT now64(6) as scrape_time_microseconds, \'tzy1uvq\' AS pod_ident, \'boneaws-al-46\' AS spoken_name, \'cell-1\' AS cell, \'ap-south-1\' AS region, \'aws\' AS cloud_provider, \'?\' AS clickhouse_version, \'0fc3eaab-fbcb-4533-8825-9be9faaea781\' AS control_plane_id, \'?\' AS system_processor, * FROM system."crash
2026-08-01 18:47:38	26	3414	7099229	302	SELECT now64(6) as scrape_time_microseconds, \'tzy1uvq\' AS pod_ident, \'boneaws-al-46\' AS spoken_name, \'cell-1\' AS cell, \'ap-south-1\' AS region, \'aws\' AS cloud_provider, \'?\' AS clickhouse_version, \'0fc3eaab-fbcb-4533-8825-9be9faaea781\' AS control_plane_id, \'?\' AS system_processor, * FROM system."query
2026-08-01 18:47:38	3	1	5438	1	SELECT count() FROM system.processes WHERE (initial_user NOT IN _CAST([\'backups-internal\', \'management-internal\', \'monitoring-internal\', \'observability-internal\', \'operator-internal\', \'prometheus-exporter\', \'prometheus-internal\', \'operator-cert-internal\', \'availability-monitoring-internal\', \'\'], \'Ar
2026-08-01 18:47:38	2	115	1611	1	SELECT countIf(database = \'system\') as systemParts, countIf(database != \'system\') as nonSystemParts FROM system.parts where active
2026-08-01 18:47:38	1	0	0	1	SELECT countIf(database = \'system\') as systemMerges, countIf(database != \'system\') as nonSystemMerges FROM system.merges
2026-08-01 18:47:39	3	0	0	0	SELECT now64(6) as scrape_time_microseconds, \'tzy1uvq\' AS pod_ident, \'boneaws-al-46\' AS spoken_name, \'cell-1\' AS cell, \'ap-south-1\' AS region, \'aws\' AS cloud_provider, \'?\' AS clickhouse_version, \'0fc3eaab-fbcb-4533-8825-9be9faaea781\' AS control_plane_id, \'?\' AS system_processor, * FROM system."click
2026-08-01 18:47:39	16	18243	4318223	3538	SELECT now64(6) as scrape_time_microseconds, \'tzy1uvq\' AS pod_ident, \'boneaws-al-46\' AS spoken_name, \'cell-1\' AS cell, \'ap-south-1\' AS region, \'aws\' AS cloud_provider, \'?\' AS clickhouse_version, \'0fc3eaab-fbcb-4533-8825-9be9faaea781\' AS control_plane_id, \'?\' AS system_processor, * FROM system."proce
2026-08-01 18:47:40	3	0	0	0	SELECT now64(6) as scrape_time_microseconds, \'tzy1uvq\' AS pod_ident, \'boneaws-al-46\' AS spoken_name, \'cell-1\' AS cell, \'ap-south-1\' AS region, \'aws\' AS cloud_provider, \'?\' AS clickhouse_version, \'0fc3eaab-fbcb-4533-8825-9be9faaea781\' AS control_plane_id, \'?\' AS system_processor, * FROM system."backu
2026-08-01 18:47:42	1	886	368083	1	SELECT value FROM system.asynchronous_metrics WHERE metric = \'OSMemoryAvailable\' ;
2026-08-01 18:47:42	14	123	1722	1	SELECT avg(ProfileEvent_OSCPUWaitMicroseconds) as cpu_wait FROM  system.metric_log  WHERE event_time > now() - INTERVAL 2 MINUTE AND event_date >= yesterday()
2026-08-01 18:47:42	4	2	10208	2	SELECT count() as count, sum(elapsed) as total_elapsed, \'lh\' as usr FROM system.processes  WHERE user = \'observability-internal\' AND client_hostname LIKE \'loghouse-scraper%\'  UNION ALL SELECT count() as count, sum(elapsed) as total_elapsed, \'other\' as usr FROM system.processes  WHERE user != \'observ
2026-08-01 18:47:42	3	0	0	0	SELECT now64(6) as scrape_time_microseconds, \'tzy1uvq\' AS pod_ident, \'boneaws-al-46\' AS spoken_name, \'cell-1\' AS cell, \'ap-south-1\' AS region, \'aws\' AS cloud_provider, \'?\' AS clickhouse_version, \'0fc3eaab-fbcb-4533-8825-9be9faaea781\' AS control_plane_id, \'?\' AS system_processor, * FROM system."zooke
2026-08-01 18:47:42	2	0	0	1	             SELECT                 name,                 toJSONString(labels) as labels_serialized,                 value,                 help,                 type             FROM (                 SELECT   \'ClickHouse_CustomMetric_TotalMemoryUsedByAsynchronousInserts\' AS name,   toFloat64(SUM(t
2026-08-01 18:47:42	3	14	9020	0	             SELECT                 name,                 toJSONString(labels) as labels_serialized,                 value,                 help,                 type             FROM (                 SELECT   \'clickhouse_table_replica_readonly_start_timestamp_seconds\' as name,   toFloat64(toUnixTi
2026-08-01 18:47:43	3	0	0	0	SELECT now64(6) as scrape_time_microseconds, \'tzy1uvq\' AS pod_ident, \'boneaws-al-46\' AS spoken_name, \'cell-1\' AS cell, \'ap-south-1\' AS region, \'aws\' AS cloud_provider, \'?\' AS clickhouse_version, \'0fc3eaab-fbcb-4533-8825-9be9faaea781\' AS control_plane_id, \'?\' AS system_processor, * FROM system."error
2026-08-01 18:47:44	4	0	0	0	SELECT now64(6) as scrape_time_microseconds, \'tzy1uvq\' AS pod_ident, \'boneaws-al-46\' AS spoken_name, \'cell-1\' AS cell, \'ap-south-1\' AS region, \'aws\' AS cloud_provider, \'?\' AS clickhouse_version, \'0fc3eaab-fbcb-4533-8825-9be9faaea781\' AS control_plane_id, \'?\' AS system_processor, * FROM system."async
2026-08-01 18:47:45	3	0	0	0	SELECT now64(6) as scrape_time_microseconds, \'tzy1uvq\' AS pod_ident, \'boneaws-al-46\' AS spoken_name, \'cell-1\' AS cell, \'ap-south-1\' AS region, \'aws\' AS cloud_provider, \'?\' AS clickhouse_version, \'0fc3eaab-fbcb-4533-8825-9be9faaea781\' AS control_plane_id, \'?\' AS system_processor, * FROM system."s3que
2026-08-01 18:47:45	7	3465	1040249	356	SELECT now64(6) as scrape_time_microseconds, \'tzy1uvq\' AS pod_ident, \'boneaws-al-46\' AS spoken_name, \'cell-1\' AS cell, \'ap-south-1\' AS region, \'aws\' AS cloud_provider, \'?\' AS clickhouse_version, \'0fc3eaab-fbcb-4533-8825-9be9faaea781\' AS control_plane_id, \'?\' AS system_processor, * FROM system."blob_
2026-08-01 18:47:45	17	8225	4441215	146	SELECT now64(6) as scrape_time_microseconds, \'tzy1uvq\' AS pod_ident, \'boneaws-al-46\' AS spoken_name, \'cell-1\' AS cell, \'ap-south-1\' AS region, \'aws\' AS cloud_provider, \'?\' AS clickhouse_version, \'0fc3eaab-fbcb-4533-8825-9be9faaea781\' AS control_plane_id, \'?\' AS system_processor, * FROM system."part_
2026-08-01 18:47:45	235	1275	3522739	120	SELECT now64(6) as scrape_time_microseconds, \'tzy1uvq\' AS pod_ident, \'boneaws-al-46\' AS spoken_name, \'cell-1\' AS cell, \'ap-south-1\' AS region, \'aws\' AS cloud_provider, \'?\' AS clickhouse_version, \'0fc3eaab-fbcb-4533-8825-9be9faaea781\' AS control_plane_id, \'?\' AS system_processor, * FROM system."metri
2026-08-01 18:47:46	83	1253280	20098779	105008	SELECT now64(6) as scrape_time_microseconds, \'tzy1uvq\' AS pod_ident, \'boneaws-al-46\' AS spoken_name, \'cell-1\' AS cell, \'ap-south-1\' AS region, \'aws\' AS cloud_provider, \'?\' AS clickhouse_version, \'0fc3eaab-fbcb-4533-8825-9be9faaea781\' AS control_plane_id, \'?\' AS system_processor, * FROM system."async
2026-08-01 18:47:47	4	0	0	0	SELECT now64(6) as scrape_time_microseconds, \'tzy1uvq\' AS pod_ident, \'boneaws-al-46\' AS spoken_name, \'cell-1\' AS cell, \'ap-south-1\' AS region, \'aws\' AS cloud_provider, \'?\' AS clickhouse_version, \'0fc3eaab-fbcb-4533-8825-9be9faaea781\' AS control_plane_id, \'?\' AS system_processor, * FROM system."query
2026-08-01 18:47:47	18	18662	4635150	10167	SELECT now64(6) as scrape_time_microseconds, \'tzy1uvq\' AS pod_ident, \'boneaws-al-46\' AS spoken_name, \'cell-1\' AS cell, \'ap-south-1\' AS region, \'aws\' AS cloud_provider, \'?\' AS clickhouse_version, \'0fc3eaab-fbcb-4533-8825-9be9faaea781\' AS control_plane_id, \'?\' AS system_processor, * FROM system."trace
2026-08-01 18:47:47	2	59	472	1	             SELECT                 name,                 toJSONString(labels) as labels_serialized,                 value,                 help,                 type             FROM (                 SELECT   \'ClickHouse_CustomMetric_TotalMemoryUsedByDataSkippingIndices\' AS name,   toFloat64(SUM(d
2026-08-01 18:47:47	6	141	34521	141	SELECT             name,             value,             help,             JSONExtract(labels_serialized, \'Map(String, String)\') as labels,             type         FROM merge(system, \'^_custom_metrics_dictionary_.*\')         FORMAT Prometheus
2026-08-01 18:47:48	2	112	1566	1	SELECT countIf(database = \'system\') as systemParts, countIf(database != \'system\') as nonSystemParts FROM system.parts where active
2026-08-01 18:47:48	3	2	12834	1	SELECT count() FROM system.processes WHERE (initial_user NOT IN _CAST([\'backups-internal\', \'management-internal\', \'monitoring-internal\', \'observability-internal\', \'operator-internal\', \'prometheus-exporter\', \'prometheus-internal\', \'operator-cert-internal\', \'availability-monitoring-internal\', \'\'], \'Ar
2026-08-01 18:47:48	24	3187	597806	129	SELECT CAST(\'0fc3eaab-fbcb-4533-8825-9be9faaea781\', \'UUID\') AS instance_id, CAST(\'c-boneaws-al-46-server-tzy1uvq-0\', \'LowCardinality(String)\') AS node_id, CAST(name, \'LowCardinality(String)\') AS metric, CAST(mapFilter((k, v) -> has(_CAST([\'remote\'], \'Array(String)\'), k), labels), \'Map(LowCardinality
2026-08-01 18:47:48	1	0	0	1	SELECT countIf(database = \'system\') as systemMerges, countIf(database != \'system\') as nonSystemMerges FROM system.merges
2026-08-01 18:47:49	25	20578	4634620	13188	SELECT now64(6) as scrape_time_microseconds, \'tzy1uvq\' AS pod_ident, \'boneaws-al-46\' AS spoken_name, \'cell-1\' AS cell, \'ap-south-1\' AS region, \'aws\' AS cloud_provider, \'?\' AS clickhouse_version, \'0fc3eaab-fbcb-4533-8825-9be9faaea781\' AS control_plane_id, \'?\' AS system_processor, * FROM system."text_
2026-08-01 18:47:49	77	0	0	0	SELECT now64(6) as scrape_time_microseconds, \'tzy1uvq\' AS pod_ident, \'boneaws-al-46\' AS spoken_name, \'cell-1\' AS cell, \'ap-south-1\' AS region, \'aws\' AS cloud_provider, \'?\' AS clickhouse_version, \'0fc3eaab-fbcb-4533-8825-9be9faaea781\' AS control_plane_id, \'?\' AS system_processor, * FROM system."query
2026-08-01 18:47:51	3	0	0	0	SELECT now64(6) as scrape_time_microseconds, \'tzy1uvq\' AS pod_ident, \'boneaws-al-46\' AS spoken_name, \'cell-1\' AS cell, \'ap-south-1\' AS region, \'aws\' AS cloud_provider, \'?\' AS clickhouse_version, \'0fc3eaab-fbcb-4533-8825-9be9faaea781\' AS control_plane_id, \'?\' AS system_processor, * FROM system."aggre
2026-08-01 18:47:52	2	15	1013	15	             SELECT                 name,                 toJSONString(labels) as labels_serialized,                 value,                 help,                 type             FROM (                 SELECT     \'ClickHouse_MetricsCollection_CustomMetricsSystemTable\' AS name,     toFloat64(1) AS va
2026-08-01 18:47:57	1	6	2128	6	             SELECT                 name,                 toJSONString(labels) as labels_serialized,                 value,                 help,                 type             FROM (                 SELECT   concat(\'clickhouse_\', system.dimensional_metrics.metric) AS name,   toFloat64(system.dime
2026-08-01 18:47:57	2	0	0	1	             SELECT                 name,                 toJSONString(labels) as labels_serialized,                 value,                 help,                 type             FROM (                 SELECT   \'ClickHouse_CustomMetric_TotalMemoryUsedByMerges\' AS name,   toFloat64(SUM(memory_usage))
2026-08-01 18:47:57	3	6	213	0	             SELECT                 name,                 toJSONString(labels) as labels_serialized,                 value,                 help,                 type             FROM (                 SELECT   \'ClickHouse_CustomMetric_DatabaseReplicatedRecoveryTime\' as name,   toFloat64(recovery_ti
2026-08-01 18:47:57	6	141	34521	141	SELECT             name,             value,             help,             JSONExtract(labels_serialized, \'Map(String, String)\') as labels,             type         FROM merge(system, \'^_custom_metrics_dictionary_.*\')         FORMAT Prometheus
2026-08-01 18:47:58	2	0	0	1	SELECT countIf(database = \'system\') as systemMerges, countIf(database != \'system\') as nonSystemMerges FROM system.merges
2026-08-01 18:47:58	2	115	1611	1	SELECT countIf(database = \'system\') as systemParts, countIf(database != \'system\') as nonSystemParts FROM system.parts where active
2026-08-01 18:47:58	3	2	10934	1	SELECT count() FROM system.processes WHERE (initial_user NOT IN _CAST([\'backups-internal\', \'management-internal\', \'monitoring-internal\', \'observability-internal\', \'operator-internal\', \'prometheus-exporter\', \'prometheus-internal\', \'operator-cert-internal\', \'availability-monitoring-internal\', \'\'], \'Ar
2026-08-01 18:48:01	4458	88627	6853795	1	 WITH toDateTime(\'1970-01-21 15:46:00\', \'UTC\') AS t0, toDateTime(\'2031-07-25 11:28:00\', \'UTC\') AS t1 SELECT max(c) AS peak, toString(argMax(minute, c)) AS peak_minute, round(avg(c), 4) AS avg_c FROM (     SELECT minute, sum(d) OVER (ORDER BY minute) AS c     FROM (         SELECT minute, sum(delta) 
2026-08-01 18:48:02	2	59	472	1	             SELECT                 name,                 toJSONString(labels) as labels_serialized,                 value,                 help,                 type             FROM (                 SELECT   \'ClickHouse_CustomMetric_TotalMemoryUsedByDataSkippingIndices\' AS name,   toFloat64(SUM(d
2026-08-01 18:48:03	6	141	34521	141	SELECT             name,             value,             help,             JSONExtract(labels_serialized, \'Map(String, String)\') as labels,             type         FROM merge(system, \'^_custom_metrics_dictionary_.*\')         FORMAT Prometheus
2026-08-01 18:48:03	2	443	56078	1	SELECT count(*) FROM system.settings_profile_elements
2026-08-01 18:48:05	8	1460	923736	74	SELECT now64(6) as scrape_time_microseconds, \'tzy1uvq\' AS pod_ident, \'boneaws-al-46\' AS spoken_name, \'cell-1\' AS cell, \'ap-south-1\' AS region, \'aws\' AS cloud_provider, \'?\' AS clickhouse_version, \'0fc3eaab-fbcb-4533-8825-9be9faaea781\' AS control_plane_id, \'?\' AS system_processor, * FROM system."sessi
2026-08-01 18:48:06	1	1	1	1	SELECT toString(toDateTime(\'1970-01-21 15:46:00\', \'UTC\') - INTERVAL 1 MINUTE) FORMAT TabSeparated 
2026-08-01 18:48:07	2	13	6340	1	             SELECT                 name,                 toJSONString(labels) as labels_serialized,                 value,                 help,                 type             FROM (                 SELECT   \'ClickHouse_CustomMetric_TotalMemoryUsedByDictionaries\' AS name,   toFloat64(SUM(bytes_al
2026-08-01 18:48:07	23	33465	737419	33465	SELECT `content_id`, `title`, `video_type`, `category` FROM `sony`.`content_dim`;
2026-08-01 18:48:08	3	2	12834	1	SELECT count() FROM system.processes WHERE (initial_user NOT IN _CAST([\'backups-internal\', \'management-internal\', \'monitoring-internal\', \'observability-internal\', \'operator-internal\', \'prometheus-exporter\', \'prometheus-internal\', \'operator-cert-internal\', \'availability-monitoring-internal\', \'\'], \'Ar
2026-08-01 18:48:08	2	120	1686	1	SELECT countIf(database = \'system\') as systemParts, countIf(database != \'system\') as nonSystemParts FROM system.parts where active
2026-08-01 18:48:08	25	3181	596728	129	SELECT CAST(\'0fc3eaab-fbcb-4533-8825-9be9faaea781\', \'UUID\') AS instance_id, CAST(\'c-boneaws-al-46-server-tzy1uvq-0\', \'LowCardinality(String)\') AS node_id, CAST(name, \'LowCardinality(String)\') AS metric, CAST(mapFilter((k, v) -> has(_CAST([\'remote\'], \'Array(String)\'), k), labels), \'Map(LowCardinality
2026-08-01 18:48:08	2	0	0	1	SELECT countIf(database = \'system\') as systemMerges, countIf(database != \'system\') as nonSystemMerges FROM system.merges
2026-08-01 18:48:12	2	886	368083	1	SELECT value FROM system.asynchronous_metrics WHERE metric = \'OSMemoryAvailable\' ;
2026-08-01 18:48:12	4	2	10208	2	SELECT count() as count, sum(elapsed) as total_elapsed, \'lh\' as usr FROM system.processes  WHERE user = \'observability-internal\' AND client_hostname LIKE \'loghouse-scraper%\'  UNION ALL SELECT count() as count, sum(elapsed) as total_elapsed, \'other\' as usr FROM system.processes  WHERE user != \'observ
2026-08-01 18:48:12	15	122	1708	1	SELECT avg(ProfileEvent_OSCPUWaitMicroseconds) as cpu_wait FROM  system.metric_log  WHERE event_time > now() - INTERVAL 2 MINUTE AND event_date >= yesterday()
2026-08-01 18:48:17	1	0	0	1	             SELECT                 name,                 toJSONString(labels) as labels_serialized,                 value,                 help,                 type             FROM (                 SELECT   \'ClickHouse_CustomMetric_TotalMemoryUsedByAsynchronousInserts\' AS name,   toFloat64(SUM(t
2026-08-01 18:48:17	2	0	0	0	             SELECT                 name,                 toJSONString(labels) as labels_serialized,                 value,                 help,                 type             FROM (                 SELECT   \'ClickHouse_CustomMetric_FailedMutations\' as name,   toFloat64(count()) as value,   \'The 
2026-08-01 18:48:17	2	5	10091	1	             SELECT                 name,                 toJSONString(labels) as labels_serialized,                 value,                 help,                 type             FROM (                 SELECT   \'ClickHouse_CustomMetric_TotalMemoryUsedByQueries\' AS name,   toFloat64(SUM(peak_memory_u
2026-08-01 18:48:17	2	13	6340	1	             SELECT                 name,                 toJSONString(labels) as labels_serialized,                 value,                 help,                 type             FROM (                 SELECT   \'ClickHouse_CustomMetric_TotalMemoryUsedByDictionaries\' AS name,   toFloat64(SUM(bytes_al
2026-08-01 18:48:17	3	14	9020	0	             SELECT                 name,                 toJSONString(labels) as labels_serialized,                 value,                 help,                 type             FROM (                 SELECT   \'clickhouse_table_replica_readonly_start_timestamp_seconds\' as name,   toFloat64(toUnixTi
2026-08-01 18:48:17	6	141	34521	141	SELECT             name,             value,             help,             JSONExtract(labels_serialized, \'Map(String, String)\') as labels,             type         FROM merge(system, \'^_custom_metrics_dictionary_.*\')         FORMAT Prometheus
2026-08-01 18:48:18	21	34663	3294799	1	 WITH toDateTime(\'1970-01-21 15:46:00\', \'UTC\') AS t0,      (SELECT max(hour_boundary) FROM sony.concurrency_hourly_checkpoint        WHERE hour_boundary <= t0  AND platform = \'ANDROID_PHONE\' AND country = \'india\') AS anchor SELECT     toString(ifNull(anchor, toDateTime(0, \'UTC\'))) AS anchor_ts,     
2026-08-01 18:48:18	24	69324	6659572	1	SELECT ifNull(sum(delta), 0) FROM sony.concurrency_delta_all WHERE minute < toDateTime(\'1970-01-21 15:46:00\', \'UTC\')  AND platform = \'ANDROID_PHONE\' AND country = \'india\' FORMAT TabSeparated 
2026-08-01 18:48:18	3	2	11366	1	SELECT count() FROM system.processes WHERE (initial_user NOT IN _CAST([\'backups-internal\', \'management-internal\', \'monitoring-internal\', \'observability-internal\', \'operator-internal\', \'prometheus-exporter\', \'prometheus-internal\', \'operator-cert-internal\', \'availability-monitoring-internal\', \'\'], \'Ar
2026-08-01 18:48:18	3	116	1626	1	SELECT countIf(database = \'system\') as systemParts, countIf(database != \'system\') as nonSystemParts FROM system.parts where active
2026-08-01 18:48:18	2	0	0	1	SELECT countIf(database = \'system\') as systemMerges, countIf(database != \'system\') as nonSystemMerges FROM system.merges
2026-08-01 18:48:22	3	6	213	0	             SELECT                 name,                 toJSONString(labels) as labels_serialized,                 value,                 help,                 type             FROM (                 SELECT   \'ClickHouse_CustomMetric_SharedCatalogRecoveryTime\' as name,   toFloat64(recovery_time) a
2026-08-01 18:48:22	2	15	1013	15	             SELECT                 name,                 toJSONString(labels) as labels_serialized,                 value,                 help,                 type             FROM (                 SELECT     \'ClickHouse_MetricsCollection_CustomMetricsSystemTable\' AS name,     toFloat64(1) AS va
2026-08-01 18:48:23	5037	88627	6853795	1	 WITH toDateTime(\'1970-01-21 15:46:00\', \'UTC\') AS t0 SELECT max(c) AS peak, toString(argMax(minute, c)) AS peak_minute, round(avg(c), 4) AS avg_c FROM (     SELECT minute, 0 + sum(d) OVER (ORDER BY minute) AS c     FROM (         SELECT minute, sum(delta) AS d         FROM sony.concurrency_delta_all
2026-08-01 18:48:27	6	142	34777	142	SELECT             name,             value,             help,             JSONExtract(labels_serialized, \'Map(String, String)\') as labels,             type         FROM merge(system, \'^_custom_metrics_dictionary_.*\')         FORMAT Prometheus
2026-08-01 18:48:28	5	378	114440	5	WITH metrics AS (SELECT name AS metric, toFloat64(value) AS val, now() AS ts FROM system.server_settings WHERE multiMatchAny(name, _CAST([\'^max_database_num_to_throw$\', \'^max_database_num_to_warn$\', \'^max_table_num_to_throw$\', \'^max_table_num_to_warn$\', \'^max_concurrent_queries$\'], \'Array(String)\'))
2026-08-01 18:48:28	5	0	0	0	WITH source AS (SELECT [\'matview_execution_total\', if(exception_code != 0, \'matview_execution_fail\', \'\')] AS metrics, event_time AS ts FROM system.query_views_log WHERE (status != \'QueryStart\') AND (event_date >= toDate(_CAST(\'1785609953.89\', \'DateTime64\'))) AND (event_time >= toDateTime(_CAST(\'1785
2026-08-01 18:48:28	10	8448	126716	17	WITH metrics AS (SELECT multiIf((event_type = \'MergeParts\') AND (error = 0), \'merges_finished\', (event_type = \'MergeParts\') AND (error != 0), \'merges_failed\', (event_type = \'MutatePart\') AND (error = 0), \'mutate_part_finished\', (event_type = \'MutatePart\') AND (error != 0), \'mutate_part_failed\', NULL
2026-08-01 18:48:28	10	0	0	1	WITH failed_mutations AS (SELECT toDateTime(create_time) AS ts, count() AS val FROM system.mutations WHERE (ts > toDateTime(_CAST(\'1785609953.89\', \'DateTime64\'))) AND (ts <= toDateTime(_CAST(\'1785610073.89\', \'DateTime64\'))) AND (latest_failed_part != \'\') AND (is_done = 0) GROUP BY ts), failed_mutati
2026-08-01 18:48:28	3	8	39709	1	SELECT count() FROM system.processes WHERE (initial_user NOT IN _CAST([\'backups-internal\', \'management-internal\', \'monitoring-internal\', \'observability-internal\', \'operator-internal\', \'prometheus-exporter\', \'prometheus-internal\', \'operator-cert-internal\', \'availability-monitoring-internal\', \'\'], \'Ar
2026-08-01 18:48:28	9	92146	1419236	1560	SELECT CAST(\'0fc3eaab-fbcb-4533-8825-9be9faaea781\', \'UUID\') AS control_plane_id, CAST(\'c-boneaws-al-46-server-tzy1uvq-0\', \'LowCardinality(String)\') AS pod_id, CAST(now64(), \'DateTime64(6)\') AS scrape_ts_microseconds, CAST(event_date, \'Date\') AS event_date, CAST(event_time, \'DateTime\') AS event_time,
2026-08-01 18:48:28	2	117	1641	1	SELECT countIf(database = \'system\') as systemParts, countIf(database != \'system\') as nonSystemParts FROM system.parts where active
2026-08-01 18:48:28	25	3182	596853	129	SELECT CAST(\'0fc3eaab-fbcb-4533-8825-9be9faaea781\', \'UUID\') AS instance_id, CAST(\'c-boneaws-al-46-server-tzy1uvq-0\', \'LowCardinality(String)\') AS node_id, CAST(name, \'LowCardinality(String)\') AS metric, CAST(mapFilter((k, v) -> has(_CAST([\'remote\'], \'Array(String)\'), k), labels), \'Map(LowCardinality
2026-08-01 18:48:28	1	0	0	1	SELECT countIf(database = \'system\') as systemMerges, countIf(database != \'system\') as nonSystemMerges FROM system.merges
2026-08-01 18:48:28	48	153	48864	120	SELECT CAST(\'0fc3eaab-fbcb-4533-8825-9be9faaea781\', \'UUID\') AS control_plane_id, CAST(\'c-boneaws-al-46-server-tzy1uvq-0\', \'LowCardinality(String)\') AS pod_id, CAST(now64(), \'DateTime64(6)\') AS scrape_ts_microseconds, CAST(event_date, \'Date\') AS event_date, CAST(event_time, \'DateTime\') AS event_time,
2026-08-01 18:48:29	155	813	223441	18	WITH parts_agg AS (SELECT database AS agg_database, `table` AS agg_table, SUM(primary_key_size) AS primary_index_size, SUM(secondary_indices_compressed_bytes) AS secondary_index_size FROM system.parts WHERE active AND (database != \'system\') GROUP BY database, `table`), proj_agg AS (SELECT database A
2026-08-01 18:48:31	2	13	6340	1	SELECT count(*) FROM system.dictionaries
2026-08-01 18:48:33	6	142	34777	142	SELECT             name,             value,             help,             JSONExtract(labels_serialized, \'Map(String, String)\') as labels,             type         FROM merge(system, \'^_custom_metrics_dictionary_.*\')         FORMAT Prometheus
2026-08-01 18:48:37	2	0	0	1	             SELECT                 name,                 toJSONString(labels) as labels_serialized,                 value,                 help,                 type             FROM (                 SELECT   \'ClickHouse_CustomMetric_TotalMemoryUsedByAsynchronousInserts\' AS name,   toFloat64(SUM(t
2026-08-01 18:48:37	2	0	0	1	             SELECT                 name,                 toJSONString(labels) as labels_serialized,                 value,                 help,                 type             FROM (                 SELECT   \'ClickHouse_CustomMetric_TotalMemoryUsedByMerges\' AS name,   toFloat64(SUM(memory_usage))
2026-08-01 18:48:38	3	1	5438	1	SELECT count() FROM system.processes WHERE (initial_user NOT IN _CAST([\'backups-internal\', \'management-internal\', \'monitoring-internal\', \'observability-internal\', \'operator-internal\', \'prometheus-exporter\', \'prometheus-internal\', \'operator-cert-internal\', \'availability-monitoring-internal\', \'\'], \'Ar
2026-08-01 18:48:38	2	121	1701	1	SELECT countIf(database = \'system\') as systemParts, countIf(database != \'system\') as nonSystemParts FROM system.parts where active
2026-08-01 18:48:38	2	0	0	1	SELECT countIf(database = \'system\') as systemMerges, countIf(database != \'system\') as nonSystemMerges FROM system.merges
2026-08-01 18:48:42	13	184	2576	1	SELECT avg(ProfileEvent_OSCPUWaitMicroseconds) as cpu_wait FROM  system.metric_log  WHERE event_time > now() - INTERVAL 2 MINUTE AND event_date >= yesterday()
2026-08-01 18:48:42	4	2	10208	2	SELECT count() as count, sum(elapsed) as total_elapsed, \'lh\' as usr FROM system.processes  WHERE user = \'observability-internal\' AND client_hostname LIKE \'loghouse-scraper%\'  UNION ALL SELECT count() as count, sum(elapsed) as total_elapsed, \'other\' as usr FROM system.processes  WHERE user != \'observ
2026-08-01 18:48:42	2	886	368083	1	SELECT value FROM system.asynchronous_metrics WHERE metric = \'OSMemoryAvailable\' ;
2026-08-01 18:48:42	2	0	0	0	             SELECT                 name,                 toJSONString(labels) as labels_serialized,                 value,                 help,                 type             FROM (                 SELECT   \'ClickHouse_CustomMetric_FailedMutations\' as name,   toFloat64(count()) as value,   \'The 
2026-08-01 18:48:42	2	59	472	1	             SELECT                 name,                 toJSONString(labels) as labels_serialized,                 value,                 help,                 type             FROM (                 SELECT   \'ClickHouse_CustomMetric_TotalMemoryUsedByDataSkippingIndices\' AS name,   toFloat64(SUM(d
2026-08-01 18:48:47	1	6	2128	6	             SELECT                 name,                 toJSONString(labels) as labels_serialized,                 value,                 help,                 type             FROM (                 SELECT   concat(\'clickhouse_\', system.dimensional_metrics.metric) AS name,   toFloat64(system.dime
2026-08-01 18:48:47	2	13	6340	1	             SELECT                 name,                 toJSONString(labels) as labels_serialized,                 value,                 help,                 type             FROM (                 SELECT   \'ClickHouse_CustomMetric_TotalMemoryUsedByDictionaries\' AS name,   toFloat64(SUM(bytes_al
2026-08-01 18:48:47	6	142	34777	142	SELECT             name,             value,             help,             JSONExtract(labels_serialized, \'Map(String, String)\') as labels,             type         FROM merge(system, \'^_custom_metrics_dictionary_.*\')         FORMAT Prometheus
2026-08-01 18:48:48	2	118	1656	1	SELECT countIf(database = \'system\') as systemParts, countIf(database != \'system\') as nonSystemParts FROM system.parts where active
2026-08-01 18:48:48	3	3	18047	1	SELECT count() FROM system.processes WHERE (initial_user NOT IN _CAST([\'backups-internal\', \'management-internal\', \'monitoring-internal\', \'observability-internal\', \'operator-internal\', \'prometheus-exporter\', \'prometheus-internal\', \'operator-cert-internal\', \'availability-monitoring-internal\', \'\'], \'Ar
2026-08-01 18:48:48	1	0	0	1	SELECT countIf(database = \'system\') as systemMerges, countIf(database != \'system\') as nonSystemMerges FROM system.merges
2026-08-01 18:48:48	24	3182	596853	129	SELECT CAST(\'0fc3eaab-fbcb-4533-8825-9be9faaea781\', \'UUID\') AS instance_id, CAST(\'c-boneaws-al-46-server-tzy1uvq-0\', \'LowCardinality(String)\') AS node_id, CAST(name, \'LowCardinality(String)\') AS metric, CAST(mapFilter((k, v) -> has(_CAST([\'remote\'], \'Array(String)\'), k), labels), \'Map(LowCardinality
2026-08-01 18:48:52	4168	101412	6916276	1	 WITH toDateTime(\'2026-07-26 00:00:00\', \'UTC\') AS t0, toDateTime(\'2026-07-26 23:59:00\', \'UTC\') AS t1 SELECT max(c) AS peak, toString(argMax(minute, c)) AS peak_minute, round(avg(c), 4) AS avg_c FROM (     SELECT minute, sum(d) OVER (ORDER BY minute) AS c     FROM (         SELECT minute, sum(delta) 
2026-08-01 18:48:52	2	2	6334	1	             SELECT                 name,                 toJSONString(labels) as labels_serialized,                 value,                 help,                 type             FROM (                 SELECT   \'ClickHouse_CustomMetric_TotalMemoryUsedByQueries\' AS name,   toFloat64(SUM(peak_memory_u
2026-08-01 18:48:52	3	14	9020	0	             SELECT                 name,                 toJSONString(labels) as labels_serialized,                 value,                 help,                 type             FROM (                 SELECT   \'clickhouse_table_replica_readonly_start_timestamp_seconds\' as name,   toFloat64(toUnixTi
2026-08-01 18:48:52	29	100075	6905580	1	 WITH toDateTime(\'2026-07-26 00:00:00\', \'UTC\') AS t0 SELECT max(c) AS peak, toString(argMax(minute, c)) AS peak_minute, round(avg(c), 4) AS avg_c FROM (     SELECT minute, 1 + sum(d) OVER (ORDER BY minute) AS c     FROM (         SELECT minute, sum(delta) AS d         FROM sony.concurrency_delta_all
2026-08-01 18:48:57	2	15	1013	15	             SELECT                 name,                 toJSONString(labels) as labels_serialized,                 value,                 help,                 type             FROM (                 SELECT     \'ClickHouse_MetricsCollection_CustomMetricsSystemTable\' AS name,     toFloat64(1) AS va
2026-08-01 18:48:57	3	14	9020	0	             SELECT                 name,                 toJSONString(labels) as labels_serialized,                 value,                 help,                 type             FROM (                 SELECT   \'clickhouse_table_replica_readonly_start_timestamp_seconds\' as name,   toFloat64(toUnixTi
2026-08-01 18:48:57	3	6	213	0	             SELECT                 name,                 toJSONString(labels) as labels_serialized,                 value,                 help,                 type             FROM (                 SELECT   \'ClickHouse_CustomMetric_DatabaseReplicatedRecoveryTime\' as name,   toFloat64(recovery_ti
2026-08-01 18:48:57	3	6	213	0	             SELECT                 name,                 toJSONString(labels) as labels_serialized,                 value,                 help,                 type             FROM (                 SELECT   \'ClickHouse_CustomMetric_SharedCatalogRecoveryTime\' as name,   toFloat64(recovery_time) a
2026-08-01 18:48:57	6	142	34777	142	SELECT             name,             value,             help,             JSONExtract(labels_serialized, \'Map(String, String)\') as labels,             type         FROM merge(system, \'^_custom_metrics_dictionary_.*\')         FORMAT Prometheus
2026-08-01 18:48:58	3	2	10844	1	SELECT count() FROM system.processes WHERE (initial_user NOT IN _CAST([\'backups-internal\', \'management-internal\', \'monitoring-internal\', \'observability-internal\', \'operator-internal\', \'prometheus-exporter\', \'prometheus-internal\', \'operator-cert-internal\', \'availability-monitoring-internal\', \'\'], \'Ar
2026-08-01 18:48:58	2	113	1581	1	SELECT countIf(database = \'system\') as systemParts, countIf(database != \'system\') as nonSystemParts FROM system.parts where active
2026-08-01 18:48:58	1	0	0	1	SELECT countIf(database = \'system\') as systemMerges, countIf(database != \'system\') as nonSystemMerges FROM system.merges
2026-08-01 18:49:00	4169	88045	6828647	1	 WITH toDateTime(\'2026-07-26 00:00:00\', \'UTC\') AS t0, toDateTime(\'2026-07-26 23:59:00\', \'UTC\') AS t1 SELECT max(c) AS peak, toString(argMax(minute, c)) AS peak_minute, round(avg(c), 4) AS avg_c FROM (     SELECT minute, sum(d) OVER (ORDER BY minute) AS c     FROM (         SELECT minute, sum(delta) 
2026-08-01 18:49:03	6	143	34975	143	SELECT             name,             value,             help,             JSONExtract(labels_serialized, \'Map(String, String)\') as labels,             type         FROM merge(system, \'^_custom_metrics_dictionary_.*\')         FORMAT Prometheus
2026-08-01 18:49:07	2	0	0	1	             SELECT                 name,                 toJSONString(labels) as labels_serialized,                 value,                 help,                 type             FROM (                 SELECT   \'ClickHouse_CustomMetric_TotalMemoryUsedByMerges\' AS name,   toFloat64(SUM(memory_usage))
2026-08-01 18:49:07	3	14	9020	0	             SELECT                 name,                 toJSONString(labels) as labels_serialized,                 value,                 help,                 type             FROM (                 SELECT   \'clickhouse_table_replica_readonly_start_timestamp_seconds\' as name,   toFloat64(toUnixTi
2026-08-01 18:49:08	3	2	12834	1	SELECT count() FROM system.processes WHERE (initial_user NOT IN _CAST([\'backups-internal\', \'management-internal\', \'monitoring-internal\', \'observability-internal\', \'operator-internal\', \'prometheus-exporter\', \'prometheus-internal\', \'operator-cert-internal\', \'availability-monitoring-internal\', \'\'], \'Ar
2026-08-01 18:49:08	3	118	1656	1	SELECT countIf(database = \'system\') as systemParts, countIf(database != \'system\') as nonSystemParts FROM system.parts where active
2026-08-01 18:49:08	28	3185	597354	129	SELECT CAST(\'0fc3eaab-fbcb-4533-8825-9be9faaea781\', \'UUID\') AS instance_id, CAST(\'c-boneaws-al-46-server-tzy1uvq-0\', \'LowCardinality(String)\') AS node_id, CAST(name, \'LowCardinality(String)\') AS metric, CAST(mapFilter((k, v) -> has(_CAST([\'remote\'], \'Array(String)\'), k), labels), \'Map(LowCardinality
2026-08-01 18:49:08	2	0	0	1	SELECT countIf(database = \'system\') as systemMerges, countIf(database != \'system\') as nonSystemMerges FROM system.merges
2026-08-01 18:49:09	31	86720	6816306	1	 WITH toDateTime(\'2026-07-26 00:00:00\', \'UTC\') AS t0 SELECT max(c) AS peak, toString(argMax(minute, c)) AS peak_minute, round(avg(c), 4) AS avg_c FROM (     SELECT minute, 1 + sum(d) OVER (ORDER BY minute) AS c     FROM (         SELECT minute, sum(delta) AS d         FROM sony.concurrency_delta_all
2026-08-01 18:49:09	24	38587	3287379	1	 WITH toDateTime(\'2026-07-26 00:00:00\', \'UTC\') AS t0,      (SELECT max(hour_boundary) FROM sony.concurrency_hourly_checkpoint        WHERE hour_boundary <= t0  AND platform = \'ANDROID_PHONE\') AS anchor SELECT     toString(ifNull(anchor, toDateTime(0, \'UTC\'))) AS anchor_ts,     ifNull((SELECT sum(con
2026-08-01 18:49:09	30	86720	6816306	1	 WITH toDateTime(\'2026-07-26 00:00:00\', \'UTC\') AS t0 SELECT max(c) AS peak, toString(argMax(minute, c)) AS peak_minute, round(avg(c), 4) AS avg_c FROM (     SELECT minute, 1 + sum(d) OVER (ORDER BY minute) AS c     FROM (         SELECT minute, sum(delta) AS d         FROM sony.concurrency_delta_all
2026-08-01 18:49:09	23	38587	3287379	1	 WITH toDateTime(\'2026-07-26 00:00:00\', \'UTC\') AS t0,      (SELECT max(hour_boundary) FROM sony.concurrency_hourly_checkpoint        WHERE hour_boundary <= t0  AND platform = \'ANDROID_PHONE\') AS anchor SELECT     toString(ifNull(anchor, toDateTime(0, \'UTC\'))) AS anchor_ts,     ifNull((SELECT sum(con
2026-08-01 18:49:12	14	214	2996	1	SELECT avg(ProfileEvent_OSCPUWaitMicroseconds) as cpu_wait FROM  system.metric_log  WHERE event_time > now() - INTERVAL 2 MINUTE AND event_date >= yesterday()
2026-08-01 18:49:12	4	4	21335	2	SELECT count() as count, sum(elapsed) as total_elapsed, \'lh\' as usr FROM system.processes  WHERE user = \'observability-internal\' AND client_hostname LIKE \'loghouse-scraper%\'  UNION ALL SELECT count() as count, sum(elapsed) as total_elapsed, \'other\' as usr FROM system.processes  WHERE user != \'observ
2026-08-01 18:49:12	2	886	368083	1	SELECT value FROM system.asynchronous_metrics WHERE metric = \'OSMemoryAvailable\' ;
2026-08-01 18:49:12	2	6	2128	6	             SELECT                 name,                 toJSONString(labels) as labels_serialized,                 value,                 help,                 type             FROM (                 SELECT   concat(\'clickhouse_\', system.dimensional_metrics.metric) AS name,   toFloat64(system.dime
2026-08-01 18:49:16	4036	96249	6874972	1	 WITH toDateTime(\'2026-07-26 10:00:00\', \'UTC\') AS t0, toDateTime(\'2026-07-26 11:00:00\', \'UTC\') AS t1 SELECT max(c) AS peak, toString(argMax(minute, c)) AS peak_minute, round(avg(c), 4) AS avg_c FROM (     SELECT minute, sum(d) OVER (ORDER BY minute) AS c     FROM (         SELECT minute, sum(delta) 
2026-08-01 18:49:17	2	15	1013	15	             SELECT                 name,                 toJSONString(labels) as labels_serialized,                 value,                 help,                 type             FROM (                 SELECT     \'ClickHouse_MetricsCollection_CustomMetricsSystemTable\' AS name,     toFloat64(1) AS va
2026-08-01 18:49:17	5	143	34975	143	SELECT             name,             value,             help,             JSONExtract(labels_serialized, \'Map(String, String)\') as labels,             type         FROM merge(system, \'^_custom_metrics_dictionary_.*\')         FORMAT Prometheus
2026-08-01 18:49:18	3	1	5438	1	SELECT count() FROM system.processes WHERE (initial_user NOT IN _CAST([\'backups-internal\', \'management-internal\', \'monitoring-internal\', \'observability-internal\', \'operator-internal\', \'prometheus-exporter\', \'prometheus-internal\', \'operator-cert-internal\', \'availability-monitoring-internal\', \'\'], \'Ar
2026-08-01 18:49:18	2	120	1686	1	SELECT countIf(database = \'system\') as systemParts, countIf(database != \'system\') as nonSystemParts FROM system.parts where active
2026-08-01 18:49:18	3	0	0	1	SELECT countIf(database = \'system\') as systemMerges, countIf(database != \'system\') as nonSystemMerges FROM system.merges
2026-08-01 18:49:22	2	14	9020	0	             SELECT                 name,                 toJSONString(labels) as labels_serialized,                 value,                 help,                 type             FROM (                 SELECT   \'clickhouse_table_replica_readonly_start_timestamp_seconds\' as name,   toFloat64(toUnixTi
2026-08-01 18:49:22	3	6	213	0	             SELECT                 name,                 toJSONString(labels) as labels_serialized,                 value,                 help,                 type             FROM (                 SELECT   \'ClickHouse_CustomMetric_SharedCatalogRecoveryTime\' as name,   toFloat64(recovery_time) a
2026-08-01 18:49:24	4021	96249	6874972	1	 WITH toDateTime(\'2026-07-26 10:00:00\', \'UTC\') AS t0, toDateTime(\'2026-07-26 11:00:00\', \'UTC\') AS t1 SELECT max(c) AS peak, toString(argMax(minute, c)) AS peak_minute, round(avg(c), 4) AS avg_c FROM (     SELECT minute, sum(d) OVER (ORDER BY minute) AS c     FROM (         SELECT minute, sum(delta) 
2026-08-01 18:49:24	19	38587	3279347	1	 WITH toDateTime(\'2026-07-26 10:00:00\', \'UTC\') AS t0,      (SELECT max(hour_boundary) FROM sony.concurrency_hourly_checkpoint        WHERE hour_boundary <= t0 ) AS anchor SELECT     toString(ifNull(anchor, toDateTime(0, \'UTC\'))) AS anchor_ts,     ifNull((SELECT sum(concurrency) FROM sony.concurrency
2026-08-01 18:49:25	20	38587	3279347	1	 WITH toDateTime(\'2026-07-26 10:00:00\', \'UTC\') AS t0,      (SELECT max(hour_boundary) FROM sony.concurrency_hourly_checkpoint        WHERE hour_boundary <= t0 ) AS anchor SELECT     toString(ifNull(anchor, toDateTime(0, \'UTC\'))) AS anchor_ts,     ifNull((SELECT sum(concurrency) FROM sony.concurrency
2026-08-01 18:49:27	1	6	2128	6	             SELECT                 name,                 toJSONString(labels) as labels_serialized,                 value,                 help,                 type             FROM (                 SELECT   concat(\'clickhouse_\', system.dimensional_metrics.metric) AS name,   toFloat64(system.dime
2026-08-01 18:49:27	1	0	0	1	             SELECT                 name,                 toJSONString(labels) as labels_serialized,                 value,                 help,                 type             FROM (                 SELECT   \'ClickHouse_CustomMetric_TotalMemoryUsedByAsynchronousInserts\' AS name,   toFloat64(SUM(t
2026-08-01 18:49:27	2	0	0	0	             SELECT                 name,                 toJSONString(labels) as labels_serialized,                 value,                 help,                 type             FROM (                 SELECT   \'ClickHouse_CustomMetric_FailedMutations\' as name,   toFloat64(count()) as value,   \'The 
2026-08-01 18:49:27	2	15	1013	15	             SELECT                 name,                 toJSONString(labels) as labels_serialized,                 value,                 help,                 type             FROM (                 SELECT     \'ClickHouse_MetricsCollection_CustomMetricsSystemTable\' AS name,     toFloat64(1) AS va
2026-08-01 18:49:27	5	143	34975	143	SELECT             name,             value,             help,             JSONExtract(labels_serialized, \'Map(String, String)\') as labels,             type         FROM merge(system, \'^_custom_metrics_dictionary_.*\')         FORMAT Prometheus
2026-08-01 18:49:28	2	2	12834	1	SELECT count() FROM system.processes WHERE (initial_user NOT IN _CAST([\'backups-internal\', \'management-internal\', \'monitoring-internal\', \'observability-internal\', \'operator-internal\', \'prometheus-exporter\', \'prometheus-internal\', \'operator-cert-internal\', \'availability-monitoring-internal\', \'\'], \'Ar
2026-08-01 18:49:28	2	121	1701	1	SELECT countIf(database = \'system\') as systemParts, countIf(database != \'system\') as nonSystemParts FROM system.parts where active
2026-08-01 18:49:28	24	3185	597354	129	SELECT CAST(\'0fc3eaab-fbcb-4533-8825-9be9faaea781\', \'UUID\') AS instance_id, CAST(\'c-boneaws-al-46-server-tzy1uvq-0\', \'LowCardinality(String)\') AS node_id, CAST(name, \'LowCardinality(String)\') AS metric, CAST(mapFilter((k, v) -> has(_CAST([\'remote\'], \'Array(String)\'), k), labels), \'Map(LowCardinality
2026-08-01 18:49:28	1	0	0	1	SELECT countIf(database = \'system\') as systemMerges, countIf(database != \'system\') as nonSystemMerges FROM system.merges
2026-08-01 18:49:31	1	1	1	1	SELECT displayName(), version(), revision(), timezone()
2026-08-01 18:49:31	1	1	1	1	SELECT 1;
2026-08-01 18:49:32	1	6	2128	6	             SELECT                 name,                 toJSONString(labels) as labels_serialized,                 value,                 help,                 type             FROM (                 SELECT   concat(\'clickhouse_\', system.dimensional_metrics.metric) AS name,   toFloat64(system.dime
2026-08-01 18:49:32	2	59	472	1	             SELECT                 name,                 toJSONString(labels) as labels_serialized,                 value,                 help,                 type             FROM (                 SELECT   \'ClickHouse_CustomMetric_TotalMemoryUsedByDataSkippingIndices\' AS name,   toFloat64(SUM(d
2026-08-01 18:49:33	6	143	34975	143	SELECT             name,             value,             help,             JSONExtract(labels_serialized, \'Map(String, String)\') as labels,             type         FROM merge(system, \'^_custom_metrics_dictionary_.*\')         FORMAT Prometheus
2026-08-01 18:49:35	5	0	0	0	SELECT now64(6) as scrape_time_microseconds, \'tzy1uvq\' AS pod_ident, \'boneaws-al-46\' AS spoken_name, \'cell-1\' AS cell, \'ap-south-1\' AS region, \'aws\' AS cloud_provider, \'?\' AS clickhouse_version, \'0fc3eaab-fbcb-4533-8825-9be9faaea781\' AS control_plane_id, \'?\' AS system_processor, * FROM system."query
2026-08-01 18:49:36	3	0	0	0	SELECT now64(6) as scrape_time_microseconds, \'tzy1uvq\' AS pod_ident, \'boneaws-al-46\' AS spoken_name, \'cell-1\' AS cell, \'ap-south-1\' AS region, \'aws\' AS cloud_provider, \'?\' AS clickhouse_version, \'0fc3eaab-fbcb-4533-8825-9be9faaea781\' AS control_plane_id, \'?\' AS system_processor, * FROM system."files
2026-08-01 18:49:37	3	0	0	0	SELECT now64(6) as scrape_time_microseconds, \'tzy1uvq\' AS pod_ident, \'boneaws-al-46\' AS spoken_name, \'cell-1\' AS cell, \'ap-south-1\' AS region, \'aws\' AS cloud_provider, \'?\' AS clickhouse_version, \'0fc3eaab-fbcb-4533-8825-9be9faaea781\' AS control_plane_id, \'?\' AS system_processor, * FROM system."files
2026-08-01 18:49:38	3	0	0	0	SELECT now64(6) as scrape_time_microseconds, \'tzy1uvq\' AS pod_ident, \'boneaws-al-46\' AS spoken_name, \'cell-1\' AS cell, \'ap-south-1\' AS region, \'aws\' AS cloud_provider, \'?\' AS clickhouse_version, \'0fc3eaab-fbcb-4533-8825-9be9faaea781\' AS control_plane_id, \'?\' AS system_processor, * FROM system."crash
2026-08-01 18:49:38	27	3846	8023815	614	SELECT now64(6) as scrape_time_microseconds, \'tzy1uvq\' AS pod_ident, \'boneaws-al-46\' AS spoken_name, \'cell-1\' AS cell, \'ap-south-1\' AS region, \'aws\' AS cloud_provider, \'?\' AS clickhouse_version, \'0fc3eaab-fbcb-4533-8825-9be9faaea781\' AS control_plane_id, \'?\' AS system_processor, * FROM system."query
2026-08-01 18:49:38	3	1	5438	1	SELECT count() FROM system.processes WHERE (initial_user NOT IN _CAST([\'backups-internal\', \'management-internal\', \'monitoring-internal\', \'observability-internal\', \'operator-internal\', \'prometheus-exporter\', \'prometheus-internal\', \'operator-cert-internal\', \'availability-monitoring-internal\', \'\'], \'Ar
2026-08-01 18:49:38	2	130	1836	1	SELECT countIf(database = \'system\') as systemParts, countIf(database != \'system\') as nonSystemParts FROM system.parts where active
2026-08-01 18:49:38	1	0	0	1	SELECT countIf(database = \'system\') as systemMerges, countIf(database != \'system\') as nonSystemMerges FROM system.merges
2026-08-01 18:49:39	3	0	0	0	SELECT now64(6) as scrape_time_microseconds, \'tzy1uvq\' AS pod_ident, \'boneaws-al-46\' AS spoken_name, \'cell-1\' AS cell, \'ap-south-1\' AS region, \'aws\' AS cloud_provider, \'?\' AS clickhouse_version, \'0fc3eaab-fbcb-4533-8825-9be9faaea781\' AS control_plane_id, \'?\' AS system_processor, * FROM system."click
2026-08-01 18:49:39	15	17837	4226785	7188	SELECT now64(6) as scrape_time_microseconds, \'tzy1uvq\' AS pod_ident, \'boneaws-al-46\' AS spoken_name, \'cell-1\' AS cell, \'ap-south-1\' AS region, \'aws\' AS cloud_provider, \'?\' AS clickhouse_version, \'0fc3eaab-fbcb-4533-8825-9be9faaea781\' AS control_plane_id, \'?\' AS system_processor, * FROM system."proce
