"content_id","video_session_id","user_id","event_type","event","event_timestamp","platform","app_version","country","audio_language","subtitle_language","player_version","session_start_epoch"
21311522,"94D660E9F4D438A91A80A351320BE2B344B81FAFFE23A5BE677F93A6684F8DAC","7C7D3C62725140B3E15072BBD0166D5EA6C6811F0061AB2F53CA2179DF43858D","VideoSessionStart","VideoSessionStart",1785062007336,"JIO_ANDROID_TV","3.9.4","india","hin","unk","1.8.2",1785062007336
21311522,"94D660E9F4D438A91A80A351320BE2B344B81FAFFE23A5BE677F93A6684F8DAC","7C7D3C62725140B3E15072BBD0166D5EA6C6811F0061AB2F53CA2179DF43858D","VideoPlay","Play",1785062009028,"JIO_ANDROID_TV","3.9.4","india","hin","OFF","1.8.2",1785062007336
21311522,"94D660E9F4D438A91A80A351320BE2B344B81FAFFE23A5BE677F93A6684F8DAC","7C7D3C62725140B3E15072BBD0166D5EA6C6811F0061AB2F53CA2179DF43858D","VideoHeartbeat","upshift",1785062011289,"JIO_ANDROID_TV","3.9.4","india","hin","UNK","1.8.2",1785062007336
21311522,"94D660E9F4D438A91A80A351320BE2B344B81FAFFE23A5BE677F93A6684F8DAC","7C7D3C62725140B3E15072BBD0166D5EA6C6811F0061AB2F53CA2179DF43858D","VideoHeartbeat","video-resize",1785062049131,"JIO_ANDROID_TV","3.9.4","india","hin","UNK","1.8.2",1785062007336
21311522,"94D660E9F4D438A91A80A351320BE2B344B81FAFFE23A5BE677F93A6684F8DAC","7C7D3C62725140B3E15072BBD0166D5EA6C6811F0061AB2F53CA2179DF43858D","VideoHeartbeat","network-bandwidth",1785062049136,"JIO_ANDROID_TV","3.9.4","india","hin","UNK","1.8.2",1785062007336
21311522,"94D660E9F4D438A91A80A351320BE2B344B81FAFFE23A5BE677F93A6684F8DAC","7C7D3C62725140B3E15072BBD0166D5EA6C6811F0061AB2F53CA2179DF43858D","VideoHeartbeat","buffer-health",1785062049136,"JIO_ANDROID_TV","3.9.4","india","hin","UNK","1.8.2",1785062007336
21311522,"94D660E9F4D438A91A80A351320BE2B344B81FAFFE23A5BE677F93A6684F8DAC","7C7D3C62725140B3E15072BBD0166D5EA6C6811F0061AB2F53CA2179DF43858D","VideoHeartbeat","network-activity",1785062049136,"JIO_ANDROID_TV","3.9.4","india","hin","UNK","1.8.2",1785062007336
21311522,"94D660E9F4D438A91A80A351320BE2B344B81FAFFE23A5BE677F93A6684F8DAC","7C7D3C62725140B3E15072BBD0166D5EA6C6811F0061AB2F53CA2179DF43858D","VideoHeartbeat","video-resize",1785062089137,"JIO_ANDROID_TV","3.9.4","india","hin","UNK","1.8.2",1785062007336
21311522,"94D660E9F4D438A91A80A351320BE2B344B81FAFFE23A5BE677F93A6684F8DAC","7C7D3C62725140B3E15072BBD0166D5EA6C6811F0061AB2F53CA2179DF43858D","VideoHeartbeat","buffer-health",1785062089140,"JIO_ANDROID_TV","3.9.4","india","hin","UNK","1.8.2",1785062007336
21311522,"94D660E9F4D438A91A80A351320BE2B344B81FAFFE23A5BE677F93A6684F8DAC","7C7D3C62725140B3E15072BBD0166D5EA6C6811F0061AB2F53CA2179DF43858D","VideoHeartbeat","network-activity",1785062089140,"JIO_ANDROID_TV","3.9.4","india","hin","UNK","1.8.2",1785062007336
21311522,"94D660E9F4D438A91A80A351320BE2B344B81FAFFE23A5BE677F93A6684F8DAC","7C7D3C62725140B3E15072BBD0166D5EA6C6811F0061AB2F53CA2179DF43858D","VideoHeartbeat","video-resize",1785062129141,"JIO_ANDROID_TV","3.9.4","india","hin","UNK","1.8.2",1785062007336
21311522,"94D660E9F4D438A91A80A351320BE2B344B81FAFFE23A5BE677F93A6684F8DAC","7C7D3C62725140B3E15072BBD0166D5EA6C6811F0061AB2F53CA2179DF43858D","VideoHeartbeat","buffer-health",1785062129144,"JIO_ANDROID_TV","3.9.4","india","hin","UNK","1.8.2",1785062007336
21311522,"94D660E9F4D438A91A80A351320BE2B344B81FAFFE23A5BE677F93A6684F8DAC","7C7D3C62725140B3E15072BBD0166D5EA6C6811F0061AB2F53CA2179DF43858D","VideoHeartbeat","network-activity",1785062129144,"JIO_ANDROID_TV","3.9.4","india","hin","UNK","1.8.2",1785062007336
21311522,"94D660E9F4D438A91A80A351320BE2B344B81FAFFE23A5BE677F93A6684F8DAC","7C7D3C62725140B3E15072BBD0166D5EA6C6811F0061AB2F53CA2179DF43858D","VideoHeartbeat","video-resize",1785062169145,"JIO_ANDROID_TV","3.9.4","india","hin","UNK","1.8.2",1785062007336
21311522,"94D660E9F4D438A91A80A351320BE2B344B81FAFFE23A5BE677F93A6684F8DAC","7C7D3C62725140B3E15072BBD0166D5EA6C6811F0061AB2F53CA2179DF43858D","VideoHeartbeat","network-bandwidth",1785062169147,"JIO_ANDROID_TV","3.9.4","india","hin","UNK","1.8.2",1785062007336
21311522,"94D660E9F4D438A91A80A351320BE2B344B81FAFFE23A5BE677F93A6684F8DAC","7C7D3C62725140B3E15072BBD0166D5EA6C6811F0061AB2F53CA2179DF43858D","VideoHeartbeat","buffer-health",1785062169147,"JIO_ANDROID_TV","3.9.4","india","hin","UNK","1.8.2",1785062007336
21311522,"94D660E9F4D438A91A80A351320BE2B344B81FAFFE23A5BE677F93A6684F8DAC","7C7D3C62725140B3E15072BBD0166D5EA6C6811F0061AB2F53CA2179DF43858D","VideoHeartbeat","network-activity",1785062169147,"JIO_ANDROID_TV","3.9.4","india","hin","UNK","1.8.2",1785062007336
21311522,"94D660E9F4D438A91A80A351320BE2B344B81FAFFE23A5BE677F93A6684F8DAC","7C7D3C62725140B3E15072BBD0166D5EA6C6811F0061AB2F53CA2179DF43858D","VideoHeartbeat","video-resize",1785062249151,"JIO_ANDROID_TV","3.9.4","india","hin","UNK","1.8.2",1785062007336
21311522,"94D660E9F4D438A91A80A351320BE2B344B81FAFFE23A5BE677F93A6684F8DAC","7C7D3C62725140B3E15072BBD0166D5EA6C6811F0061AB2F53CA2179DF43858D","VideoHeartbeat","buffer-health",1785062249153,"JIO_ANDROID_TV","3.9.4","india","hin","UNK","1.8.2",1785062007336
21311522,"94D660E9F4D438A91A80A351320BE2B344B81FAFFE23A5BE677F93A6684F8DAC","7C7D3C62725140B3E15072BBD0166D5EA6C6811F0061AB2F53CA2179DF43858D","VideoHeartbeat","network-activity",1785062249153,"JIO_ANDROID_TV","3.9.4","india","hin","UNK","1.8.2",1785062007336
21311522,"94D660E9F4D438A91A80A351320BE2B344B81FAFFE23A5BE677F93A6684F8DAC","7C7D3C62725140B3E15072BBD0166D5EA6C6811F0061AB2F53CA2179DF43858D","VideoHeartbeat","video-resize",1785062209148,"JIO_ANDROID_TV","3.9.4","india","hin","UNK","1.8.2",1785062007336
21311522,"94D660E9F4D438A91A80A351320BE2B344B81FAFFE23A5BE677F93A6684F8DAC","7C7D3C62725140B3E15072BBD0166D5EA6C6811F0061AB2F53CA2179DF43858D","VideoHeartbeat","network-bandwidth",1785062209151,"JIO_ANDROID_TV","3.9.4","india","hin","UNK","1.8.2",1785062007336
21311522,"94D660E9F4D438A91A80A351320BE2B344B81FAFFE23A5BE677F93A6684F8DAC","7C7D3C62725140B3E15072BBD0166D5EA6C6811F0061AB2F53CA2179DF43858D","VideoHeartbeat","buffer-health",1785062209151,"JIO_ANDROID_TV","3.9.4","india","hin","UNK","1.8.2",1785062007336
21311522,"94D660E9F4D438A91A80A351320BE2B344B81FAFFE23A5BE677F93A6684F8DAC","7C7D3C62725140B3E15072BBD0166D5EA6C6811F0061AB2F53CA2179DF43858D","VideoHeartbeat","network-activity",1785062209151,"JIO_ANDROID_TV","3.9.4","india","hin","UNK","1.8.2",1785062007336
21311522,"94D660E9F4D438A91A80A351320BE2B344B81FAFFE23A5BE677F93A6684F8DAC","7C7D3C62725140B3E15072BBD0166D5EA6C6811F0061AB2F53CA2179DF43858D","VideoHeartbeat","video-resize",1785062289154,"JIO_ANDROID_TV","3.9.4","india","hin","UNK","1.8.2",1785062007336
21311522,"94D660E9F4D438A91A80A351320BE2B344B81FAFFE23A5BE677F93A6684F8DAC","7C7D3C62725140B3E15072BBD0166D5EA6C6811F0061AB2F53CA2179DF43858D","VideoHeartbeat","buffer-health",1785062289158,"JIO_ANDROID_TV","3.9.4","india","hin","UNK","1.8.2",1785062007336
21311522,"94D660E9F4D438A91A80A351320BE2B344B81FAFFE23A5BE677F93A6684F8DAC","7C7D3C62725140B3E15072BBD0166D5EA6C6811F0061AB2F53CA2179DF43858D","VideoHeartbeat","network-activity",1785062289158,"JIO_ANDROID_TV","3.9.4","india","hin","UNK","1.8.2",1785062007336
21311522,"94D660E9F4D438A91A80A351320BE2B344B81FAFFE23A5BE677F93A6684F8DAC","7C7D3C62725140B3E15072BBD0166D5EA6C6811F0061AB2F53CA2179DF43858D","VideoHeartbeat","video-resize",1785062329159,"JIO_ANDROID_TV","3.9.4","india","hin","UNK","1.8.2",1785062007336
21311522,"94D660E9F4D438A91A80A351320BE2B344B81FAFFE23A5BE677F93A6684F8DAC","7C7D3C62725140B3E15072BBD0166D5EA6C6811F0061AB2F53CA2179DF43858D","VideoHeartbeat","buffer-health",1785062329162,"JIO_ANDROID_TV","3.9.4","india","hin","UNK","1.8.2",1785062007336
21311522,"94D660E9F4D438A91A80A351320BE2B344B81FAFFE23A5BE677F93A6684F8DAC","7C7D3C62725140B3E15072BBD0166D5EA6C6811F0061AB2F53CA2179DF43858D","VideoHeartbeat","network-activity",1785062329162,"JIO_ANDROID_TV","3.9.4","india","hin","UNK","1.8.2",1785062007336
21311522,"94D660E9F4D438A91A80A351320BE2B344B81FAFFE23A5BE677F93A6684F8DAC","7C7D3C62725140B3E15072BBD0166D5EA6C6811F0061AB2F53CA2179DF43858D","VideoHeartbeat","video-resize",1785062369163,"JIO_ANDROID_TV","3.9.4","india","hin","UNK","1.8.2",1785062007336
21311522,"94D660E9F4D438A91A80A351320BE2B344B81FAFFE23A5BE677F93A6684F8DAC","7C7D3C62725140B3E15072BBD0166D5EA6C6811F0061AB2F53CA2179DF43858D","VideoHeartbeat","buffer-health",1785062369167,"JIO_ANDROID_TV","3.9.4","india","hin","UNK","1.8.2",1785062007336
21311522,"94D660E9F4D438A91A80A351320BE2B344B81FAFFE23A5BE677F93A6684F8DAC","7C7D3C62725140B3E15072BBD0166D5EA6C6811F0061AB2F53CA2179DF43858D","VideoHeartbeat","network-activity",1785062369167,"JIO_ANDROID_TV","3.9.4","india","hin","UNK","1.8.2",1785062007336
21311522,"94D660E9F4D438A91A80A351320BE2B344B81FAFFE23A5BE677F93A6684F8DAC","7C7D3C62725140B3E15072BBD0166D5EA6C6811F0061AB2F53CA2179DF43858D","VideoHeartbeat","video-resize",1785062409167,"JIO_ANDROID_TV","3.9.4","india","hin","UNK","1.8.2",1785062007336
21311522,"94D660E9F4D438A91A80A351320BE2B344B81FAFFE23A5BE677F93A6684F8DAC","7C7D3C62725140B3E15072BBD0166D5EA6C6811F0061AB2F53CA2179DF43858D","VideoHeartbeat","buffer-health",1785062409169,"JIO_ANDROID_TV","3.9.4","india","hin","UNK","1.8.2",1785062007336
21311522,"94D660E9F4D438A91A80A351320BE2B344B81FAFFE23A5BE677F93A6684F8DAC","7C7D3C62725140B3E15072BBD0166D5EA6C6811F0061AB2F53CA2179DF43858D","VideoHeartbeat","network-activity",1785062409169,"JIO_ANDROID_TV","3.9.4","india","hin","UNK","1.8.2",1785062007336
21311522,"94D660E9F4D438A91A80A351320BE2B344B81FAFFE23A5BE677F93A6684F8DAC","7C7D3C62725140B3E15072BBD0166D5EA6C6811F0061AB2F53CA2179DF43858D","VideoHeartbeat","video-resize",1785062449169,"JIO_ANDROID_TV","3.9.4","india","hin","UNK","1.8.2",1785062007336
21311522,"94D660E9F4D438A91A80A351320BE2B344B81FAFFE23A5BE677F93A6684F8DAC","7C7D3C62725140B3E15072BBD0166D5EA6C6811F0061AB2F53CA2179DF43858D","VideoHeartbeat","network-bandwidth",1785062449172,"JIO_ANDROID_TV","3.9.4","india","hin","UNK","1.8.2",1785062007336
21311522,"94D660E9F4D438A91A80A351320BE2B344B81FAFFE23A5BE677F93A6684F8DAC","7C7D3C62725140B3E15072BBD0166D5EA6C6811F0061AB2F53CA2179DF43858D","VideoHeartbeat","buffer-health",1785062449173,"JIO_ANDROID_TV","3.9.4","india","hin","UNK","1.8.2",1785062007336
21311522,"94D660E9F4D438A91A80A351320BE2B344B81FAFFE23A5BE677F93A6684F8DAC","7C7D3C62725140B3E15072BBD0166D5EA6C6811F0061AB2F53CA2179DF43858D","VideoHeartbeat","network-activity",1785062449173,"JIO_ANDROID_TV","3.9.4","india","hin","UNK","1.8.2",1785062007336
21311522,"94D660E9F4D438A91A80A351320BE2B344B81FAFFE23A5BE677F93A6684F8DAC","7C7D3C62725140B3E15072BBD0166D5EA6C6811F0061AB2F53CA2179DF43858D","VideoHeartbeat","buffer-health",1785062480026,"JIO_ANDROID_TV","3.9.4","india","hin","UNK","1.8.2",1785062007336
21311522,"94D660E9F4D438A91A80A351320BE2B344B81FAFFE23A5BE677F93A6684F8DAC","7C7D3C62725140B3E15072BBD0166D5EA6C6811F0061AB2F53CA2179DF43858D","VideoHeartbeat","network-activity",1785062480026,"JIO_ANDROID_TV","3.9.4","india","hin","UNK","1.8.2",1785062007336
21311522,"94D660E9F4D438A91A80A351320BE2B344B81FAFFE23A5BE677F93A6684F8DAC","7C7D3C62725140B3E15072BBD0166D5EA6C6811F0061AB2F53CA2179DF43858D","VideoHeartbeat","video-resize",1785062489173,"JIO_ANDROID_TV","3.9.4","india","hin","UNK","1.8.2",1785062007336
21311522,"94D660E9F4D438A91A80A351320BE2B344B81FAFFE23A5BE677F93A6684F8DAC","7C7D3C62725140B3E15072BBD0166D5EA6C6811F0061AB2F53CA2179DF43858D","VideoHeartbeat","buffer-health",1785062489176,"JIO_ANDROID_TV","3.9.4","india","hin","UNK","1.8.2",1785062007336
21311522,"94D660E9F4D438A91A80A351320BE2B344B81FAFFE23A5BE677F93A6684F8DAC","7C7D3C62725140B3E15072BBD0166D5EA6C6811F0061AB2F53CA2179DF43858D","VideoHeartbeat","network-bandwidth",1785062489176,"JIO_ANDROID_TV","3.9.4","india","hin","UNK","1.8.2",1785062007336
21311522,"94D660E9F4D438A91A80A351320BE2B344B81FAFFE23A5BE677F93A6684F8DAC","7C7D3C62725140B3E15072BBD0166D5EA6C6811F0061AB2F53CA2179DF43858D","VideoHeartbeat","video-resize",1785062529177,"JIO_ANDROID_TV","3.9.4","india","hin","UNK","1.8.2",1785062007336
21311522,"94D660E9F4D438A91A80A351320BE2B344B81FAFFE23A5BE677F93A6684F8DAC","7C7D3C62725140B3E15072BBD0166D5EA6C6811F0061AB2F53CA2179DF43858D","VideoHeartbeat","buffer-health",1785062529180,"JIO_ANDROID_TV","3.9.4","india","hin","UNK","1.8.2",1785062007336
21311522,"94D660E9F4D438A91A80A351320BE2B344B81FAFFE23A5BE677F93A6684F8DAC","7C7D3C62725140B3E15072BBD0166D5EA6C6811F0061AB2F53CA2179DF43858D","VideoHeartbeat","network-activity",1785062529180,"JIO_ANDROID_TV","3.9.4","india","hin","UNK","1.8.2",1785062007336
21311522,"94D660E9F4D438A91A80A351320BE2B344B81FAFFE23A5BE677F93A6684F8DAC","7C7D3C62725140B3E15072BBD0166D5EA6C6811F0061AB2F53CA2179DF43858D","VideoHeartbeat","video-resize",1785062569180,"JIO_ANDROID_TV","3.9.4","india","hin","UNK","1.8.2",1785062007336
21311522,"94D660E9F4D438A91A80A351320BE2B344B81FAFFE23A5BE677F93A6684F8DAC","7C7D3C62725140B3E15072BBD0166D5EA6C6811F0061AB2F53CA2179DF43858D","VideoHeartbeat","buffer-health",1785062569184,"JIO_ANDROID_TV","3.9.4","india","hin","UNK","1.8.2",1785062007336
21311522,"94D660E9F4D438A91A80A351320BE2B344B81FAFFE23A5BE677F93A6684F8DAC","7C7D3C62725140B3E15072BBD0166D5EA6C6811F0061AB2F53CA2179DF43858D","VideoHeartbeat","network-activity",1785062569184,"JIO_ANDROID_TV","3.9.4","india","hin","UNK","1.8.2",1785062007336
21311522,"94D660E9F4D438A91A80A351320BE2B344B81FAFFE23A5BE677F93A6684F8DAC","7C7D3C62725140B3E15072BBD0166D5EA6C6811F0061AB2F53CA2179DF43858D","VideoHeartbeat","video-resize",1785062609185,"JIO_ANDROID_TV","3.9.4","india","hin","UNK","1.8.2",1785062007336
21311522,"94D660E9F4D438A91A80A351320BE2B344B81FAFFE23A5BE677F93A6684F8DAC","7C7D3C62725140B3E15072BBD0166D5EA6C6811F0061AB2F53CA2179DF43858D","VideoHeartbeat","buffer-health",1785062609190,"JIO_ANDROID_TV","3.9.4","india","hin","UNK","1.8.2",1785062007336
21311522,"94D660E9F4D438A91A80A351320BE2B344B81FAFFE23A5BE677F93A6684F8DAC","7C7D3C62725140B3E15072BBD0166D5EA6C6811F0061AB2F53CA2179DF43858D","VideoHeartbeat","network-activity",1785062609190,"JIO_ANDROID_TV","3.9.4","india","hin","UNK","1.8.2",1785062007336
21311522,"94D660E9F4D438A91A80A351320BE2B344B81FAFFE23A5BE677F93A6684F8DAC","7C7D3C62725140B3E15072BBD0166D5EA6C6811F0061AB2F53CA2179DF43858D","VideoHeartbeat","video-resize",1785062649190,"JIO_ANDROID_TV","3.9.4","india","hin","UNK","1.8.2",1785062007336
21311522,"94D660E9F4D438A91A80A351320BE2B344B81FAFFE23A5BE677F93A6684F8DAC","7C7D3C62725140B3E15072BBD0166D5EA6C6811F0061AB2F53CA2179DF43858D","VideoHeartbeat","buffer-health",1785062649194,"JIO_ANDROID_TV","3.9.4","india","hin","UNK","1.8.2",1785062007336
21311522,"94D660E9F4D438A91A80A351320BE2B344B81FAFFE23A5BE677F93A6684F8DAC","7C7D3C62725140B3E15072BBD0166D5EA6C6811F0061AB2F53CA2179DF43858D","VideoHeartbeat","network-activity",1785062649194,"JIO_ANDROID_TV","3.9.4","india","hin","UNK","1.8.2",1785062007336
21311522,"94D660E9F4D438A91A80A351320BE2B344B81FAFFE23A5BE677F93A6684F8DAC","7C7D3C62725140B3E15072BBD0166D5EA6C6811F0061AB2F53CA2179DF43858D","VideoHeartbeat","video-resize",1785062689195,"JIO_ANDROID_TV","3.9.4","india","hin","UNK","1.8.2",1785062007336
21311522,"94D660E9F4D438A91A80A351320BE2B344B81FAFFE23A5BE677F93A6684F8DAC","7C7D3C62725140B3E15072BBD0166D5EA6C6811F0061AB2F53CA2179DF43858D","VideoHeartbeat","buffer-health",1785062689200,"JIO_ANDROID_TV","3.9.4","india","hin","UNK","1.8.2",1785062007336
21311522,"94D660E9F4D438A91A80A351320BE2B344B81FAFFE23A5BE677F93A6684F8DAC","7C7D3C62725140B3E15072BBD0166D5EA6C6811F0061AB2F53CA2179DF43858D","VideoHeartbeat","network-activity",1785062689200,"JIO_ANDROID_TV","3.9.4","india","hin","UNK","1.8.2",1785062007336
21311522,"94D660E9F4D438A91A80A351320BE2B344B81FAFFE23A5BE677F93A6684F8DAC","7C7D3C62725140B3E15072BBD0166D5EA6C6811F0061AB2F53CA2179DF43858D","VideoHeartbeat","video-resize",1785062729201,"JIO_ANDROID_TV","3.9.4","india","hin","UNK","1.8.2",1785062007336
21311522,"94D660E9F4D438A91A80A351320BE2B344B81FAFFE23A5BE677F93A6684F8DAC","7C7D3C62725140B3E15072BBD0166D5EA6C6811F0061AB2F53CA2179DF43858D","VideoHeartbeat","buffer-health",1785062729203,"JIO_ANDROID_TV","3.9.4","india","hin","UNK","1.8.2",1785062007336
21311522,"94D660E9F4D438A91A80A351320BE2B344B81FAFFE23A5BE677F93A6684F8DAC","7C7D3C62725140B3E15072BBD0166D5EA6C6811F0061AB2F53CA2179DF43858D","VideoHeartbeat","network-activity",1785062729203,"JIO_ANDROID_TV","3.9.4","india","hin","UNK","1.8.2",1785062007336
21311522,"94D660E9F4D438A91A80A351320BE2B344B81FAFFE23A5BE677F93A6684F8DAC","7C7D3C62725140B3E15072BBD0166D5EA6C6811F0061AB2F53CA2179DF43858D","VideoHeartbeat","video-resize",1785062769204,"JIO_ANDROID_TV","3.9.4","india","hin","UNK","1.8.2",1785062007336
21311522,"94D660E9F4D438A91A80A351320BE2B344B81FAFFE23A5BE677F93A6684F8DAC","7C7D3C62725140B3E15072BBD0166D5EA6C6811F0061AB2F53CA2179DF43858D","VideoHeartbeat","buffer-health",1785062769207,"JIO_ANDROID_TV","3.9.4","india","hin","UNK","1.8.2",1785062007336
21311522,"94D660E9F4D438A91A80A351320BE2B344B81FAFFE23A5BE677F93A6684F8DAC","7C7D3C62725140B3E15072BBD0166D5EA6C6811F0061AB2F53CA2179DF43858D","VideoHeartbeat","network-activity",1785062769207,"JIO_ANDROID_TV","3.9.4","india","hin","UNK","1.8.2",1785062007336
21311522,"94D660E9F4D438A91A80A351320BE2B344B81FAFFE23A5BE677F93A6684F8DAC","7C7D3C62725140B3E15072BBD0166D5EA6C6811F0061AB2F53CA2179DF43858D","VideoHeartbeat","pause",1785062808280,"JIO_ANDROID_TV","3.9.4","india","hin","UNK","1.8.2",1785062007336
21311522,"94D660E9F4D438A91A80A351320BE2B344B81FAFFE23A5BE677F93A6684F8DAC","7C7D3C62725140B3E15072BBD0166D5EA6C6811F0061AB2F53CA2179DF43858D","VideoHeartbeat","video-resize",1785062809208,"JIO_ANDROID_TV","3.9.4","india","hin","UNK","1.8.2",1785062007336
21311522,"94D660E9F4D438A91A80A351320BE2B344B81FAFFE23A5BE677F93A6684F8DAC","7C7D3C62725140B3E15072BBD0166D5EA6C6811F0061AB2F53CA2179DF43858D","VideoHeartbeat","buffer-health",1785062809209,"JIO_ANDROID_TV","3.9.4","india","hin","UNK","1.8.2",1785062007336
21311522,"94D660E9F4D438A91A80A351320BE2B344B81FAFFE23A5BE677F93A6684F8DAC","7C7D3C62725140B3E15072BBD0166D5EA6C6811F0061AB2F53CA2179DF43858D","VideoHeartbeat","network-activity",1785062809209,"JIO_ANDROID_TV","3.9.4","india","hin","UNK","1.8.2",1785062007336
21311522,"94D660E9F4D438A91A80A351320BE2B344B81FAFFE23A5BE677F93A6684F8DAC","7C7D3C62725140B3E15072BBD0166D5EA6C6811F0061AB2F53CA2179DF43858D","AppBackgrounded","AppBackgrounded",1785062834776,"JIO_ANDROID_TV","3.9.4","india","hin","UNK","1.8.2",1785062007336
21311522,"94D660E9F4D438A91A80A351320BE2B344B81FAFFE23A5BE677F93A6684F8DAC","7C7D3C62725140B3E15072BBD0166D5EA6C6811F0061AB2F53CA2179DF43858D","AppForegrounded","AppForegrounded",1785062837977,"JIO_ANDROID_TV","3.9.4","india","hin","UNK","1.8.2",1785062007336
21311522,"94D660E9F4D438A91A80A351320BE2B344B81FAFFE23A5BE677F93A6684F8DAC","7C7D3C62725140B3E15072BBD0166D5EA6C6811F0061AB2F53CA2179DF43858D","VideoSessionEnd","VideoSessionEnd",1785062865015,"JIO_ANDROID_TV","3.9.4","india","hin","OFF","1.8.2",1785062007336
21311522,"94D660E9F4D438A91A80A351320BE2B344B81FAFFE23A5BE677F93A6684F8DAC","7C7D3C62725140B3E15072BBD0166D5EA6C6811F0061AB2F53CA2179DF43858D","VideoHeartbeat","network-activity",1785062864965,"JIO_ANDROID_TV","3.9.4","india","hin","OFF","1.8.2",1785062007336
21182457,"391B5CFEB5B78E32785A5A971E85015EB7693B476F279F5B7CFE148E85BAADF5","2E71CEC81506349C032A10C116490784320E5FFD5C215DC445DD8A0BC4BC900D","VideoPlay","Play",1785062928982,"JIO_ANDROID_TV","3.11.1","india","hin","OFF","1.8.2",1785062927034
21182457,"391B5CFEB5B78E32785A5A971E85015EB7693B476F279F5B7CFE148E85BAADF5","2E71CEC81506349C032A10C116490784320E5FFD5C215DC445DD8A0BC4BC900D","VideoSessionStart","VideoSessionStart",1785062927034,"JIO_ANDROID_TV","3.11.1","india","hin","unk","1.8.2",1785062927034
21182457,"391B5CFEB5B78E32785A5A971E85015EB7693B476F279F5B7CFE148E85BAADF5","2E71CEC81506349C032A10C116490784320E5FFD5C215DC445DD8A0BC4BC900D","VideoHeartbeat","pause",1785062951141,"JIO_ANDROID_TV","3.11.1","india","hin","UNK","1.8.2",1785062927034
21182457,"391B5CFEB5B78E32785A5A971E85015EB7693B476F279F5B7CFE148E85BAADF5","2E71CEC81506349C032A10C116490784320E5FFD5C215DC445DD8A0BC4BC900D","VideoHeartbeat","resume",1785062958319,"JIO_ANDROID_TV","3.11.1","india","hin","UNK","1.8.2",1785062927034
21182457,"391B5CFEB5B78E32785A5A971E85015EB7693B476F279F5B7CFE148E85BAADF5","2E71CEC81506349C032A10C116490784320E5FFD5C215DC445DD8A0BC4BC900D","VideoHeartbeat","Seek",1785062960267,"JIO_ANDROID_TV","3.11.1","india","hin","UNK","1.8.2",1785062927034
21182457,"391B5CFEB5B78E32785A5A971E85015EB7693B476F279F5B7CFE148E85BAADF5","2E71CEC81506349C032A10C116490784320E5FFD5C215DC445DD8A0BC4BC900D","VideoHeartbeat","BufferStart",1785062960270,"JIO_ANDROID_TV","3.11.1","india","hin","UNK","1.8.2",1785062927034
21182457,"391B5CFEB5B78E32785A5A971E85015EB7693B476F279F5B7CFE148E85BAADF5","2E71CEC81506349C032A10C116490784320E5FFD5C215DC445DD8A0BC4BC900D","VideoHeartbeat","dropped-frames",1785062960294,"JIO_ANDROID_TV","3.11.1","india","hin","UNK","1.8.2",1785062927034
21182457,"391B5CFEB5B78E32785A5A971E85015EB7693B476F279F5B7CFE148E85BAADF5","2E71CEC81506349C032A10C116490784320E5FFD5C215DC445DD8A0BC4BC900D","VideoHeartbeat","BufferEnd",1785062960592,"JIO_ANDROID_TV","3.11.1","india","hin","UNK","1.8.2",1785062927034
21182457,"391B5CFEB5B78E32785A5A971E85015EB7693B476F279F5B7CFE148E85BAADF5","2E71CEC81506349C032A10C116490784320E5FFD5C215DC445DD8A0BC4BC900D","VideoHeartbeat","Seek",1785062961636,"JIO_ANDROID_TV","3.11.1","india","hin","UNK","1.8.2",1785062927034
21182457,"391B5CFEB5B78E32785A5A971E85015EB7693B476F279F5B7CFE148E85BAADF5","2E71CEC81506349C032A10C116490784320E5FFD5C215DC445DD8A0BC4BC900D","VideoHeartbeat","BufferStart",1785062961638,"JIO_ANDROID_TV","3.11.1","india","hin","UNK","1.8.2",1785062927034
21182457,"391B5CFEB5B78E32785A5A971E85015EB7693B476F279F5B7CFE148E85BAADF5","2E71CEC81506349C032A10C116490784320E5FFD5C215DC445DD8A0BC4BC900D","VideoHeartbeat","BufferEnd",1785062961847,"JIO_ANDROID_TV","3.11.1","india","hin","UNK","1.8.2",1785062927034
21182457,"391B5CFEB5B78E32785A5A971E85015EB7693B476F279F5B7CFE148E85BAADF5","2E71CEC81506349C032A10C116490784320E5FFD5C215DC445DD8A0BC4BC900D","VideoHeartbeat","video-resize",1785062969141,"JIO_ANDROID_TV","3.11.1","india","hin","UNK","1.8.2",1785062927034
21182457,"391B5CFEB5B78E32785A5A971E85015EB7693B476F279F5B7CFE148E85BAADF5","2E71CEC81506349C032A10C116490784320E5FFD5C215DC445DD8A0BC4BC900D","VideoHeartbeat","network-bandwidth",1785062969144,"JIO_ANDROID_TV","3.11.1","india","hin","UNK","1.8.2",1785062927034
21182457,"391B5CFEB5B78E32785A5A971E85015EB7693B476F279F5B7CFE148E85BAADF5","2E71CEC81506349C032A10C116490784320E5FFD5C215DC445DD8A0BC4BC900D","VideoHeartbeat","buffer-health",1785062969144,"JIO_ANDROID_TV","3.11.1","india","hin","UNK","1.8.2",1785062927034
21182457,"391B5CFEB5B78E32785A5A971E85015EB7693B476F279F5B7CFE148E85BAADF5","2E71CEC81506349C032A10C116490784320E5FFD5C215DC445DD8A0BC4BC900D","VideoHeartbeat","network-activity",1785062969144,"JIO_ANDROID_TV","3.11.1","india","hin","UNK","1.8.2",1785062927034
21182457,"391B5CFEB5B78E32785A5A971E85015EB7693B476F279F5B7CFE148E85BAADF5","2E71CEC81506349C032A10C116490784320E5FFD5C215DC445DD8A0BC4BC900D","VideoHeartbeat","video-resize",1785063009146,"JIO_ANDROID_TV","3.11.1","india","hin","UNK","1.8.2",1785062927034
21182457,"391B5CFEB5B78E32785A5A971E85015EB7693B476F279F5B7CFE148E85BAADF5","2E71CEC81506349C032A10C116490784320E5FFD5C215DC445DD8A0BC4BC900D","VideoHeartbeat","buffer-health",1785063009150,"JIO_ANDROID_TV","3.11.1","india","hin","UNK","1.8.2",1785062927034
21182457,"391B5CFEB5B78E32785A5A971E85015EB7693B476F279F5B7CFE148E85BAADF5","2E71CEC81506349C032A10C116490784320E5FFD5C215DC445DD8A0BC4BC900D","VideoHeartbeat","network-activity",1785063009150,"JIO_ANDROID_TV","3.11.1","india","hin","UNK","1.8.2",1785062927034
21182457,"391B5CFEB5B78E32785A5A971E85015EB7693B476F279F5B7CFE148E85BAADF5","2E71CEC81506349C032A10C116490784320E5FFD5C215DC445DD8A0BC4BC900D","VideoHeartbeat","Seek",1785063015055,"JIO_ANDROID_TV","3.11.1","india","hin","UNK","1.8.2",1785062927034
21182457,"391B5CFEB5B78E32785A5A971E85015EB7693B476F279F5B7CFE148E85BAADF5","2E71CEC81506349C032A10C116490784320E5FFD5C215DC445DD8A0BC4BC900D","VideoHeartbeat","BufferStart",1785063015060,"JIO_ANDROID_TV","3.11.1","india","hin","UNK","1.8.2",1785062927034
21182457,"391B5CFEB5B78E32785A5A971E85015EB7693B476F279F5B7CFE148E85BAADF5","2E71CEC81506349C032A10C116490784320E5FFD5C215DC445DD8A0BC4BC900D","VideoHeartbeat","BufferEnd",1785063015359,"JIO_ANDROID_TV","3.11.1","india","hin","UNK","1.8.2",1785062927034
21182457,"391B5CFEB5B78E32785A5A971E85015EB7693B476F279F5B7CFE148E85BAADF5","2E71CEC81506349C032A10C116490784320E5FFD5C215DC445DD8A0BC4BC900D","VideoHeartbeat","video-resize",1785063049152,"JIO_ANDROID_TV","3.11.1","india","hin","UNK","1.8.2",1785062927034
21182457,"391B5CFEB5B78E32785A5A971E85015EB7693B476F279F5B7CFE148E85BAADF5","2E71CEC81506349C032A10C116490784320E5FFD5C215DC445DD8A0BC4BC900D","VideoHeartbeat","buffer-health",1785063049156,"JIO_ANDROID_TV","3.11.1","india","hin","UNK","1.8.2",1785062927034
21182457,"391B5CFEB5B78E32785A5A971E85015EB7693B476F279F5B7CFE148E85BAADF5","2E71CEC81506349C032A10C116490784320E5FFD5C215DC445DD8A0BC4BC900D","VideoHeartbeat","network-activity",1785063049156,"JIO_ANDROID_TV","3.11.1","india","hin","UNK","1.8.2",1785062927034
21182457,"391B5CFEB5B78E32785A5A971E85015EB7693B476F279F5B7CFE148E85BAADF5","2E71CEC81506349C032A10C116490784320E5FFD5C215DC445DD8A0BC4BC900D","VideoHeartbeat","video-resize",1785063089160,"JIO_ANDROID_TV","3.11.1","india","hin","UNK","1.8.2",1785062927034
21182457,"391B5CFEB5B78E32785A5A971E85015EB7693B476F279F5B7CFE148E85BAADF5","2E71CEC81506349C032A10C116490784320E5FFD5C215DC445DD8A0BC4BC900D","VideoHeartbeat","buffer-health",1785063089164,"JIO_ANDROID_TV","3.11.1","india","hin","UNK","1.8.2",1785062927034
21182457,"391B5CFEB5B78E32785A5A971E85015EB7693B476F279F5B7CFE148E85BAADF5","2E71CEC81506349C032A10C116490784320E5FFD5C215DC445DD8A0BC4BC900D","VideoHeartbeat","network-activity",1785063089164,"JIO_ANDROID_TV","3.11.1","india","hin","UNK","1.8.2",1785062927034
21182457,"391B5CFEB5B78E32785A5A971E85015EB7693B476F279F5B7CFE148E85BAADF5","2E71CEC81506349C032A10C116490784320E5FFD5C215DC445DD8A0BC4BC900D","VideoHeartbeat","video-resize",1785063129166,"JIO_ANDROID_TV","3.11.1","india","hin","UNK","1.8.2",1785062927034
21182457,"391B5CFEB5B78E32785A5A971E85015EB7693B476F279F5B7CFE148E85BAADF5","2E71CEC81506349C032A10C116490784320E5FFD5C215DC445DD8A0BC4BC900D","VideoHeartbeat","buffer-health",1785063129169,"JIO_ANDROID_TV","3.11.1","india","hin","UNK","1.8.2",1785062927034
21182457,"391B5CFEB5B78E32785A5A971E85015EB7693B476F279F5B7CFE148E85BAADF5","2E71CEC81506349C032A10C116490784320E5FFD5C215DC445DD8A0BC4BC900D","VideoHeartbeat","network-bandwidth",1785063129169,"JIO_ANDROID_TV","3.11.1","india","hin","UNK","1.8.2",1785062927034
21182457,"391B5CFEB5B78E32785A5A971E85015EB7693B476F279F5B7CFE148E85BAADF5","2E71CEC81506349C032A10C116490784320E5FFD5C215DC445DD8A0BC4BC900D","VideoHeartbeat","network-activity",1785063129169,"JIO_ANDROID_TV","3.11.1","india","hin","UNK","1.8.2",1785062927034
21182457,"391B5CFEB5B78E32785A5A971E85015EB7693B476F279F5B7CFE148E85BAADF5","2E71CEC81506349C032A10C116490784320E5FFD5C215DC445DD8A0BC4BC900D","VideoHeartbeat","Seek",1785063175382,"JIO_ANDROID_TV","3.11.1","india","hin","UNK","1.8.2",1785062927034
2078157818,"E5862EE3847B89E6EC9FEDC68690C7CBEE3A15CC0786DD6240FB91D0CFE35384","3756DEB041FA64AEFBC4CE50D859CE94CFE227D633DCE09CFE96EC00F58D76B2","VideoSessionStart","VideoSessionStart",1785063448685,"ANDROID_PHONE","6.34.8","india","unk","unk","1.8.2",1785063448685
2078157818,"E5862EE3847B89E6EC9FEDC68690C7CBEE3A15CC0786DD6240FB91D0CFE35384","3756DEB041FA64AEFBC4CE50D859CE94CFE227D633DCE09CFE96EC00F58D76B2","VideoHeartbeat","network-activity",1785063451029,"ANDROID_PHONE","6.34.8","india","eng","UNK","1.8.2",1785063448685
2078157818,"E5862EE3847B89E6EC9FEDC68690C7CBEE3A15CC0786DD6240FB91D0CFE35384","3756DEB041FA64AEFBC4CE50D859CE94CFE227D633DCE09CFE96EC00F58D76B2","VideoHeartbeat","video-resize",1785063490394,"ANDROID_PHONE","6.34.8","india","eng","UNK","1.8.2",1785063448685
2078157818,"E5862EE3847B89E6EC9FEDC68690C7CBEE3A15CC0786DD6240FB91D0CFE35384","3756DEB041FA64AEFBC4CE50D859CE94CFE227D633DCE09CFE96EC00F58D76B2","VideoHeartbeat","buffer-health",1785063490395,"ANDROID_PHONE","6.34.8","india","eng","UNK","1.8.2",1785063448685
2078157818,"E5862EE3847B89E6EC9FEDC68690C7CBEE3A15CC0786DD6240FB91D0CFE35384","3756DEB041FA64AEFBC4CE50D859CE94CFE227D633DCE09CFE96EC00F58D76B2","VideoHeartbeat","network-activity",1785063490395,"ANDROID_PHONE","6.34.8","india","eng","UNK","1.8.2",1785063448685
2078157818,"E5862EE3847B89E6EC9FEDC68690C7CBEE3A15CC0786DD6240FB91D0CFE35384","3756DEB041FA64AEFBC4CE50D859CE94CFE227D633DCE09CFE96EC00F58D76B2","VideoHeartbeat","buffer-health",1785063482882,"ANDROID_PHONE","6.34.8","india","eng","UNK","1.8.2",1785063448685
2078157818,"E5862EE3847B89E6EC9FEDC68690C7CBEE3A15CC0786DD6240FB91D0CFE35384","3756DEB041FA64AEFBC4CE50D859CE94CFE227D633DCE09CFE96EC00F58D76B2","VideoHeartbeat","network-activity",1785063482882,"ANDROID_PHONE","6.34.8","india","eng","UNK","1.8.2",1785063448685
2078157818,"E5862EE3847B89E6EC9FEDC68690C7CBEE3A15CC0786DD6240FB91D0CFE35384","3756DEB041FA64AEFBC4CE50D859CE94CFE227D633DCE09CFE96EC00F58D76B2","VideoPlay","Play",1785063450380,"ANDROID_PHONE","6.34.8","india","eng","UNK","1.8.2",1785063448685
2078157818,"E5862EE3847B89E6EC9FEDC68690C7CBEE3A15CC0786DD6240FB91D0CFE35384","3756DEB041FA64AEFBC4CE50D859CE94CFE227D633DCE09CFE96EC00F58D76B2","VideoHeartbeat","video-resize",1785063530402,"ANDROID_PHONE","6.34.8","india","eng","UNK","1.8.2",1785063448685
2078157818,"E5862EE3847B89E6EC9FEDC68690C7CBEE3A15CC0786DD6240FB91D0CFE35384","3756DEB041FA64AEFBC4CE50D859CE94CFE227D633DCE09CFE96EC00F58D76B2","VideoHeartbeat","buffer-health",1785063530403,"ANDROID_PHONE","6.34.8","india","eng","UNK","1.8.2",1785063448685
2078157818,"E5862EE3847B89E6EC9FEDC68690C7CBEE3A15CC0786DD6240FB91D0CFE35384","3756DEB041FA64AEFBC4CE50D859CE94CFE227D633DCE09CFE96EC00F58D76B2","VideoHeartbeat","network-activity",1785063530403,"ANDROID_PHONE","6.34.8","india","eng","UNK","1.8.2",1785063448685
2078157818,"E5862EE3847B89E6EC9FEDC68690C7CBEE3A15CC0786DD6240FB91D0CFE35384","3756DEB041FA64AEFBC4CE50D859CE94CFE227D633DCE09CFE96EC00F58D76B2","VideoHeartbeat","video-resize",1785063570409,"ANDROID_PHONE","6.34.8","india","eng","UNK","1.8.2",1785063448685
2078157818,"E5862EE3847B89E6EC9FEDC68690C7CBEE3A15CC0786DD6240FB91D0CFE35384","3756DEB041FA64AEFBC4CE50D859CE94CFE227D633DCE09CFE96EC00F58D76B2","VideoHeartbeat","buffer-health",1785063570411,"ANDROID_PHONE","6.34.8","india","eng","UNK","1.8.2",1785063448685
2078157818,"E5862EE3847B89E6EC9FEDC68690C7CBEE3A15CC0786DD6240FB91D0CFE35384","3756DEB041FA64AEFBC4CE50D859CE94CFE227D633DCE09CFE96EC00F58D76B2","VideoHeartbeat","network-activity",1785063570411,"ANDROID_PHONE","6.34.8","india","eng","UNK","1.8.2",1785063448685
2078157818,"E5862EE3847B89E6EC9FEDC68690C7CBEE3A15CC0786DD6240FB91D0CFE35384","3756DEB041FA64AEFBC4CE50D859CE94CFE227D633DCE09CFE96EC00F58D76B2","AppBackgrounded","AppBackgrounded",1785063574089,"ANDROID_PHONE","6.34.8","india","eng","UNK","1.8.2",1785063448685
2078157818,"E5862EE3847B89E6EC9FEDC68690C7CBEE3A15CC0786DD6240FB91D0CFE35384","3756DEB041FA64AEFBC4CE50D859CE94CFE227D633DCE09CFE96EC00F58D76B2","AppForegrounded","AppForegrounded",1785063631819,"ANDROID_PHONE","6.34.8","india","eng","UNK","1.8.2",1785063448685
2078157818,"E5862EE3847B89E6EC9FEDC68690C7CBEE3A15CC0786DD6240FB91D0CFE35384","3756DEB041FA64AEFBC4CE50D859CE94CFE227D633DCE09CFE96EC00F58D76B2","VideoHeartbeat","buffer-health",1785063654686,"ANDROID_PHONE","6.34.8","india","eng","UNK","1.8.2",1785063448685
2078157818,"E5862EE3847B89E6EC9FEDC68690C7CBEE3A15CC0786DD6240FB91D0CFE35384","3756DEB041FA64AEFBC4CE50D859CE94CFE227D633DCE09CFE96EC00F58D76B2","VideoHeartbeat","pause",1785063572260,"ANDROID_PHONE","6.34.8","india","eng","UNK","1.8.2",1785063448685
2078157818,"E5862EE3847B89E6EC9FEDC68690C7CBEE3A15CC0786DD6240FB91D0CFE35384","3756DEB041FA64AEFBC4CE50D859CE94CFE227D633DCE09CFE96EC00F58D76B2","VideoHeartbeat","dropped-frames",1785063572365,"ANDROID_PHONE","6.34.8","india","eng","UNK","1.8.2",1785063448685
2078157818,"E5862EE3847B89E6EC9FEDC68690C7CBEE3A15CC0786DD6240FB91D0CFE35384","3756DEB041FA64AEFBC4CE50D859CE94CFE227D633DCE09CFE96EC00F58D76B2","VideoHeartbeat","resume",1785063631828,"ANDROID_PHONE","6.34.8","india","eng","UNK","1.8.2",1785063448685
2078157818,"E5862EE3847B89E6EC9FEDC68690C7CBEE3A15CC0786DD6240FB91D0CFE35384","3756DEB041FA64AEFBC4CE50D859CE94CFE227D633DCE09CFE96EC00F58D76B2","VideoHeartbeat","buffer-health",1785063651240,"ANDROID_PHONE","6.34.8","india","eng","UNK","1.8.2",1785063448685
2078157818,"E5862EE3847B89E6EC9FEDC68690C7CBEE3A15CC0786DD6240FB91D0CFE35384","3756DEB041FA64AEFBC4CE50D859CE94CFE227D633DCE09CFE96EC00F58D76B2","VideoHeartbeat","network-activity",1785063651240,"ANDROID_PHONE","6.34.8","india","eng","UNK","1.8.2",1785063448685
2078157818,"E5862EE3847B89E6EC9FEDC68690C7CBEE3A15CC0786DD6240FB91D0CFE35384","3756DEB041FA64AEFBC4CE50D859CE94CFE227D633DCE09CFE96EC00F58D76B2","VideoSessionEnd","VideoSessionEnd",1785063654729,"ANDROID_PHONE","6.34.8","india","eng","UNK","1.8.2",1785063448685
2078157818,"2160D0E118D15DBFE5CCF69AE51B0091BAF275D1B56EDA37F24ED368AFF73130","5DA6E4E79C85CB0FEBB5166EC6EBEB4C017B7BDEB57B0AFB1FE765BAD1B3E4C2","VideoHeartbeat","buffer-health",1785062869608,"ANDROID_PHONE","6.34.8","india","eng","UNK","1.8.2",1785062866851
2078157818,"2160D0E118D15DBFE5CCF69AE51B0091BAF275D1B56EDA37F24ED368AFF73130","5DA6E4E79C85CB0FEBB5166EC6EBEB4C017B7BDEB57B0AFB1FE765BAD1B3E4C2","VideoHeartbeat","network-activity",1785062869608,"ANDROID_PHONE","6.34.8","india","eng","UNK","1.8.2",1785062866851
2078157818,"2160D0E118D15DBFE5CCF69AE51B0091BAF275D1B56EDA37F24ED368AFF73130","5DA6E4E79C85CB0FEBB5166EC6EBEB4C017B7BDEB57B0AFB1FE765BAD1B3E4C2","VideoPlay","Play",1785062869011,"ANDROID_PHONE","6.34.8","india","eng","UNK","1.8.2",1785062866851
2078157818,"2160D0E118D15DBFE5CCF69AE51B0091BAF275D1B56EDA37F24ED368AFF73130","5DA6E4E79C85CB0FEBB5166EC6EBEB4C017B7BDEB57B0AFB1FE765BAD1B3E4C2","VideoSessionStart","VideoSessionStart",1785062866851,"ANDROID_PHONE","6.34.8","india","unk","unk","1.8.2",1785062866851
2078157818,"2160D0E118D15DBFE5CCF69AE51B0091BAF275D1B56EDA37F24ED368AFF73130","5DA6E4E79C85CB0FEBB5166EC6EBEB4C017B7BDEB57B0AFB1FE765BAD1B3E4C2","VideoHeartbeat","buffer-health",1785062899544,"ANDROID_PHONE","6.34.8","india","eng","UNK","1.8.2",1785062866851
2078157818,"2160D0E118D15DBFE5CCF69AE51B0091BAF275D1B56EDA37F24ED368AFF73130","5DA6E4E79C85CB0FEBB5166EC6EBEB4C017B7BDEB57B0AFB1FE765BAD1B3E4C2","VideoHeartbeat","network-activity",1785062899544,"ANDROID_PHONE","6.34.8","india","eng","UNK","1.8.2",1785062866851
2078157818,"2160D0E118D15DBFE5CCF69AE51B0091BAF275D1B56EDA37F24ED368AFF73130","5DA6E4E79C85CB0FEBB5166EC6EBEB4C017B7BDEB57B0AFB1FE765BAD1B3E4C2","VideoHeartbeat","video-resize",1785062949019,"ANDROID_PHONE","6.34.8","india","eng","UNK","1.8.2",1785062866851
2078157818,"2160D0E118D15DBFE5CCF69AE51B0091BAF275D1B56EDA37F24ED368AFF73130","5DA6E4E79C85CB0FEBB5166EC6EBEB4C017B7BDEB57B0AFB1FE765BAD1B3E4C2","VideoHeartbeat","buffer-health",1785062949019,"ANDROID_PHONE","6.34.8","india","eng","UNK","1.8.2",1785062866851
2078157818,"2160D0E118D15DBFE5CCF69AE51B0091BAF275D1B56EDA37F24ED368AFF73130","5DA6E4E79C85CB0FEBB5166EC6EBEB4C017B7BDEB57B0AFB1FE765BAD1B3E4C2","VideoHeartbeat","network-activity",1785062949019,"ANDROID_PHONE","6.34.8","india","eng","UNK","1.8.2",1785062866851
2078157818,"2160D0E118D15DBFE5CCF69AE51B0091BAF275D1B56EDA37F24ED368AFF73130","5DA6E4E79C85CB0FEBB5166EC6EBEB4C017B7BDEB57B0AFB1FE765BAD1B3E4C2","VideoHeartbeat","video-resize",1785062909017,"ANDROID_PHONE","6.34.8","india","eng","UNK","1.8.2",1785062866851
2078157818,"2160D0E118D15DBFE5CCF69AE51B0091BAF275D1B56EDA37F24ED368AFF73130","5DA6E4E79C85CB0FEBB5166EC6EBEB4C017B7BDEB57B0AFB1FE765BAD1B3E4C2","VideoHeartbeat","buffer-health",1785062909018,"ANDROID_PHONE","6.34.8","india","eng","UNK","1.8.2",1785062866851
2078157818,"2160D0E118D15DBFE5CCF69AE51B0091BAF275D1B56EDA37F24ED368AFF73130","5DA6E4E79C85CB0FEBB5166EC6EBEB4C017B7BDEB57B0AFB1FE765BAD1B3E4C2","VideoHeartbeat","network-activity",1785062909018,"ANDROID_PHONE","6.34.8","india","eng","UNK","1.8.2",1785062866851
2078157818,"2160D0E118D15DBFE5CCF69AE51B0091BAF275D1B56EDA37F24ED368AFF73130","5DA6E4E79C85CB0FEBB5166EC6EBEB4C017B7BDEB57B0AFB1FE765BAD1B3E4C2","VideoHeartbeat","buffer-health",1785062944416,"ANDROID_PHONE","6.34.8","india","eng","UNK","1.8.2",1785062866851
2078157818,"2160D0E118D15DBFE5CCF69AE51B0091BAF275D1B56EDA37F24ED368AFF73130","5DA6E4E79C85CB0FEBB5166EC6EBEB4C017B7BDEB57B0AFB1FE765BAD1B3E4C2","VideoHeartbeat","network-activity",1785062944416,"ANDROID_PHONE","6.34.8","india","eng","UNK","1.8.2",1785062866851
2078157818,"2160D0E118D15DBFE5CCF69AE51B0091BAF275D1B56EDA37F24ED368AFF73130","5DA6E4E79C85CB0FEBB5166EC6EBEB4C017B7BDEB57B0AFB1FE765BAD1B3E4C2","VideoHeartbeat","buffer-health",1785062914389,"ANDROID_PHONE","6.34.8","india","eng","UNK","1.8.2",1785062866851
2078157818,"2160D0E118D15DBFE5CCF69AE51B0091BAF275D1B56EDA37F24ED368AFF73130","5DA6E4E79C85CB0FEBB5166EC6EBEB4C017B7BDEB57B0AFB1FE765BAD1B3E4C2","VideoHeartbeat","network-activity",1785062914389,"ANDROID_PHONE","6.34.8","india","eng","UNK","1.8.2",1785062866851
2078157818,"2160D0E118D15DBFE5CCF69AE51B0091BAF275D1B56EDA37F24ED368AFF73130","5DA6E4E79C85CB0FEBB5166EC6EBEB4C017B7BDEB57B0AFB1FE765BAD1B3E4C2","VideoHeartbeat","video-resize",1785062989021,"ANDROID_PHONE","6.34.8","india","eng","UNK","1.8.2",1785062866851
2078157818,"2160D0E118D15DBFE5CCF69AE51B0091BAF275D1B56EDA37F24ED368AFF73130","5DA6E4E79C85CB0FEBB5166EC6EBEB4C017B7BDEB57B0AFB1FE765BAD1B3E4C2","VideoHeartbeat","buffer-health",1785062989022,"ANDROID_PHONE","6.34.8","india","eng","UNK","1.8.2",1785062866851
2078157818,"2160D0E118D15DBFE5CCF69AE51B0091BAF275D1B56EDA37F24ED368AFF73130","5DA6E4E79C85CB0FEBB5166EC6EBEB4C017B7BDEB57B0AFB1FE765BAD1B3E4C2","VideoHeartbeat","network-activity",1785062989022,"ANDROID_PHONE","6.34.8","india","eng","UNK","1.8.2",1785062866851
2078157818,"2160D0E118D15DBFE5CCF69AE51B0091BAF275D1B56EDA37F24ED368AFF73130","5DA6E4E79C85CB0FEBB5166EC6EBEB4C017B7BDEB57B0AFB1FE765BAD1B3E4C2","AppBackgrounded","AppBackgrounded",1785063027230,"ANDROID_PHONE","6.34.8","india","eng","UNK","1.8.2",1785062866851
2078157818,"2160D0E118D15DBFE5CCF69AE51B0091BAF275D1B56EDA37F24ED368AFF73130","5DA6E4E79C85CB0FEBB5166EC6EBEB4C017B7BDEB57B0AFB1FE765BAD1B3E4C2","VideoSessionEnd","VideoSessionEnd",1785064559227,"ANDROID_PHONE","6.34.8","india","eng","UNK","1.8.2",1785062866851
2078157818,"2160D0E118D15DBFE5CCF69AE51B0091BAF275D1B56EDA37F24ED368AFF73130","5DA6E4E79C85CB0FEBB5166EC6EBEB4C017B7BDEB57B0AFB1FE765BAD1B3E4C2","VideoHeartbeat","pause",1785063027255,"ANDROID_PHONE","6.34.8","india","eng","UNK","1.8.2",1785062866851
2078157818,"2160D0E118D15DBFE5CCF69AE51B0091BAF275D1B56EDA37F24ED368AFF73130","5DA6E4E79C85CB0FEBB5166EC6EBEB4C017B7BDEB57B0AFB1FE765BAD1B3E4C2","VideoHeartbeat","dropped-frames",1785063027454,"ANDROID_PHONE","6.34.8","india","eng","UNK","1.8.2",1785062866851
2078157818,"2160D0E118D15DBFE5CCF69AE51B0091BAF275D1B56EDA37F24ED368AFF73130","5DA6E4E79C85CB0FEBB5166EC6EBEB4C017B7BDEB57B0AFB1FE765BAD1B3E4C2","VideoHeartbeat","resume",1785064544611,"ANDROID_PHONE","6.34.8","india","eng","UNK","1.8.2",1785062866851
2078157818,"2160D0E118D15DBFE5CCF69AE51B0091BAF275D1B56EDA37F24ED368AFF73130","5DA6E4E79C85CB0FEBB5166EC6EBEB4C017B7BDEB57B0AFB1FE765BAD1B3E4C2","VideoHeartbeat","pause",1785064549167,"ANDROID_PHONE","6.34.8","india","eng","UNK","1.8.2",1785062866851
2078157818,"2160D0E118D15DBFE5CCF69AE51B0091BAF275D1B56EDA37F24ED368AFF73130","5DA6E4E79C85CB0FEBB5166EC6EBEB4C017B7BDEB57B0AFB1FE765BAD1B3E4C2","VideoHeartbeat","resume",1785064549647,"ANDROID_PHONE","6.34.8","india","eng","UNK","1.8.2",1785062866851
2078157818,"2160D0E118D15DBFE5CCF69AE51B0091BAF275D1B56EDA37F24ED368AFF73130","5DA6E4E79C85CB0FEBB5166EC6EBEB4C017B7BDEB57B0AFB1FE765BAD1B3E4C2","VideoHeartbeat","video-resize",1785064552557,"ANDROID_PHONE","6.34.8","india","eng","UNK","1.8.2",1785062866851
2078157818,"2160D0E118D15DBFE5CCF69AE51B0091BAF275D1B56EDA37F24ED368AFF73130","5DA6E4E79C85CB0FEBB5166EC6EBEB4C017B7BDEB57B0AFB1FE765BAD1B3E4C2","VideoHeartbeat","buffer-health",1785064552558,"ANDROID_PHONE","6.34.8","india","eng","UNK","1.8.2",1785062866851
2078157818,"2160D0E118D15DBFE5CCF69AE51B0091BAF275D1B56EDA37F24ED368AFF73130","5DA6E4E79C85CB0FEBB5166EC6EBEB4C017B7BDEB57B0AFB1FE765BAD1B3E4C2","VideoHeartbeat","network-activity",1785064552558,"ANDROID_PHONE","6.34.8","india","eng","UNK","1.8.2",1785062866851
2078157818,"2160D0E118D15DBFE5CCF69AE51B0091BAF275D1B56EDA37F24ED368AFF73130","5DA6E4E79C85CB0FEBB5166EC6EBEB4C017B7BDEB57B0AFB1FE765BAD1B3E4C2","AppForegrounded","AppForegrounded",1785064542346,"ANDROID_PHONE","6.34.8","india","eng","UNK","1.8.2",1785062866851
2078157818,"2160D0E118D15DBFE5CCF69AE51B0091BAF275D1B56EDA37F24ED368AFF73130","5DA6E4E79C85CB0FEBB5166EC6EBEB4C017B7BDEB57B0AFB1FE765BAD1B3E4C2","VideoHeartbeat","BufferStart",1785064558041,"ANDROID_PHONE","6.34.8","india","eng","UNK","1.8.2",1785062866851
2078157818,"2160D0E118D15DBFE5CCF69AE51B0091BAF275D1B56EDA37F24ED368AFF73130","5DA6E4E79C85CB0FEBB5166EC6EBEB4C017B7BDEB57B0AFB1FE765BAD1B3E4C2","VideoHeartbeat","buffer-health",1785064559196,"ANDROID_PHONE","6.34.8","india","eng","UNK","1.8.2",1785062866851
2078157818,"2160D0E118D15DBFE5CCF69AE51B0091BAF275D1B56EDA37F24ED368AFF73130","5DA6E4E79C85CB0FEBB5166EC6EBEB4C017B7BDEB57B0AFB1FE765BAD1B3E4C2","VideoHeartbeat","network-activity",1785064559196,"ANDROID_PHONE","6.34.8","india","eng","UNK","1.8.2",1785062866851
21182457,"391B5CFEB5B78E32785A5A971E85015EB7693B476F279F5B7CFE148E85BAADF5","2E71CEC81506349C032A10C116490784320E5FFD5C215DC445DD8A0BC4BC900D","VideoHeartbeat","BufferStart",1785063175386,"JIO_ANDROID_TV","3.11.1","india","hin","UNK","1.8.2",1785062927034
21182457,"391B5CFEB5B78E32785A5A971E85015EB7693B476F279F5B7CFE148E85BAADF5","2E71CEC81506349C032A10C116490784320E5FFD5C215DC445DD8A0BC4BC900D","VideoHeartbeat","BufferEnd",1785063175608,"JIO_ANDROID_TV","3.11.1","india","hin","UNK","1.8.2",1785062927034
21182457,"391B5CFEB5B78E32785A5A971E85015EB7693B476F279F5B7CFE148E85BAADF5","2E71CEC81506349C032A10C116490784320E5FFD5C215DC445DD8A0BC4BC900D","VideoHeartbeat","video-resize",1785063209174,"JIO_ANDROID_TV","3.11.1","india","hin","UNK","1.8.2",1785062927034
21182457,"391B5CFEB5B78E32785A5A971E85015EB7693B476F279F5B7CFE148E85BAADF5","2E71CEC81506349C032A10C116490784320E5FFD5C215DC445DD8A0BC4BC900D","VideoHeartbeat","network-bandwidth",1785063209176,"JIO_ANDROID_TV","3.11.1","india","hin","UNK","1.8.2",1785062927034
21182457,"391B5CFEB5B78E32785A5A971E85015EB7693B476F279F5B7CFE148E85BAADF5","2E71CEC81506349C032A10C116490784320E5FFD5C215DC445DD8A0BC4BC900D","VideoHeartbeat","buffer-health",1785063209176,"JIO_ANDROID_TV","3.11.1","india","hin","UNK","1.8.2",1785062927034
21182457,"391B5CFEB5B78E32785A5A971E85015EB7693B476F279F5B7CFE148E85BAADF5","2E71CEC81506349C032A10C116490784320E5FFD5C215DC445DD8A0BC4BC900D","VideoHeartbeat","network-activity",1785063209176,"JIO_ANDROID_TV","3.11.1","india","hin","UNK","1.8.2",1785062927034
21182457,"391B5CFEB5B78E32785A5A971E85015EB7693B476F279F5B7CFE148E85BAADF5","2E71CEC81506349C032A10C116490784320E5FFD5C215DC445DD8A0BC4BC900D","VideoHeartbeat","video-resize",1785063169170,"JIO_ANDROID_TV","3.11.1","india","hin","UNK","1.8.2",1785062927034
21182457,"391B5CFEB5B78E32785A5A971E85015EB7693B476F279F5B7CFE148E85BAADF5","2E71CEC81506349C032A10C116490784320E5FFD5C215DC445DD8A0BC4BC900D","VideoHeartbeat","buffer-health",1785063169173,"JIO_ANDROID_TV","3.11.1","india","hin","UNK","1.8.2",1785062927034
21182457,"391B5CFEB5B78E32785A5A971E85015EB7693B476F279F5B7CFE148E85BAADF5","2E71CEC81506349C032A10C116490784320E5FFD5C215DC445DD8A0BC4BC900D","VideoHeartbeat","network-activity",1785063169173,"JIO_ANDROID_TV","3.11.1","india","hin","UNK","1.8.2",1785062927034
21182457,"391B5CFEB5B78E32785A5A971E85015EB7693B476F279F5B7CFE148E85BAADF5","2E71CEC81506349C032A10C116490784320E5FFD5C215DC445DD8A0BC4BC900D","VideoHeartbeat","video-resize",1785063249177,"JIO_ANDROID_TV","3.11.1","india","hin","UNK","1.8.2",1785062927034
21182457,"391B5CFEB5B78E32785A5A971E85015EB7693B476F279F5B7CFE148E85BAADF5","2E71CEC81506349C032A10C116490784320E5FFD5C215DC445DD8A0BC4BC900D","VideoHeartbeat","network-bandwidth",1785063249179,"JIO_ANDROID_TV","3.11.1","india","hin","UNK","1.8.2",1785062927034
21182457,"391B5CFEB5B78E32785A5A971E85015EB7693B476F279F5B7CFE148E85BAADF5","2E71CEC81506349C032A10C116490784320E5FFD5C215DC445DD8A0BC4BC900D","VideoHeartbeat","buffer-health",1785063249179,"JIO_ANDROID_TV","3.11.1","india","hin","UNK","1.8.2",1785062927034
21182457,"391B5CFEB5B78E32785A5A971E85015EB7693B476F279F5B7CFE148E85BAADF5","2E71CEC81506349C032A10C116490784320E5FFD5C215DC445DD8A0BC4BC900D","VideoHeartbeat","network-activity",1785063249179,"JIO_ANDROID_TV","3.11.1","india","hin","UNK","1.8.2",1785062927034
21182457,"391B5CFEB5B78E32785A5A971E85015EB7693B476F279F5B7CFE148E85BAADF5","2E71CEC81506349C032A10C116490784320E5FFD5C215DC445DD8A0BC4BC900D","VideoHeartbeat","video-resize",1785063289182,"JIO_ANDROID_TV","3.11.1","india","hin","UNK","1.8.2",1785062927034
21182457,"391B5CFEB5B78E32785A5A971E85015EB7693B476F279F5B7CFE148E85BAADF5","2E71CEC81506349C032A10C116490784320E5FFD5C215DC445DD8A0BC4BC900D","VideoHeartbeat","buffer-health",1785063289185,"JIO_ANDROID_TV","3.11.1","india","hin","UNK","1.8.2",1785062927034
21182457,"391B5CFEB5B78E32785A5A971E85015EB7693B476F279F5B7CFE148E85BAADF5","2E71CEC81506349C032A10C116490784320E5FFD5C215DC445DD8A0BC4BC900D","VideoHeartbeat","network-activity",1785063289185,"JIO_ANDROID_TV","3.11.1","india","hin","UNK","1.8.2",1785062927034
21182457,"391B5CFEB5B78E32785A5A971E85015EB7693B476F279F5B7CFE148E85BAADF5","2E71CEC81506349C032A10C116490784320E5FFD5C215DC445DD8A0BC4BC900D","VideoHeartbeat","video-resize",1785063329186,"JIO_ANDROID_TV","3.11.1","india","hin","UNK","1.8.2",1785062927034
21182457,"391B5CFEB5B78E32785A5A971E85015EB7693B476F279F5B7CFE148E85BAADF5","2E71CEC81506349C032A10C116490784320E5FFD5C215DC445DD8A0BC4BC900D","VideoHeartbeat","buffer-health",1785063329188,"JIO_ANDROID_TV","3.11.1","india","hin","UNK","1.8.2",1785062927034
21182457,"391B5CFEB5B78E32785A5A971E85015EB7693B476F279F5B7CFE148E85BAADF5","2E71CEC81506349C032A10C116490784320E5FFD5C215DC445DD8A0BC4BC900D","VideoHeartbeat","network-activity",1785063329188,"JIO_ANDROID_TV","3.11.1","india","hin","UNK","1.8.2",1785062927034
21182457,"391B5CFEB5B78E32785A5A971E85015EB7693B476F279F5B7CFE148E85BAADF5","2E71CEC81506349C032A10C116490784320E5FFD5C215DC445DD8A0BC4BC900D","VideoHeartbeat","video-resize",1785063369189,"JIO_ANDROID_TV","3.11.1","india","hin","UNK","1.8.2",1785062927034
21182457,"391B5CFEB5B78E32785A5A971E85015EB7693B476F279F5B7CFE148E85BAADF5","2E71CEC81506349C032A10C116490784320E5FFD5C215DC445DD8A0BC4BC900D","VideoHeartbeat","network-bandwidth",1785063369192,"JIO_ANDROID_TV","3.11.1","india","hin","UNK","1.8.2",1785062927034
21182457,"391B5CFEB5B78E32785A5A971E85015EB7693B476F279F5B7CFE148E85BAADF5","2E71CEC81506349C032A10C116490784320E5FFD5C215DC445DD8A0BC4BC900D","VideoHeartbeat","buffer-health",1785063369192,"JIO_ANDROID_TV","3.11.1","india","hin","UNK","1.8.2",1785062927034
21182457,"391B5CFEB5B78E32785A5A971E85015EB7693B476F279F5B7CFE148E85BAADF5","2E71CEC81506349C032A10C116490784320E5FFD5C215DC445DD8A0BC4BC900D","VideoHeartbeat","network-activity",1785063369192,"JIO_ANDROID_TV","3.11.1","india","hin","UNK","1.8.2",1785062927034
21182457,"391B5CFEB5B78E32785A5A971E85015EB7693B476F279F5B7CFE148E85BAADF5","2E71CEC81506349C032A10C116490784320E5FFD5C215DC445DD8A0BC4BC900D","VideoHeartbeat","video-resize",1785063409193,"JIO_ANDROID_TV","3.11.1","india","hin","UNK","1.8.2",1785062927034
21182457,"391B5CFEB5B78E32785A5A971E85015EB7693B476F279F5B7CFE148E85BAADF5","2E71CEC81506349C032A10C116490784320E5FFD5C215DC445DD8A0BC4BC900D","VideoHeartbeat","buffer-health",1785063409195,"JIO_ANDROID_TV","3.11.1","india","hin","UNK","1.8.2",1785062927034
21182457,"391B5CFEB5B78E32785A5A971E85015EB7693B476F279F5B7CFE148E85BAADF5","2E71CEC81506349C032A10C116490784320E5FFD5C215DC445DD8A0BC4BC900D","VideoHeartbeat","network-activity",1785063409195,"JIO_ANDROID_TV","3.11.1","india","hin","UNK","1.8.2",1785062927034
21182457,"391B5CFEB5B78E32785A5A971E85015EB7693B476F279F5B7CFE148E85BAADF5","2E71CEC81506349C032A10C116490784320E5FFD5C215DC445DD8A0BC4BC900D","VideoHeartbeat","video-resize",1785063449196,"JIO_ANDROID_TV","3.11.1","india","hin","UNK","1.8.2",1785062927034
21182457,"391B5CFEB5B78E32785A5A971E85015EB7693B476F279F5B7CFE148E85BAADF5","2E71CEC81506349C032A10C116490784320E5FFD5C215DC445DD8A0BC4BC900D","VideoHeartbeat","buffer-health",1785063449198,"JIO_ANDROID_TV","3.11.1","india","hin","UNK","1.8.2",1785062927034
21182457,"391B5CFEB5B78E32785A5A971E85015EB7693B476F279F5B7CFE148E85BAADF5","2E71CEC81506349C032A10C116490784320E5FFD5C215DC445DD8A0BC4BC900D","VideoHeartbeat","network-activity",1785063449198,"JIO_ANDROID_TV","3.11.1","india","hin","UNK","1.8.2",1785062927034
21182457,"391B5CFEB5B78E32785A5A971E85015EB7693B476F279F5B7CFE148E85BAADF5","2E71CEC81506349C032A10C116490784320E5FFD5C215DC445DD8A0BC4BC900D","VideoHeartbeat","video-resize",1785063489199,"JIO_ANDROID_TV","3.11.1","india","hin","UNK","1.8.2",1785062927034
21182457,"391B5CFEB5B78E32785A5A971E85015EB7693B476F279F5B7CFE148E85BAADF5","2E71CEC81506349C032A10C116490784320E5FFD5C215DC445DD8A0BC4BC900D","VideoHeartbeat","network-bandwidth",1785063489202,"JIO_ANDROID_TV","3.11.1","india","hin","UNK","1.8.2",1785062927034
21182457,"391B5CFEB5B78E32785A5A971E85015EB7693B476F279F5B7CFE148E85BAADF5","2E71CEC81506349C032A10C116490784320E5FFD5C215DC445DD8A0BC4BC900D","VideoHeartbeat","buffer-health",1785063489202,"JIO_ANDROID_TV","3.11.1","india","hin","UNK","1.8.2",1785062927034
21182457,"391B5CFEB5B78E32785A5A971E85015EB7693B476F279F5B7CFE148E85BAADF5","2E71CEC81506349C032A10C116490784320E5FFD5C215DC445DD8A0BC4BC900D","VideoHeartbeat","network-activity",1785063489202,"JIO_ANDROID_TV","3.11.1","india","hin","UNK","1.8.2",1785062927034
21182457,"391B5CFEB5B78E32785A5A971E85015EB7693B476F279F5B7CFE148E85BAADF5","2E71CEC81506349C032A10C116490784320E5FFD5C215DC445DD8A0BC4BC900D","VideoHeartbeat","Seek",1785063518342,"JIO_ANDROID_TV","3.11.1","india","hin","UNK","1.8.2",1785062927034
21182457,"391B5CFEB5B78E32785A5A971E85015EB7693B476F279F5B7CFE148E85BAADF5","2E71CEC81506349C032A10C116490784320E5FFD5C215DC445DD8A0BC4BC900D","VideoHeartbeat","BufferStart",1785063518345,"JIO_ANDROID_TV","3.11.1","india","hin","UNK","1.8.2",1785062927034
21182457,"391B5CFEB5B78E32785A5A971E85015EB7693B476F279F5B7CFE148E85BAADF5","2E71CEC81506349C032A10C116490784320E5FFD5C215DC445DD8A0BC4BC900D","VideoHeartbeat","BufferEnd",1785063518609,"JIO_ANDROID_TV","3.11.1","india","hin","UNK","1.8.2",1785062927034
21182457,"391B5CFEB5B78E32785A5A971E85015EB7693B476F279F5B7CFE148E85BAADF5","2E71CEC81506349C032A10C116490784320E5FFD5C215DC445DD8A0BC4BC900D","VideoHeartbeat","video-resize",1785063529203,"JIO_ANDROID_TV","3.11.1","india","hin","UNK","1.8.2",1785062927034
21182457,"391B5CFEB5B78E32785A5A971E85015EB7693B476F279F5B7CFE148E85BAADF5","2E71CEC81506349C032A10C116490784320E5FFD5C215DC445DD8A0BC4BC900D","VideoHeartbeat","buffer-health",1785063529205,"JIO_ANDROID_TV","3.11.1","india","hin","UNK","1.8.2",1785062927034
21182457,"391B5CFEB5B78E32785A5A971E85015EB7693B476F279F5B7CFE148E85BAADF5","2E71CEC81506349C032A10C116490784320E5FFD5C215DC445DD8A0BC4BC900D","VideoHeartbeat","network-activity",1785063529205,"JIO_ANDROID_TV","3.11.1","india","hin","UNK","1.8.2",1785062927034
21182457,"391B5CFEB5B78E32785A5A971E85015EB7693B476F279F5B7CFE148E85BAADF5","2E71CEC81506349C032A10C116490784320E5FFD5C215DC445DD8A0BC4BC900D","VideoHeartbeat","video-resize",1785063569207,"JIO_ANDROID_TV","3.11.1","india","hin","UNK","1.8.2",1785062927034
21182457,"391B5CFEB5B78E32785A5A971E85015EB7693B476F279F5B7CFE148E85BAADF5","2E71CEC81506349C032A10C116490784320E5FFD5C215DC445DD8A0BC4BC900D","VideoHeartbeat","network-bandwidth",1785063569211,"JIO_ANDROID_TV","3.11.1","india","hin","UNK","1.8.2",1785062927034
21182457,"391B5CFEB5B78E32785A5A971E85015EB7693B476F279F5B7CFE148E85BAADF5","2E71CEC81506349C032A10C116490784320E5FFD5C215DC445DD8A0BC4BC900D","VideoHeartbeat","buffer-health",1785063569211,"JIO_ANDROID_TV","3.11.1","india","hin","UNK","1.8.2",1785062927034
21182457,"391B5CFEB5B78E32785A5A971E85015EB7693B476F279F5B7CFE148E85BAADF5","2E71CEC81506349C032A10C116490784320E5FFD5C215DC445DD8A0BC4BC900D","VideoHeartbeat","network-activity",1785063569211,"JIO_ANDROID_TV","3.11.1","india","hin","UNK","1.8.2",1785062927034
21182457,"391B5CFEB5B78E32785A5A971E85015EB7693B476F279F5B7CFE148E85BAADF5","2E71CEC81506349C032A10C116490784320E5FFD5C215DC445DD8A0BC4BC900D","VideoHeartbeat","video-resize",1785063609212,"JIO_ANDROID_TV","3.11.1","india","hin","UNK","1.8.2",1785062927034
21182457,"391B5CFEB5B78E32785A5A971E85015EB7693B476F279F5B7CFE148E85BAADF5","2E71CEC81506349C032A10C116490784320E5FFD5C215DC445DD8A0BC4BC900D","VideoHeartbeat","buffer-health",1785063609215,"JIO_ANDROID_TV","3.11.1","india","hin","UNK","1.8.2",1785062927034
21182457,"391B5CFEB5B78E32785A5A971E85015EB7693B476F279F5B7CFE148E85BAADF5","2E71CEC81506349C032A10C116490784320E5FFD5C215DC445DD8A0BC4BC900D","VideoHeartbeat","network-activity",1785063609215,"JIO_ANDROID_TV","3.11.1","india","hin","UNK","1.8.2",1785062927034
21182457,"391B5CFEB5B78E32785A5A971E85015EB7693B476F279F5B7CFE148E85BAADF5","2E71CEC81506349C032A10C116490784320E5FFD5C215DC445DD8A0BC4BC900D","VideoHeartbeat","video-resize",1785063649216,"JIO_ANDROID_TV","3.11.1","india","hin","UNK","1.8.2",1785062927034
21182457,"391B5CFEB5B78E32785A5A971E85015EB7693B476F279F5B7CFE148E85BAADF5","2E71CEC81506349C032A10C116490784320E5FFD5C215DC445DD8A0BC4BC900D","VideoHeartbeat","network-bandwidth",1785063649219,"JIO_ANDROID_TV","3.11.1","india","hin","UNK","1.8.2",1785062927034
21182457,"391B5CFEB5B78E32785A5A971E85015EB7693B476F279F5B7CFE148E85BAADF5","2E71CEC81506349C032A10C116490784320E5FFD5C215DC445DD8A0BC4BC900D","VideoHeartbeat","buffer-health",1785063649219,"JIO_ANDROID_TV","3.11.1","india","hin","UNK","1.8.2",1785062927034
21182457,"391B5CFEB5B78E32785A5A971E85015EB7693B476F279F5B7CFE148E85BAADF5","2E71CEC81506349C032A10C116490784320E5FFD5C215DC445DD8A0BC4BC900D","VideoHeartbeat","network-activity",1785063649219,"JIO_ANDROID_TV","3.11.1","india","hin","UNK","1.8.2",1785062927034
21182457,"391B5CFEB5B78E32785A5A971E85015EB7693B476F279F5B7CFE148E85BAADF5","2E71CEC81506349C032A10C116490784320E5FFD5C215DC445DD8A0BC4BC900D","VideoHeartbeat","video-resize",1785063689220,"JIO_ANDROID_TV","3.11.1","india","hin","UNK","1.8.2",1785062927034
21182457,"391B5CFEB5B78E32785A5A971E85015EB7693B476F279F5B7CFE148E85BAADF5","2E71CEC81506349C032A10C116490784320E5FFD5C215DC445DD8A0BC4BC900D","VideoHeartbeat","buffer-health",1785063689224,"JIO_ANDROID_TV","3.11.1","india","hin","UNK","1.8.2",1785062927034
21182457,"391B5CFEB5B78E32785A5A971E85015EB7693B476F279F5B7CFE148E85BAADF5","2E71CEC81506349C032A10C116490784320E5FFD5C215DC445DD8A0BC4BC900D","VideoHeartbeat","network-activity",1785063689224,"JIO_ANDROID_TV","3.11.1","india","hin","UNK","1.8.2",1785062927034
21182457,"391B5CFEB5B78E32785A5A971E85015EB7693B476F279F5B7CFE148E85BAADF5","2E71CEC81506349C032A10C116490784320E5FFD5C215DC445DD8A0BC4BC900D","VideoHeartbeat","video-resize",1785063729225,"JIO_ANDROID_TV","3.11.1","india","hin","UNK","1.8.2",1785062927034
21182457,"391B5CFEB5B78E32785A5A971E85015EB7693B476F279F5B7CFE148E85BAADF5","2E71CEC81506349C032A10C116490784320E5FFD5C215DC445DD8A0BC4BC900D","VideoHeartbeat","buffer-health",1785063729228,"JIO_ANDROID_TV","3.11.1","india","hin","UNK","1.8.2",1785062927034
21182457,"391B5CFEB5B78E32785A5A971E85015EB7693B476F279F5B7CFE148E85BAADF5","2E71CEC81506349C032A10C116490784320E5FFD5C215DC445DD8A0BC4BC900D","VideoHeartbeat","network-activity",1785063729228,"JIO_ANDROID_TV","3.11.1","india","hin","UNK","1.8.2",1785062927034
21182457,"391B5CFEB5B78E32785A5A971E85015EB7693B476F279F5B7CFE148E85BAADF5","2E71CEC81506349C032A10C116490784320E5FFD5C215DC445DD8A0BC4BC900D","VideoHeartbeat","video-resize",1785063769229,"JIO_ANDROID_TV","3.11.1","india","hin","UNK","1.8.2",1785062927034
21182457,"391B5CFEB5B78E32785A5A971E85015EB7693B476F279F5B7CFE148E85BAADF5","2E71CEC81506349C032A10C116490784320E5FFD5C215DC445DD8A0BC4BC900D","VideoHeartbeat","buffer-health",1785063769230,"JIO_ANDROID_TV","3.11.1","india","hin","UNK","1.8.2",1785062927034
21182457,"391B5CFEB5B78E32785A5A971E85015EB7693B476F279F5B7CFE148E85BAADF5","2E71CEC81506349C032A10C116490784320E5FFD5C215DC445DD8A0BC4BC900D","VideoHeartbeat","network-activity",1785063769230,"JIO_ANDROID_TV","3.11.1","india","hin","UNK","1.8.2",1785062927034
21182457,"391B5CFEB5B78E32785A5A971E85015EB7693B476F279F5B7CFE148E85BAADF5","2E71CEC81506349C032A10C116490784320E5FFD5C215DC445DD8A0BC4BC900D","VideoHeartbeat","video-resize",1785063809231,"JIO_ANDROID_TV","3.11.1","india","hin","UNK","1.8.2",1785062927034
21182457,"391B5CFEB5B78E32785A5A971E85015EB7693B476F279F5B7CFE148E85BAADF5","2E71CEC81506349C032A10C116490784320E5FFD5C215DC445DD8A0BC4BC900D","VideoHeartbeat","network-bandwidth",1785063809234,"JIO_ANDROID_TV","3.11.1","india","hin","UNK","1.8.2",1785062927034
21182457,"391B5CFEB5B78E32785A5A971E85015EB7693B476F279F5B7CFE148E85BAADF5","2E71CEC81506349C032A10C116490784320E5FFD5C215DC445DD8A0BC4BC900D","VideoHeartbeat","buffer-health",1785063809234,"JIO_ANDROID_TV","3.11.1","india","hin","UNK","1.8.2",1785062927034
21182457,"391B5CFEB5B78E32785A5A971E85015EB7693B476F279F5B7CFE148E85BAADF5","2E71CEC81506349C032A10C116490784320E5FFD5C215DC445DD8A0BC4BC900D","VideoHeartbeat","network-activity",1785063809234,"JIO_ANDROID_TV","3.11.1","india","hin","UNK","1.8.2",1785062927034
21182457,"391B5CFEB5B78E32785A5A971E85015EB7693B476F279F5B7CFE148E85BAADF5","2E71CEC81506349C032A10C116490784320E5FFD5C215DC445DD8A0BC4BC900D","VideoHeartbeat","buffer-health",1785063840326,"JIO_ANDROID_TV","3.11.1","india","hin","UNK","1.8.2",1785062927034
21182457,"391B5CFEB5B78E32785A5A971E85015EB7693B476F279F5B7CFE148E85BAADF5","2E71CEC81506349C032A10C116490784320E5FFD5C215DC445DD8A0BC4BC900D","VideoHeartbeat","network-activity",1785063840326,"JIO_ANDROID_TV","3.11.1","india","hin","UNK","1.8.2",1785062927034
21182457,"391B5CFEB5B78E32785A5A971E85015EB7693B476F279F5B7CFE148E85BAADF5","2E71CEC81506349C032A10C116490784320E5FFD5C215DC445DD8A0BC4BC900D","VideoHeartbeat","video-resize",1785063849235,"JIO_ANDROID_TV","3.11.1","india","hin","UNK","1.8.2",1785062927034
21182457,"391B5CFEB5B78E32785A5A971E85015EB7693B476F279F5B7CFE148E85BAADF5","2E71CEC81506349C032A10C116490784320E5FFD5C215DC445DD8A0BC4BC900D","VideoHeartbeat","network-bandwidth",1785063849237,"JIO_ANDROID_TV","3.11.1","india","hin","UNK","1.8.2",1785062927034
21182457,"391B5CFEB5B78E32785A5A971E85015EB7693B476F279F5B7CFE148E85BAADF5","2E71CEC81506349C032A10C116490784320E5FFD5C215DC445DD8A0BC4BC900D","VideoHeartbeat","buffer-health",1785063849237,"JIO_ANDROID_TV","3.11.1","india","hin","UNK","1.8.2",1785062927034
21182457,"391B5CFEB5B78E32785A5A971E85015EB7693B476F279F5B7CFE148E85BAADF5","2E71CEC81506349C032A10C116490784320E5FFD5C215DC445DD8A0BC4BC900D","VideoHeartbeat","video-resize",1785063889238,"JIO_ANDROID_TV","3.11.1","india","hin","UNK","1.8.2",1785062927034
21182457,"391B5CFEB5B78E32785A5A971E85015EB7693B476F279F5B7CFE148E85BAADF5","2E71CEC81506349C032A10C116490784320E5FFD5C215DC445DD8A0BC4BC900D","VideoHeartbeat","network-bandwidth",1785063889241,"JIO_ANDROID_TV","3.11.1","india","hin","UNK","1.8.2",1785062927034
21182457,"391B5CFEB5B78E32785A5A971E85015EB7693B476F279F5B7CFE148E85BAADF5","2E71CEC81506349C032A10C116490784320E5FFD5C215DC445DD8A0BC4BC900D","VideoHeartbeat","buffer-health",1785063889241,"JIO_ANDROID_TV","3.11.1","india","hin","UNK","1.8.2",1785062927034
21182457,"391B5CFEB5B78E32785A5A971E85015EB7693B476F279F5B7CFE148E85BAADF5","2E71CEC81506349C032A10C116490784320E5FFD5C215DC445DD8A0BC4BC900D","VideoHeartbeat","network-activity",1785063889241,"JIO_ANDROID_TV","3.11.1","india","hin","UNK","1.8.2",1785062927034
21182457,"391B5CFEB5B78E32785A5A971E85015EB7693B476F279F5B7CFE148E85BAADF5","2E71CEC81506349C032A10C116490784320E5FFD5C215DC445DD8A0BC4BC900D","VideoHeartbeat","video-resize",1785063929242,"JIO_ANDROID_TV","3.11.1","india","hin","UNK","1.8.2",1785062927034
21182457,"391B5CFEB5B78E32785A5A971E85015EB7693B476F279F5B7CFE148E85BAADF5","2E71CEC81506349C032A10C116490784320E5FFD5C215DC445DD8A0BC4BC900D","VideoHeartbeat","buffer-health",1785063929244,"JIO_ANDROID_TV","3.11.1","india","hin","UNK","1.8.2",1785062927034
21182457,"391B5CFEB5B78E32785A5A971E85015EB7693B476F279F5B7CFE148E85BAADF5","2E71CEC81506349C032A10C116490784320E5FFD5C215DC445DD8A0BC4BC900D","VideoHeartbeat","network-activity",1785063929244,"JIO_ANDROID_TV","3.11.1","india","hin","UNK","1.8.2",1785062927034
21182457,"391B5CFEB5B78E32785A5A971E85015EB7693B476F279F5B7CFE148E85BAADF5","2E71CEC81506349C032A10C116490784320E5FFD5C215DC445DD8A0BC4BC900D","VideoHeartbeat","video-resize",1785063969245,"JIO_ANDROID_TV","3.11.1","india","hin","UNK","1.8.2",1785062927034
21182457,"391B5CFEB5B78E32785A5A971E85015EB7693B476F279F5B7CFE148E85BAADF5","2E71CEC81506349C032A10C116490784320E5FFD5C215DC445DD8A0BC4BC900D","VideoHeartbeat","network-bandwidth",1785063969247,"JIO_ANDROID_TV","3.11.1","india","hin","UNK","1.8.2",1785062927034
21182457,"391B5CFEB5B78E32785A5A971E85015EB7693B476F279F5B7CFE148E85BAADF5","2E71CEC81506349C032A10C116490784320E5FFD5C215DC445DD8A0BC4BC900D","VideoHeartbeat","buffer-health",1785063969247,"JIO_ANDROID_TV","3.11.1","india","hin","UNK","1.8.2",1785062927034
21182457,"391B5CFEB5B78E32785A5A971E85015EB7693B476F279F5B7CFE148E85BAADF5","2E71CEC81506349C032A10C116490784320E5FFD5C215DC445DD8A0BC4BC900D","VideoHeartbeat","network-activity",1785063969247,"JIO_ANDROID_TV","3.11.1","india","hin","UNK","1.8.2",1785062927034
21182457,"391B5CFEB5B78E32785A5A971E85015EB7693B476F279F5B7CFE148E85BAADF5","2E71CEC81506349C032A10C116490784320E5FFD5C215DC445DD8A0BC4BC900D","VideoHeartbeat","video-resize",1785064009248,"JIO_ANDROID_TV","3.11.1","india","hin","UNK","1.8.2",1785062927034
21182457,"391B5CFEB5B78E32785A5A971E85015EB7693B476F279F5B7CFE148E85BAADF5","2E71CEC81506349C032A10C116490784320E5FFD5C215DC445DD8A0BC4BC900D","VideoHeartbeat","buffer-health",1785064009250,"JIO_ANDROID_TV","3.11.1","india","hin","UNK","1.8.2",1785062927034
21182457,"391B5CFEB5B78E32785A5A971E85015EB7693B476F279F5B7CFE148E85BAADF5","2E71CEC81506349C032A10C116490784320E5FFD5C215DC445DD8A0BC4BC900D","VideoHeartbeat","network-activity",1785064009250,"JIO_ANDROID_TV","3.11.1","india","hin","UNK","1.8.2",1785062927034
21182457,"391B5CFEB5B78E32785A5A971E85015EB7693B476F279F5B7CFE148E85BAADF5","2E71CEC81506349C032A10C116490784320E5FFD5C215DC445DD8A0BC4BC900D","VideoSessionEnd","VideoSessionEnd",1785064057061,"JIO_ANDROID_TV","3.11.1","india","hin","OFF","1.8.2",1785062927034
21182457,"391B5CFEB5B78E32785A5A971E85015EB7693B476F279F5B7CFE148E85BAADF5","2E71CEC81506349C032A10C116490784320E5FFD5C215DC445DD8A0BC4BC900D","AppForegrounded","AppForegrounded",1785064046211,"JIO_ANDROID_TV","3.11.1","india","hin","UNK","1.8.2",1785062927034
21182457,"391B5CFEB5B78E32785A5A971E85015EB7693B476F279F5B7CFE148E85BAADF5","2E71CEC81506349C032A10C116490784320E5FFD5C215DC445DD8A0BC4BC900D","VideoHeartbeat","pause",1785064043699,"JIO_ANDROID_TV","3.11.1","india","hin","UNK","1.8.2",1785062927034
21182457,"391B5CFEB5B78E32785A5A971E85015EB7693B476F279F5B7CFE148E85BAADF5","2E71CEC81506349C032A10C116490784320E5FFD5C215DC445DD8A0BC4BC900D","VideoHeartbeat","buffer-health",1785064047746,"JIO_ANDROID_TV","3.11.1","india","hin","UNK","1.8.2",1785062927034
21182457,"391B5CFEB5B78E32785A5A971E85015EB7693B476F279F5B7CFE148E85BAADF5","2E71CEC81506349C032A10C116490784320E5FFD5C215DC445DD8A0BC4BC900D","VideoHeartbeat","network-activity",1785064047746,"JIO_ANDROID_TV","3.11.1","india","hin","UNK","1.8.2",1785062927034
21182457,"391B5CFEB5B78E32785A5A971E85015EB7693B476F279F5B7CFE148E85BAADF5","2E71CEC81506349C032A10C116490784320E5FFD5C215DC445DD8A0BC4BC900D","AppBackgrounded","AppBackgrounded",1785064044602,"JIO_ANDROID_TV","3.11.1","india","hin","UNK","1.8.2",1785062927034
21182457,"391B5CFEB5B78E32785A5A971E85015EB7693B476F279F5B7CFE148E85BAADF5","2E71CEC81506349C032A10C116490784320E5FFD5C215DC445DD8A0BC4BC900D","VideoHeartbeat","resume",1785064054793,"JIO_ANDROID_TV","3.11.1","india","hin","UNK","1.8.2",1785062927034
21182457,"391B5CFEB5B78E32785A5A971E85015EB7693B476F279F5B7CFE148E85BAADF5","2E71CEC81506349C032A10C116490784320E5FFD5C215DC445DD8A0BC4BC900D","VideoHeartbeat","buffer-health",1785064054793,"JIO_ANDROID_TV","3.11.1","india","hin","UNK","1.8.2",1785062927034
21182457,"391B5CFEB5B78E32785A5A971E85015EB7693B476F279F5B7CFE148E85BAADF5","2E71CEC81506349C032A10C116490784320E5FFD5C215DC445DD8A0BC4BC900D","VideoHeartbeat","network-activity",1785064054793,"JIO_ANDROID_TV","3.11.1","india","hin","UNK","1.8.2",1785062927034
21182457,"391B5CFEB5B78E32785A5A971E85015EB7693B476F279F5B7CFE148E85BAADF5","2E71CEC81506349C032A10C116490784320E5FFD5C215DC445DD8A0BC4BC900D","VideoHeartbeat","pause",1785064056933,"JIO_ANDROID_TV","3.11.1","india","hin","OFF","1.8.2",1785062927034
21182457,"391B5CFEB5B78E32785A5A971E85015EB7693B476F279F5B7CFE148E85BAADF5","2E71CEC81506349C032A10C116490784320E5FFD5C215DC445DD8A0BC4BC900D","VideoHeartbeat","next_video_click",1785064056951,"JIO_ANDROID_TV","3.11.1","india","hin","OFF","1.8.2",1785062927034
2078157818,"EE3954EB3AE3CCC385D0E22862922DA860E66918859FCDBAB1E5D833B656A962","C534704515A11F40EF34D4BDC90467FC51DA7CBACFB6BFDE4119697875CD900E","VideoSessionStart","VideoSessionStart",1785062434044,"ANDROID_PHONE","6.34.8","india","unk","unk","1.8.2",1785062434044
2078157818,"EE3954EB3AE3CCC385D0E22862922DA860E66918859FCDBAB1E5D833B656A962","C534704515A11F40EF34D4BDC90467FC51DA7CBACFB6BFDE4119697875CD900E","VideoHeartbeat","network-activity",1785062437925,"ANDROID_PHONE","6.34.8","india","eng","UNK","1.8.2",1785062434044
2078157818,"EE3954EB3AE3CCC385D0E22862922DA860E66918859FCDBAB1E5D833B656A962","C534704515A11F40EF34D4BDC90467FC51DA7CBACFB6BFDE4119697875CD900E","VideoPlay","Play",1785062436783,"ANDROID_PHONE","6.34.8","india","eng","UNK","1.8.2",1785062434044
2078157818,"EE3954EB3AE3CCC385D0E22862922DA860E66918859FCDBAB1E5D833B656A962","C534704515A11F40EF34D4BDC90467FC51DA7CBACFB6BFDE4119697875CD900E","VideoHeartbeat","buffer-health",1785062467453,"ANDROID_PHONE","6.34.8","india","eng","UNK","1.8.2",1785062434044
2078157818,"EE3954EB3AE3CCC385D0E22862922DA860E66918859FCDBAB1E5D833B656A962","C534704515A11F40EF34D4BDC90467FC51DA7CBACFB6BFDE4119697875CD900E","VideoHeartbeat","network-activity",1785062467453,"ANDROID_PHONE","6.34.8","india","eng","UNK","1.8.2",1785062434044
2078157818,"EE3954EB3AE3CCC385D0E22862922DA860E66918859FCDBAB1E5D833B656A962","C534704515A11F40EF34D4BDC90467FC51DA7CBACFB6BFDE4119697875CD900E","VideoHeartbeat","video-resize",1785062476785,"ANDROID_PHONE","6.34.8","india","eng","UNK","1.8.2",1785062434044
2078157818,"EE3954EB3AE3CCC385D0E22862922DA860E66918859FCDBAB1E5D833B656A962","C534704515A11F40EF34D4BDC90467FC51DA7CBACFB6BFDE4119697875CD900E","VideoHeartbeat","buffer-health",1785062476786,"ANDROID_PHONE","6.34.8","india","eng","UNK","1.8.2",1785062434044
2078157818,"EE3954EB3AE3CCC385D0E22862922DA860E66918859FCDBAB1E5D833B656A962","C534704515A11F40EF34D4BDC90467FC51DA7CBACFB6BFDE4119697875CD900E","VideoHeartbeat","network-activity",1785062476786,"ANDROID_PHONE","6.34.8","india","eng","UNK","1.8.2",1785062434044
2078157818,"EE3954EB3AE3CCC385D0E22862922DA860E66918859FCDBAB1E5D833B656A962","C534704515A11F40EF34D4BDC90467FC51DA7CBACFB6BFDE4119697875CD900E","VideoHeartbeat","video-resize",1785062516787,"ANDROID_PHONE","6.34.8","india","eng","UNK","1.8.2",1785062434044
2078157818,"EE3954EB3AE3CCC385D0E22862922DA860E66918859FCDBAB1E5D833B656A962","C534704515A11F40EF34D4BDC90467FC51DA7CBACFB6BFDE4119697875CD900E","VideoHeartbeat","buffer-health",1785062516788,"ANDROID_PHONE","6.34.8","india","eng","UNK","1.8.2",1785062434044
2078157818,"EE3954EB3AE3CCC385D0E22862922DA860E66918859FCDBAB1E5D833B656A962","C534704515A11F40EF34D4BDC90467FC51DA7CBACFB6BFDE4119697875CD900E","VideoHeartbeat","network-activity",1785062516788,"ANDROID_PHONE","6.34.8","india","eng","UNK","1.8.2",1785062434044
2078157818,"EE3954EB3AE3CCC385D0E22862922DA860E66918859FCDBAB1E5D833B656A962","C534704515A11F40EF34D4BDC90467FC51DA7CBACFB6BFDE4119697875CD900E","VideoHeartbeat","buffer-health",1785062577030,"ANDROID_PHONE","6.34.8","india","eng","UNK","1.8.2",1785062434044
2078157818,"EE3954EB3AE3CCC385D0E22862922DA860E66918859FCDBAB1E5D833B656A962","C534704515A11F40EF34D4BDC90467FC51DA7CBACFB6BFDE4119697875CD900E","VideoHeartbeat","network-activity",1785062577030,"ANDROID_PHONE","6.34.8","india","eng","UNK","1.8.2",1785062434044
2078157818,"EE3954EB3AE3CCC385D0E22862922DA860E66918859FCDBAB1E5D833B656A962","C534704515A11F40EF34D4BDC90467FC51DA7CBACFB6BFDE4119697875CD900E","VideoHeartbeat","buffer-health",1785062546876,"ANDROID_PHONE","6.34.8","india","eng","UNK","1.8.2",1785062434044
2078157818,"EE3954EB3AE3CCC385D0E22862922DA860E66918859FCDBAB1E5D833B656A962","C534704515A11F40EF34D4BDC90467FC51DA7CBACFB6BFDE4119697875CD900E","VideoHeartbeat","network-activity",1785062546876,"ANDROID_PHONE","6.34.8","india","eng","UNK","1.8.2",1785062434044
2078157818,"EE3954EB3AE3CCC385D0E22862922DA860E66918859FCDBAB1E5D833B656A962","C534704515A11F40EF34D4BDC90467FC51DA7CBACFB6BFDE4119697875CD900E","VideoHeartbeat","video-resize",1785062596793,"ANDROID_PHONE","6.34.8","india","eng","UNK","1.8.2",1785062434044
2078157818,"EE3954EB3AE3CCC385D0E22862922DA860E66918859FCDBAB1E5D833B656A962","C534704515A11F40EF34D4BDC90467FC51DA7CBACFB6BFDE4119697875CD900E","VideoHeartbeat","buffer-health",1785062596794,"ANDROID_PHONE","6.34.8","india","eng","UNK","1.8.2",1785062434044
2078157818,"EE3954EB3AE3CCC385D0E22862922DA860E66918859FCDBAB1E5D833B656A962","C534704515A11F40EF34D4BDC90467FC51DA7CBACFB6BFDE4119697875CD900E","VideoHeartbeat","network-activity",1785062596794,"ANDROID_PHONE","6.34.8","india","eng","UNK","1.8.2",1785062434044
2078157818,"EE3954EB3AE3CCC385D0E22862922DA860E66918859FCDBAB1E5D833B656A962","C534704515A11F40EF34D4BDC90467FC51DA7CBACFB6BFDE4119697875CD900E","AppBackgrounded","AppBackgrounded",1785062616574,"ANDROID_PHONE","6.34.8","india","eng","UNK","1.8.2",1785062434044
2078157818,"EE3954EB3AE3CCC385D0E22862922DA860E66918859FCDBAB1E5D833B656A962","C534704515A11F40EF34D4BDC90467FC51DA7CBACFB6BFDE4119697875CD900E","VideoSessionEnd","VideoSessionEnd",1785062992335,"ANDROID_PHONE","6.34.8","india","eng","UNK","1.8.2",1785062434044
2078157818,"EE3954EB3AE3CCC385D0E22862922DA860E66918859FCDBAB1E5D833B656A962","C534704515A11F40EF34D4BDC90467FC51DA7CBACFB6BFDE4119697875CD900E","AppForegrounded","AppForegrounded",1785062954024,"ANDROID_PHONE","6.34.8","india","eng","UNK","1.8.2",1785062434044
2078157818,"EE3954EB3AE3CCC385D0E22862922DA860E66918859FCDBAB1E5D833B656A962","C534704515A11F40EF34D4BDC90467FC51DA7CBACFB6BFDE4119697875CD900E","VideoHeartbeat","pause",1785062616673,"ANDROID_PHONE","6.34.8","india","eng","UNK","1.8.2",1785062434044
2078157818,"EE3954EB3AE3CCC385D0E22862922DA860E66918859FCDBAB1E5D833B656A962","C534704515A11F40EF34D4BDC90467FC51DA7CBACFB6BFDE4119697875CD900E","VideoHeartbeat","dropped-frames",1785062616854,"ANDROID_PHONE","6.34.8","india","eng","UNK","1.8.2",1785062434044
2078157818,"EE3954EB3AE3CCC385D0E22862922DA860E66918859FCDBAB1E5D833B656A962","C534704515A11F40EF34D4BDC90467FC51DA7CBACFB6BFDE4119697875CD900E","VideoHeartbeat","resume",1785062959719,"ANDROID_PHONE","6.34.8","india","eng","UNK","1.8.2",1785062434044
2078157818,"EE3954EB3AE3CCC385D0E22862922DA860E66918859FCDBAB1E5D833B656A962","C534704515A11F40EF34D4BDC90467FC51DA7CBACFB6BFDE4119697875CD900E","VideoHeartbeat","go_live_click",1785062961605,"ANDROID_PHONE","6.34.8","india","eng","UNK","1.8.2",1785062434044
2078157818,"EE3954EB3AE3CCC385D0E22862922DA860E66918859FCDBAB1E5D833B656A962","C534704515A11F40EF34D4BDC90467FC51DA7CBACFB6BFDE4119697875CD900E","VideoHeartbeat","BufferStart",1785062961612,"ANDROID_PHONE","6.34.8","india","eng","UNK","1.8.2",1785062434044
2078157818,"EE3954EB3AE3CCC385D0E22862922DA860E66918859FCDBAB1E5D833B656A962","C534704515A11F40EF34D4BDC90467FC51DA7CBACFB6BFDE4119697875CD900E","VideoHeartbeat","pause",1785062992215,"ANDROID_PHONE","6.34.8","india","eng","UNK","1.8.2",1785062434044
2078157818,"EE3954EB3AE3CCC385D0E22862922DA860E66918859FCDBAB1E5D833B656A962","C534704515A11F40EF34D4BDC90467FC51DA7CBACFB6BFDE4119697875CD900E","VideoHeartbeat","BufferEnd",1785062992215,"ANDROID_PHONE","6.34.8","india","eng","UNK","1.8.2",1785062434044
2078157818,"EE3954EB3AE3CCC385D0E22862922DA860E66918859FCDBAB1E5D833B656A962","C534704515A11F40EF34D4BDC90467FC51DA7CBACFB6BFDE4119697875CD900E","VideoHeartbeat","buffer-health",1785062992317,"ANDROID_PHONE","6.34.8","india","eng","UNK","1.8.2",1785062434044
2078157818,"EE3954EB3AE3CCC385D0E22862922DA860E66918859FCDBAB1E5D833B656A962","C534704515A11F40EF34D4BDC90467FC51DA7CBACFB6BFDE4119697875CD900E","VideoHeartbeat","network-activity",1785062992317,"ANDROID_PHONE","6.34.8","india","eng","UNK","1.8.2",1785062434044
2078164714,"F4E06E425C48FC4413C86C12FF57E52F12C820B080B36881264D83C28BC1F456","4798FFAEC22466437E6322A8A3E7F250C5F42B984576D5BC91098A216C194EE2","VideoSessionStart","VideoSessionStart",1785063736118,"FIRE_TV","9.38.1","india","hin","unk","1.8.2",1785063736118
2078164714,"F4E06E425C48FC4413C86C12FF57E52F12C820B080B36881264D83C28BC1F456","4798FFAEC22466437E6322A8A3E7F250C5F42B984576D5BC91098A216C194EE2","VideoPlay","Play",1785063737165,"FIRE_TV","9.38.1","india","hin","OFF","1.8.2",1785063736118
2078164714,"F4E06E425C48FC4413C86C12FF57E52F12C820B080B36881264D83C28BC1F456","4798FFAEC22466437E6322A8A3E7F250C5F42B984576D5BC91098A216C194EE2","VideoHeartbeat","video-resize",1785063817175,"FIRE_TV","9.38.1","india","hin","UNK","1.8.2",1785063736118
2078164714,"F4E06E425C48FC4413C86C12FF57E52F12C820B080B36881264D83C28BC1F456","4798FFAEC22466437E6322A8A3E7F250C5F42B984576D5BC91098A216C194EE2","VideoHeartbeat","buffer-health",1785063817180,"FIRE_TV","9.38.1","india","hin","UNK","1.8.2",1785063736118
2078164714,"F4E06E425C48FC4413C86C12FF57E52F12C820B080B36881264D83C28BC1F456","4798FFAEC22466437E6322A8A3E7F250C5F42B984576D5BC91098A216C194EE2","VideoHeartbeat","network-activity",1785063817180,"FIRE_TV","9.38.1","india","hin","UNK","1.8.2",1785063736118
2078164714,"F4E06E425C48FC4413C86C12FF57E52F12C820B080B36881264D83C28BC1F456","4798FFAEC22466437E6322A8A3E7F250C5F42B984576D5BC91098A216C194EE2","VideoHeartbeat","upshift",1785063739383,"FIRE_TV","9.38.1","india","hin","UNK","1.8.2",1785063736118
2078164714,"F4E06E425C48FC4413C86C12FF57E52F12C820B080B36881264D83C28BC1F456","4798FFAEC22466437E6322A8A3E7F250C5F42B984576D5BC91098A216C194EE2","VideoHeartbeat","video-resize",1785063777169,"FIRE_TV","9.38.1","india","hin","UNK","1.8.2",1785063736118
2078164714,"F4E06E425C48FC4413C86C12FF57E52F12C820B080B36881264D83C28BC1F456","4798FFAEC22466437E6322A8A3E7F250C5F42B984576D5BC91098A216C194EE2","VideoHeartbeat","network-bandwidth",1785063777174,"FIRE_TV","9.38.1","india","hin","UNK","1.8.2",1785063736118
2078164714,"F4E06E425C48FC4413C86C12FF57E52F12C820B080B36881264D83C28BC1F456","4798FFAEC22466437E6322A8A3E7F250C5F42B984576D5BC91098A216C194EE2","VideoHeartbeat","buffer-health",1785063777174,"FIRE_TV","9.38.1","india","hin","UNK","1.8.2",1785063736118
2078164714,"F4E06E425C48FC4413C86C12FF57E52F12C820B080B36881264D83C28BC1F456","4798FFAEC22466437E6322A8A3E7F250C5F42B984576D5BC91098A216C194EE2","VideoHeartbeat","network-activity",1785063777174,"FIRE_TV","9.38.1","india","hin","UNK","1.8.2",1785063736118
2078164714,"F4E06E425C48FC4413C86C12FF57E52F12C820B080B36881264D83C28BC1F456","4798FFAEC22466437E6322A8A3E7F250C5F42B984576D5BC91098A216C194EE2","VideoHeartbeat","video-resize",1785063857182,"FIRE_TV","9.38.1","india","hin","UNK","1.8.2",1785063736118
2078164714,"F4E06E425C48FC4413C86C12FF57E52F12C820B080B36881264D83C28BC1F456","4798FFAEC22466437E6322A8A3E7F250C5F42B984576D5BC91098A216C194EE2","VideoHeartbeat","buffer-health",1785063857184,"FIRE_TV","9.38.1","india","hin","UNK","1.8.2",1785063736118
2078164714,"F4E06E425C48FC4413C86C12FF57E52F12C820B080B36881264D83C28BC1F456","4798FFAEC22466437E6322A8A3E7F250C5F42B984576D5BC91098A216C194EE2","VideoHeartbeat","network-activity",1785063857184,"FIRE_TV","9.38.1","india","hin","UNK","1.8.2",1785063736118
2078164714,"F4E06E425C48FC4413C86C12FF57E52F12C820B080B36881264D83C28BC1F456","4798FFAEC22466437E6322A8A3E7F250C5F42B984576D5BC91098A216C194EE2","VideoHeartbeat","video-resize",1785063897186,"FIRE_TV","9.38.1","india","hin","UNK","1.8.2",1785063736118
2078164714,"F4E06E425C48FC4413C86C12FF57E52F12C820B080B36881264D83C28BC1F456","4798FFAEC22466437E6322A8A3E7F250C5F42B984576D5BC91098A216C194EE2","VideoHeartbeat","buffer-health",1785063897191,"FIRE_TV","9.38.1","india","hin","UNK","1.8.2",1785063736118
2078164714,"F4E06E425C48FC4413C86C12FF57E52F12C820B080B36881264D83C28BC1F456","4798FFAEC22466437E6322A8A3E7F250C5F42B984576D5BC91098A216C194EE2","VideoHeartbeat","network-activity",1785063897191,"FIRE_TV","9.38.1","india","hin","UNK","1.8.2",1785063736118
2078164714,"F4E06E425C48FC4413C86C12FF57E52F12C820B080B36881264D83C28BC1F456","4798FFAEC22466437E6322A8A3E7F250C5F42B984576D5BC91098A216C194EE2","VideoHeartbeat","video-resize",1785063937192,"FIRE_TV","9.38.1","india","hin","UNK","1.8.2",1785063736118
2078164714,"F4E06E425C48FC4413C86C12FF57E52F12C820B080B36881264D83C28BC1F456","4798FFAEC22466437E6322A8A3E7F250C5F42B984576D5BC91098A216C194EE2","VideoHeartbeat","buffer-health",1785063937195,"FIRE_TV","9.38.1","india","hin","UNK","1.8.2",1785063736118
2078164714,"F4E06E425C48FC4413C86C12FF57E52F12C820B080B36881264D83C28BC1F456","4798FFAEC22466437E6322A8A3E7F250C5F42B984576D5BC91098A216C194EE2","VideoHeartbeat","network-activity",1785063937195,"FIRE_TV","9.38.1","india","hin","UNK","1.8.2",1785063736118
2078164714,"F4E06E425C48FC4413C86C12FF57E52F12C820B080B36881264D83C28BC1F456","4798FFAEC22466437E6322A8A3E7F250C5F42B984576D5BC91098A216C194EE2","VideoHeartbeat","video-resize",1785063977196,"FIRE_TV","9.38.1","india","hin","UNK","1.8.2",1785063736118
2078164714,"F4E06E425C48FC4413C86C12FF57E52F12C820B080B36881264D83C28BC1F456","4798FFAEC22466437E6322A8A3E7F250C5F42B984576D5BC91098A216C194EE2","VideoHeartbeat","buffer-health",1785063977199,"FIRE_TV","9.38.1","india","hin","UNK","1.8.2",1785063736118
2078164714,"F4E06E425C48FC4413C86C12FF57E52F12C820B080B36881264D83C28BC1F456","4798FFAEC22466437E6322A8A3E7F250C5F42B984576D5BC91098A216C194EE2","VideoHeartbeat","network-activity",1785063977199,"FIRE_TV","9.38.1","india","hin","UNK","1.8.2",1785063736118
2078164714,"F4E06E425C48FC4413C86C12FF57E52F12C820B080B36881264D83C28BC1F456","4798FFAEC22466437E6322A8A3E7F250C5F42B984576D5BC91098A216C194EE2","VideoHeartbeat","pause",1785063985703,"FIRE_TV","9.38.1","india","hin","UNK","1.8.2",1785063736118
2078164714,"F4E06E425C48FC4413C86C12FF57E52F12C820B080B36881264D83C28BC1F456","4798FFAEC22466437E6322A8A3E7F250C5F42B984576D5BC91098A216C194EE2","VideoHeartbeat","video-resize",1785064017200,"FIRE_TV","9.38.1","india","hin","UNK","1.8.2",1785063736118
2078164714,"F4E06E425C48FC4413C86C12FF57E52F12C820B080B36881264D83C28BC1F456","4798FFAEC22466437E6322A8A3E7F250C5F42B984576D5BC91098A216C194EE2","VideoHeartbeat","buffer-health",1785064017203,"FIRE_TV","9.38.1","india","hin","UNK","1.8.2",1785063736118
2078164714,"F4E06E425C48FC4413C86C12FF57E52F12C820B080B36881264D83C28BC1F456","4798FFAEC22466437E6322A8A3E7F250C5F42B984576D5BC91098A216C194EE2","VideoHeartbeat","network-activity",1785064017203,"FIRE_TV","9.38.1","india","hin","UNK","1.8.2",1785063736118
2078164714,"F4E06E425C48FC4413C86C12FF57E52F12C820B080B36881264D83C28BC1F456","4798FFAEC22466437E6322A8A3E7F250C5F42B984576D5BC91098A216C194EE2","VideoHeartbeat","video-resize",1785064097208,"FIRE_TV","9.38.1","india","hin","UNK","1.8.2",1785063736118
2078164714,"F4E06E425C48FC4413C86C12FF57E52F12C820B080B36881264D83C28BC1F456","4798FFAEC22466437E6322A8A3E7F250C5F42B984576D5BC91098A216C194EE2","VideoHeartbeat","buffer-health",1785064097214,"FIRE_TV","9.38.1","india","hin","UNK","1.8.2",1785063736118
2078164714,"F4E06E425C48FC4413C86C12FF57E52F12C820B080B36881264D83C28BC1F456","4798FFAEC22466437E6322A8A3E7F250C5F42B984576D5BC91098A216C194EE2","VideoHeartbeat","network-activity",1785064097214,"FIRE_TV","9.38.1","india","hin","UNK","1.8.2",1785063736118
2078164714,"F4E06E425C48FC4413C86C12FF57E52F12C820B080B36881264D83C28BC1F456","4798FFAEC22466437E6322A8A3E7F250C5F42B984576D5BC91098A216C194EE2","VideoHeartbeat","resume",1785064018374,"FIRE_TV","9.38.1","india","hin","UNK","1.8.2",1785063736118
2078164714,"F4E06E425C48FC4413C86C12FF57E52F12C820B080B36881264D83C28BC1F456","4798FFAEC22466437E6322A8A3E7F250C5F42B984576D5BC91098A216C194EE2","VideoHeartbeat","video-resize",1785064057203,"FIRE_TV","9.38.1","india","hin","UNK","1.8.2",1785063736118
2078164714,"F4E06E425C48FC4413C86C12FF57E52F12C820B080B36881264D83C28BC1F456","4798FFAEC22466437E6322A8A3E7F250C5F42B984576D5BC91098A216C194EE2","VideoHeartbeat","buffer-health",1785064057207,"FIRE_TV","9.38.1","india","hin","UNK","1.8.2",1785063736118
2078164714,"F4E06E425C48FC4413C86C12FF57E52F12C820B080B36881264D83C28BC1F456","4798FFAEC22466437E6322A8A3E7F250C5F42B984576D5BC91098A216C194EE2","VideoHeartbeat","network-activity",1785064057207,"FIRE_TV","9.38.1","india","hin","UNK","1.8.2",1785063736118
2078164714,"F4E06E425C48FC4413C86C12FF57E52F12C820B080B36881264D83C28BC1F456","4798FFAEC22466437E6322A8A3E7F250C5F42B984576D5BC91098A216C194EE2","VideoHeartbeat","video-resize",1785064137215,"FIRE_TV","9.38.1","india","hin","UNK","1.8.2",1785063736118
2078164714,"F4E06E425C48FC4413C86C12FF57E52F12C820B080B36881264D83C28BC1F456","4798FFAEC22466437E6322A8A3E7F250C5F42B984576D5BC91098A216C194EE2","VideoHeartbeat","buffer-health",1785064137217,"FIRE_TV","9.38.1","india","hin","UNK","1.8.2",1785063736118
2078164714,"F4E06E425C48FC4413C86C12FF57E52F12C820B080B36881264D83C28BC1F456","4798FFAEC22466437E6322A8A3E7F250C5F42B984576D5BC91098A216C194EE2","VideoHeartbeat","network-activity",1785064137217,"FIRE_TV","9.38.1","india","hin","UNK","1.8.2",1785063736118
2078164714,"F4E06E425C48FC4413C86C12FF57E52F12C820B080B36881264D83C28BC1F456","4798FFAEC22466437E6322A8A3E7F250C5F42B984576D5BC91098A216C194EE2","AppBackgrounded","AppBackgrounded",1785064213137,"FIRE_TV","9.38.1","india","hin","UNK","1.8.2",1785063736118
2078164714,"F4E06E425C48FC4413C86C12FF57E52F12C820B080B36881264D83C28BC1F456","4798FFAEC22466437E6322A8A3E7F250C5F42B984576D5BC91098A216C194EE2","VideoHeartbeat","video-resize",1785064177218,"FIRE_TV","9.38.1","india","hin","UNK","1.8.2",1785063736118
2078164714,"F4E06E425C48FC4413C86C12FF57E52F12C820B080B36881264D83C28BC1F456","4798FFAEC22466437E6322A8A3E7F250C5F42B984576D5BC91098A216C194EE2","VideoHeartbeat","buffer-health",1785064177225,"FIRE_TV","9.38.1","india","hin","UNK","1.8.2",1785063736118
2078164714,"F4E06E425C48FC4413C86C12FF57E52F12C820B080B36881264D83C28BC1F456","4798FFAEC22466437E6322A8A3E7F250C5F42B984576D5BC91098A216C194EE2","VideoHeartbeat","network-activity",1785064177225,"FIRE_TV","9.38.1","india","hin","UNK","1.8.2",1785063736118
2078164714,"F4E06E425C48FC4413C86C12FF57E52F12C820B080B36881264D83C28BC1F456","4798FFAEC22466437E6322A8A3E7F250C5F42B984576D5BC91098A216C194EE2","AppForegrounded","AppForegrounded",1785064378531,"FIRE_TV","9.38.1","india","hin","UNK","1.8.2",1785063736118
2078164714,"F4E06E425C48FC4413C86C12FF57E52F12C820B080B36881264D83C28BC1F456","4798FFAEC22466437E6322A8A3E7F250C5F42B984576D5BC91098A216C194EE2","VideoSessionEnd","VideoSessionEnd",1785064380320,"FIRE_TV","9.38.1","india","hin","OFF","1.8.2",1785063736118
2078164714,"F4E06E425C48FC4413C86C12FF57E52F12C820B080B36881264D83C28BC1F456","4798FFAEC22466437E6322A8A3E7F250C5F42B984576D5BC91098A216C194EE2","VideoHeartbeat","pause",1785064210256,"FIRE_TV","9.38.1","india","hin","OFF","1.8.2",1785063736118
2078164714,"F4E06E425C48FC4413C86C12FF57E52F12C820B080B36881264D83C28BC1F456","4798FFAEC22466437E6322A8A3E7F250C5F42B984576D5BC91098A216C194EE2","VideoHeartbeat","BufferStart",1785064380068,"FIRE_TV","9.38.1","india","hin","OFF","1.8.2",1785063736118
2078164714,"F4E06E425C48FC4413C86C12FF57E52F12C820B080B36881264D83C28BC1F456","4798FFAEC22466437E6322A8A3E7F250C5F42B984576D5BC91098A216C194EE2","VideoHeartbeat","BufferEnd",1785064380207,"FIRE_TV","9.38.1","india","hin","OFF","1.8.2",1785063736118
2078164714,"F4E06E425C48FC4413C86C12FF57E52F12C820B080B36881264D83C28BC1F456","4798FFAEC22466437E6322A8A3E7F250C5F42B984576D5BC91098A216C194EE2","VideoHeartbeat","buffer-health",1785064380307,"FIRE_TV","9.38.1","india","hin","OFF","1.8.2",1785063736118
2078164714,"F4E06E425C48FC4413C86C12FF57E52F12C820B080B36881264D83C28BC1F456","4798FFAEC22466437E6322A8A3E7F250C5F42B984576D5BC91098A216C194EE2","VideoHeartbeat","network-activity",1785064380307,"FIRE_TV","9.38.1","india","hin","OFF","1.8.2",1785063736118
21275374,"04AD2FF02353F07DD570349B1866BC9A58E750C53B093ED21EAB9359C965F501","A7F89C0CE73396D53CD22A6AB7507CA438DC337AC2CB83C42B3F6E94508CF95D","VideoSessionStart","VideoSessionStart",1785063433359,"JIO_ANDROID_TV","3.11.1","india","hin","unk","1.8.2",1785063433359
21275374,"04AD2FF02353F07DD570349B1866BC9A58E750C53B093ED21EAB9359C965F501","A7F89C0CE73396D53CD22A6AB7507CA438DC337AC2CB83C42B3F6E94508CF95D","VideoPlay","Play",1785063435421,"JIO_ANDROID_TV","3.11.1","india","hin","OFF","1.8.2",1785063433359
21275374,"04AD2FF02353F07DD570349B1866BC9A58E750C53B093ED21EAB9359C965F501","A7F89C0CE73396D53CD22A6AB7507CA438DC337AC2CB83C42B3F6E94508CF95D","VideoHeartbeat","video-resize",1785063475538,"JIO_ANDROID_TV","3.11.1","india","hin","UNK","1.8.2",1785063433359
21275374,"04AD2FF02353F07DD570349B1866BC9A58E750C53B093ED21EAB9359C965F501","A7F89C0CE73396D53CD22A6AB7507CA438DC337AC2CB83C42B3F6E94508CF95D","VideoHeartbeat","network-bandwidth",1785063475542,"JIO_ANDROID_TV","3.11.1","india","hin","UNK","1.8.2",1785063433359
21275374,"04AD2FF02353F07DD570349B1866BC9A58E750C53B093ED21EAB9359C965F501","A7F89C0CE73396D53CD22A6AB7507CA438DC337AC2CB83C42B3F6E94508CF95D","VideoHeartbeat","buffer-health",1785063475542,"JIO_ANDROID_TV","3.11.1","india","hin","UNK","1.8.2",1785063433359
21275374,"04AD2FF02353F07DD570349B1866BC9A58E750C53B093ED21EAB9359C965F501","A7F89C0CE73396D53CD22A6AB7507CA438DC337AC2CB83C42B3F6E94508CF95D","VideoHeartbeat","network-activity",1785063475542,"JIO_ANDROID_TV","3.11.1","india","hin","UNK","1.8.2",1785063433359
21275374,"04AD2FF02353F07DD570349B1866BC9A58E750C53B093ED21EAB9359C965F501","A7F89C0CE73396D53CD22A6AB7507CA438DC337AC2CB83C42B3F6E94508CF95D","VideoHeartbeat","video-resize",1785063515543,"JIO_ANDROID_TV","3.11.1","india","hin","UNK","1.8.2",1785063433359
21275374,"04AD2FF02353F07DD570349B1866BC9A58E750C53B093ED21EAB9359C965F501","A7F89C0CE73396D53CD22A6AB7507CA438DC337AC2CB83C42B3F6E94508CF95D","VideoHeartbeat","buffer-health",1785063515551,"JIO_ANDROID_TV","3.11.1","india","hin","UNK","1.8.2",1785063433359
21275374,"04AD2FF02353F07DD570349B1866BC9A58E750C53B093ED21EAB9359C965F501","A7F89C0CE73396D53CD22A6AB7507CA438DC337AC2CB83C42B3F6E94508CF95D","VideoHeartbeat","network-activity",1785063515551,"JIO_ANDROID_TV","3.11.1","india","hin","UNK","1.8.2",1785063433359
21275374,"04AD2FF02353F07DD570349B1866BC9A58E750C53B093ED21EAB9359C965F501","A7F89C0CE73396D53CD22A6AB7507CA438DC337AC2CB83C42B3F6E94508CF95D","VideoHeartbeat","video-resize",1785063555553,"JIO_ANDROID_TV","3.11.1","india","hin","UNK","1.8.2",1785063433359
21275374,"04AD2FF02353F07DD570349B1866BC9A58E750C53B093ED21EAB9359C965F501","A7F89C0CE73396D53CD22A6AB7507CA438DC337AC2CB83C42B3F6E94508CF95D","VideoHeartbeat","buffer-health",1785063555556,"JIO_ANDROID_TV","3.11.1","india","hin","UNK","1.8.2",1785063433359
21275374,"04AD2FF02353F07DD570349B1866BC9A58E750C53B093ED21EAB9359C965F501","A7F89C0CE73396D53CD22A6AB7507CA438DC337AC2CB83C42B3F6E94508CF95D","VideoHeartbeat","network-activity",1785063555556,"JIO_ANDROID_TV","3.11.1","india","hin","UNK","1.8.2",1785063433359
21275374,"04AD2FF02353F07DD570349B1866BC9A58E750C53B093ED21EAB9359C965F501","A7F89C0CE73396D53CD22A6AB7507CA438DC337AC2CB83C42B3F6E94508CF95D","VideoHeartbeat","video-resize",1785063595558,"JIO_ANDROID_TV","3.11.1","india","hin","UNK","1.8.2",1785063433359
21275374,"04AD2FF02353F07DD570349B1866BC9A58E750C53B093ED21EAB9359C965F501","A7F89C0CE73396D53CD22A6AB7507CA438DC337AC2CB83C42B3F6E94508CF95D","VideoHeartbeat","buffer-health",1785063595561,"JIO_ANDROID_TV","3.11.1","india","hin","UNK","1.8.2",1785063433359
21275374,"04AD2FF02353F07DD570349B1866BC9A58E750C53B093ED21EAB9359C965F501","A7F89C0CE73396D53CD22A6AB7507CA438DC337AC2CB83C42B3F6E94508CF95D","VideoHeartbeat","network-activity",1785063595561,"JIO_ANDROID_TV","3.11.1","india","hin","UNK","1.8.2",1785063433359
21275374,"04AD2FF02353F07DD570349B1866BC9A58E750C53B093ED21EAB9359C965F501","A7F89C0CE73396D53CD22A6AB7507CA438DC337AC2CB83C42B3F6E94508CF95D","VideoHeartbeat","video-resize",1785063635562,"JIO_ANDROID_TV","3.11.1","india","hin","UNK","1.8.2",1785063433359
21275374,"04AD2FF02353F07DD570349B1866BC9A58E750C53B093ED21EAB9359C965F501","A7F89C0CE73396D53CD22A6AB7507CA438DC337AC2CB83C42B3F6E94508CF95D","VideoHeartbeat","buffer-health",1785063635565,"JIO_ANDROID_TV","3.11.1","india","hin","UNK","1.8.2",1785063433359
21275374,"04AD2FF02353F07DD570349B1866BC9A58E750C53B093ED21EAB9359C965F501","A7F89C0CE73396D53CD22A6AB7507CA438DC337AC2CB83C42B3F6E94508CF95D","VideoHeartbeat","network-activity",1785063635565,"JIO_ANDROID_TV","3.11.1","india","hin","UNK","1.8.2",1785063433359
21275374,"04AD2FF02353F07DD570349B1866BC9A58E750C53B093ED21EAB9359C965F501","A7F89C0CE73396D53CD22A6AB7507CA438DC337AC2CB83C42B3F6E94508CF95D","VideoHeartbeat","video-resize",1785063675567,"JIO_ANDROID_TV","3.11.1","india","hin","UNK","1.8.2",1785063433359
21275374,"04AD2FF02353F07DD570349B1866BC9A58E750C53B093ED21EAB9359C965F501","A7F89C0CE73396D53CD22A6AB7507CA438DC337AC2CB83C42B3F6E94508CF95D","VideoHeartbeat","buffer-health",1785063675576,"JIO_ANDROID_TV","3.11.1","india","hin","UNK","1.8.2",1785063433359
21275374,"04AD2FF02353F07DD570349B1866BC9A58E750C53B093ED21EAB9359C965F501","A7F89C0CE73396D53CD22A6AB7507CA438DC337AC2CB83C42B3F6E94508CF95D","VideoHeartbeat","network-activity",1785063675576,"JIO_ANDROID_TV","3.11.1","india","hin","UNK","1.8.2",1785063433359
21275374,"04AD2FF02353F07DD570349B1866BC9A58E750C53B093ED21EAB9359C965F501","A7F89C0CE73396D53CD22A6AB7507CA438DC337AC2CB83C42B3F6E94508CF95D","VideoHeartbeat","video-resize",1785063715579,"JIO_ANDROID_TV","3.11.1","india","hin","UNK","1.8.2",1785063433359
21275374,"04AD2FF02353F07DD570349B1866BC9A58E750C53B093ED21EAB9359C965F501","A7F89C0CE73396D53CD22A6AB7507CA438DC337AC2CB83C42B3F6E94508CF95D","VideoHeartbeat","buffer-health",1785063715584,"JIO_ANDROID_TV","3.11.1","india","hin","UNK","1.8.2",1785063433359
21275374,"04AD2FF02353F07DD570349B1866BC9A58E750C53B093ED21EAB9359C965F501","A7F89C0CE73396D53CD22A6AB7507CA438DC337AC2CB83C42B3F6E94508CF95D","VideoHeartbeat","network-activity",1785063715584,"JIO_ANDROID_TV","3.11.1","india","hin","UNK","1.8.2",1785063433359
21275374,"04AD2FF02353F07DD570349B1866BC9A58E750C53B093ED21EAB9359C965F501","A7F89C0CE73396D53CD22A6AB7507CA438DC337AC2CB83C42B3F6E94508CF95D","VideoHeartbeat","video-resize",1785063755586,"JIO_ANDROID_TV","3.11.1","india","hin","UNK","1.8.2",1785063433359
21275374,"04AD2FF02353F07DD570349B1866BC9A58E750C53B093ED21EAB9359C965F501","A7F89C0CE73396D53CD22A6AB7507CA438DC337AC2CB83C42B3F6E94508CF95D","VideoHeartbeat","buffer-health",1785063755590,"JIO_ANDROID_TV","3.11.1","india","hin","UNK","1.8.2",1785063433359
21275374,"04AD2FF02353F07DD570349B1866BC9A58E750C53B093ED21EAB9359C965F501","A7F89C0CE73396D53CD22A6AB7507CA438DC337AC2CB83C42B3F6E94508CF95D","VideoHeartbeat","network-activity",1785063755590,"JIO_ANDROID_TV","3.11.1","india","hin","UNK","1.8.2",1785063433359
21275374,"04AD2FF02353F07DD570349B1866BC9A58E750C53B093ED21EAB9359C965F501","A7F89C0CE73396D53CD22A6AB7507CA438DC337AC2CB83C42B3F6E94508CF95D","VideoHeartbeat","video-resize",1785063795591,"JIO_ANDROID_TV","3.11.1","india","hin","UNK","1.8.2",1785063433359
21275374,"04AD2FF02353F07DD570349B1866BC9A58E750C53B093ED21EAB9359C965F501","A7F89C0CE73396D53CD22A6AB7507CA438DC337AC2CB83C42B3F6E94508CF95D","VideoHeartbeat","buffer-health",1785063795597,"JIO_ANDROID_TV","3.11.1","india","hin","UNK","1.8.2",1785063433359
21275374,"04AD2FF02353F07DD570349B1866BC9A58E750C53B093ED21EAB9359C965F501","A7F89C0CE73396D53CD22A6AB7507CA438DC337AC2CB83C42B3F6E94508CF95D","VideoHeartbeat","network-activity",1785063795597,"JIO_ANDROID_TV","3.11.1","india","hin","UNK","1.8.2",1785063433359
21275374,"04AD2FF02353F07DD570349B1866BC9A58E750C53B093ED21EAB9359C965F501","A7F89C0CE73396D53CD22A6AB7507CA438DC337AC2CB83C42B3F6E94508CF95D","VideoHeartbeat","video-resize",1785063835599,"JIO_ANDROID_TV","3.11.1","india","hin","UNK","1.8.2",1785063433359
21275374,"04AD2FF02353F07DD570349B1866BC9A58E750C53B093ED21EAB9359C965F501","A7F89C0CE73396D53CD22A6AB7507CA438DC337AC2CB83C42B3F6E94508CF95D","VideoHeartbeat","buffer-health",1785063835602,"JIO_ANDROID_TV","3.11.1","india","hin","UNK","1.8.2",1785063433359
21275374,"04AD2FF02353F07DD570349B1866BC9A58E750C53B093ED21EAB9359C965F501","A7F89C0CE73396D53CD22A6AB7507CA438DC337AC2CB83C42B3F6E94508CF95D","VideoHeartbeat","network-activity",1785063835602,"JIO_ANDROID_TV","3.11.1","india","hin","UNK","1.8.2",1785063433359
21275374,"04AD2FF02353F07DD570349B1866BC9A58E750C53B093ED21EAB9359C965F501","A7F89C0CE73396D53CD22A6AB7507CA438DC337AC2CB83C42B3F6E94508CF95D","VideoHeartbeat","video-resize",1785063875603,"JIO_ANDROID_TV","3.11.1","india","hin","UNK","1.8.2",1785063433359
21275374,"04AD2FF02353F07DD570349B1866BC9A58E750C53B093ED21EAB9359C965F501","A7F89C0CE73396D53CD22A6AB7507CA438DC337AC2CB83C42B3F6E94508CF95D","VideoHeartbeat","buffer-health",1785063875607,"JIO_ANDROID_TV","3.11.1","india","hin","UNK","1.8.2",1785063433359
21275374,"04AD2FF02353F07DD570349B1866BC9A58E750C53B093ED21EAB9359C965F501","A7F89C0CE73396D53CD22A6AB7507CA438DC337AC2CB83C42B3F6E94508CF95D","VideoHeartbeat","network-activity",1785063875607,"JIO_ANDROID_TV","3.11.1","india","hin","UNK","1.8.2",1785063433359
21275374,"04AD2FF02353F07DD570349B1866BC9A58E750C53B093ED21EAB9359C965F501","A7F89C0CE73396D53CD22A6AB7507CA438DC337AC2CB83C42B3F6E94508CF95D","VideoHeartbeat","buffer-health",1785063906085,"JIO_ANDROID_TV","3.11.1","india","hin","UNK","1.8.2",1785063433359
21275374,"04AD2FF02353F07DD570349B1866BC9A58E750C53B093ED21EAB9359C965F501","A7F89C0CE73396D53CD22A6AB7507CA438DC337AC2CB83C42B3F6E94508CF95D","VideoHeartbeat","network-activity",1785063906085,"JIO_ANDROID_TV","3.11.1","india","hin","UNK","1.8.2",1785063433359
21275374,"04AD2FF02353F07DD570349B1866BC9A58E750C53B093ED21EAB9359C965F501","A7F89C0CE73396D53CD22A6AB7507CA438DC337AC2CB83C42B3F6E94508CF95D","VideoHeartbeat","video-resize",1785063915609,"JIO_ANDROID_TV","3.11.1","india","hin","UNK","1.8.2",1785063433359
21275374,"04AD2FF02353F07DD570349B1866BC9A58E750C53B093ED21EAB9359C965F501","A7F89C0CE73396D53CD22A6AB7507CA438DC337AC2CB83C42B3F6E94508CF95D","VideoHeartbeat","buffer-health",1785063915612,"JIO_ANDROID_TV","3.11.1","india","hin","UNK","1.8.2",1785063433359
21275374,"04AD2FF02353F07DD570349B1866BC9A58E750C53B093ED21EAB9359C965F501","A7F89C0CE73396D53CD22A6AB7507CA438DC337AC2CB83C42B3F6E94508CF95D","VideoHeartbeat","video-resize",1785063955614,"JIO_ANDROID_TV","3.11.1","india","hin","UNK","1.8.2",1785063433359
21275374,"04AD2FF02353F07DD570349B1866BC9A58E750C53B093ED21EAB9359C965F501","A7F89C0CE73396D53CD22A6AB7507CA438DC337AC2CB83C42B3F6E94508CF95D","VideoHeartbeat","buffer-health",1785063955619,"JIO_ANDROID_TV","3.11.1","india","hin","UNK","1.8.2",1785063433359
21275374,"04AD2FF02353F07DD570349B1866BC9A58E750C53B093ED21EAB9359C965F501","A7F89C0CE73396D53CD22A6AB7507CA438DC337AC2CB83C42B3F6E94508CF95D","VideoHeartbeat","network-activity",1785063955619,"JIO_ANDROID_TV","3.11.1","india","hin","UNK","1.8.2",1785063433359
21275374,"04AD2FF02353F07DD570349B1866BC9A58E750C53B093ED21EAB9359C965F501","A7F89C0CE73396D53CD22A6AB7507CA438DC337AC2CB83C42B3F6E94508CF95D","VideoHeartbeat","video-resize",1785063995621,"JIO_ANDROID_TV","3.11.1","india","hin","UNK","1.8.2",1785063433359
21275374,"04AD2FF02353F07DD570349B1866BC9A58E750C53B093ED21EAB9359C965F501","A7F89C0CE73396D53CD22A6AB7507CA438DC337AC2CB83C42B3F6E94508CF95D","VideoHeartbeat","buffer-health",1785063995623,"JIO_ANDROID_TV","3.11.1","india","hin","UNK","1.8.2",1785063433359
21275374,"04AD2FF02353F07DD570349B1866BC9A58E750C53B093ED21EAB9359C965F501","A7F89C0CE73396D53CD22A6AB7507CA438DC337AC2CB83C42B3F6E94508CF95D","VideoHeartbeat","network-activity",1785063995623,"JIO_ANDROID_TV","3.11.1","india","hin","UNK","1.8.2",1785063433359
21275374,"04AD2FF02353F07DD570349B1866BC9A58E750C53B093ED21EAB9359C965F501","A7F89C0CE73396D53CD22A6AB7507CA438DC337AC2CB83C42B3F6E94508CF95D","VideoHeartbeat","video-resize",1785064035627,"JIO_ANDROID_TV","3.11.1","india","hin","UNK","1.8.2",1785063433359
21275374,"04AD2FF02353F07DD570349B1866BC9A58E750C53B093ED21EAB9359C965F501","A7F89C0CE73396D53CD22A6AB7507CA438DC337AC2CB83C42B3F6E94508CF95D","VideoHeartbeat","buffer-health",1785064035630,"JIO_ANDROID_TV","3.11.1","india","hin","UNK","1.8.2",1785063433359
21275374,"04AD2FF02353F07DD570349B1866BC9A58E750C53B093ED21EAB9359C965F501","A7F89C0CE73396D53CD22A6AB7507CA438DC337AC2CB83C42B3F6E94508CF95D","VideoHeartbeat","network-activity",1785064035630,"JIO_ANDROID_TV","3.11.1","india","hin","UNK","1.8.2",1785063433359
21275374,"04AD2FF02353F07DD570349B1866BC9A58E750C53B093ED21EAB9359C965F501","A7F89C0CE73396D53CD22A6AB7507CA438DC337AC2CB83C42B3F6E94508CF95D","VideoHeartbeat","video-resize",1785064075632,"JIO_ANDROID_TV","3.11.1","india","hin","UNK","1.8.2",1785063433359
21275374,"04AD2FF02353F07DD570349B1866BC9A58E750C53B093ED21EAB9359C965F501","A7F89C0CE73396D53CD22A6AB7507CA438DC337AC2CB83C42B3F6E94508CF95D","VideoHeartbeat","buffer-health",1785064075640,"JIO_ANDROID_TV","3.11.1","india","hin","UNK","1.8.2",1785063433359
21275374,"04AD2FF02353F07DD570349B1866BC9A58E750C53B093ED21EAB9359C965F501","A7F89C0CE73396D53CD22A6AB7507CA438DC337AC2CB83C42B3F6E94508CF95D","VideoHeartbeat","network-activity",1785064075640,"JIO_ANDROID_TV","3.11.1","india","hin","UNK","1.8.2",1785063433359
21275374,"04AD2FF02353F07DD570349B1866BC9A58E750C53B093ED21EAB9359C965F501","A7F89C0CE73396D53CD22A6AB7507CA438DC337AC2CB83C42B3F6E94508CF95D","AppBackgrounded","AppBackgrounded",1785064119872,"JIO_ANDROID_TV","3.11.1","india","hin","UNK","1.8.2",1785063433359
21275374,"04AD2FF02353F07DD570349B1866BC9A58E750C53B093ED21EAB9359C965F501","A7F89C0CE73396D53CD22A6AB7507CA438DC337AC2CB83C42B3F6E94508CF95D","VideoHeartbeat","video-resize",1785064115641,"JIO_ANDROID_TV","3.11.1","india","hin","UNK","1.8.2",1785063433359
21275374,"04AD2FF02353F07DD570349B1866BC9A58E750C53B093ED21EAB9359C965F501","A7F89C0CE73396D53CD22A6AB7507CA438DC337AC2CB83C42B3F6E94508CF95D","VideoHeartbeat","network-bandwidth",1785064115644,"JIO_ANDROID_TV","3.11.1","india","hin","UNK","1.8.2",1785063433359
21275374,"04AD2FF02353F07DD570349B1866BC9A58E750C53B093ED21EAB9359C965F501","A7F89C0CE73396D53CD22A6AB7507CA438DC337AC2CB83C42B3F6E94508CF95D","VideoHeartbeat","buffer-health",1785064115644,"JIO_ANDROID_TV","3.11.1","india","hin","UNK","1.8.2",1785063433359
21275374,"04AD2FF02353F07DD570349B1866BC9A58E750C53B093ED21EAB9359C965F501","A7F89C0CE73396D53CD22A6AB7507CA438DC337AC2CB83C42B3F6E94508CF95D","VideoHeartbeat","network-activity",1785064115644,"JIO_ANDROID_TV","3.11.1","india","hin","UNK","1.8.2",1785063433359
21275374,"04AD2FF02353F07DD570349B1866BC9A58E750C53B093ED21EAB9359C965F501","A7F89C0CE73396D53CD22A6AB7507CA438DC337AC2CB83C42B3F6E94508CF95D","VideoHeartbeat","pause",1785064117139,"JIO_ANDROID_TV","3.11.1","india","hin","UNK","1.8.2",1785063433359
21275374,"04AD2FF02353F07DD570349B1866BC9A58E750C53B093ED21EAB9359C965F501","A7F89C0CE73396D53CD22A6AB7507CA438DC337AC2CB83C42B3F6E94508CF95D","AppForegrounded","AppForegrounded",1785064120987,"JIO_ANDROID_TV","3.11.1","india","hin","UNK","1.8.2",1785063433359
21275374,"04AD2FF02353F07DD570349B1866BC9A58E750C53B093ED21EAB9359C965F501","A7F89C0CE73396D53CD22A6AB7507CA438DC337AC2CB83C42B3F6E94508CF95D","VideoHeartbeat","resume",1785064242871,"JIO_ANDROID_TV","3.11.1","india","hin","UNK","1.8.2",1785063433359
21275374,"04AD2FF02353F07DD570349B1866BC9A58E750C53B093ED21EAB9359C965F501","A7F89C0CE73396D53CD22A6AB7507CA438DC337AC2CB83C42B3F6E94508CF95D","VideoHeartbeat","buffer-health",1785064242869,"JIO_ANDROID_TV","3.11.1","india","hin","UNK","1.8.2",1785063433359
21275374,"04AD2FF02353F07DD570349B1866BC9A58E750C53B093ED21EAB9359C965F501","A7F89C0CE73396D53CD22A6AB7507CA438DC337AC2CB83C42B3F6E94508CF95D","VideoHeartbeat","network-activity",1785064242869,"JIO_ANDROID_TV","3.11.1","india","hin","UNK","1.8.2",1785063433359
21275374,"04AD2FF02353F07DD570349B1866BC9A58E750C53B093ED21EAB9359C965F501","A7F89C0CE73396D53CD22A6AB7507CA438DC337AC2CB83C42B3F6E94508CF95D","VideoSessionEnd","VideoSessionEnd",1785064264417,"JIO_ANDROID_TV","3.11.1","india","hin","OFF","1.8.2",1785063433359
21275374,"04AD2FF02353F07DD570349B1866BC9A58E750C53B093ED21EAB9359C965F501","A7F89C0CE73396D53CD22A6AB7507CA438DC337AC2CB83C42B3F6E94508CF95D","VideoHeartbeat","Seek",1785064248050,"JIO_ANDROID_TV","3.11.1","india","hin","OFF","1.8.2",1785063433359
21275374,"04AD2FF02353F07DD570349B1866BC9A58E750C53B093ED21EAB9359C965F501","A7F89C0CE73396D53CD22A6AB7507CA438DC337AC2CB83C42B3F6E94508CF95D","VideoHeartbeat","BufferStart",1785064248064,"JIO_ANDROID_TV","3.11.1","india","hin","OFF","1.8.2",1785063433359
21275374,"04AD2FF02353F07DD570349B1866BC9A58E750C53B093ED21EAB9359C965F501","A7F89C0CE73396D53CD22A6AB7507CA438DC337AC2CB83C42B3F6E94508CF95D","VideoHeartbeat","BufferEnd",1785064248638,"JIO_ANDROID_TV","3.11.1","india","hin","OFF","1.8.2",1785063433359
21275374,"04AD2FF02353F07DD570349B1866BC9A58E750C53B093ED21EAB9359C965F501","A7F89C0CE73396D53CD22A6AB7507CA438DC337AC2CB83C42B3F6E94508CF95D","VideoHeartbeat","Seek",1785064256790,"JIO_ANDROID_TV","3.11.1","india","hin","OFF","1.8.2",1785063433359
21275374,"04AD2FF02353F07DD570349B1866BC9A58E750C53B093ED21EAB9359C965F501","A7F89C0CE73396D53CD22A6AB7507CA438DC337AC2CB83C42B3F6E94508CF95D","VideoHeartbeat","BufferStart",1785064256800,"JIO_ANDROID_TV","3.11.1","india","hin","OFF","1.8.2",1785063433359
21275374,"04AD2FF02353F07DD570349B1866BC9A58E750C53B093ED21EAB9359C965F501","A7F89C0CE73396D53CD22A6AB7507CA438DC337AC2CB83C42B3F6E94508CF95D","VideoHeartbeat","BufferEnd",1785064257398,"JIO_ANDROID_TV","3.11.1","india","hin","OFF","1.8.2",1785063433359
21275374,"04AD2FF02353F07DD570349B1866BC9A58E750C53B093ED21EAB9359C965F501","A7F89C0CE73396D53CD22A6AB7507CA438DC337AC2CB83C42B3F6E94508CF95D","VideoHeartbeat","pause",1785064258610,"JIO_ANDROID_TV","3.11.1","india","hin","OFF","1.8.2",1785063433359
21275374,"04AD2FF02353F07DD570349B1866BC9A58E750C53B093ED21EAB9359C965F501","A7F89C0CE73396D53CD22A6AB7507CA438DC337AC2CB83C42B3F6E94508CF95D","VideoHeartbeat","video_forward",1785064258673,"JIO_ANDROID_TV","3.11.1","india","hin","OFF","1.8.2",1785063433359
21275374,"04AD2FF02353F07DD570349B1866BC9A58E750C53B093ED21EAB9359C965F501","A7F89C0CE73396D53CD22A6AB7507CA438DC337AC2CB83C42B3F6E94508CF95D","VideoHeartbeat","Seek",1785064260404,"JIO_ANDROID_TV","3.11.1","india","hin","OFF","1.8.2",1785063433359
21275374,"04AD2FF02353F07DD570349B1866BC9A58E750C53B093ED21EAB9359C965F501","A7F89C0CE73396D53CD22A6AB7507CA438DC337AC2CB83C42B3F6E94508CF95D","VideoHeartbeat","BufferStart",1785064260405,"JIO_ANDROID_TV","3.11.1","india","hin","OFF","1.8.2",1785063433359
21275374,"04AD2FF02353F07DD570349B1866BC9A58E750C53B093ED21EAB9359C965F501","A7F89C0CE73396D53CD22A6AB7507CA438DC337AC2CB83C42B3F6E94508CF95D","VideoHeartbeat","BufferEnd",1785064260442,"JIO_ANDROID_TV","3.11.1","india","hin","OFF","1.8.2",1785063433359
21275374,"04AD2FF02353F07DD570349B1866BC9A58E750C53B093ED21EAB9359C965F501","A7F89C0CE73396D53CD22A6AB7507CA438DC337AC2CB83C42B3F6E94508CF95D","VideoHeartbeat","resume",1785064260444,"JIO_ANDROID_TV","3.11.1","india","hin","OFF","1.8.2",1785063433359
21275374,"04AD2FF02353F07DD570349B1866BC9A58E750C53B093ED21EAB9359C965F501","A7F89C0CE73396D53CD22A6AB7507CA438DC337AC2CB83C42B3F6E94508CF95D","VideoHeartbeat","BufferStart",1785064260446,"JIO_ANDROID_TV","3.11.1","india","hin","OFF","1.8.2",1785063433359
21275374,"04AD2FF02353F07DD570349B1866BC9A58E750C53B093ED21EAB9359C965F501","A7F89C0CE73396D53CD22A6AB7507CA438DC337AC2CB83C42B3F6E94508CF95D","VideoHeartbeat","BufferEnd",1785064261198,"JIO_ANDROID_TV","3.11.1","india","hin","OFF","1.8.2",1785063433359
21275374,"04AD2FF02353F07DD570349B1866BC9A58E750C53B093ED21EAB9359C965F501","A7F89C0CE73396D53CD22A6AB7507CA438DC337AC2CB83C42B3F6E94508CF95D","VideoHeartbeat","pause",1785064264229,"JIO_ANDROID_TV","3.11.1","india","hin","OFF","1.8.2",1785063433359
21275374,"04AD2FF02353F07DD570349B1866BC9A58E750C53B093ED21EAB9359C965F501","A7F89C0CE73396D53CD22A6AB7507CA438DC337AC2CB83C42B3F6E94508CF95D","VideoHeartbeat","next_video_click",1785064264246,"JIO_ANDROID_TV","3.11.1","india","hin","OFF","1.8.2",1785063433359
21275374,"04AD2FF02353F07DD570349B1866BC9A58E750C53B093ED21EAB9359C965F501","A7F89C0CE73396D53CD22A6AB7507CA438DC337AC2CB83C42B3F6E94508CF95D","VideoHeartbeat","buffer-health",1785064264406,"JIO_ANDROID_TV","3.11.1","india","hin","OFF","1.8.2",1785063433359
21275374,"04AD2FF02353F07DD570349B1866BC9A58E750C53B093ED21EAB9359C965F501","A7F89C0CE73396D53CD22A6AB7507CA438DC337AC2CB83C42B3F6E94508CF95D","VideoHeartbeat","network-activity",1785064264406,"JIO_ANDROID_TV","3.11.1","india","hin","OFF","1.8.2",1785063433359
21351326,"2DAF02AC5361538B14FC63D18970D8B0987D6A971696755EC8B596862BA85B8C","E31149959691D75AE5433EDACB08258058F7B0615EE6FE3BC14E5003A5309F27","VideoSessionStart","VideoSessionStart",1785064313425,"JIO_ANDROID_TV","3.11.1","india","hin","unk","1.8.2",1785064313425
21351326,"2DAF02AC5361538B14FC63D18970D8B0987D6A971696755EC8B596862BA85B8C","E31149959691D75AE5433EDACB08258058F7B0615EE6FE3BC14E5003A5309F27","VideoSessionEnd","VideoSessionEnd",1785064337553,"JIO_ANDROID_TV","3.11.1","india","hin","OFF","1.8.2",1785064313425
21351326,"2DAF02AC5361538B14FC63D18970D8B0987D6A971696755EC8B596862BA85B8C","E31149959691D75AE5433EDACB08258058F7B0615EE6FE3BC14E5003A5309F27","AppBackgrounded","AppBackgrounded",1785064334900,"JIO_ANDROID_TV","3.11.1","india","hin","UNK","1.8.2",1785064313425
21351326,"2DAF02AC5361538B14FC63D18970D8B0987D6A971696755EC8B596862BA85B8C","E31149959691D75AE5433EDACB08258058F7B0615EE6FE3BC14E5003A5309F27","VideoPlay","Play",1785064316888,"JIO_ANDROID_TV","3.11.1","india","hin","OFF","1.8.2",1785064313425
21351326,"2DAF02AC5361538B14FC63D18970D8B0987D6A971696755EC8B596862BA85B8C","E31149959691D75AE5433EDACB08258058F7B0615EE6FE3BC14E5003A5309F27","VideoHeartbeat","upshift",1785064328995,"JIO_ANDROID_TV","3.11.1","india","hin","OFF","1.8.2",1785064313425
21351326,"2DAF02AC5361538B14FC63D18970D8B0987D6A971696755EC8B596862BA85B8C","E31149959691D75AE5433EDACB08258058F7B0615EE6FE3BC14E5003A5309F27","VideoHeartbeat","pause",1785064333856,"JIO_ANDROID_TV","3.11.1","india","hin","OFF","1.8.2",1785064313425
21351326,"2DAF02AC5361538B14FC63D18970D8B0987D6A971696755EC8B596862BA85B8C","E31149959691D75AE5433EDACB08258058F7B0615EE6FE3BC14E5003A5309F27","VideoHeartbeat","buffer-health",1785064337419,"JIO_ANDROID_TV","3.11.1","india","hin","OFF","1.8.2",1785064313425
21351326,"2DAF02AC5361538B14FC63D18970D8B0987D6A971696755EC8B596862BA85B8C","E31149959691D75AE5433EDACB08258058F7B0615EE6FE3BC14E5003A5309F27","VideoHeartbeat","network-activity",1785064337419,"JIO_ANDROID_TV","3.11.1","india","hin","OFF","1.8.2",1785064313425
21351326,"2DAF02AC5361538B14FC63D18970D8B0987D6A971696755EC8B596862BA85B8C","E31149959691D75AE5433EDACB08258058F7B0615EE6FE3BC14E5003A5309F27","AppForegrounded","AppForegrounded",1785064336645,"JIO_ANDROID_TV","3.11.1","india","hin","UNK","1.8.2",1785064313425
2078157818,"6ACE4687A532768FD2F8EFF0E4849E9FD883B292F5FA9858E10CA65A54DDCBB8","AA341D96ACF1CD0FE3950E127E493356EBBED8F98C703E0E29E3B032F1A65083","VideoPlay","Play",1785062470601,"ANDROID_PHONE","6.34.8","india","eng","UNK","1.8.2",1785062466862
2078157818,"6ACE4687A532768FD2F8EFF0E4849E9FD883B292F5FA9858E10CA65A54DDCBB8","AA341D96ACF1CD0FE3950E127E493356EBBED8F98C703E0E29E3B032F1A65083","VideoHeartbeat","network-activity",1785062471474,"ANDROID_PHONE","6.34.8","india","eng","UNK","1.8.2",1785062466862
2078157818,"6ACE4687A532768FD2F8EFF0E4849E9FD883B292F5FA9858E10CA65A54DDCBB8","AA341D96ACF1CD0FE3950E127E493356EBBED8F98C703E0E29E3B032F1A65083","VideoSessionStart","VideoSessionStart",1785062466862,"ANDROID_PHONE","6.34.8","india","unk","unk","1.8.2",1785062466862
2078157818,"6ACE4687A532768FD2F8EFF0E4849E9FD883B292F5FA9858E10CA65A54DDCBB8","AA341D96ACF1CD0FE3950E127E493356EBBED8F98C703E0E29E3B032F1A65083","VideoHeartbeat","video-resize",1785062510606,"ANDROID_PHONE","6.34.8","india","eng","UNK","1.8.2",1785062466862
2078157818,"6ACE4687A532768FD2F8EFF0E4849E9FD883B292F5FA9858E10CA65A54DDCBB8","AA341D96ACF1CD0FE3950E127E493356EBBED8F98C703E0E29E3B032F1A65083","VideoHeartbeat","buffer-health",1785062510606,"ANDROID_PHONE","6.34.8","india","eng","UNK","1.8.2",1785062466862
2078157818,"6ACE4687A532768FD2F8EFF0E4849E9FD883B292F5FA9858E10CA65A54DDCBB8","AA341D96ACF1CD0FE3950E127E493356EBBED8F98C703E0E29E3B032F1A65083","VideoHeartbeat","network-activity",1785062510606,"ANDROID_PHONE","6.34.8","india","eng","UNK","1.8.2",1785062466862
2078157818,"6ACE4687A532768FD2F8EFF0E4849E9FD883B292F5FA9858E10CA65A54DDCBB8","AA341D96ACF1CD0FE3950E127E493356EBBED8F98C703E0E29E3B032F1A65083","VideoHeartbeat","buffer-health",1785062501184,"ANDROID_PHONE","6.34.8","india","eng","UNK","1.8.2",1785062466862
2078157818,"6ACE4687A532768FD2F8EFF0E4849E9FD883B292F5FA9858E10CA65A54DDCBB8","AA341D96ACF1CD0FE3950E127E493356EBBED8F98C703E0E29E3B032F1A65083","VideoHeartbeat","network-activity",1785062501184,"ANDROID_PHONE","6.34.8","india","eng","UNK","1.8.2",1785062466862
2078157818,"6ACE4687A532768FD2F8EFF0E4849E9FD883B292F5FA9858E10CA65A54DDCBB8","AA341D96ACF1CD0FE3950E127E493356EBBED8F98C703E0E29E3B032F1A65083","VideoHeartbeat","downshift",1785062516783,"ANDROID_PHONE","6.34.8","india","eng","UNK","1.8.2",1785062466862
2078157818,"6ACE4687A532768FD2F8EFF0E4849E9FD883B292F5FA9858E10CA65A54DDCBB8","AA341D96ACF1CD0FE3950E127E493356EBBED8F98C703E0E29E3B032F1A65083","VideoHeartbeat","upshift",1785062519787,"ANDROID_PHONE","6.34.8","india","eng","UNK","1.8.2",1785062466862
2078157818,"6ACE4687A532768FD2F8EFF0E4849E9FD883B292F5FA9858E10CA65A54DDCBB8","AA341D96ACF1CD0FE3950E127E493356EBBED8F98C703E0E29E3B032F1A65083","VideoHeartbeat","downshift",1785062523776,"ANDROID_PHONE","6.34.8","india","eng","UNK","1.8.2",1785062466862
2078157818,"6ACE4687A532768FD2F8EFF0E4849E9FD883B292F5FA9858E10CA65A54DDCBB8","AA341D96ACF1CD0FE3950E127E493356EBBED8F98C703E0E29E3B032F1A65083","VideoHeartbeat","upshift",1785062539790,"ANDROID_PHONE","6.34.8","india","eng","UNK","1.8.2",1785062466862
2078157818,"6ACE4687A532768FD2F8EFF0E4849E9FD883B292F5FA9858E10CA65A54DDCBB8","AA341D96ACF1CD0FE3950E127E493356EBBED8F98C703E0E29E3B032F1A65083","VideoHeartbeat","buffer-health",1785062548728,"ANDROID_PHONE","6.34.8","india","eng","UNK","1.8.2",1785062466862
2078157818,"6ACE4687A532768FD2F8EFF0E4849E9FD883B292F5FA9858E10CA65A54DDCBB8","AA341D96ACF1CD0FE3950E127E493356EBBED8F98C703E0E29E3B032F1A65083","VideoHeartbeat","network-activity",1785062548728,"ANDROID_PHONE","6.34.8","india","eng","UNK","1.8.2",1785062466862
2078157818,"6ACE4687A532768FD2F8EFF0E4849E9FD883B292F5FA9858E10CA65A54DDCBB8","AA341D96ACF1CD0FE3950E127E493356EBBED8F98C703E0E29E3B032F1A65083","VideoHeartbeat","buffer-health",1785062578755,"ANDROID_PHONE","6.34.8","india","eng","UNK","1.8.2",1785062466862
2078157818,"6ACE4687A532768FD2F8EFF0E4849E9FD883B292F5FA9858E10CA65A54DDCBB8","AA341D96ACF1CD0FE3950E127E493356EBBED8F98C703E0E29E3B032F1A65083","VideoHeartbeat","network-activity",1785062578755,"ANDROID_PHONE","6.34.8","india","eng","UNK","1.8.2",1785062466862
2078157818,"6ACE4687A532768FD2F8EFF0E4849E9FD883B292F5FA9858E10CA65A54DDCBB8","AA341D96ACF1CD0FE3950E127E493356EBBED8F98C703E0E29E3B032F1A65083","VideoHeartbeat","video-resize",1785062590613,"ANDROID_PHONE","6.34.8","india","eng","UNK","1.8.2",1785062466862
2078157818,"6ACE4687A532768FD2F8EFF0E4849E9FD883B292F5FA9858E10CA65A54DDCBB8","AA341D96ACF1CD0FE3950E127E493356EBBED8F98C703E0E29E3B032F1A65083","VideoHeartbeat","buffer-health",1785062590614,"ANDROID_PHONE","6.34.8","india","eng","UNK","1.8.2",1785062466862
2078157818,"6ACE4687A532768FD2F8EFF0E4849E9FD883B292F5FA9858E10CA65A54DDCBB8","AA341D96ACF1CD0FE3950E127E493356EBBED8F98C703E0E29E3B032F1A65083","VideoHeartbeat","network-activity",1785062590614,"ANDROID_PHONE","6.34.8","india","eng","UNK","1.8.2",1785062466862
2078157818,"6ACE4687A532768FD2F8EFF0E4849E9FD883B292F5FA9858E10CA65A54DDCBB8","AA341D96ACF1CD0FE3950E127E493356EBBED8F98C703E0E29E3B032F1A65083","VideoHeartbeat","downshift",1785062609788,"ANDROID_PHONE","6.34.8","india","eng","UNK","1.8.2",1785062466862
2078157818,"6ACE4687A532768FD2F8EFF0E4849E9FD883B292F5FA9858E10CA65A54DDCBB8","AA341D96ACF1CD0FE3950E127E493356EBBED8F98C703E0E29E3B032F1A65083","VideoHeartbeat","upshift",1785062611780,"ANDROID_PHONE","6.34.8","india","eng","UNK","1.8.2",1785062466862
2078157818,"6ACE4687A532768FD2F8EFF0E4849E9FD883B292F5FA9858E10CA65A54DDCBB8","AA341D96ACF1CD0FE3950E127E493356EBBED8F98C703E0E29E3B032F1A65083","VideoHeartbeat","video-resize",1785062630618,"ANDROID_PHONE","6.34.8","india","eng","UNK","1.8.2",1785062466862
2078157818,"6ACE4687A532768FD2F8EFF0E4849E9FD883B292F5FA9858E10CA65A54DDCBB8","AA341D96ACF1CD0FE3950E127E493356EBBED8F98C703E0E29E3B032F1A65083","VideoHeartbeat","buffer-health",1785062630619,"ANDROID_PHONE","6.34.8","india","eng","UNK","1.8.2",1785062466862
2078157818,"6ACE4687A532768FD2F8EFF0E4849E9FD883B292F5FA9858E10CA65A54DDCBB8","AA341D96ACF1CD0FE3950E127E493356EBBED8F98C703E0E29E3B032F1A65083","VideoHeartbeat","network-activity",1785062630619,"ANDROID_PHONE","6.34.8","india","eng","UNK","1.8.2",1785062466862
2078157818,"6ACE4687A532768FD2F8EFF0E4849E9FD883B292F5FA9858E10CA65A54DDCBB8","AA341D96ACF1CD0FE3950E127E493356EBBED8F98C703E0E29E3B032F1A65083","VideoHeartbeat","video-resize",1785062670620,"ANDROID_PHONE","6.34.8","india","eng","UNK","1.8.2",1785062466862
2078157818,"6ACE4687A532768FD2F8EFF0E4849E9FD883B292F5FA9858E10CA65A54DDCBB8","AA341D96ACF1CD0FE3950E127E493356EBBED8F98C703E0E29E3B032F1A65083","VideoHeartbeat","buffer-health",1785062670620,"ANDROID_PHONE","6.34.8","india","eng","UNK","1.8.2",1785062466862
2078157818,"6ACE4687A532768FD2F8EFF0E4849E9FD883B292F5FA9858E10CA65A54DDCBB8","AA341D96ACF1CD0FE3950E127E493356EBBED8F98C703E0E29E3B032F1A65083","VideoHeartbeat","network-activity",1785062670620,"ANDROID_PHONE","6.34.8","india","eng","UNK","1.8.2",1785062466862
2078157818,"6ACE4687A532768FD2F8EFF0E4849E9FD883B292F5FA9858E10CA65A54DDCBB8","AA341D96ACF1CD0FE3950E127E493356EBBED8F98C703E0E29E3B032F1A65083","VideoHeartbeat","video-resize",1785062710623,"ANDROID_PHONE","6.34.8","india","eng","UNK","1.8.2",1785062466862
2078157818,"6ACE4687A532768FD2F8EFF0E4849E9FD883B292F5FA9858E10CA65A54DDCBB8","AA341D96ACF1CD0FE3950E127E493356EBBED8F98C703E0E29E3B032F1A65083","VideoHeartbeat","buffer-health",1785062710623,"ANDROID_PHONE","6.34.8","india","eng","UNK","1.8.2",1785062466862
2078157818,"6ACE4687A532768FD2F8EFF0E4849E9FD883B292F5FA9858E10CA65A54DDCBB8","AA341D96ACF1CD0FE3950E127E493356EBBED8F98C703E0E29E3B032F1A65083","VideoHeartbeat","network-activity",1785062710623,"ANDROID_PHONE","6.34.8","india","eng","UNK","1.8.2",1785062466862
2078157818,"6ACE4687A532768FD2F8EFF0E4849E9FD883B292F5FA9858E10CA65A54DDCBB8","AA341D96ACF1CD0FE3950E127E493356EBBED8F98C703E0E29E3B032F1A65083","VideoHeartbeat","video-resize",1785062750627,"ANDROID_PHONE","6.34.8","india","eng","UNK","1.8.2",1785062466862
2078157818,"6ACE4687A532768FD2F8EFF0E4849E9FD883B292F5FA9858E10CA65A54DDCBB8","AA341D96ACF1CD0FE3950E127E493356EBBED8F98C703E0E29E3B032F1A65083","VideoHeartbeat","buffer-health",1785062750627,"ANDROID_PHONE","6.34.8","india","eng","UNK","1.8.2",1785062466862
2078157818,"6ACE4687A532768FD2F8EFF0E4849E9FD883B292F5FA9858E10CA65A54DDCBB8","AA341D96ACF1CD0FE3950E127E493356EBBED8F98C703E0E29E3B032F1A65083","VideoHeartbeat","network-activity",1785062750627,"ANDROID_PHONE","6.34.8","india","eng","UNK","1.8.2",1785062466862
2078157818,"6ACE4687A532768FD2F8EFF0E4849E9FD883B292F5FA9858E10CA65A54DDCBB8","AA341D96ACF1CD0FE3950E127E493356EBBED8F98C703E0E29E3B032F1A65083","VideoHeartbeat","downshift",1785062761779,"ANDROID_PHONE","6.34.8","india","eng","UNK","1.8.2",1785062466862
2078157818,"6ACE4687A532768FD2F8EFF0E4849E9FD883B292F5FA9858E10CA65A54DDCBB8","AA341D96ACF1CD0FE3950E127E493356EBBED8F98C703E0E29E3B032F1A65083","VideoHeartbeat","upshift",1785062779789,"ANDROID_PHONE","6.34.8","india","eng","UNK","1.8.2",1785062466862
2078157818,"6ACE4687A532768FD2F8EFF0E4849E9FD883B292F5FA9858E10CA65A54DDCBB8","AA341D96ACF1CD0FE3950E127E493356EBBED8F98C703E0E29E3B032F1A65083","VideoHeartbeat","video-resize",1785062790630,"ANDROID_PHONE","6.34.8","india","eng","UNK","1.8.2",1785062466862
2078157818,"6ACE4687A532768FD2F8EFF0E4849E9FD883B292F5FA9858E10CA65A54DDCBB8","AA341D96ACF1CD0FE3950E127E493356EBBED8F98C703E0E29E3B032F1A65083","VideoHeartbeat","buffer-health",1785062790631,"ANDROID_PHONE","6.34.8","india","eng","UNK","1.8.2",1785062466862
2078157818,"6ACE4687A532768FD2F8EFF0E4849E9FD883B292F5FA9858E10CA65A54DDCBB8","AA341D96ACF1CD0FE3950E127E493356EBBED8F98C703E0E29E3B032F1A65083","VideoHeartbeat","network-activity",1785062790631,"ANDROID_PHONE","6.34.8","india","eng","UNK","1.8.2",1785062466862
2078157818,"6ACE4687A532768FD2F8EFF0E4849E9FD883B292F5FA9858E10CA65A54DDCBB8","AA341D96ACF1CD0FE3950E127E493356EBBED8F98C703E0E29E3B032F1A65083","VideoHeartbeat","video-resize",1785062830634,"ANDROID_PHONE","6.34.8","india","eng","UNK","1.8.2",1785062466862
2078157818,"6ACE4687A532768FD2F8EFF0E4849E9FD883B292F5FA9858E10CA65A54DDCBB8","AA341D96ACF1CD0FE3950E127E493356EBBED8F98C703E0E29E3B032F1A65083","VideoHeartbeat","buffer-health",1785062830634,"ANDROID_PHONE","6.34.8","india","eng","UNK","1.8.2",1785062466862
2078157818,"6ACE4687A532768FD2F8EFF0E4849E9FD883B292F5FA9858E10CA65A54DDCBB8","AA341D96ACF1CD0FE3950E127E493356EBBED8F98C703E0E29E3B032F1A65083","VideoHeartbeat","network-activity",1785062830634,"ANDROID_PHONE","6.34.8","india","eng","UNK","1.8.2",1785062466862
2078157818,"6ACE4687A532768FD2F8EFF0E4849E9FD883B292F5FA9858E10CA65A54DDCBB8","AA341D96ACF1CD0FE3950E127E493356EBBED8F98C703E0E29E3B032F1A65083","VideoHeartbeat","video-resize",1785062870639,"ANDROID_PHONE","6.34.8","india","eng","UNK","1.8.2",1785062466862
2078157818,"6ACE4687A532768FD2F8EFF0E4849E9FD883B292F5FA9858E10CA65A54DDCBB8","AA341D96ACF1CD0FE3950E127E493356EBBED8F98C703E0E29E3B032F1A65083","VideoHeartbeat","buffer-health",1785062870640,"ANDROID_PHONE","6.34.8","india","eng","UNK","1.8.2",1785062466862
2078157818,"6ACE4687A532768FD2F8EFF0E4849E9FD883B292F5FA9858E10CA65A54DDCBB8","AA341D96ACF1CD0FE3950E127E493356EBBED8F98C703E0E29E3B032F1A65083","VideoHeartbeat","network-activity",1785062870640,"ANDROID_PHONE","6.34.8","india","eng","UNK","1.8.2",1785062466862
2078157818,"6ACE4687A532768FD2F8EFF0E4849E9FD883B292F5FA9858E10CA65A54DDCBB8","AA341D96ACF1CD0FE3950E127E493356EBBED8F98C703E0E29E3B032F1A65083","VideoHeartbeat","downshift",1785062901782,"ANDROID_PHONE","6.34.8","india","eng","UNK","1.8.2",1785062466862
2078157818,"6ACE4687A532768FD2F8EFF0E4849E9FD883B292F5FA9858E10CA65A54DDCBB8","AA341D96ACF1CD0FE3950E127E493356EBBED8F98C703E0E29E3B032F1A65083","VideoHeartbeat","upshift",1785062904776,"ANDROID_PHONE","6.34.8","india","eng","UNK","1.8.2",1785062466862
2078157818,"6ACE4687A532768FD2F8EFF0E4849E9FD883B292F5FA9858E10CA65A54DDCBB8","AA341D96ACF1CD0FE3950E127E493356EBBED8F98C703E0E29E3B032F1A65083","VideoHeartbeat","video-resize",1785062910643,"ANDROID_PHONE","6.34.8","india","eng","UNK","1.8.2",1785062466862
2078157818,"6ACE4687A532768FD2F8EFF0E4849E9FD883B292F5FA9858E10CA65A54DDCBB8","AA341D96ACF1CD0FE3950E127E493356EBBED8F98C703E0E29E3B032F1A65083","VideoHeartbeat","buffer-health",1785062910643,"ANDROID_PHONE","6.34.8","india","eng","UNK","1.8.2",1785062466862
2078157818,"6ACE4687A532768FD2F8EFF0E4849E9FD883B292F5FA9858E10CA65A54DDCBB8","AA341D96ACF1CD0FE3950E127E493356EBBED8F98C703E0E29E3B032F1A65083","VideoHeartbeat","network-activity",1785062910643,"ANDROID_PHONE","6.34.8","india","eng","UNK","1.8.2",1785062466862
2078157818,"6ACE4687A532768FD2F8EFF0E4849E9FD883B292F5FA9858E10CA65A54DDCBB8","AA341D96ACF1CD0FE3950E127E493356EBBED8F98C703E0E29E3B032F1A65083","VideoHeartbeat","buffer-health",1785062943598,"ANDROID_PHONE","6.34.8","india","eng","UNK","1.8.2",1785062466862
2078157818,"6ACE4687A532768FD2F8EFF0E4849E9FD883B292F5FA9858E10CA65A54DDCBB8","AA341D96ACF1CD0FE3950E127E493356EBBED8F98C703E0E29E3B032F1A65083","VideoHeartbeat","network-activity",1785062943598,"ANDROID_PHONE","6.34.8","india","eng","UNK","1.8.2",1785062466862
2078157818,"6ACE4687A532768FD2F8EFF0E4849E9FD883B292F5FA9858E10CA65A54DDCBB8","AA341D96ACF1CD0FE3950E127E493356EBBED8F98C703E0E29E3B032F1A65083","VideoHeartbeat","buffer-health",1785062913608,"ANDROID_PHONE","6.34.8","india","eng","UNK","1.8.2",1785062466862
2078157818,"6ACE4687A532768FD2F8EFF0E4849E9FD883B292F5FA9858E10CA65A54DDCBB8","AA341D96ACF1CD0FE3950E127E493356EBBED8F98C703E0E29E3B032F1A65083","VideoHeartbeat","network-activity",1785062913608,"ANDROID_PHONE","6.34.8","india","eng","UNK","1.8.2",1785062466862
2078157818,"6ACE4687A532768FD2F8EFF0E4849E9FD883B292F5FA9858E10CA65A54DDCBB8","AA341D96ACF1CD0FE3950E127E493356EBBED8F98C703E0E29E3B032F1A65083","VideoHeartbeat","video-resize",1785062950646,"ANDROID_PHONE","6.34.8","india","eng","UNK","1.8.2",1785062466862
2078157818,"6ACE4687A532768FD2F8EFF0E4849E9FD883B292F5FA9858E10CA65A54DDCBB8","AA341D96ACF1CD0FE3950E127E493356EBBED8F98C703E0E29E3B032F1A65083","VideoHeartbeat","buffer-health",1785062950647,"ANDROID_PHONE","6.34.8","india","eng","UNK","1.8.2",1785062466862
2078157818,"6ACE4687A532768FD2F8EFF0E4849E9FD883B292F5FA9858E10CA65A54DDCBB8","AA341D96ACF1CD0FE3950E127E493356EBBED8F98C703E0E29E3B032F1A65083","VideoHeartbeat","network-activity",1785062950647,"ANDROID_PHONE","6.34.8","india","eng","UNK","1.8.2",1785062466862
2078157818,"6ACE4687A532768FD2F8EFF0E4849E9FD883B292F5FA9858E10CA65A54DDCBB8","AA341D96ACF1CD0FE3950E127E493356EBBED8F98C703E0E29E3B032F1A65083","VideoHeartbeat","upshift",1785062950854,"ANDROID_PHONE","6.34.8","india","eng","UNK","1.8.2",1785062466862
2078157818,"6ACE4687A532768FD2F8EFF0E4849E9FD883B292F5FA9858E10CA65A54DDCBB8","AA341D96ACF1CD0FE3950E127E493356EBBED8F98C703E0E29E3B032F1A65083","VideoHeartbeat","dropped-frames",1785062951098,"ANDROID_PHONE","6.34.8","india","eng","UNK","1.8.2",1785062466862
2078157818,"6ACE4687A532768FD2F8EFF0E4849E9FD883B292F5FA9858E10CA65A54DDCBB8","AA341D96ACF1CD0FE3950E127E493356EBBED8F98C703E0E29E3B032F1A65083","VideoHeartbeat","BufferStart",1785062951103,"ANDROID_PHONE","6.34.8","india","eng","UNK","1.8.2",1785062466862
2078157818,"6ACE4687A532768FD2F8EFF0E4849E9FD883B292F5FA9858E10CA65A54DDCBB8","AA341D96ACF1CD0FE3950E127E493356EBBED8F98C703E0E29E3B032F1A65083","VideoHeartbeat","BufferEnd",1785062955963,"ANDROID_PHONE","6.34.8","india","eng","UNK","1.8.2",1785062466862
2078157818,"6ACE4687A532768FD2F8EFF0E4849E9FD883B292F5FA9858E10CA65A54DDCBB8","AA341D96ACF1CD0FE3950E127E493356EBBED8F98C703E0E29E3B032F1A65083","VideoHeartbeat","upshift",1785062959433,"ANDROID_PHONE","6.34.8","india","eng","UNK","1.8.2",1785062466862
2078157818,"6ACE4687A532768FD2F8EFF0E4849E9FD883B292F5FA9858E10CA65A54DDCBB8","AA341D96ACF1CD0FE3950E127E493356EBBED8F98C703E0E29E3B032F1A65083","VideoHeartbeat","dropped-frames",1785062959798,"ANDROID_PHONE","6.34.8","india","eng","UNK","1.8.2",1785062466862
2078157818,"6ACE4687A532768FD2F8EFF0E4849E9FD883B292F5FA9858E10CA65A54DDCBB8","AA341D96ACF1CD0FE3950E127E493356EBBED8F98C703E0E29E3B032F1A65083","VideoHeartbeat","BufferStart",1785062959808,"ANDROID_PHONE","6.34.8","india","eng","UNK","1.8.2",1785062466862
2078157818,"6ACE4687A532768FD2F8EFF0E4849E9FD883B292F5FA9858E10CA65A54DDCBB8","AA341D96ACF1CD0FE3950E127E493356EBBED8F98C703E0E29E3B032F1A65083","VideoHeartbeat","BufferEnd",1785062964178,"ANDROID_PHONE","6.34.8","india","eng","UNK","1.8.2",1785062466862
2078157818,"6ACE4687A532768FD2F8EFF0E4849E9FD883B292F5FA9858E10CA65A54DDCBB8","AA341D96ACF1CD0FE3950E127E493356EBBED8F98C703E0E29E3B032F1A65083","VideoHeartbeat","downshift",1785062964412,"ANDROID_PHONE","6.34.8","india","eng","UNK","1.8.2",1785062466862
2078157818,"6ACE4687A532768FD2F8EFF0E4849E9FD883B292F5FA9858E10CA65A54DDCBB8","AA341D96ACF1CD0FE3950E127E493356EBBED8F98C703E0E29E3B032F1A65083","VideoHeartbeat","upshift",1785062975874,"ANDROID_PHONE","6.34.8","india","eng","UNK","1.8.2",1785062466862
2078157818,"6ACE4687A532768FD2F8EFF0E4849E9FD883B292F5FA9858E10CA65A54DDCBB8","AA341D96ACF1CD0FE3950E127E493356EBBED8F98C703E0E29E3B032F1A65083","VideoHeartbeat","BufferStart",1785062976166,"ANDROID_PHONE","6.34.8","india","eng","UNK","1.8.2",1785062466862
2078157818,"6ACE4687A532768FD2F8EFF0E4849E9FD883B292F5FA9858E10CA65A54DDCBB8","AA341D96ACF1CD0FE3950E127E493356EBBED8F98C703E0E29E3B032F1A65083","VideoHeartbeat","BufferEnd",1785062981282,"ANDROID_PHONE","6.34.8","india","eng","UNK","1.8.2",1785062466862
2078157818,"6ACE4687A532768FD2F8EFF0E4849E9FD883B292F5FA9858E10CA65A54DDCBB8","AA341D96ACF1CD0FE3950E127E493356EBBED8F98C703E0E29E3B032F1A65083","VideoHeartbeat","downshift",1785062981826,"ANDROID_PHONE","6.34.8","india","eng","UNK","1.8.2",1785062466862
2078157818,"6ACE4687A532768FD2F8EFF0E4849E9FD883B292F5FA9858E10CA65A54DDCBB8","AA341D96ACF1CD0FE3950E127E493356EBBED8F98C703E0E29E3B032F1A65083","VideoHeartbeat","downshift",1785062988753,"ANDROID_PHONE","6.34.8","india","eng","UNK","1.8.2",1785062466862
2078157818,"6ACE4687A532768FD2F8EFF0E4849E9FD883B292F5FA9858E10CA65A54DDCBB8","AA341D96ACF1CD0FE3950E127E493356EBBED8F98C703E0E29E3B032F1A65083","VideoHeartbeat","video-resize",1785062990649,"ANDROID_PHONE","6.34.8","india","eng","UNK","1.8.2",1785062466862
2078157818,"6ACE4687A532768FD2F8EFF0E4849E9FD883B292F5FA9858E10CA65A54DDCBB8","AA341D96ACF1CD0FE3950E127E493356EBBED8F98C703E0E29E3B032F1A65083","VideoHeartbeat","buffer-health",1785062990650,"ANDROID_PHONE","6.34.8","india","eng","UNK","1.8.2",1785062466862
2078157818,"6ACE4687A532768FD2F8EFF0E4849E9FD883B292F5FA9858E10CA65A54DDCBB8","AA341D96ACF1CD0FE3950E127E493356EBBED8F98C703E0E29E3B032F1A65083","VideoHeartbeat","network-activity",1785062990650,"ANDROID_PHONE","6.34.8","india","eng","UNK","1.8.2",1785062466862
2078157818,"6ACE4687A532768FD2F8EFF0E4849E9FD883B292F5FA9858E10CA65A54DDCBB8","AA341D96ACF1CD0FE3950E127E493356EBBED8F98C703E0E29E3B032F1A65083","VideoHeartbeat","upshift",1785062996831,"ANDROID_PHONE","6.34.8","india","eng","UNK","1.8.2",1785062466862
2078157818,"6ACE4687A532768FD2F8EFF0E4849E9FD883B292F5FA9858E10CA65A54DDCBB8","AA341D96ACF1CD0FE3950E127E493356EBBED8F98C703E0E29E3B032F1A65083","VideoHeartbeat","dropped-frames",1785062997083,"ANDROID_PHONE","6.34.8","india","eng","UNK","1.8.2",1785062466862
2078157818,"6ACE4687A532768FD2F8EFF0E4849E9FD883B292F5FA9858E10CA65A54DDCBB8","AA341D96ACF1CD0FE3950E127E493356EBBED8F98C703E0E29E3B032F1A65083","VideoHeartbeat","BufferStart",1785062997101,"ANDROID_PHONE","6.34.8","india","eng","UNK","1.8.2",1785062466862
2078157818,"6ACE4687A532768FD2F8EFF0E4849E9FD883B292F5FA9858E10CA65A54DDCBB8","AA341D96ACF1CD0FE3950E127E493356EBBED8F98C703E0E29E3B032F1A65083","VideoHeartbeat","BufferEnd",1785063001513,"ANDROID_PHONE","6.34.8","india","eng","UNK","1.8.2",1785062466862
2078157818,"6ACE4687A532768FD2F8EFF0E4849E9FD883B292F5FA9858E10CA65A54DDCBB8","AA341D96ACF1CD0FE3950E127E493356EBBED8F98C703E0E29E3B032F1A65083","VideoHeartbeat","downshift",1785063002039,"ANDROID_PHONE","6.34.8","india","eng","UNK","1.8.2",1785062466862
2078157818,"6ACE4687A532768FD2F8EFF0E4849E9FD883B292F5FA9858E10CA65A54DDCBB8","AA341D96ACF1CD0FE3950E127E493356EBBED8F98C703E0E29E3B032F1A65083","VideoHeartbeat","video-resize",1785063030657,"ANDROID_PHONE","6.34.8","india","eng","UNK","1.8.2",1785062466862
2078157818,"6ACE4687A532768FD2F8EFF0E4849E9FD883B292F5FA9858E10CA65A54DDCBB8","AA341D96ACF1CD0FE3950E127E493356EBBED8F98C703E0E29E3B032F1A65083","VideoHeartbeat","buffer-health",1785063030658,"ANDROID_PHONE","6.34.8","india","eng","UNK","1.8.2",1785062466862
2078157818,"6ACE4687A532768FD2F8EFF0E4849E9FD883B292F5FA9858E10CA65A54DDCBB8","AA341D96ACF1CD0FE3950E127E493356EBBED8F98C703E0E29E3B032F1A65083","VideoHeartbeat","network-activity",1785063030658,"ANDROID_PHONE","6.34.8","india","eng","UNK","1.8.2",1785062466862
2078157818,"6ACE4687A532768FD2F8EFF0E4849E9FD883B292F5FA9858E10CA65A54DDCBB8","AA341D96ACF1CD0FE3950E127E493356EBBED8F98C703E0E29E3B032F1A65083","VideoHeartbeat","upshift",1785063047057,"ANDROID_PHONE","6.34.8","india","eng","UNK","1.8.2",1785062466862
2078157818,"6ACE4687A532768FD2F8EFF0E4849E9FD883B292F5FA9858E10CA65A54DDCBB8","AA341D96ACF1CD0FE3950E127E493356EBBED8F98C703E0E29E3B032F1A65083","VideoHeartbeat","upshift",1785063049046,"ANDROID_PHONE","6.34.8","india","eng","UNK","1.8.2",1785062466862
2078157818,"6ACE4687A532768FD2F8EFF0E4849E9FD883B292F5FA9858E10CA65A54DDCBB8","AA341D96ACF1CD0FE3950E127E493356EBBED8F98C703E0E29E3B032F1A65083","VideoHeartbeat","dropped-frames",1785063049413,"ANDROID_PHONE","6.34.8","india","eng","UNK","1.8.2",1785062466862
2078157818,"6ACE4687A532768FD2F8EFF0E4849E9FD883B292F5FA9858E10CA65A54DDCBB8","AA341D96ACF1CD0FE3950E127E493356EBBED8F98C703E0E29E3B032F1A65083","VideoHeartbeat","BufferStart",1785063049428,"ANDROID_PHONE","6.34.8","india","eng","UNK","1.8.2",1785062466862
2078157818,"6ACE4687A532768FD2F8EFF0E4849E9FD883B292F5FA9858E10CA65A54DDCBB8","AA341D96ACF1CD0FE3950E127E493356EBBED8F98C703E0E29E3B032F1A65083","VideoHeartbeat","BufferEnd",1785063052088,"ANDROID_PHONE","6.34.8","india","eng","UNK","1.8.2",1785062466862
2078157818,"6ACE4687A532768FD2F8EFF0E4849E9FD883B292F5FA9858E10CA65A54DDCBB8","AA341D96ACF1CD0FE3950E127E493356EBBED8F98C703E0E29E3B032F1A65083","VideoHeartbeat","downshift",1785063052570,"ANDROID_PHONE","6.34.8","india","eng","UNK","1.8.2",1785062466862
2078157818,"6ACE4687A532768FD2F8EFF0E4849E9FD883B292F5FA9858E10CA65A54DDCBB8","AA341D96ACF1CD0FE3950E127E493356EBBED8F98C703E0E29E3B032F1A65083","VideoHeartbeat","upshift",1785063059511,"ANDROID_PHONE","6.34.8","india","eng","UNK","1.8.2",1785062466862
2078157818,"6ACE4687A532768FD2F8EFF0E4849E9FD883B292F5FA9858E10CA65A54DDCBB8","AA341D96ACF1CD0FE3950E127E493356EBBED8F98C703E0E29E3B032F1A65083","VideoHeartbeat","video-resize",1785063070663,"ANDROID_PHONE","6.34.8","india","eng","UNK","1.8.2",1785062466862
2078157818,"6ACE4687A532768FD2F8EFF0E4849E9FD883B292F5FA9858E10CA65A54DDCBB8","AA341D96ACF1CD0FE3950E127E493356EBBED8F98C703E0E29E3B032F1A65083","VideoHeartbeat","buffer-health",1785063070663,"ANDROID_PHONE","6.34.8","india","eng","UNK","1.8.2",1785062466862
2078157818,"6ACE4687A532768FD2F8EFF0E4849E9FD883B292F5FA9858E10CA65A54DDCBB8","AA341D96ACF1CD0FE3950E127E493356EBBED8F98C703E0E29E3B032F1A65083","VideoHeartbeat","network-activity",1785063070663,"ANDROID_PHONE","6.34.8","india","eng","UNK","1.8.2",1785062466862
2078157818,"6ACE4687A532768FD2F8EFF0E4849E9FD883B292F5FA9858E10CA65A54DDCBB8","AA341D96ACF1CD0FE3950E127E493356EBBED8F98C703E0E29E3B032F1A65083","VideoHeartbeat","video-resize",1785063110666,"ANDROID_PHONE","6.34.8","india","eng","UNK","1.8.2",1785062466862
2078157818,"6ACE4687A532768FD2F8EFF0E4849E9FD883B292F5FA9858E10CA65A54DDCBB8","AA341D96ACF1CD0FE3950E127E493356EBBED8F98C703E0E29E3B032F1A65083","VideoHeartbeat","buffer-health",1785063110667,"ANDROID_PHONE","6.34.8","india","eng","UNK","1.8.2",1785062466862
2078157818,"6ACE4687A532768FD2F8EFF0E4849E9FD883B292F5FA9858E10CA65A54DDCBB8","AA341D96ACF1CD0FE3950E127E493356EBBED8F98C703E0E29E3B032F1A65083","VideoHeartbeat","network-activity",1785063110667,"ANDROID_PHONE","6.34.8","india","eng","UNK","1.8.2",1785062466862
2078157818,"6ACE4687A532768FD2F8EFF0E4849E9FD883B292F5FA9858E10CA65A54DDCBB8","AA341D96ACF1CD0FE3950E127E493356EBBED8F98C703E0E29E3B032F1A65083","VideoHeartbeat","video-resize",1785063150670,"ANDROID_PHONE","6.34.8","india","eng","UNK","1.8.2",1785062466862
2078157818,"6ACE4687A532768FD2F8EFF0E4849E9FD883B292F5FA9858E10CA65A54DDCBB8","AA341D96ACF1CD0FE3950E127E493356EBBED8F98C703E0E29E3B032F1A65083","VideoHeartbeat","buffer-health",1785063150671,"ANDROID_PHONE","6.34.8","india","eng","UNK","1.8.2",1785062466862
2078157818,"6ACE4687A532768FD2F8EFF0E4849E9FD883B292F5FA9858E10CA65A54DDCBB8","AA341D96ACF1CD0FE3950E127E493356EBBED8F98C703E0E29E3B032F1A65083","VideoHeartbeat","network-activity",1785063150671,"ANDROID_PHONE","6.34.8","india","eng","UNK","1.8.2",1785062466862
2078157818,"6ACE4687A532768FD2F8EFF0E4849E9FD883B292F5FA9858E10CA65A54DDCBB8","AA341D96ACF1CD0FE3950E127E493356EBBED8F98C703E0E29E3B032F1A65083","VideoHeartbeat","video-resize",1785063190675,"ANDROID_PHONE","6.34.8","india","eng","UNK","1.8.2",1785062466862
2078157818,"6ACE4687A532768FD2F8EFF0E4849E9FD883B292F5FA9858E10CA65A54DDCBB8","AA341D96ACF1CD0FE3950E127E493356EBBED8F98C703E0E29E3B032F1A65083","VideoHeartbeat","buffer-health",1785063190675,"ANDROID_PHONE","6.34.8","india","eng","UNK","1.8.2",1785062466862
2078157818,"6ACE4687A532768FD2F8EFF0E4849E9FD883B292F5FA9858E10CA65A54DDCBB8","AA341D96ACF1CD0FE3950E127E493356EBBED8F98C703E0E29E3B032F1A65083","VideoHeartbeat","network-activity",1785063190675,"ANDROID_PHONE","6.34.8","india","eng","UNK","1.8.2",1785062466862
2078157818,"6ACE4687A532768FD2F8EFF0E4849E9FD883B292F5FA9858E10CA65A54DDCBB8","AA341D96ACF1CD0FE3950E127E493356EBBED8F98C703E0E29E3B032F1A65083","VideoHeartbeat","downshift",1785063207580,"ANDROID_PHONE","6.34.8","india","eng","UNK","1.8.2",1785062466862
2078157818,"6ACE4687A532768FD2F8EFF0E4849E9FD883B292F5FA9858E10CA65A54DDCBB8","AA341D96ACF1CD0FE3950E127E493356EBBED8F98C703E0E29E3B032F1A65083","VideoHeartbeat","upshift",1785063215579,"ANDROID_PHONE","6.34.8","india","eng","UNK","1.8.2",1785062466862
2078157818,"6ACE4687A532768FD2F8EFF0E4849E9FD883B292F5FA9858E10CA65A54DDCBB8","AA341D96ACF1CD0FE3950E127E493356EBBED8F98C703E0E29E3B032F1A65083","VideoHeartbeat","video-resize",1785063230678,"ANDROID_PHONE","6.34.8","india","eng","UNK","1.8.2",1785062466862
2078157818,"6ACE4687A532768FD2F8EFF0E4849E9FD883B292F5FA9858E10CA65A54DDCBB8","AA341D96ACF1CD0FE3950E127E493356EBBED8F98C703E0E29E3B032F1A65083","VideoHeartbeat","buffer-health",1785063230678,"ANDROID_PHONE","6.34.8","india","eng","UNK","1.8.2",1785062466862
2078157818,"6ACE4687A532768FD2F8EFF0E4849E9FD883B292F5FA9858E10CA65A54DDCBB8","AA341D96ACF1CD0FE3950E127E493356EBBED8F98C703E0E29E3B032F1A65083","VideoHeartbeat","network-activity",1785063230678,"ANDROID_PHONE","6.34.8","india","eng","UNK","1.8.2",1785062466862
2078157818,"6ACE4687A532768FD2F8EFF0E4849E9FD883B292F5FA9858E10CA65A54DDCBB8","AA341D96ACF1CD0FE3950E127E493356EBBED8F98C703E0E29E3B032F1A65083","VideoHeartbeat","upshift",1785063291566,"ANDROID_PHONE","6.34.8","india","eng","UNK","1.8.2",1785062466862
2078157818,"6ACE4687A532768FD2F8EFF0E4849E9FD883B292F5FA9858E10CA65A54DDCBB8","AA341D96ACF1CD0FE3950E127E493356EBBED8F98C703E0E29E3B032F1A65083","VideoHeartbeat","video-resize",1785063310689,"ANDROID_PHONE","6.34.8","india","eng","UNK","1.8.2",1785062466862
2078157818,"6ACE4687A532768FD2F8EFF0E4849E9FD883B292F5FA9858E10CA65A54DDCBB8","AA341D96ACF1CD0FE3950E127E493356EBBED8F98C703E0E29E3B032F1A65083","VideoHeartbeat","buffer-health",1785063310690,"ANDROID_PHONE","6.34.8","india","eng","UNK","1.8.2",1785062466862
2078157818,"6ACE4687A532768FD2F8EFF0E4849E9FD883B292F5FA9858E10CA65A54DDCBB8","AA341D96ACF1CD0FE3950E127E493356EBBED8F98C703E0E29E3B032F1A65083","VideoHeartbeat","network-activity",1785063310690,"ANDROID_PHONE","6.34.8","india","eng","UNK","1.8.2",1785062466862
2078157818,"6ACE4687A532768FD2F8EFF0E4849E9FD883B292F5FA9858E10CA65A54DDCBB8","AA341D96ACF1CD0FE3950E127E493356EBBED8F98C703E0E29E3B032F1A65083","VideoHeartbeat","downshift",1785063247567,"ANDROID_PHONE","6.34.8","india","eng","UNK","1.8.2",1785062466862
2078157818,"6ACE4687A532768FD2F8EFF0E4849E9FD883B292F5FA9858E10CA65A54DDCBB8","AA341D96ACF1CD0FE3950E127E493356EBBED8F98C703E0E29E3B032F1A65083","VideoHeartbeat","video-resize",1785063270683,"ANDROID_PHONE","6.34.8","india","eng","UNK","1.8.2",1785062466862
2078157818,"6ACE4687A532768FD2F8EFF0E4849E9FD883B292F5FA9858E10CA65A54DDCBB8","AA341D96ACF1CD0FE3950E127E493356EBBED8F98C703E0E29E3B032F1A65083","VideoHeartbeat","buffer-health",1785063270684,"ANDROID_PHONE","6.34.8","india","eng","UNK","1.8.2",1785062466862
2078157818,"6ACE4687A532768FD2F8EFF0E4849E9FD883B292F5FA9858E10CA65A54DDCBB8","AA341D96ACF1CD0FE3950E127E493356EBBED8F98C703E0E29E3B032F1A65083","VideoHeartbeat","network-activity",1785063270684,"ANDROID_PHONE","6.34.8","india","eng","UNK","1.8.2",1785062466862
2078157818,"6ACE4687A532768FD2F8EFF0E4849E9FD883B292F5FA9858E10CA65A54DDCBB8","AA341D96ACF1CD0FE3950E127E493356EBBED8F98C703E0E29E3B032F1A65083","VideoHeartbeat","downshift",1785063331585,"ANDROID_PHONE","6.34.8","india","eng","UNK","1.8.2",1785062466862
2078157818,"6ACE4687A532768FD2F8EFF0E4849E9FD883B292F5FA9858E10CA65A54DDCBB8","AA341D96ACF1CD0FE3950E127E493356EBBED8F98C703E0E29E3B032F1A65083","VideoHeartbeat","upshift",1785063335582,"ANDROID_PHONE","6.34.8","india","eng","UNK","1.8.2",1785062466862
2078157818,"6ACE4687A532768FD2F8EFF0E4849E9FD883B292F5FA9858E10CA65A54DDCBB8","AA341D96ACF1CD0FE3950E127E493356EBBED8F98C703E0E29E3B032F1A65083","VideoHeartbeat","video-resize",1785063350693,"ANDROID_PHONE","6.34.8","india","eng","UNK","1.8.2",1785062466862
2078157818,"6ACE4687A532768FD2F8EFF0E4849E9FD883B292F5FA9858E10CA65A54DDCBB8","AA341D96ACF1CD0FE3950E127E493356EBBED8F98C703E0E29E3B032F1A65083","VideoHeartbeat","buffer-health",1785063350694,"ANDROID_PHONE","6.34.8","india","eng","UNK","1.8.2",1785062466862
2078157818,"6ACE4687A532768FD2F8EFF0E4849E9FD883B292F5FA9858E10CA65A54DDCBB8","AA341D96ACF1CD0FE3950E127E493356EBBED8F98C703E0E29E3B032F1A65083","VideoHeartbeat","network-activity",1785063350694,"ANDROID_PHONE","6.34.8","india","eng","UNK","1.8.2",1785062466862
2078157818,"6ACE4687A532768FD2F8EFF0E4849E9FD883B292F5FA9858E10CA65A54DDCBB8","AA341D96ACF1CD0FE3950E127E493356EBBED8F98C703E0E29E3B032F1A65083","VideoHeartbeat","downshift",1785063359572,"ANDROID_PHONE","6.34.8","india","eng","UNK","1.8.2",1785062466862
2078157818,"6ACE4687A532768FD2F8EFF0E4849E9FD883B292F5FA9858E10CA65A54DDCBB8","AA341D96ACF1CD0FE3950E127E493356EBBED8F98C703E0E29E3B032F1A65083","VideoHeartbeat","downshift",1785063371586,"ANDROID_PHONE","6.34.8","india","eng","UNK","1.8.2",1785062466862
2078157818,"6ACE4687A532768FD2F8EFF0E4849E9FD883B292F5FA9858E10CA65A54DDCBB8","AA341D96ACF1CD0FE3950E127E493356EBBED8F98C703E0E29E3B032F1A65083","VideoHeartbeat","video-resize",1785063390699,"ANDROID_PHONE","6.34.8","india","eng","UNK","1.8.2",1785062466862
2078157818,"6ACE4687A532768FD2F8EFF0E4849E9FD883B292F5FA9858E10CA65A54DDCBB8","AA341D96ACF1CD0FE3950E127E493356EBBED8F98C703E0E29E3B032F1A65083","VideoHeartbeat","buffer-health",1785063390699,"ANDROID_PHONE","6.34.8","india","eng","UNK","1.8.2",1785062466862
2078157818,"6ACE4687A532768FD2F8EFF0E4849E9FD883B292F5FA9858E10CA65A54DDCBB8","AA341D96ACF1CD0FE3950E127E493356EBBED8F98C703E0E29E3B032F1A65083","VideoHeartbeat","network-activity",1785063390699,"ANDROID_PHONE","6.34.8","india","eng","UNK","1.8.2",1785062466862
2078157818,"6ACE4687A532768FD2F8EFF0E4849E9FD883B292F5FA9858E10CA65A54DDCBB8","AA341D96ACF1CD0FE3950E127E493356EBBED8F98C703E0E29E3B032F1A65083","VideoHeartbeat","upshift",1785063395580,"ANDROID_PHONE","6.34.8","india","eng","UNK","1.8.2",1785062466862
2078157818,"6ACE4687A532768FD2F8EFF0E4849E9FD883B292F5FA9858E10CA65A54DDCBB8","AA341D96ACF1CD0FE3950E127E493356EBBED8F98C703E0E29E3B032F1A65083","VideoHeartbeat","downshift",1785063415581,"ANDROID_PHONE","6.34.8","india","eng","UNK","1.8.2",1785062466862
2078157818,"6ACE4687A532768FD2F8EFF0E4849E9FD883B292F5FA9858E10CA65A54DDCBB8","AA341D96ACF1CD0FE3950E127E493356EBBED8F98C703E0E29E3B032F1A65083","VideoHeartbeat","upshift",1785063417580,"ANDROID_PHONE","6.34.8","india","eng","UNK","1.8.2",1785062466862
2078157818,"6ACE4687A532768FD2F8EFF0E4849E9FD883B292F5FA9858E10CA65A54DDCBB8","AA341D96ACF1CD0FE3950E127E493356EBBED8F98C703E0E29E3B032F1A65083","VideoHeartbeat","video-resize",1785063430702,"ANDROID_PHONE","6.34.8","india","eng","UNK","1.8.2",1785062466862
2078157818,"6ACE4687A532768FD2F8EFF0E4849E9FD883B292F5FA9858E10CA65A54DDCBB8","AA341D96ACF1CD0FE3950E127E493356EBBED8F98C703E0E29E3B032F1A65083","VideoHeartbeat","buffer-health",1785063430703,"ANDROID_PHONE","6.34.8","india","eng","UNK","1.8.2",1785062466862
2078157818,"6ACE4687A532768FD2F8EFF0E4849E9FD883B292F5FA9858E10CA65A54DDCBB8","AA341D96ACF1CD0FE3950E127E493356EBBED8F98C703E0E29E3B032F1A65083","VideoHeartbeat","network-activity",1785063430703,"ANDROID_PHONE","6.34.8","india","eng","UNK","1.8.2",1785062466862
2078157818,"6ACE4687A532768FD2F8EFF0E4849E9FD883B292F5FA9858E10CA65A54DDCBB8","AA341D96ACF1CD0FE3950E127E493356EBBED8F98C703E0E29E3B032F1A65083","VideoHeartbeat","downshift",1785063435568,"ANDROID_PHONE","6.34.8","india","eng","UNK","1.8.2",1785062466862
2078157818,"6ACE4687A532768FD2F8EFF0E4849E9FD883B292F5FA9858E10CA65A54DDCBB8","AA341D96ACF1CD0FE3950E127E493356EBBED8F98C703E0E29E3B032F1A65083","VideoHeartbeat","upshift",1785063439586,"ANDROID_PHONE","6.34.8","india","eng","UNK","1.8.2",1785062466862
2078157818,"6ACE4687A532768FD2F8EFF0E4849E9FD883B292F5FA9858E10CA65A54DDCBB8","AA341D96ACF1CD0FE3950E127E493356EBBED8F98C703E0E29E3B032F1A65083","VideoHeartbeat","downshift",1785063463575,"ANDROID_PHONE","6.34.8","india","eng","UNK","1.8.2",1785062466862
2078157818,"6ACE4687A532768FD2F8EFF0E4849E9FD883B292F5FA9858E10CA65A54DDCBB8","AA341D96ACF1CD0FE3950E127E493356EBBED8F98C703E0E29E3B032F1A65083","VideoHeartbeat","video-resize",1785063470706,"ANDROID_PHONE","6.34.8","india","eng","UNK","1.8.2",1785062466862
2078157818,"6ACE4687A532768FD2F8EFF0E4849E9FD883B292F5FA9858E10CA65A54DDCBB8","AA341D96ACF1CD0FE3950E127E493356EBBED8F98C703E0E29E3B032F1A65083","VideoHeartbeat","buffer-health",1785063470707,"ANDROID_PHONE","6.34.8","india","eng","UNK","1.8.2",1785062466862
2078157818,"6ACE4687A532768FD2F8EFF0E4849E9FD883B292F5FA9858E10CA65A54DDCBB8","AA341D96ACF1CD0FE3950E127E493356EBBED8F98C703E0E29E3B032F1A65083","VideoHeartbeat","network-activity",1785063470707,"ANDROID_PHONE","6.34.8","india","eng","UNK","1.8.2",1785062466862
2078157818,"6ACE4687A532768FD2F8EFF0E4849E9FD883B292F5FA9858E10CA65A54DDCBB8","AA341D96ACF1CD0FE3950E127E493356EBBED8F98C703E0E29E3B032F1A65083","VideoHeartbeat","upshift",1785063491585,"ANDROID_PHONE","6.34.8","india","eng","UNK","1.8.2",1785062466862
2078157818,"6ACE4687A532768FD2F8EFF0E4849E9FD883B292F5FA9858E10CA65A54DDCBB8","AA341D96ACF1CD0FE3950E127E493356EBBED8F98C703E0E29E3B032F1A65083","VideoHeartbeat","upshift",1785063497599,"ANDROID_PHONE","6.34.8","india","eng","UNK","1.8.2",1785062466862
2078157818,"6ACE4687A532768FD2F8EFF0E4849E9FD883B292F5FA9858E10CA65A54DDCBB8","AA341D96ACF1CD0FE3950E127E493356EBBED8F98C703E0E29E3B032F1A65083","VideoHeartbeat","video-resize",1785063510710,"ANDROID_PHONE","6.34.8","india","eng","UNK","1.8.2",1785062466862
2078157818,"6ACE4687A532768FD2F8EFF0E4849E9FD883B292F5FA9858E10CA65A54DDCBB8","AA341D96ACF1CD0FE3950E127E493356EBBED8F98C703E0E29E3B032F1A65083","VideoHeartbeat","buffer-health",1785063510711,"ANDROID_PHONE","6.34.8","india","eng","UNK","1.8.2",1785062466862
2078157818,"6ACE4687A532768FD2F8EFF0E4849E9FD883B292F5FA9858E10CA65A54DDCBB8","AA341D96ACF1CD0FE3950E127E493356EBBED8F98C703E0E29E3B032F1A65083","VideoHeartbeat","network-activity",1785063510711,"ANDROID_PHONE","6.34.8","india","eng","UNK","1.8.2",1785062466862
2078157818,"6ACE4687A532768FD2F8EFF0E4849E9FD883B292F5FA9858E10CA65A54DDCBB8","AA341D96ACF1CD0FE3950E127E493356EBBED8F98C703E0E29E3B032F1A65083","VideoHeartbeat","downshift",1785063523584,"ANDROID_PHONE","6.34.8","india","eng","UNK","1.8.2",1785062466862
2078157818,"6ACE4687A532768FD2F8EFF0E4849E9FD883B292F5FA9858E10CA65A54DDCBB8","AA341D96ACF1CD0FE3950E127E493356EBBED8F98C703E0E29E3B032F1A65083","VideoHeartbeat","upshift",1785063530612,"ANDROID_PHONE","6.34.8","india","eng","UNK","1.8.2",1785062466862
2078157818,"6ACE4687A532768FD2F8EFF0E4849E9FD883B292F5FA9858E10CA65A54DDCBB8","AA341D96ACF1CD0FE3950E127E493356EBBED8F98C703E0E29E3B032F1A65083","VideoHeartbeat","upshift",1785063531595,"ANDROID_PHONE","6.34.8","india","eng","UNK","1.8.2",1785062466862
2078157818,"6ACE4687A532768FD2F8EFF0E4849E9FD883B292F5FA9858E10CA65A54DDCBB8","AA341D96ACF1CD0FE3950E127E493356EBBED8F98C703E0E29E3B032F1A65083","VideoHeartbeat","dropped-frames",1785063531957,"ANDROID_PHONE","6.34.8","india","eng","UNK","1.8.2",1785062466862
2078157818,"6ACE4687A532768FD2F8EFF0E4849E9FD883B292F5FA9858E10CA65A54DDCBB8","AA341D96ACF1CD0FE3950E127E493356EBBED8F98C703E0E29E3B032F1A65083","VideoHeartbeat","BufferStart",1785063531969,"ANDROID_PHONE","6.34.8","india","eng","UNK","1.8.2",1785062466862
2078157818,"6ACE4687A532768FD2F8EFF0E4849E9FD883B292F5FA9858E10CA65A54DDCBB8","AA341D96ACF1CD0FE3950E127E493356EBBED8F98C703E0E29E3B032F1A65083","VideoHeartbeat","BufferEnd",1785063535985,"ANDROID_PHONE","6.34.8","india","eng","UNK","1.8.2",1785062466862
2078157818,"6ACE4687A532768FD2F8EFF0E4849E9FD883B292F5FA9858E10CA65A54DDCBB8","AA341D96ACF1CD0FE3950E127E493356EBBED8F98C703E0E29E3B032F1A65083","VideoHeartbeat","video-resize",1785063550714,"ANDROID_PHONE","6.34.8","india","eng","UNK","1.8.2",1785062466862
2078157818,"6ACE4687A532768FD2F8EFF0E4849E9FD883B292F5FA9858E10CA65A54DDCBB8","AA341D96ACF1CD0FE3950E127E493356EBBED8F98C703E0E29E3B032F1A65083","VideoHeartbeat","buffer-health",1785063550714,"ANDROID_PHONE","6.34.8","india","eng","UNK","1.8.2",1785062466862
2078157818,"6ACE4687A532768FD2F8EFF0E4849E9FD883B292F5FA9858E10CA65A54DDCBB8","AA341D96ACF1CD0FE3950E127E493356EBBED8F98C703E0E29E3B032F1A65083","VideoHeartbeat","network-activity",1785063550714,"ANDROID_PHONE","6.34.8","india","eng","UNK","1.8.2",1785062466862
2078157818,"6ACE4687A532768FD2F8EFF0E4849E9FD883B292F5FA9858E10CA65A54DDCBB8","AA341D96ACF1CD0FE3950E127E493356EBBED8F98C703E0E29E3B032F1A65083","AppBackgrounded","AppBackgrounded",1785063564991,"ANDROID_PHONE","6.34.8","india","eng","UNK","1.8.2",1785062466862
2078157818,"6ACE4687A532768FD2F8EFF0E4849E9FD883B292F5FA9858E10CA65A54DDCBB8","AA341D96ACF1CD0FE3950E127E493356EBBED8F98C703E0E29E3B032F1A65083","VideoHeartbeat","downshift",1785063559431,"ANDROID_PHONE","6.34.8","india","eng","UNK","1.8.2",1785062466862
2078157818,"6ACE4687A532768FD2F8EFF0E4849E9FD883B292F5FA9858E10CA65A54DDCBB8","AA341D96ACF1CD0FE3950E127E493356EBBED8F98C703E0E29E3B032F1A65083","VideoHeartbeat","pause",1785063564463,"ANDROID_PHONE","6.34.8","india","eng","UNK","1.8.2",1785062466862
2078157818,"6ACE4687A532768FD2F8EFF0E4849E9FD883B292F5FA9858E10CA65A54DDCBB8","AA341D96ACF1CD0FE3950E127E493356EBBED8F98C703E0E29E3B032F1A65083","VideoHeartbeat","dropped-frames",1785063564953,"ANDROID_PHONE","6.34.8","india","eng","UNK","1.8.2",1785062466862
2078157818,"6ACE4687A532768FD2F8EFF0E4849E9FD883B292F5FA9858E10CA65A54DDCBB8","AA341D96ACF1CD0FE3950E127E493356EBBED8F98C703E0E29E3B032F1A65083","VideoHeartbeat","resume",1785063618271,"ANDROID_PHONE","6.34.8","india","eng","UNK","1.8.2",1785062466862
2078157818,"6ACE4687A532768FD2F8EFF0E4849E9FD883B292F5FA9858E10CA65A54DDCBB8","AA341D96ACF1CD0FE3950E127E493356EBBED8F98C703E0E29E3B032F1A65083","VideoHeartbeat","upshift",1785063621009,"ANDROID_PHONE","6.34.8","india","eng","UNK","1.8.2",1785062466862
2078157818,"6ACE4687A532768FD2F8EFF0E4849E9FD883B292F5FA9858E10CA65A54DDCBB8","AA341D96ACF1CD0FE3950E127E493356EBBED8F98C703E0E29E3B032F1A65083","VideoHeartbeat","pause",1785063622052,"ANDROID_PHONE","6.34.8","india","eng","UNK","1.8.2",1785062466862
2078157818,"6ACE4687A532768FD2F8EFF0E4849E9FD883B292F5FA9858E10CA65A54DDCBB8","AA341D96ACF1CD0FE3950E127E493356EBBED8F98C703E0E29E3B032F1A65083","VideoHeartbeat","buffer-health",1785063622278,"ANDROID_PHONE","6.34.8","india","eng","UNK","1.8.2",1785062466862
2078157818,"6ACE4687A532768FD2F8EFF0E4849E9FD883B292F5FA9858E10CA65A54DDCBB8","AA341D96ACF1CD0FE3950E127E493356EBBED8F98C703E0E29E3B032F1A65083","VideoHeartbeat","network-activity",1785063622278,"ANDROID_PHONE","6.34.8","india","eng","UNK","1.8.2",1785062466862
2078157818,"6ACE4687A532768FD2F8EFF0E4849E9FD883B292F5FA9858E10CA65A54DDCBB8","AA341D96ACF1CD0FE3950E127E493356EBBED8F98C703E0E29E3B032F1A65083","AppForegrounded","AppForegrounded",1785063618159,"ANDROID_PHONE","6.34.8","india","eng","UNK","1.8.2",1785062466862
2078157818,"6ACE4687A532768FD2F8EFF0E4849E9FD883B292F5FA9858E10CA65A54DDCBB8","AA341D96ACF1CD0FE3950E127E493356EBBED8F98C703E0E29E3B032F1A65083","VideoSessionEnd","VideoSessionEnd",1785063622303,"ANDROID_PHONE","6.34.8","india","eng","UNK","1.8.2",1785062466862
2078157821,"BE730DA970EDCD0DBB834EEDED306EA21BB2863D4D47505584C99653CFE74B67","20142301F668CBD3AB9FFD64A060288375E9020BBAD22551E695E2C8B822568B","VideoSessionStart","VideoSessionStart",1785062835858,"IPHONE","8.9.5","india","","","",1785062835858
2078157821,"BE730DA970EDCD0DBB834EEDED306EA21BB2863D4D47505584C99653CFE74B67","20142301F668CBD3AB9FFD64A060288375E9020BBAD22551E695E2C8B822568B","AppBackgrounded","AppBackgrounded",1785062839982,"IPHONE","8.9.5","india","HIN","UND","1.1",1785062835858
2078157821,"BE730DA970EDCD0DBB834EEDED306EA21BB2863D4D47505584C99653CFE74B67","20142301F668CBD3AB9FFD64A060288375E9020BBAD22551E695E2C8B822568B","VideoPlay","Play",1785062838125,"IPHONE","8.9.5","india","HIN","UND","1.1",1785062835858
2078157821,"BE730DA970EDCD0DBB834EEDED306EA21BB2863D4D47505584C99653CFE74B67","20142301F668CBD3AB9FFD64A060288375E9020BBAD22551E695E2C8B822568B","AppForegrounded","AppForegrounded",1785062856063,"IPHONE","8.9.5","india","ENG","UND","1.1",1785062835858
2078157821,"BE730DA970EDCD0DBB834EEDED306EA21BB2863D4D47505584C99653CFE74B67","20142301F668CBD3AB9FFD64A060288375E9020BBAD22551E695E2C8B822568B","VideoHeartbeat","resume",1785062884622,"IPHONE","8.9.5","india","HIN","UND","1.1",1785062835858
2078157821,"BE730DA970EDCD0DBB834EEDED306EA21BB2863D4D47505584C99653CFE74B67","20142301F668CBD3AB9FFD64A060288375E9020BBAD22551E695E2C8B822568B","VideoHeartbeat","network-bandwidth",1785062890557,"IPHONE","8.9.5","india","HIN","UND","1.1",1785062835858
2078157821,"BE730DA970EDCD0DBB834EEDED306EA21BB2863D4D47505584C99653CFE74B67","20142301F668CBD3AB9FFD64A060288375E9020BBAD22551E695E2C8B822568B","VideoHeartbeat","pause",1785062838320,"IPHONE","8.9.5","india","ENG","UND","1.1",1785062835858
2078157821,"BE730DA970EDCD0DBB834EEDED306EA21BB2863D4D47505584C99653CFE74B67","20142301F668CBD3AB9FFD64A060288375E9020BBAD22551E695E2C8B822568B","VideoHeartbeat","network-bandwidth",1785062876196,"IPHONE","8.9.5","india","ENG","UND","1.1",1785062835858
2078157821,"BE730DA970EDCD0DBB834EEDED306EA21BB2863D4D47505584C99653CFE74B67","20142301F668CBD3AB9FFD64A060288375E9020BBAD22551E695E2C8B822568B","VideoHeartbeat","network-bandwidth",1785062956195,"IPHONE","8.9.5","india","HIN","UND","1.1",1785062835858
2078157821,"BE730DA970EDCD0DBB834EEDED306EA21BB2863D4D47505584C99653CFE74B67","20142301F668CBD3AB9FFD64A060288375E9020BBAD22551E695E2C8B822568B","VideoHeartbeat","network-bandwidth",1785062916195,"IPHONE","8.9.5","india","HIN","UND","1.1",1785062835858
2078157821,"BE730DA970EDCD0DBB834EEDED306EA21BB2863D4D47505584C99653CFE74B67","20142301F668CBD3AB9FFD64A060288375E9020BBAD22551E695E2C8B822568B","VideoHeartbeat","network-bandwidth",1785062996195,"IPHONE","8.9.5","india","HIN","UND","1.1",1785062835858
2078157821,"BE730DA970EDCD0DBB834EEDED306EA21BB2863D4D47505584C99653CFE74B67","20142301F668CBD3AB9FFD64A060288375E9020BBAD22551E695E2C8B822568B","VideoHeartbeat","network-bandwidth",1785063036195,"IPHONE","8.9.5","india","HIN","UND","1.1",1785062835858
2078157821,"BE730DA970EDCD0DBB834EEDED306EA21BB2863D4D47505584C99653CFE74B67","20142301F668CBD3AB9FFD64A060288375E9020BBAD22551E695E2C8B822568B","VideoHeartbeat","network-bandwidth",1785063116197,"IPHONE","8.9.5","india","HIN","UND","1.1",1785062835858
2078157821,"BE730DA970EDCD0DBB834EEDED306EA21BB2863D4D47505584C99653CFE74B67","20142301F668CBD3AB9FFD64A060288375E9020BBAD22551E695E2C8B822568B","VideoHeartbeat","network-bandwidth",1785063076197,"IPHONE","8.9.5","india","HIN","UND","1.1",1785062835858
2078157821,"BE730DA970EDCD0DBB834EEDED306EA21BB2863D4D47505584C99653CFE74B67","20142301F668CBD3AB9FFD64A060288375E9020BBAD22551E695E2C8B822568B","VideoHeartbeat","network-bandwidth",1785063156197,"IPHONE","8.9.5","india","HIN","UND","1.1",1785062835858
2078157821,"BE730DA970EDCD0DBB834EEDED306EA21BB2863D4D47505584C99653CFE74B67","20142301F668CBD3AB9FFD64A060288375E9020BBAD22551E695E2C8B822568B","VideoHeartbeat","network-bandwidth",1785063196197,"IPHONE","8.9.5","india","HIN","UND","1.1",1785062835858
2078157821,"BE730DA970EDCD0DBB834EEDED306EA21BB2863D4D47505584C99653CFE74B67","20142301F668CBD3AB9FFD64A060288375E9020BBAD22551E695E2C8B822568B","VideoHeartbeat","network-bandwidth",1785063236196,"IPHONE","8.9.5","india","HIN","UND","1.1",1785062835858
2078157821,"BE730DA970EDCD0DBB834EEDED306EA21BB2863D4D47505584C99653CFE74B67","20142301F668CBD3AB9FFD64A060288375E9020BBAD22551E695E2C8B822568B","VideoSessionEnd","VideoSessionEnd",1785063265857,"IPHONE","8.9.5","india","HIN","UND","1.1",1785062835858
2078158476,"DAA3649215F45F6E013EA343DE158AF1F6737E48FDD58319044C2DB1347937A7","485DC71E405E47BA1E194AC81F3C64E5DA9801A2C0E4A18E7091656DB51FCC74","VideoSessionStart","VideoSessionStart",1785063574142,"ANDROID_PHONE","6.34.8","india","unk","unk","1.8.2",1785063574142
2078158476,"DAA3649215F45F6E013EA343DE158AF1F6737E48FDD58319044C2DB1347937A7","485DC71E405E47BA1E194AC81F3C64E5DA9801A2C0E4A18E7091656DB51FCC74","VideoPlay","Play",1785063577087,"ANDROID_PHONE","6.34.8","india","non","UNK","1.8.2",1785063574142
2078158476,"DAA3649215F45F6E013EA343DE158AF1F6737E48FDD58319044C2DB1347937A7","485DC71E405E47BA1E194AC81F3C64E5DA9801A2C0E4A18E7091656DB51FCC74","VideoHeartbeat","upshift",1785063577795,"ANDROID_PHONE","6.34.8","india","hin","UNK","1.8.2",1785063574142
2078158476,"DAA3649215F45F6E013EA343DE158AF1F6737E48FDD58319044C2DB1347937A7","485DC71E405E47BA1E194AC81F3C64E5DA9801A2C0E4A18E7091656DB51FCC74","VideoHeartbeat","BufferStart",1785063585849,"ANDROID_PHONE","6.34.8","india","hin","UNK","1.8.2",1785063574142
2078158476,"DAA3649215F45F6E013EA343DE158AF1F6737E48FDD58319044C2DB1347937A7","485DC71E405E47BA1E194AC81F3C64E5DA9801A2C0E4A18E7091656DB51FCC74","VideoHeartbeat","BufferEnd",1785063586222,"ANDROID_PHONE","6.34.8","india","hin","UNK","1.8.2",1785063574142
2078158476,"DAA3649215F45F6E013EA343DE158AF1F6737E48FDD58319044C2DB1347937A7","485DC71E405E47BA1E194AC81F3C64E5DA9801A2C0E4A18E7091656DB51FCC74","VideoHeartbeat","BufferStart",1785063593275,"ANDROID_PHONE","6.34.8","india","hin","UNK","1.8.2",1785063574142
2078158476,"DAA3649215F45F6E013EA343DE158AF1F6737E48FDD58319044C2DB1347937A7","485DC71E405E47BA1E194AC81F3C64E5DA9801A2C0E4A18E7091656DB51FCC74","VideoHeartbeat","video_forward",1785063593276,"ANDROID_PHONE","6.34.8","india","hin","UNK","1.8.2",1785063574142
2078158476,"DAA3649215F45F6E013EA343DE158AF1F6737E48FDD58319044C2DB1347937A7","485DC71E405E47BA1E194AC81F3C64E5DA9801A2C0E4A18E7091656DB51FCC74","VideoHeartbeat","BufferEnd",1785063593703,"ANDROID_PHONE","6.34.8","india","hin","UNK","1.8.2",1785063574142
2078158476,"DAA3649215F45F6E013EA343DE158AF1F6737E48FDD58319044C2DB1347937A7","485DC71E405E47BA1E194AC81F3C64E5DA9801A2C0E4A18E7091656DB51FCC74","VideoHeartbeat","BufferStart",1785063594419,"ANDROID_PHONE","6.34.8","india","hin","UNK","1.8.2",1785063574142
2078158476,"DAA3649215F45F6E013EA343DE158AF1F6737E48FDD58319044C2DB1347937A7","485DC71E405E47BA1E194AC81F3C64E5DA9801A2C0E4A18E7091656DB51FCC74","VideoHeartbeat","video_forward",1785063594421,"ANDROID_PHONE","6.34.8","india","hin","UNK","1.8.2",1785063574142
2078158476,"DAA3649215F45F6E013EA343DE158AF1F6737E48FDD58319044C2DB1347937A7","485DC71E405E47BA1E194AC81F3C64E5DA9801A2C0E4A18E7091656DB51FCC74","VideoHeartbeat","BufferEnd",1785063594717,"ANDROID_PHONE","6.34.8","india","hin","UNK","1.8.2",1785063574142
2078158476,"DAA3649215F45F6E013EA343DE158AF1F6737E48FDD58319044C2DB1347937A7","485DC71E405E47BA1E194AC81F3C64E5DA9801A2C0E4A18E7091656DB51FCC74","VideoHeartbeat","video_forward",1785063595055,"ANDROID_PHONE","6.34.8","india","hin","UNK","1.8.2",1785063574142
2078158476,"DAA3649215F45F6E013EA343DE158AF1F6737E48FDD58319044C2DB1347937A7","485DC71E405E47BA1E194AC81F3C64E5DA9801A2C0E4A18E7091656DB51FCC74","VideoHeartbeat","BufferStart",1785063595050,"ANDROID_PHONE","6.34.8","india","hin","UNK","1.8.2",1785063574142
2078158476,"DAA3649215F45F6E013EA343DE158AF1F6737E48FDD58319044C2DB1347937A7","485DC71E405E47BA1E194AC81F3C64E5DA9801A2C0E4A18E7091656DB51FCC74","VideoHeartbeat","BufferEnd",1785063595638,"ANDROID_PHONE","6.34.8","india","hin","UNK","1.8.2",1785063574142
2078158476,"DAA3649215F45F6E013EA343DE158AF1F6737E48FDD58319044C2DB1347937A7","485DC71E405E47BA1E194AC81F3C64E5DA9801A2C0E4A18E7091656DB51FCC74","VideoHeartbeat","BufferStart",1785063597597,"ANDROID_PHONE","6.34.8","india","hin","UNK","1.8.2",1785063574142
2078158476,"DAA3649215F45F6E013EA343DE158AF1F6737E48FDD58319044C2DB1347937A7","485DC71E405E47BA1E194AC81F3C64E5DA9801A2C0E4A18E7091656DB51FCC74","VideoHeartbeat","video_forward",1785063597603,"ANDROID_PHONE","6.34.8","india","hin","UNK","1.8.2",1785063574142
2078158476,"DAA3649215F45F6E013EA343DE158AF1F6737E48FDD58319044C2DB1347937A7","485DC71E405E47BA1E194AC81F3C64E5DA9801A2C0E4A18E7091656DB51FCC74","VideoHeartbeat","BufferEnd",1785063598355,"ANDROID_PHONE","6.34.8","india","hin","UNK","1.8.2",1785063574142
2078158476,"DAA3649215F45F6E013EA343DE158AF1F6737E48FDD58319044C2DB1347937A7","485DC71E405E47BA1E194AC81F3C64E5DA9801A2C0E4A18E7091656DB51FCC74","VideoHeartbeat","BufferStart",1785063598973,"ANDROID_PHONE","6.34.8","india","hin","UNK","1.8.2",1785063574142
2078158476,"DAA3649215F45F6E013EA343DE158AF1F6737E48FDD58319044C2DB1347937A7","485DC71E405E47BA1E194AC81F3C64E5DA9801A2C0E4A18E7091656DB51FCC74","VideoHeartbeat","video_forward",1785063598980,"ANDROID_PHONE","6.34.8","india","hin","UNK","1.8.2",1785063574142
2078158476,"DAA3649215F45F6E013EA343DE158AF1F6737E48FDD58319044C2DB1347937A7","485DC71E405E47BA1E194AC81F3C64E5DA9801A2C0E4A18E7091656DB51FCC74","VideoHeartbeat","BufferEnd",1785063599798,"ANDROID_PHONE","6.34.8","india","hin","UNK","1.8.2",1785063574142
2078158476,"DAA3649215F45F6E013EA343DE158AF1F6737E48FDD58319044C2DB1347937A7","485DC71E405E47BA1E194AC81F3C64E5DA9801A2C0E4A18E7091656DB51FCC74","VideoHeartbeat","pause",1785063600933,"ANDROID_PHONE","6.34.8","india","hin","UNK","1.8.2",1785063574142
2078158476,"DAA3649215F45F6E013EA343DE158AF1F6737E48FDD58319044C2DB1347937A7","485DC71E405E47BA1E194AC81F3C64E5DA9801A2C0E4A18E7091656DB51FCC74","VideoHeartbeat","resume",1785063601956,"ANDROID_PHONE","6.34.8","india","hin","UNK","1.8.2",1785063574142
2078158476,"DAA3649215F45F6E013EA343DE158AF1F6737E48FDD58319044C2DB1347937A7","485DC71E405E47BA1E194AC81F3C64E5DA9801A2C0E4A18E7091656DB51FCC74","VideoHeartbeat","video-resize",1785063617109,"ANDROID_PHONE","6.34.8","india","hin","UNK","1.8.2",1785063574142
2078158476,"DAA3649215F45F6E013EA343DE158AF1F6737E48FDD58319044C2DB1347937A7","485DC71E405E47BA1E194AC81F3C64E5DA9801A2C0E4A18E7091656DB51FCC74","VideoHeartbeat","buffer-health",1785063617128,"ANDROID_PHONE","6.34.8","india","hin","UNK","1.8.2",1785063574142
2078158476,"DAA3649215F45F6E013EA343DE158AF1F6737E48FDD58319044C2DB1347937A7","485DC71E405E47BA1E194AC81F3C64E5DA9801A2C0E4A18E7091656DB51FCC74","VideoHeartbeat","network-activity",1785063617128,"ANDROID_PHONE","6.34.8","india","hin","UNK","1.8.2",1785063574142
2078158476,"DAA3649215F45F6E013EA343DE158AF1F6737E48FDD58319044C2DB1347937A7","485DC71E405E47BA1E194AC81F3C64E5DA9801A2C0E4A18E7091656DB51FCC74","VideoHeartbeat","video-resize",1785063657140,"ANDROID_PHONE","6.34.8","india","hin","UNK","1.8.2",1785063574142
2078158476,"DAA3649215F45F6E013EA343DE158AF1F6737E48FDD58319044C2DB1347937A7","485DC71E405E47BA1E194AC81F3C64E5DA9801A2C0E4A18E7091656DB51FCC74","VideoHeartbeat","buffer-health",1785063657142,"ANDROID_PHONE","6.34.8","india","hin","UNK","1.8.2",1785063574142
2078158476,"DAA3649215F45F6E013EA343DE158AF1F6737E48FDD58319044C2DB1347937A7","485DC71E405E47BA1E194AC81F3C64E5DA9801A2C0E4A18E7091656DB51FCC74","VideoHeartbeat","network-activity",1785063657142,"ANDROID_PHONE","6.34.8","india","hin","UNK","1.8.2",1785063574142
2078158476,"DAA3649215F45F6E013EA343DE158AF1F6737E48FDD58319044C2DB1347937A7","485DC71E405E47BA1E194AC81F3C64E5DA9801A2C0E4A18E7091656DB51FCC74","VideoHeartbeat","video-resize",1785063697162,"ANDROID_PHONE","6.34.8","india","hin","UNK","1.8.2",1785063574142
2078158476,"DAA3649215F45F6E013EA343DE158AF1F6737E48FDD58319044C2DB1347937A7","485DC71E405E47BA1E194AC81F3C64E5DA9801A2C0E4A18E7091656DB51FCC74","VideoHeartbeat","buffer-health",1785063697164,"ANDROID_PHONE","6.34.8","india","hin","UNK","1.8.2",1785063574142
2078158476,"DAA3649215F45F6E013EA343DE158AF1F6737E48FDD58319044C2DB1347937A7","485DC71E405E47BA1E194AC81F3C64E5DA9801A2C0E4A18E7091656DB51FCC74","VideoHeartbeat","network-activity",1785063697164,"ANDROID_PHONE","6.34.8","india","hin","UNK","1.8.2",1785063574142
2078158476,"DAA3649215F45F6E013EA343DE158AF1F6737E48FDD58319044C2DB1347937A7","485DC71E405E47BA1E194AC81F3C64E5DA9801A2C0E4A18E7091656DB51FCC74","VideoHeartbeat","video-resize",1785063737178,"ANDROID_PHONE","6.34.8","india","hin","UNK","1.8.2",1785063574142
2078158476,"DAA3649215F45F6E013EA343DE158AF1F6737E48FDD58319044C2DB1347937A7","485DC71E405E47BA1E194AC81F3C64E5DA9801A2C0E4A18E7091656DB51FCC74","VideoHeartbeat","buffer-health",1785063737182,"ANDROID_PHONE","6.34.8","india","hin","UNK","1.8.2",1785063574142
2078158476,"DAA3649215F45F6E013EA343DE158AF1F6737E48FDD58319044C2DB1347937A7","485DC71E405E47BA1E194AC81F3C64E5DA9801A2C0E4A18E7091656DB51FCC74","VideoHeartbeat","network-activity",1785063737182,"ANDROID_PHONE","6.34.8","india","hin","UNK","1.8.2",1785063574142
2078158476,"DAA3649215F45F6E013EA343DE158AF1F6737E48FDD58319044C2DB1347937A7","485DC71E405E47BA1E194AC81F3C64E5DA9801A2C0E4A18E7091656DB51FCC74","VideoHeartbeat","video-resize",1785063777203,"ANDROID_PHONE","6.34.8","india","hin","UNK","1.8.2",1785063574142
2078158476,"DAA3649215F45F6E013EA343DE158AF1F6737E48FDD58319044C2DB1347937A7","485DC71E405E47BA1E194AC81F3C64E5DA9801A2C0E4A18E7091656DB51FCC74","VideoHeartbeat","buffer-health",1785063777206,"ANDROID_PHONE","6.34.8","india","hin","UNK","1.8.2",1785063574142
2078158476,"DAA3649215F45F6E013EA343DE158AF1F6737E48FDD58319044C2DB1347937A7","485DC71E405E47BA1E194AC81F3C64E5DA9801A2C0E4A18E7091656DB51FCC74","VideoHeartbeat","network-activity",1785063777206,"ANDROID_PHONE","6.34.8","india","hin","UNK","1.8.2",1785063574142
2078158476,"DAA3649215F45F6E013EA343DE158AF1F6737E48FDD58319044C2DB1347937A7","485DC71E405E47BA1E194AC81F3C64E5DA9801A2C0E4A18E7091656DB51FCC74","AppBackgrounded","AppBackgrounded",1785063792944,"ANDROID_PHONE","6.34.8","india","non","UNK","1.8.2",1785063574142
2078158476,"DAA3649215F45F6E013EA343DE158AF1F6737E48FDD58319044C2DB1347937A7","485DC71E405E47BA1E194AC81F3C64E5DA9801A2C0E4A18E7091656DB51FCC74","AppForegrounded","AppForegrounded",1785063815589,"ANDROID_PHONE","6.34.8","india","non","UNK","1.8.2",1785063574142
2078158476,"DAA3649215F45F6E013EA343DE158AF1F6737E48FDD58319044C2DB1347937A7","485DC71E405E47BA1E194AC81F3C64E5DA9801A2C0E4A18E7091656DB51FCC74","VideoHeartbeat","pause",1785063791073,"ANDROID_PHONE","6.34.8","india","hin","UNK","1.8.2",1785063574142
2078158476,"DAA3649215F45F6E013EA343DE158AF1F6737E48FDD58319044C2DB1347937A7","485DC71E405E47BA1E194AC81F3C64E5DA9801A2C0E4A18E7091656DB51FCC74","VideoHeartbeat","resume",1785063815906,"ANDROID_PHONE","6.34.8","india","hin","UNK","1.8.2",1785063574142
2078158476,"DAA3649215F45F6E013EA343DE158AF1F6737E48FDD58319044C2DB1347937A7","485DC71E405E47BA1E194AC81F3C64E5DA9801A2C0E4A18E7091656DB51FCC74","VideoHeartbeat","video-resize",1785063817216,"ANDROID_PHONE","6.34.8","india","hin","UNK","1.8.2",1785063574142
2078158476,"DAA3649215F45F6E013EA343DE158AF1F6737E48FDD58319044C2DB1347937A7","485DC71E405E47BA1E194AC81F3C64E5DA9801A2C0E4A18E7091656DB51FCC74","VideoHeartbeat","buffer-health",1785063817218,"ANDROID_PHONE","6.34.8","india","hin","UNK","1.8.2",1785063574142
2078158476,"DAA3649215F45F6E013EA343DE158AF1F6737E48FDD58319044C2DB1347937A7","485DC71E405E47BA1E194AC81F3C64E5DA9801A2C0E4A18E7091656DB51FCC74","VideoHeartbeat","network-activity",1785063817218,"ANDROID_PHONE","6.34.8","india","hin","UNK","1.8.2",1785063574142
2078158476,"DAA3649215F45F6E013EA343DE158AF1F6737E48FDD58319044C2DB1347937A7","485DC71E405E47BA1E194AC81F3C64E5DA9801A2C0E4A18E7091656DB51FCC74","VideoHeartbeat","video-resize",1785063857231,"ANDROID_PHONE","6.34.8","india","hin","UNK","1.8.2",1785063574142
2078158476,"DAA3649215F45F6E013EA343DE158AF1F6737E48FDD58319044C2DB1347937A7","485DC71E405E47BA1E194AC81F3C64E5DA9801A2C0E4A18E7091656DB51FCC74","VideoHeartbeat","buffer-health",1785063857233,"ANDROID_PHONE","6.34.8","india","hin","UNK","1.8.2",1785063574142
2078158476,"DAA3649215F45F6E013EA343DE158AF1F6737E48FDD58319044C2DB1347937A7","485DC71E405E47BA1E194AC81F3C64E5DA9801A2C0E4A18E7091656DB51FCC74","VideoHeartbeat","network-activity",1785063857233,"ANDROID_PHONE","6.34.8","india","hin","UNK","1.8.2",1785063574142
2078158476,"DAA3649215F45F6E013EA343DE158AF1F6737E48FDD58319044C2DB1347937A7","485DC71E405E47BA1E194AC81F3C64E5DA9801A2C0E4A18E7091656DB51FCC74","VideoHeartbeat","buffer-health",1785063893181,"ANDROID_PHONE","6.34.8","india","hin","UNK","1.8.2",1785063574142
2078158476,"DAA3649215F45F6E013EA343DE158AF1F6737E48FDD58319044C2DB1347937A7","485DC71E405E47BA1E194AC81F3C64E5DA9801A2C0E4A18E7091656DB51FCC74","VideoHeartbeat","network-activity",1785063893181,"ANDROID_PHONE","6.34.8","india","hin","UNK","1.8.2",1785063574142
2078158476,"DAA3649215F45F6E013EA343DE158AF1F6737E48FDD58319044C2DB1347937A7","485DC71E405E47BA1E194AC81F3C64E5DA9801A2C0E4A18E7091656DB51FCC74","VideoHeartbeat","resume",1785063915878,"ANDROID_PHONE","6.34.8","india","unk","UNK","1.8.2",1785063574142
2078158476,"DAA3649215F45F6E013EA343DE158AF1F6737E48FDD58319044C2DB1347937A7","485DC71E405E47BA1E194AC81F3C64E5DA9801A2C0E4A18E7091656DB51FCC74","VideoHeartbeat","buffer-health",1785063915863,"ANDROID_PHONE","6.34.8","india","unk","UNK","1.8.2",1785063574142
2078158476,"DAA3649215F45F6E013EA343DE158AF1F6737E48FDD58319044C2DB1347937A7","485DC71E405E47BA1E194AC81F3C64E5DA9801A2C0E4A18E7091656DB51FCC74","VideoHeartbeat","network-activity",1785063915863,"ANDROID_PHONE","6.34.8","india","unk","UNK","1.8.2",1785063574142
2078158476,"DAA3649215F45F6E013EA343DE158AF1F6737E48FDD58319044C2DB1347937A7","485DC71E405E47BA1E194AC81F3C64E5DA9801A2C0E4A18E7091656DB51FCC74","VideoHeartbeat","network-activity",1785063976144,"ANDROID_PHONE","6.34.8","india","unk","UNK","1.8.2",1785063574142
2078158476,"DAA3649215F45F6E013EA343DE158AF1F6737E48FDD58319044C2DB1347937A7","485DC71E405E47BA1E194AC81F3C64E5DA9801A2C0E4A18E7091656DB51FCC74","VideoHeartbeat","resume",1785063976180,"ANDROID_PHONE","6.34.8","india","unk","UNK","1.8.2",1785063574142
2078158476,"DAA3649215F45F6E013EA343DE158AF1F6737E48FDD58319044C2DB1347937A7","485DC71E405E47BA1E194AC81F3C64E5DA9801A2C0E4A18E7091656DB51FCC74","VideoHeartbeat","resume",1785063945939,"ANDROID_PHONE","6.34.8","india","unk","UNK","1.8.2",1785063574142
2078158476,"DAA3649215F45F6E013EA343DE158AF1F6737E48FDD58319044C2DB1347937A7","485DC71E405E47BA1E194AC81F3C64E5DA9801A2C0E4A18E7091656DB51FCC74","VideoHeartbeat","network-activity",1785063945933,"ANDROID_PHONE","6.34.8","india","unk","UNK","1.8.2",1785063574142
2078158476,"DAA3649215F45F6E013EA343DE158AF1F6737E48FDD58319044C2DB1347937A7","485DC71E405E47BA1E194AC81F3C64E5DA9801A2C0E4A18E7091656DB51FCC74","VideoHeartbeat","resume",1785063991485,"ANDROID_PHONE","6.34.8","india","unk","UNK","1.8.2",1785063574142
2078158476,"DAA3649215F45F6E013EA343DE158AF1F6737E48FDD58319044C2DB1347937A7","485DC71E405E47BA1E194AC81F3C64E5DA9801A2C0E4A18E7091656DB51FCC74","VideoHeartbeat","network-activity",1785063991465,"ANDROID_PHONE","6.34.8","india","unk","UNK","1.8.2",1785063574142
2078158476,"DAA3649215F45F6E013EA343DE158AF1F6737E48FDD58319044C2DB1347937A7","485DC71E405E47BA1E194AC81F3C64E5DA9801A2C0E4A18E7091656DB51FCC74","VideoHeartbeat","upshift",1785063991890,"ANDROID_PHONE","6.34.8","india","unk","UNK","1.8.2",1785063574142
2078158476,"DAA3649215F45F6E013EA343DE158AF1F6737E48FDD58319044C2DB1347937A7","485DC71E405E47BA1E194AC81F3C64E5DA9801A2C0E4A18E7091656DB51FCC74","VideoHeartbeat","video-resize",1785064017274,"ANDROID_PHONE","6.34.8","india","unk","UNK","1.8.2",1785063574142
2078158476,"DAA3649215F45F6E013EA343DE158AF1F6737E48FDD58319044C2DB1347937A7","485DC71E405E47BA1E194AC81F3C64E5DA9801A2C0E4A18E7091656DB51FCC74","VideoHeartbeat","buffer-health",1785064017284,"ANDROID_PHONE","6.34.8","india","unk","UNK","1.8.2",1785063574142
2078158476,"DAA3649215F45F6E013EA343DE158AF1F6737E48FDD58319044C2DB1347937A7","485DC71E405E47BA1E194AC81F3C64E5DA9801A2C0E4A18E7091656DB51FCC74","VideoHeartbeat","network-activity",1785064017284,"ANDROID_PHONE","6.34.8","india","unk","UNK","1.8.2",1785063574142
2078158476,"DAA3649215F45F6E013EA343DE158AF1F6737E48FDD58319044C2DB1347937A7","485DC71E405E47BA1E194AC81F3C64E5DA9801A2C0E4A18E7091656DB51FCC74","VideoHeartbeat","video-resize",1785064057295,"ANDROID_PHONE","6.34.8","india","unk","UNK","1.8.2",1785063574142
2078158476,"DAA3649215F45F6E013EA343DE158AF1F6737E48FDD58319044C2DB1347937A7","485DC71E405E47BA1E194AC81F3C64E5DA9801A2C0E4A18E7091656DB51FCC74","VideoHeartbeat","buffer-health",1785064057300,"ANDROID_PHONE","6.34.8","india","unk","UNK","1.8.2",1785063574142
2078158476,"DAA3649215F45F6E013EA343DE158AF1F6737E48FDD58319044C2DB1347937A7","485DC71E405E47BA1E194AC81F3C64E5DA9801A2C0E4A18E7091656DB51FCC74","VideoHeartbeat","network-activity",1785064057300,"ANDROID_PHONE","6.34.8","india","unk","UNK","1.8.2",1785063574142
2078158476,"DAA3649215F45F6E013EA343DE158AF1F6737E48FDD58319044C2DB1347937A7","485DC71E405E47BA1E194AC81F3C64E5DA9801A2C0E4A18E7091656DB51FCC74","VideoHeartbeat","video-resize",1785064097313,"ANDROID_PHONE","6.34.8","india","unk","UNK","1.8.2",1785063574142
2078158476,"DAA3649215F45F6E013EA343DE158AF1F6737E48FDD58319044C2DB1347937A7","485DC71E405E47BA1E194AC81F3C64E5DA9801A2C0E4A18E7091656DB51FCC74","VideoHeartbeat","buffer-health",1785064097330,"ANDROID_PHONE","6.34.8","india","unk","UNK","1.8.2",1785063574142
2078158476,"DAA3649215F45F6E013EA343DE158AF1F6737E48FDD58319044C2DB1347937A7","485DC71E405E47BA1E194AC81F3C64E5DA9801A2C0E4A18E7091656DB51FCC74","VideoHeartbeat","network-activity",1785064097330,"ANDROID_PHONE","6.34.8","india","unk","UNK","1.8.2",1785063574142
2078158476,"DAA3649215F45F6E013EA343DE158AF1F6737E48FDD58319044C2DB1347937A7","485DC71E405E47BA1E194AC81F3C64E5DA9801A2C0E4A18E7091656DB51FCC74","VideoHeartbeat","video-resize",1785064137356,"ANDROID_PHONE","6.34.8","india","unk","UNK","1.8.2",1785063574142
2078158476,"DAA3649215F45F6E013EA343DE158AF1F6737E48FDD58319044C2DB1347937A7","485DC71E405E47BA1E194AC81F3C64E5DA9801A2C0E4A18E7091656DB51FCC74","VideoHeartbeat","buffer-health",1785064137358,"ANDROID_PHONE","6.34.8","india","unk","UNK","1.8.2",1785063574142
2078158476,"DAA3649215F45F6E013EA343DE158AF1F6737E48FDD58319044C2DB1347937A7","485DC71E405E47BA1E194AC81F3C64E5DA9801A2C0E4A18E7091656DB51FCC74","VideoHeartbeat","network-activity",1785064137358,"ANDROID_PHONE","6.34.8","india","unk","UNK","1.8.2",1785063574142
2078158476,"DAA3649215F45F6E013EA343DE158AF1F6737E48FDD58319044C2DB1347937A7","485DC71E405E47BA1E194AC81F3C64E5DA9801A2C0E4A18E7091656DB51FCC74","VideoHeartbeat","video-resize",1785064177361,"ANDROID_PHONE","6.34.8","india","unk","UNK","1.8.2",1785063574142
2078158476,"DAA3649215F45F6E013EA343DE158AF1F6737E48FDD58319044C2DB1347937A7","485DC71E405E47BA1E194AC81F3C64E5DA9801A2C0E4A18E7091656DB51FCC74","VideoHeartbeat","buffer-health",1785064177361,"ANDROID_PHONE","6.34.8","india","unk","UNK","1.8.2",1785063574142
2078158476,"DAA3649215F45F6E013EA343DE158AF1F6737E48FDD58319044C2DB1347937A7","485DC71E405E47BA1E194AC81F3C64E5DA9801A2C0E4A18E7091656DB51FCC74","VideoHeartbeat","network-activity",1785064177361,"ANDROID_PHONE","6.34.8","india","unk","UNK","1.8.2",1785063574142
2078158476,"DAA3649215F45F6E013EA343DE158AF1F6737E48FDD58319044C2DB1347937A7","485DC71E405E47BA1E194AC81F3C64E5DA9801A2C0E4A18E7091656DB51FCC74","VideoHeartbeat","video-resize",1785064217363,"ANDROID_PHONE","6.34.8","india","unk","UNK","1.8.2",1785063574142
2078158476,"DAA3649215F45F6E013EA343DE158AF1F6737E48FDD58319044C2DB1347937A7","485DC71E405E47BA1E194AC81F3C64E5DA9801A2C0E4A18E7091656DB51FCC74","VideoHeartbeat","buffer-health",1785064217366,"ANDROID_PHONE","6.34.8","india","unk","UNK","1.8.2",1785063574142
2078158476,"DAA3649215F45F6E013EA343DE158AF1F6737E48FDD58319044C2DB1347937A7","485DC71E405E47BA1E194AC81F3C64E5DA9801A2C0E4A18E7091656DB51FCC74","VideoHeartbeat","network-activity",1785064217366,"ANDROID_PHONE","6.34.8","india","unk","UNK","1.8.2",1785063574142
2078158476,"DAA3649215F45F6E013EA343DE158AF1F6737E48FDD58319044C2DB1347937A7","485DC71E405E47BA1E194AC81F3C64E5DA9801A2C0E4A18E7091656DB51FCC74","VideoHeartbeat","video-resize",1785064257384,"ANDROID_PHONE","6.34.8","india","unk","UNK","1.8.2",1785063574142
2078158476,"DAA3649215F45F6E013EA343DE158AF1F6737E48FDD58319044C2DB1347937A7","485DC71E405E47BA1E194AC81F3C64E5DA9801A2C0E4A18E7091656DB51FCC74","VideoHeartbeat","buffer-health",1785064257387,"ANDROID_PHONE","6.34.8","india","unk","UNK","1.8.2",1785063574142
2078158476,"DAA3649215F45F6E013EA343DE158AF1F6737E48FDD58319044C2DB1347937A7","485DC71E405E47BA1E194AC81F3C64E5DA9801A2C0E4A18E7091656DB51FCC74","VideoHeartbeat","network-activity",1785064257387,"ANDROID_PHONE","6.34.8","india","unk","UNK","1.8.2",1785063574142
2078158476,"DAA3649215F45F6E013EA343DE158AF1F6737E48FDD58319044C2DB1347937A7","485DC71E405E47BA1E194AC81F3C64E5DA9801A2C0E4A18E7091656DB51FCC74","VideoHeartbeat","video-resize",1785064297391,"ANDROID_PHONE","6.34.8","india","unk","UNK","1.8.2",1785063574142
2078158476,"DAA3649215F45F6E013EA343DE158AF1F6737E48FDD58319044C2DB1347937A7","485DC71E405E47BA1E194AC81F3C64E5DA9801A2C0E4A18E7091656DB51FCC74","VideoHeartbeat","buffer-health",1785064297410,"ANDROID_PHONE","6.34.8","india","unk","UNK","1.8.2",1785063574142
2078158476,"DAA3649215F45F6E013EA343DE158AF1F6737E48FDD58319044C2DB1347937A7","485DC71E405E47BA1E194AC81F3C64E5DA9801A2C0E4A18E7091656DB51FCC74","VideoHeartbeat","network-activity",1785064297410,"ANDROID_PHONE","6.34.8","india","unk","UNK","1.8.2",1785063574142
2078158476,"DAA3649215F45F6E013EA343DE158AF1F6737E48FDD58319044C2DB1347937A7","485DC71E405E47BA1E194AC81F3C64E5DA9801A2C0E4A18E7091656DB51FCC74","VideoHeartbeat","buffer-health",1785064301359,"ANDROID_PHONE","6.34.8","india","unk","UNK","1.8.2",1785063574142
2078158476,"DAA3649215F45F6E013EA343DE158AF1F6737E48FDD58319044C2DB1347937A7","485DC71E405E47BA1E194AC81F3C64E5DA9801A2C0E4A18E7091656DB51FCC74","VideoHeartbeat","resume",1785064323985,"ANDROID_PHONE","6.34.8","india","unk","UNK","1.8.2",1785063574142
2078158476,"DAA3649215F45F6E013EA343DE158AF1F6737E48FDD58319044C2DB1347937A7","485DC71E405E47BA1E194AC81F3C64E5DA9801A2C0E4A18E7091656DB51FCC74","VideoHeartbeat","buffer-health",1785064323984,"ANDROID_PHONE","6.34.8","india","unk","UNK","1.8.2",1785063574142
2078158476,"DAA3649215F45F6E013EA343DE158AF1F6737E48FDD58319044C2DB1347937A7","485DC71E405E47BA1E194AC81F3C64E5DA9801A2C0E4A18E7091656DB51FCC74","VideoHeartbeat","network-activity",1785064323984,"ANDROID_PHONE","6.34.8","india","unk","UNK","1.8.2",1785063574142
2078158476,"DAA3649215F45F6E013EA343DE158AF1F6737E48FDD58319044C2DB1347937A7","485DC71E405E47BA1E194AC81F3C64E5DA9801A2C0E4A18E7091656DB51FCC74","VideoHeartbeat","network-activity",1785064354000,"ANDROID_PHONE","6.34.8","india","unk","UNK","1.8.2",1785063574142
2078158476,"DAA3649215F45F6E013EA343DE158AF1F6737E48FDD58319044C2DB1347937A7","485DC71E405E47BA1E194AC81F3C64E5DA9801A2C0E4A18E7091656DB51FCC74","VideoHeartbeat","resume",1785064354002,"ANDROID_PHONE","6.34.8","india","unk","UNK","1.8.2",1785063574142
2078158476,"DAA3649215F45F6E013EA343DE158AF1F6737E48FDD58319044C2DB1347937A7","485DC71E405E47BA1E194AC81F3C64E5DA9801A2C0E4A18E7091656DB51FCC74","VideoHeartbeat","resume",1785064384022,"ANDROID_PHONE","6.34.8","india","unk","UNK","1.8.2",1785063574142
2078158476,"DAA3649215F45F6E013EA343DE158AF1F6737E48FDD58319044C2DB1347937A7","485DC71E405E47BA1E194AC81F3C64E5DA9801A2C0E4A18E7091656DB51FCC74","VideoHeartbeat","network-activity",1785064384021,"ANDROID_PHONE","6.34.8","india","unk","UNK","1.8.2",1785063574142
2078158476,"DAA3649215F45F6E013EA343DE158AF1F6737E48FDD58319044C2DB1347937A7","485DC71E405E47BA1E194AC81F3C64E5DA9801A2C0E4A18E7091656DB51FCC74","VideoHeartbeat","resume",1785064394187,"ANDROID_PHONE","6.34.8","india","unk","UNK","1.8.2",1785063574142
2078158476,"DAA3649215F45F6E013EA343DE158AF1F6737E48FDD58319044C2DB1347937A7","485DC71E405E47BA1E194AC81F3C64E5DA9801A2C0E4A18E7091656DB51FCC74","VideoHeartbeat","upshift",1785064394552,"ANDROID_PHONE","6.34.8","india","unk","UNK","1.8.2",1785063574142
2078158476,"DAA3649215F45F6E013EA343DE158AF1F6737E48FDD58319044C2DB1347937A7","485DC71E405E47BA1E194AC81F3C64E5DA9801A2C0E4A18E7091656DB51FCC74","VideoHeartbeat","video-resize",1785064417422,"ANDROID_PHONE","6.34.8","india","unk","UNK","1.8.2",1785063574142
2078158476,"DAA3649215F45F6E013EA343DE158AF1F6737E48FDD58319044C2DB1347937A7","485DC71E405E47BA1E194AC81F3C64E5DA9801A2C0E4A18E7091656DB51FCC74","VideoHeartbeat","buffer-health",1785064417422,"ANDROID_PHONE","6.34.8","india","unk","UNK","1.8.2",1785063574142
2078158476,"DAA3649215F45F6E013EA343DE158AF1F6737E48FDD58319044C2DB1347937A7","485DC71E405E47BA1E194AC81F3C64E5DA9801A2C0E4A18E7091656DB51FCC74","VideoHeartbeat","network-activity",1785064417422,"ANDROID_PHONE","6.34.8","india","unk","UNK","1.8.2",1785063574142
2078158476,"DAA3649215F45F6E013EA343DE158AF1F6737E48FDD58319044C2DB1347937A7","485DC71E405E47BA1E194AC81F3C64E5DA9801A2C0E4A18E7091656DB51FCC74","VideoHeartbeat","video-resize",1785064457424,"ANDROID_PHONE","6.34.8","india","unk","UNK","1.8.2",1785063574142
2078158476,"DAA3649215F45F6E013EA343DE158AF1F6737E48FDD58319044C2DB1347937A7","485DC71E405E47BA1E194AC81F3C64E5DA9801A2C0E4A18E7091656DB51FCC74","VideoHeartbeat","buffer-health",1785064457424,"ANDROID_PHONE","6.34.8","india","unk","UNK","1.8.2",1785063574142
2078158476,"DAA3649215F45F6E013EA343DE158AF1F6737E48FDD58319044C2DB1347937A7","485DC71E405E47BA1E194AC81F3C64E5DA9801A2C0E4A18E7091656DB51FCC74","VideoHeartbeat","network-activity",1785064457424,"ANDROID_PHONE","6.34.8","india","unk","UNK","1.8.2",1785063574142
2078158476,"DAA3649215F45F6E013EA343DE158AF1F6737E48FDD58319044C2DB1347937A7","485DC71E405E47BA1E194AC81F3C64E5DA9801A2C0E4A18E7091656DB51FCC74","VideoHeartbeat","video-resize",1785064497425,"ANDROID_PHONE","6.34.8","india","unk","UNK","1.8.2",1785063574142
2078158476,"DAA3649215F45F6E013EA343DE158AF1F6737E48FDD58319044C2DB1347937A7","485DC71E405E47BA1E194AC81F3C64E5DA9801A2C0E4A18E7091656DB51FCC74","VideoHeartbeat","buffer-health",1785064497426,"ANDROID_PHONE","6.34.8","india","unk","UNK","1.8.2",1785063574142
2078158476,"DAA3649215F45F6E013EA343DE158AF1F6737E48FDD58319044C2DB1347937A7","485DC71E405E47BA1E194AC81F3C64E5DA9801A2C0E4A18E7091656DB51FCC74","VideoHeartbeat","network-activity",1785064497426,"ANDROID_PHONE","6.34.8","india","unk","UNK","1.8.2",1785063574142
2078158476,"DAA3649215F45F6E013EA343DE158AF1F6737E48FDD58319044C2DB1347937A7","485DC71E405E47BA1E194AC81F3C64E5DA9801A2C0E4A18E7091656DB51FCC74","VideoHeartbeat","video-resize",1785064537426,"ANDROID_PHONE","6.34.8","india","unk","UNK","1.8.2",1785063574142
2078158476,"DAA3649215F45F6E013EA343DE158AF1F6737E48FDD58319044C2DB1347937A7","485DC71E405E47BA1E194AC81F3C64E5DA9801A2C0E4A18E7091656DB51FCC74","VideoHeartbeat","buffer-health",1785064537427,"ANDROID_PHONE","6.34.8","india","unk","UNK","1.8.2",1785063574142
2078158476,"DAA3649215F45F6E013EA343DE158AF1F6737E48FDD58319044C2DB1347937A7","485DC71E405E47BA1E194AC81F3C64E5DA9801A2C0E4A18E7091656DB51FCC74","VideoHeartbeat","network-activity",1785064537427,"ANDROID_PHONE","6.34.8","india","unk","UNK","1.8.2",1785063574142
2078158476,"DAA3649215F45F6E013EA343DE158AF1F6737E48FDD58319044C2DB1347937A7","485DC71E405E47BA1E194AC81F3C64E5DA9801A2C0E4A18E7091656DB51FCC74","VideoHeartbeat","video-resize",1785064577437,"ANDROID_PHONE","6.34.8","india","unk","UNK","1.8.2",1785063574142
2078158476,"DAA3649215F45F6E013EA343DE158AF1F6737E48FDD58319044C2DB1347937A7","485DC71E405E47BA1E194AC81F3C64E5DA9801A2C0E4A18E7091656DB51FCC74","VideoHeartbeat","buffer-health",1785064577438,"ANDROID_PHONE","6.34.8","india","unk","UNK","1.8.2",1785063574142
2078158476,"DAA3649215F45F6E013EA343DE158AF1F6737E48FDD58319044C2DB1347937A7","485DC71E405E47BA1E194AC81F3C64E5DA9801A2C0E4A18E7091656DB51FCC74","VideoHeartbeat","network-activity",1785064577438,"ANDROID_PHONE","6.34.8","india","unk","UNK","1.8.2",1785063574142
2078158476,"DAA3649215F45F6E013EA343DE158AF1F6737E48FDD58319044C2DB1347937A7","485DC71E405E47BA1E194AC81F3C64E5DA9801A2C0E4A18E7091656DB51FCC74","VideoHeartbeat","video-resize",1785064617439,"ANDROID_PHONE","6.34.8","india","unk","UNK","1.8.2",1785063574142
2078158476,"DAA3649215F45F6E013EA343DE158AF1F6737E48FDD58319044C2DB1347937A7","485DC71E405E47BA1E194AC81F3C64E5DA9801A2C0E4A18E7091656DB51FCC74","VideoHeartbeat","buffer-health",1785064617439,"ANDROID_PHONE","6.34.8","india","unk","UNK","1.8.2",1785063574142
2078158476,"DAA3649215F45F6E013EA343DE158AF1F6737E48FDD58319044C2DB1347937A7","485DC71E405E47BA1E194AC81F3C64E5DA9801A2C0E4A18E7091656DB51FCC74","VideoHeartbeat","network-activity",1785064617439,"ANDROID_PHONE","6.34.8","india","unk","UNK","1.8.2",1785063574142
2078158476,"DAA3649215F45F6E013EA343DE158AF1F6737E48FDD58319044C2DB1347937A7","485DC71E405E47BA1E194AC81F3C64E5DA9801A2C0E4A18E7091656DB51FCC74","VideoHeartbeat","video-resize",1785064657441,"ANDROID_PHONE","6.34.8","india","unk","UNK","1.8.2",1785063574142
2078158476,"DAA3649215F45F6E013EA343DE158AF1F6737E48FDD58319044C2DB1347937A7","485DC71E405E47BA1E194AC81F3C64E5DA9801A2C0E4A18E7091656DB51FCC74","VideoHeartbeat","buffer-health",1785064657441,"ANDROID_PHONE","6.34.8","india","unk","UNK","1.8.2",1785063574142
2078158476,"DAA3649215F45F6E013EA343DE158AF1F6737E48FDD58319044C2DB1347937A7","485DC71E405E47BA1E194AC81F3C64E5DA9801A2C0E4A18E7091656DB51FCC74","VideoHeartbeat","network-activity",1785064657441,"ANDROID_PHONE","6.34.8","india","unk","UNK","1.8.2",1785063574142
2078158476,"DAA3649215F45F6E013EA343DE158AF1F6737E48FDD58319044C2DB1347937A7","485DC71E405E47BA1E194AC81F3C64E5DA9801A2C0E4A18E7091656DB51FCC74","VideoHeartbeat","video-resize",1785064697443,"ANDROID_PHONE","6.34.8","india","unk","UNK","1.8.2",1785063574142
2078158476,"DAA3649215F45F6E013EA343DE158AF1F6737E48FDD58319044C2DB1347937A7","485DC71E405E47BA1E194AC81F3C64E5DA9801A2C0E4A18E7091656DB51FCC74","VideoHeartbeat","buffer-health",1785064697443,"ANDROID_PHONE","6.34.8","india","unk","UNK","1.8.2",1785063574142
2078158476,"DAA3649215F45F6E013EA343DE158AF1F6737E48FDD58319044C2DB1347937A7","485DC71E405E47BA1E194AC81F3C64E5DA9801A2C0E4A18E7091656DB51FCC74","VideoHeartbeat","network-activity",1785064697443,"ANDROID_PHONE","6.34.8","india","unk","UNK","1.8.2",1785063574142
2078158476,"DAA3649215F45F6E013EA343DE158AF1F6737E48FDD58319044C2DB1347937A7","485DC71E405E47BA1E194AC81F3C64E5DA9801A2C0E4A18E7091656DB51FCC74","VideoHeartbeat","buffer-health",1785064715254,"ANDROID_PHONE","6.34.8","india","unk","UNK","1.8.2",1785063574142
2078158476,"DAA3649215F45F6E013EA343DE158AF1F6737E48FDD58319044C2DB1347937A7","485DC71E405E47BA1E194AC81F3C64E5DA9801A2C0E4A18E7091656DB51FCC74","VideoHeartbeat","network-activity",1785064715254,"ANDROID_PHONE","6.34.8","india","unk","UNK","1.8.2",1785063574142
2078158476,"DAA3649215F45F6E013EA343DE158AF1F6737E48FDD58319044C2DB1347937A7","485DC71E405E47BA1E194AC81F3C64E5DA9801A2C0E4A18E7091656DB51FCC74","VideoSessionEnd","VideoSessionEnd",1785064805225,"ANDROID_PHONE","6.34.8","india","unk","UNK","1.8.2",1785063574142
2078158476,"DAA3649215F45F6E013EA343DE158AF1F6737E48FDD58319044C2DB1347937A7","485DC71E405E47BA1E194AC81F3C64E5DA9801A2C0E4A18E7091656DB51FCC74","VideoError","VideoError",1785064805199,"ANDROID_PHONE","6.34.8","india","unk","UNK","1.8.2",1785063574142
2078158476,"DAA3649215F45F6E013EA343DE158AF1F6737E48FDD58319044C2DB1347937A7","485DC71E405E47BA1E194AC81F3C64E5DA9801A2C0E4A18E7091656DB51FCC74","VideoHeartbeat","resume",1785064738106,"ANDROID_PHONE","6.34.8","india","unk","UNK","1.8.2",1785063574142
2078158476,"DAA3649215F45F6E013EA343DE158AF1F6737E48FDD58319044C2DB1347937A7","485DC71E405E47BA1E194AC81F3C64E5DA9801A2C0E4A18E7091656DB51FCC74","VideoHeartbeat","buffer-health",1785064738094,"ANDROID_PHONE","6.34.8","india","unk","UNK","1.8.2",1785063574142
2078158476,"DAA3649215F45F6E013EA343DE158AF1F6737E48FDD58319044C2DB1347937A7","485DC71E405E47BA1E194AC81F3C64E5DA9801A2C0E4A18E7091656DB51FCC74","VideoHeartbeat","network-activity",1785064738094,"ANDROID_PHONE","6.34.8","india","unk","UNK","1.8.2",1785063574142
2078157400,"ABFC69CA016E64358F308694BE9BEE75940C777BBED53F30F85519B8D98756C8","9BA74107591EDC553EDCB76FDC7337ABEDC61B3FF9DE4F467ABE5F754CF01BB6","VideoHeartbeat","video-resize",1785063007114,"ANDROID_PHONE","6.34.4","india","hin","UNK","1.8.2",1785062925759
2078157400,"ABFC69CA016E64358F308694BE9BEE75940C777BBED53F30F85519B8D98756C8","9BA74107591EDC553EDCB76FDC7337ABEDC61B3FF9DE4F467ABE5F754CF01BB6","VideoHeartbeat","buffer-health",1785063007115,"ANDROID_PHONE","6.34.4","india","hin","UNK","1.8.2",1785062925759
2078157400,"ABFC69CA016E64358F308694BE9BEE75940C777BBED53F30F85519B8D98756C8","9BA74107591EDC553EDCB76FDC7337ABEDC61B3FF9DE4F467ABE5F754CF01BB6","VideoHeartbeat","network-activity",1785063007115,"ANDROID_PHONE","6.34.4","india","hin","UNK","1.8.2",1785062925759
2078157400,"ABFC69CA016E64358F308694BE9BEE75940C777BBED53F30F85519B8D98756C8","9BA74107591EDC553EDCB76FDC7337ABEDC61B3FF9DE4F467ABE5F754CF01BB6","VideoHeartbeat","video-resize",1785063567167,"ANDROID_PHONE","6.34.4","india","hin","UNK","1.8.2",1785062925759
2078157400,"ABFC69CA016E64358F308694BE9BEE75940C777BBED53F30F85519B8D98756C8","9BA74107591EDC553EDCB76FDC7337ABEDC61B3FF9DE4F467ABE5F754CF01BB6","VideoHeartbeat","buffer-health",1785063567168,"ANDROID_PHONE","6.34.4","india","hin","UNK","1.8.2",1785062925759
2078157400,"ABFC69CA016E64358F308694BE9BEE75940C777BBED53F30F85519B8D98756C8","9BA74107591EDC553EDCB76FDC7337ABEDC61B3FF9DE4F467ABE5F754CF01BB6","VideoHeartbeat","network-activity",1785063567168,"ANDROID_PHONE","6.34.4","india","hin","UNK","1.8.2",1785062925759
2078157400,"ABFC69CA016E64358F308694BE9BEE75940C777BBED53F30F85519B8D98756C8","9BA74107591EDC553EDCB76FDC7337ABEDC61B3FF9DE4F467ABE5F754CF01BB6","VideoHeartbeat","video-resize",1785063167127,"ANDROID_PHONE","6.34.4","india","hin","UNK","1.8.2",1785062925759
2078157400,"ABFC69CA016E64358F308694BE9BEE75940C777BBED53F30F85519B8D98756C8","9BA74107591EDC553EDCB76FDC7337ABEDC61B3FF9DE4F467ABE5F754CF01BB6","VideoHeartbeat","buffer-health",1785063167129,"ANDROID_PHONE","6.34.4","india","hin","UNK","1.8.2",1785062925759
2078157400,"ABFC69CA016E64358F308694BE9BEE75940C777BBED53F30F85519B8D98756C8","9BA74107591EDC553EDCB76FDC7337ABEDC61B3FF9DE4F467ABE5F754CF01BB6","VideoHeartbeat","network-activity",1785063167129,"ANDROID_PHONE","6.34.4","india","hin","UNK","1.8.2",1785062925759
2078157400,"ABFC69CA016E64358F308694BE9BEE75940C777BBED53F30F85519B8D98756C8","9BA74107591EDC553EDCB76FDC7337ABEDC61B3FF9DE4F467ABE5F754CF01BB6","VideoPlay","Play",1785062927091,"ANDROID_PHONE","6.34.4","india","hin","UNK","1.8.2",1785062925759
2078157400,"ABFC69CA016E64358F308694BE9BEE75940C777BBED53F30F85519B8D98756C8","9BA74107591EDC553EDCB76FDC7337ABEDC61B3FF9DE4F467ABE5F754CF01BB6","VideoSessionEnd","VideoSessionEnd",1785064034500,"ANDROID_PHONE","6.34.4","india","hin","UNK","1.8.2",1785062925759
2078157400,"ABFC69CA016E64358F308694BE9BEE75940C777BBED53F30F85519B8D98756C8","9BA74107591EDC553EDCB76FDC7337ABEDC61B3FF9DE4F467ABE5F754CF01BB6","VideoHeartbeat","download_asset_played",1785062927180,"ANDROID_PHONE","6.34.4","india","hin","UNK","1.8.2",1785062925759
2078157400,"ABFC69CA016E64358F308694BE9BEE75940C777BBED53F30F85519B8D98756C8","9BA74107591EDC553EDCB76FDC7337ABEDC61B3FF9DE4F467ABE5F754CF01BB6","VideoHeartbeat","upshift",1785062927960,"ANDROID_PHONE","6.34.4","india","hin","UNK","1.8.2",1785062925759
2078157400,"ABFC69CA016E64358F308694BE9BEE75940C777BBED53F30F85519B8D98756C8","9BA74107591EDC553EDCB76FDC7337ABEDC61B3FF9DE4F467ABE5F754CF01BB6","VideoHeartbeat","video-resize",1785062967109,"ANDROID_PHONE","6.34.4","india","hin","UNK","1.8.2",1785062925759
2078157400,"ABFC69CA016E64358F308694BE9BEE75940C777BBED53F30F85519B8D98756C8","9BA74107591EDC553EDCB76FDC7337ABEDC61B3FF9DE4F467ABE5F754CF01BB6","VideoHeartbeat","buffer-health",1785062967110,"ANDROID_PHONE","6.34.4","india","hin","UNK","1.8.2",1785062925759
2078157400,"ABFC69CA016E64358F308694BE9BEE75940C777BBED53F30F85519B8D98756C8","9BA74107591EDC553EDCB76FDC7337ABEDC61B3FF9DE4F467ABE5F754CF01BB6","VideoHeartbeat","network-activity",1785062967110,"ANDROID_PHONE","6.34.4","india","hin","UNK","1.8.2",1785062925759
2078157400,"ABFC69CA016E64358F308694BE9BEE75940C777BBED53F30F85519B8D98756C8","9BA74107591EDC553EDCB76FDC7337ABEDC61B3FF9DE4F467ABE5F754CF01BB6","VideoHeartbeat","video-resize",1785063487161,"ANDROID_PHONE","6.34.4","india","hin","UNK","1.8.2",1785062925759
2078157400,"ABFC69CA016E64358F308694BE9BEE75940C777BBED53F30F85519B8D98756C8","9BA74107591EDC553EDCB76FDC7337ABEDC61B3FF9DE4F467ABE5F754CF01BB6","VideoHeartbeat","buffer-health",1785063487162,"ANDROID_PHONE","6.34.4","india","hin","UNK","1.8.2",1785062925759
2078157400,"ABFC69CA016E64358F308694BE9BEE75940C777BBED53F30F85519B8D98756C8","9BA74107591EDC553EDCB76FDC7337ABEDC61B3FF9DE4F467ABE5F754CF01BB6","VideoHeartbeat","network-activity",1785063487162,"ANDROID_PHONE","6.34.4","india","hin","UNK","1.8.2",1785062925759
2078157400,"ABFC69CA016E64358F308694BE9BEE75940C777BBED53F30F85519B8D98756C8","9BA74107591EDC553EDCB76FDC7337ABEDC61B3FF9DE4F467ABE5F754CF01BB6","VideoHeartbeat","video-resize",1785063047117,"ANDROID_PHONE","6.34.4","india","hin","UNK","1.8.2",1785062925759
2078157400,"ABFC69CA016E64358F308694BE9BEE75940C777BBED53F30F85519B8D98756C8","9BA74107591EDC553EDCB76FDC7337ABEDC61B3FF9DE4F467ABE5F754CF01BB6","VideoHeartbeat","buffer-health",1785063047118,"ANDROID_PHONE","6.34.4","india","hin","UNK","1.8.2",1785062925759
2078157400,"ABFC69CA016E64358F308694BE9BEE75940C777BBED53F30F85519B8D98756C8","9BA74107591EDC553EDCB76FDC7337ABEDC61B3FF9DE4F467ABE5F754CF01BB6","VideoHeartbeat","network-activity",1785063047118,"ANDROID_PHONE","6.34.4","india","hin","UNK","1.8.2",1785062925759
2078157400,"ABFC69CA016E64358F308694BE9BEE75940C777BBED53F30F85519B8D98756C8","9BA74107591EDC553EDCB76FDC7337ABEDC61B3FF9DE4F467ABE5F754CF01BB6","VideoHeartbeat","video-resize",1785063087120,"ANDROID_PHONE","6.34.4","india","hin","UNK","1.8.2",1785062925759
2078157400,"ABFC69CA016E64358F308694BE9BEE75940C777BBED53F30F85519B8D98756C8","9BA74107591EDC553EDCB76FDC7337ABEDC61B3FF9DE4F467ABE5F754CF01BB6","VideoHeartbeat","buffer-health",1785063087120,"ANDROID_PHONE","6.34.4","india","hin","UNK","1.8.2",1785062925759
2078157400,"ABFC69CA016E64358F308694BE9BEE75940C777BBED53F30F85519B8D98756C8","9BA74107591EDC553EDCB76FDC7337ABEDC61B3FF9DE4F467ABE5F754CF01BB6","VideoHeartbeat","network-activity",1785063087120,"ANDROID_PHONE","6.34.4","india","hin","UNK","1.8.2",1785062925759
2078157400,"ABFC69CA016E64358F308694BE9BEE75940C777BBED53F30F85519B8D98756C8","9BA74107591EDC553EDCB76FDC7337ABEDC61B3FF9DE4F467ABE5F754CF01BB6","VideoHeartbeat","video-resize",1785063127125,"ANDROID_PHONE","6.34.4","india","hin","UNK","1.8.2",1785062925759
2078157400,"ABFC69CA016E64358F308694BE9BEE75940C777BBED53F30F85519B8D98756C8","9BA74107591EDC553EDCB76FDC7337ABEDC61B3FF9DE4F467ABE5F754CF01BB6","VideoHeartbeat","buffer-health",1785063127126,"ANDROID_PHONE","6.34.4","india","hin","UNK","1.8.2",1785062925759
2078157400,"ABFC69CA016E64358F308694BE9BEE75940C777BBED53F30F85519B8D98756C8","9BA74107591EDC553EDCB76FDC7337ABEDC61B3FF9DE4F467ABE5F754CF01BB6","VideoHeartbeat","network-activity",1785063127126,"ANDROID_PHONE","6.34.4","india","hin","UNK","1.8.2",1785062925759
2078157400,"ABFC69CA016E64358F308694BE9BEE75940C777BBED53F30F85519B8D98756C8","9BA74107591EDC553EDCB76FDC7337ABEDC61B3FF9DE4F467ABE5F754CF01BB6","VideoHeartbeat","video-resize",1785063287145,"ANDROID_PHONE","6.34.4","india","hin","UNK","1.8.2",1785062925759
2078157400,"ABFC69CA016E64358F308694BE9BEE75940C777BBED53F30F85519B8D98756C8","9BA74107591EDC553EDCB76FDC7337ABEDC61B3FF9DE4F467ABE5F754CF01BB6","VideoHeartbeat","buffer-health",1785063287146,"ANDROID_PHONE","6.34.4","india","hin","UNK","1.8.2",1785062925759
2078157400,"ABFC69CA016E64358F308694BE9BEE75940C777BBED53F30F85519B8D98756C8","9BA74107591EDC553EDCB76FDC7337ABEDC61B3FF9DE4F467ABE5F754CF01BB6","VideoHeartbeat","network-activity",1785063287146,"ANDROID_PHONE","6.34.4","india","hin","UNK","1.8.2",1785062925759
2078157400,"ABFC69CA016E64358F308694BE9BEE75940C777BBED53F30F85519B8D98756C8","9BA74107591EDC553EDCB76FDC7337ABEDC61B3FF9DE4F467ABE5F754CF01BB6","VideoHeartbeat","video-resize",1785063207131,"ANDROID_PHONE","6.34.4","india","hin","UNK","1.8.2",1785062925759
2078157400,"ABFC69CA016E64358F308694BE9BEE75940C777BBED53F30F85519B8D98756C8","9BA74107591EDC553EDCB76FDC7337ABEDC61B3FF9DE4F467ABE5F754CF01BB6","VideoHeartbeat","buffer-health",1785063207131,"ANDROID_PHONE","6.34.4","india","hin","UNK","1.8.2",1785062925759
2078157400,"ABFC69CA016E64358F308694BE9BEE75940C777BBED53F30F85519B8D98756C8","9BA74107591EDC553EDCB76FDC7337ABEDC61B3FF9DE4F467ABE5F754CF01BB6","VideoHeartbeat","network-activity",1785063207131,"ANDROID_PHONE","6.34.4","india","hin","UNK","1.8.2",1785062925759
2078157400,"ABFC69CA016E64358F308694BE9BEE75940C777BBED53F30F85519B8D98756C8","9BA74107591EDC553EDCB76FDC7337ABEDC61B3FF9DE4F467ABE5F754CF01BB6","VideoHeartbeat","video-resize",1785063367151,"ANDROID_PHONE","6.34.4","india","hin","UNK","1.8.2",1785062925759
2078157400,"ABFC69CA016E64358F308694BE9BEE75940C777BBED53F30F85519B8D98756C8","9BA74107591EDC553EDCB76FDC7337ABEDC61B3FF9DE4F467ABE5F754CF01BB6","VideoHeartbeat","buffer-health",1785063367152,"ANDROID_PHONE","6.34.4","india","hin","UNK","1.8.2",1785062925759
2078157400,"ABFC69CA016E64358F308694BE9BEE75940C777BBED53F30F85519B8D98756C8","9BA74107591EDC553EDCB76FDC7337ABEDC61B3FF9DE4F467ABE5F754CF01BB6","VideoHeartbeat","network-activity",1785063367152,"ANDROID_PHONE","6.34.4","india","hin","UNK","1.8.2",1785062925759
2078157400,"ABFC69CA016E64358F308694BE9BEE75940C777BBED53F30F85519B8D98756C8","9BA74107591EDC553EDCB76FDC7337ABEDC61B3FF9DE4F467ABE5F754CF01BB6","VideoHeartbeat","video-resize",1785063687173,"ANDROID_PHONE","6.34.4","india","hin","UNK","1.8.2",1785062925759
2078157400,"ABFC69CA016E64358F308694BE9BEE75940C777BBED53F30F85519B8D98756C8","9BA74107591EDC553EDCB76FDC7337ABEDC61B3FF9DE4F467ABE5F754CF01BB6","VideoHeartbeat","buffer-health",1785063687173,"ANDROID_PHONE","6.34.4","india","hin","UNK","1.8.2",1785062925759
2078157400,"ABFC69CA016E64358F308694BE9BEE75940C777BBED53F30F85519B8D98756C8","9BA74107591EDC553EDCB76FDC7337ABEDC61B3FF9DE4F467ABE5F754CF01BB6","VideoHeartbeat","network-activity",1785063687173,"ANDROID_PHONE","6.34.4","india","hin","UNK","1.8.2",1785062925759
2078157400,"ABFC69CA016E64358F308694BE9BEE75940C777BBED53F30F85519B8D98756C8","9BA74107591EDC553EDCB76FDC7337ABEDC61B3FF9DE4F467ABE5F754CF01BB6","VideoSessionStart","VideoSessionStart",1785062925759,"ANDROID_PHONE","6.34.4","india","unk","unk","1.8.2",1785062925759
2078157400,"ABFC69CA016E64358F308694BE9BEE75940C777BBED53F30F85519B8D98756C8","9BA74107591EDC553EDCB76FDC7337ABEDC61B3FF9DE4F467ABE5F754CF01BB6","VideoHeartbeat","video-resize",1785063447158,"ANDROID_PHONE","6.34.4","india","hin","UNK","1.8.2",1785062925759
2078157400,"ABFC69CA016E64358F308694BE9BEE75940C777BBED53F30F85519B8D98756C8","9BA74107591EDC553EDCB76FDC7337ABEDC61B3FF9DE4F467ABE5F754CF01BB6","VideoHeartbeat","buffer-health",1785063447159,"ANDROID_PHONE","6.34.4","india","hin","UNK","1.8.2",1785062925759
2078157400,"ABFC69CA016E64358F308694BE9BEE75940C777BBED53F30F85519B8D98756C8","9BA74107591EDC553EDCB76FDC7337ABEDC61B3FF9DE4F467ABE5F754CF01BB6","VideoHeartbeat","network-activity",1785063447159,"ANDROID_PHONE","6.34.4","india","hin","UNK","1.8.2",1785062925759
2078157400,"ABFC69CA016E64358F308694BE9BEE75940C777BBED53F30F85519B8D98756C8","9BA74107591EDC553EDCB76FDC7337ABEDC61B3FF9DE4F467ABE5F754CF01BB6","VideoHeartbeat","video-resize",1785063327148,"ANDROID_PHONE","6.34.4","india","hin","UNK","1.8.2",1785062925759
2078157400,"ABFC69CA016E64358F308694BE9BEE75940C777BBED53F30F85519B8D98756C8","9BA74107591EDC553EDCB76FDC7337ABEDC61B3FF9DE4F467ABE5F754CF01BB6","VideoHeartbeat","buffer-health",1785063327149,"ANDROID_PHONE","6.34.4","india","hin","UNK","1.8.2",1785062925759
2078157400,"ABFC69CA016E64358F308694BE9BEE75940C777BBED53F30F85519B8D98756C8","9BA74107591EDC553EDCB76FDC7337ABEDC61B3FF9DE4F467ABE5F754CF01BB6","VideoHeartbeat","network-activity",1785063327149,"ANDROID_PHONE","6.34.4","india","hin","UNK","1.8.2",1785062925759
2078157400,"ABFC69CA016E64358F308694BE9BEE75940C777BBED53F30F85519B8D98756C8","9BA74107591EDC553EDCB76FDC7337ABEDC61B3FF9DE4F467ABE5F754CF01BB6","VideoHeartbeat","video-resize",1785063527163,"ANDROID_PHONE","6.34.4","india","hin","UNK","1.8.2",1785062925759
2078157400,"ABFC69CA016E64358F308694BE9BEE75940C777BBED53F30F85519B8D98756C8","9BA74107591EDC553EDCB76FDC7337ABEDC61B3FF9DE4F467ABE5F754CF01BB6","VideoHeartbeat","buffer-health",1785063527163,"ANDROID_PHONE","6.34.4","india","hin","UNK","1.8.2",1785062925759
2078157400,"ABFC69CA016E64358F308694BE9BEE75940C777BBED53F30F85519B8D98756C8","9BA74107591EDC553EDCB76FDC7337ABEDC61B3FF9DE4F467ABE5F754CF01BB6","VideoHeartbeat","network-activity",1785063527163,"ANDROID_PHONE","6.34.4","india","hin","UNK","1.8.2",1785062925759
2078157400,"ABFC69CA016E64358F308694BE9BEE75940C777BBED53F30F85519B8D98756C8","9BA74107591EDC553EDCB76FDC7337ABEDC61B3FF9DE4F467ABE5F754CF01BB6","AppForegrounded","AppForegrounded",1785064030828,"ANDROID_PHONE","6.34.4","india","hin","UNK","1.8.2",1785062925759
2078157400,"ABFC69CA016E64358F308694BE9BEE75940C777BBED53F30F85519B8D98756C8","9BA74107591EDC553EDCB76FDC7337ABEDC61B3FF9DE4F467ABE5F754CF01BB6","VideoHeartbeat","BufferStart",1785063691982,"ANDROID_PHONE","6.34.4","india","hin","UNK","1.8.2",1785062925759
2078157400,"ABFC69CA016E64358F308694BE9BEE75940C777BBED53F30F85519B8D98756C8","9BA74107591EDC553EDCB76FDC7337ABEDC61B3FF9DE4F467ABE5F754CF01BB6","VideoHeartbeat","video_forward",1785063691985,"ANDROID_PHONE","6.34.4","india","hin","UNK","1.8.2",1785062925759
2078157400,"ABFC69CA016E64358F308694BE9BEE75940C777BBED53F30F85519B8D98756C8","9BA74107591EDC553EDCB76FDC7337ABEDC61B3FF9DE4F467ABE5F754CF01BB6","VideoHeartbeat","BufferEnd",1785063692451,"ANDROID_PHONE","6.34.4","india","hin","UNK","1.8.2",1785062925759
2078157400,"ABFC69CA016E64358F308694BE9BEE75940C777BBED53F30F85519B8D98756C8","9BA74107591EDC553EDCB76FDC7337ABEDC61B3FF9DE4F467ABE5F754CF01BB6","VideoHeartbeat","pause",1785063693550,"ANDROID_PHONE","6.34.4","india","hin","UNK","1.8.2",1785062925759
2078157400,"ABFC69CA016E64358F308694BE9BEE75940C777BBED53F30F85519B8D98756C8","9BA74107591EDC553EDCB76FDC7337ABEDC61B3FF9DE4F467ABE5F754CF01BB6","VideoHeartbeat","resume",1785064031000,"ANDROID_PHONE","6.34.4","india","hin","UNK","1.8.2",1785062925759
2078157400,"ABFC69CA016E64358F308694BE9BEE75940C777BBED53F30F85519B8D98756C8","9BA74107591EDC553EDCB76FDC7337ABEDC61B3FF9DE4F467ABE5F754CF01BB6","VideoHeartbeat","buffer-health",1785064033677,"ANDROID_PHONE","6.34.4","india","hin","UNK","1.8.2",1785062925759
2078157400,"ABFC69CA016E64358F308694BE9BEE75940C777BBED53F30F85519B8D98756C8","9BA74107591EDC553EDCB76FDC7337ABEDC61B3FF9DE4F467ABE5F754CF01BB6","VideoHeartbeat","network-activity",1785064033677,"ANDROID_PHONE","6.34.4","india","hin","UNK","1.8.2",1785062925759
2078157400,"ABFC69CA016E64358F308694BE9BEE75940C777BBED53F30F85519B8D98756C8","9BA74107591EDC553EDCB76FDC7337ABEDC61B3FF9DE4F467ABE5F754CF01BB6","VideoHeartbeat","video-resize",1785063247135,"ANDROID_PHONE","6.34.4","india","hin","UNK","1.8.2",1785062925759
2078157400,"ABFC69CA016E64358F308694BE9BEE75940C777BBED53F30F85519B8D98756C8","9BA74107591EDC553EDCB76FDC7337ABEDC61B3FF9DE4F467ABE5F754CF01BB6","VideoHeartbeat","buffer-health",1785063247136,"ANDROID_PHONE","6.34.4","india","hin","UNK","1.8.2",1785062925759
2078157400,"ABFC69CA016E64358F308694BE9BEE75940C777BBED53F30F85519B8D98756C8","9BA74107591EDC553EDCB76FDC7337ABEDC61B3FF9DE4F467ABE5F754CF01BB6","VideoHeartbeat","network-activity",1785063247136,"ANDROID_PHONE","6.34.4","india","hin","UNK","1.8.2",1785062925759
2078157400,"ABFC69CA016E64358F308694BE9BEE75940C777BBED53F30F85519B8D98756C8","9BA74107591EDC553EDCB76FDC7337ABEDC61B3FF9DE4F467ABE5F754CF01BB6","VideoHeartbeat","BufferStart",1785063380156,"ANDROID_PHONE","6.34.4","india","hin","UNK","1.8.2",1785062925759
2078157400,"ABFC69CA016E64358F308694BE9BEE75940C777BBED53F30F85519B8D98756C8","9BA74107591EDC553EDCB76FDC7337ABEDC61B3FF9DE4F467ABE5F754CF01BB6","VideoHeartbeat","video_rewind",1785063380159,"ANDROID_PHONE","6.34.4","india","hin","UNK","1.8.2",1785062925759
2078157400,"ABFC69CA016E64358F308694BE9BEE75940C777BBED53F30F85519B8D98756C8","9BA74107591EDC553EDCB76FDC7337ABEDC61B3FF9DE4F467ABE5F754CF01BB6","VideoHeartbeat","dropped-frames",1785063380200,"ANDROID_PHONE","6.34.4","india","hin","UNK","1.8.2",1785062925759
2078157400,"ABFC69CA016E64358F308694BE9BEE75940C777BBED53F30F85519B8D98756C8","9BA74107591EDC553EDCB76FDC7337ABEDC61B3FF9DE4F467ABE5F754CF01BB6","VideoHeartbeat","BufferEnd",1785063380316,"ANDROID_PHONE","6.34.4","india","hin","UNK","1.8.2",1785062925759
2078157400,"ABFC69CA016E64358F308694BE9BEE75940C777BBED53F30F85519B8D98756C8","9BA74107591EDC553EDCB76FDC7337ABEDC61B3FF9DE4F467ABE5F754CF01BB6","VideoHeartbeat","pause",1785063382433,"ANDROID_PHONE","6.34.4","india","hin","UNK","1.8.2",1785062925759
2078157400,"ABFC69CA016E64358F308694BE9BEE75940C777BBED53F30F85519B8D98756C8","9BA74107591EDC553EDCB76FDC7337ABEDC61B3FF9DE4F467ABE5F754CF01BB6","VideoHeartbeat","resume",1785063384412,"ANDROID_PHONE","6.34.4","india","hin","UNK","1.8.2",1785062925759
2078157400,"ABFC69CA016E64358F308694BE9BEE75940C777BBED53F30F85519B8D98756C8","9BA74107591EDC553EDCB76FDC7337ABEDC61B3FF9DE4F467ABE5F754CF01BB6","VideoHeartbeat","video-resize",1785063407155,"ANDROID_PHONE","6.34.4","india","hin","UNK","1.8.2",1785062925759
2078157400,"ABFC69CA016E64358F308694BE9BEE75940C777BBED53F30F85519B8D98756C8","9BA74107591EDC553EDCB76FDC7337ABEDC61B3FF9DE4F467ABE5F754CF01BB6","VideoHeartbeat","buffer-health",1785063407156,"ANDROID_PHONE","6.34.4","india","hin","UNK","1.8.2",1785062925759
2078157400,"ABFC69CA016E64358F308694BE9BEE75940C777BBED53F30F85519B8D98756C8","9BA74107591EDC553EDCB76FDC7337ABEDC61B3FF9DE4F467ABE5F754CF01BB6","VideoHeartbeat","network-activity",1785063407156,"ANDROID_PHONE","6.34.4","india","hin","UNK","1.8.2",1785062925759
2078157400,"ABFC69CA016E64358F308694BE9BEE75940C777BBED53F30F85519B8D98756C8","9BA74107591EDC553EDCB76FDC7337ABEDC61B3FF9DE4F467ABE5F754CF01BB6","VideoHeartbeat","video-resize",1785063607169,"ANDROID_PHONE","6.34.4","india","hin","UNK","1.8.2",1785062925759
2078157400,"ABFC69CA016E64358F308694BE9BEE75940C777BBED53F30F85519B8D98756C8","9BA74107591EDC553EDCB76FDC7337ABEDC61B3FF9DE4F467ABE5F754CF01BB6","VideoHeartbeat","buffer-health",1785063607169,"ANDROID_PHONE","6.34.4","india","hin","UNK","1.8.2",1785062925759
2078157400,"ABFC69CA016E64358F308694BE9BEE75940C777BBED53F30F85519B8D98756C8","9BA74107591EDC553EDCB76FDC7337ABEDC61B3FF9DE4F467ABE5F754CF01BB6","VideoHeartbeat","network-activity",1785063607169,"ANDROID_PHONE","6.34.4","india","hin","UNK","1.8.2",1785062925759
2078157400,"ABFC69CA016E64358F308694BE9BEE75940C777BBED53F30F85519B8D98756C8","9BA74107591EDC553EDCB76FDC7337ABEDC61B3FF9DE4F467ABE5F754CF01BB6","AppBackgrounded","AppBackgrounded",1785063694180,"ANDROID_PHONE","6.34.4","india","hin","UNK","1.8.2",1785062925759
2078157400,"ABFC69CA016E64358F308694BE9BEE75940C777BBED53F30F85519B8D98756C8","9BA74107591EDC553EDCB76FDC7337ABEDC61B3FF9DE4F467ABE5F754CF01BB6","VideoHeartbeat","video-resize",1785063647171,"ANDROID_PHONE","6.34.4","india","hin","UNK","1.8.2",1785062925759
2078157400,"ABFC69CA016E64358F308694BE9BEE75940C777BBED53F30F85519B8D98756C8","9BA74107591EDC553EDCB76FDC7337ABEDC61B3FF9DE4F467ABE5F754CF01BB6","VideoHeartbeat","buffer-health",1785063647171,"ANDROID_PHONE","6.34.4","india","hin","UNK","1.8.2",1785062925759
2078157400,"ABFC69CA016E64358F308694BE9BEE75940C777BBED53F30F85519B8D98756C8","9BA74107591EDC553EDCB76FDC7337ABEDC61B3FF9DE4F467ABE5F754CF01BB6","VideoHeartbeat","network-activity",1785063647171,"ANDROID_PHONE","6.34.4","india","hin","UNK","1.8.2",1785062925759
21004556,"95C95DCF100FA42A366313EEA6057497D5DC895F3A15C0F39EF32B79C3CE1C9F","BFC747C4F97276A13E6A5E7766E71735D751DD95C4EDA6BD94E8AA5DD356A60B","VideoSessionStart","VideoSessionStart",1785063880689,"ANDROID_PHONE","6.34.8","india","unk","unk","1.8.2",1785063880689
21004556,"95C95DCF100FA42A366313EEA6057497D5DC895F3A15C0F39EF32B79C3CE1C9F","BFC747C4F97276A13E6A5E7766E71735D751DD95C4EDA6BD94E8AA5DD356A60B","VideoPlay","Play",1785063883915,"ANDROID_PHONE","6.34.8","india","non","UNK","1.8.2",1785063880689
21004556,"95C95DCF100FA42A366313EEA6057497D5DC895F3A15C0F39EF32B79C3CE1C9F","BFC747C4F97276A13E6A5E7766E71735D751DD95C4EDA6BD94E8AA5DD356A60B","VideoHeartbeat","upshift",1785063884432,"ANDROID_PHONE","6.34.8","india","hin","UNK","1.8.2",1785063880689
21004556,"95C95DCF100FA42A366313EEA6057497D5DC895F3A15C0F39EF32B79C3CE1C9F","BFC747C4F97276A13E6A5E7766E71735D751DD95C4EDA6BD94E8AA5DD356A60B","VideoHeartbeat","BufferStart",1785063886408,"ANDROID_PHONE","6.34.8","india","hin","UNK","1.8.2",1785063880689
21004556,"95C95DCF100FA42A366313EEA6057497D5DC895F3A15C0F39EF32B79C3CE1C9F","BFC747C4F97276A13E6A5E7766E71735D751DD95C4EDA6BD94E8AA5DD356A60B","VideoHeartbeat","video_forward",1785063886410,"ANDROID_PHONE","6.34.8","india","hin","UNK","1.8.2",1785063880689
21004556,"95C95DCF100FA42A366313EEA6057497D5DC895F3A15C0F39EF32B79C3CE1C9F","BFC747C4F97276A13E6A5E7766E71735D751DD95C4EDA6BD94E8AA5DD356A60B","VideoHeartbeat","BufferEnd",1785063886873,"ANDROID_PHONE","6.34.8","india","hin","UNK","1.8.2",1785063880689
21004556,"95C95DCF100FA42A366313EEA6057497D5DC895F3A15C0F39EF32B79C3CE1C9F","BFC747C4F97276A13E6A5E7766E71735D751DD95C4EDA6BD94E8AA5DD356A60B","VideoHeartbeat","video-resize",1785063923937,"ANDROID_PHONE","6.34.8","india","hin","UNK","1.8.2",1785063880689
21004556,"95C95DCF100FA42A366313EEA6057497D5DC895F3A15C0F39EF32B79C3CE1C9F","BFC747C4F97276A13E6A5E7766E71735D751DD95C4EDA6BD94E8AA5DD356A60B","VideoHeartbeat","buffer-health",1785063923940,"ANDROID_PHONE","6.34.8","india","hin","UNK","1.8.2",1785063880689
21004556,"95C95DCF100FA42A366313EEA6057497D5DC895F3A15C0F39EF32B79C3CE1C9F","BFC747C4F97276A13E6A5E7766E71735D751DD95C4EDA6BD94E8AA5DD356A60B","VideoHeartbeat","network-activity",1785063923940,"ANDROID_PHONE","6.34.8","india","hin","UNK","1.8.2",1785063880689
21004556,"95C95DCF100FA42A366313EEA6057497D5DC895F3A15C0F39EF32B79C3CE1C9F","BFC747C4F97276A13E6A5E7766E71735D751DD95C4EDA6BD94E8AA5DD356A60B","VideoHeartbeat","video-resize",1785063963954,"ANDROID_PHONE","6.34.8","india","hin","UNK","1.8.2",1785063880689
21004556,"95C95DCF100FA42A366313EEA6057497D5DC895F3A15C0F39EF32B79C3CE1C9F","BFC747C4F97276A13E6A5E7766E71735D751DD95C4EDA6BD94E8AA5DD356A60B","VideoHeartbeat","buffer-health",1785063963954,"ANDROID_PHONE","6.34.8","india","hin","UNK","1.8.2",1785063880689
21004556,"95C95DCF100FA42A366313EEA6057497D5DC895F3A15C0F39EF32B79C3CE1C9F","BFC747C4F97276A13E6A5E7766E71735D751DD95C4EDA6BD94E8AA5DD356A60B","VideoHeartbeat","network-activity",1785063963954,"ANDROID_PHONE","6.34.8","india","hin","UNK","1.8.2",1785063880689
21004556,"95C95DCF100FA42A366313EEA6057497D5DC895F3A15C0F39EF32B79C3CE1C9F","BFC747C4F97276A13E6A5E7766E71735D751DD95C4EDA6BD94E8AA5DD356A60B","VideoHeartbeat","video-resize",1785064003958,"ANDROID_PHONE","6.34.8","india","hin","UNK","1.8.2",1785063880689
21004556,"95C95DCF100FA42A366313EEA6057497D5DC895F3A15C0F39EF32B79C3CE1C9F","BFC747C4F97276A13E6A5E7766E71735D751DD95C4EDA6BD94E8AA5DD356A60B","VideoHeartbeat","buffer-health",1785064003961,"ANDROID_PHONE","6.34.8","india","hin","UNK","1.8.2",1785063880689
21004556,"95C95DCF100FA42A366313EEA6057497D5DC895F3A15C0F39EF32B79C3CE1C9F","BFC747C4F97276A13E6A5E7766E71735D751DD95C4EDA6BD94E8AA5DD356A60B","VideoHeartbeat","network-activity",1785064003961,"ANDROID_PHONE","6.34.8","india","hin","UNK","1.8.2",1785063880689
21004556,"95C95DCF100FA42A366313EEA6057497D5DC895F3A15C0F39EF32B79C3CE1C9F","BFC747C4F97276A13E6A5E7766E71735D751DD95C4EDA6BD94E8AA5DD356A60B","VideoHeartbeat","video-resize",1785064043965,"ANDROID_PHONE","6.34.8","india","hin","UNK","1.8.2",1785063880689
21004556,"95C95DCF100FA42A366313EEA6057497D5DC895F3A15C0F39EF32B79C3CE1C9F","BFC747C4F97276A13E6A5E7766E71735D751DD95C4EDA6BD94E8AA5DD356A60B","VideoHeartbeat","buffer-health",1785064043967,"ANDROID_PHONE","6.34.8","india","hin","UNK","1.8.2",1785063880689
21004556,"95C95DCF100FA42A366313EEA6057497D5DC895F3A15C0F39EF32B79C3CE1C9F","BFC747C4F97276A13E6A5E7766E71735D751DD95C4EDA6BD94E8AA5DD356A60B","VideoHeartbeat","network-activity",1785064043967,"ANDROID_PHONE","6.34.8","india","hin","UNK","1.8.2",1785063880689
21004556,"95C95DCF100FA42A366313EEA6057497D5DC895F3A15C0F39EF32B79C3CE1C9F","BFC747C4F97276A13E6A5E7766E71735D751DD95C4EDA6BD94E8AA5DD356A60B","VideoHeartbeat","video-resize",1785064083969,"ANDROID_PHONE","6.34.8","india","hin","UNK","1.8.2",1785063880689
21004556,"95C95DCF100FA42A366313EEA6057497D5DC895F3A15C0F39EF32B79C3CE1C9F","BFC747C4F97276A13E6A5E7766E71735D751DD95C4EDA6BD94E8AA5DD356A60B","VideoHeartbeat","buffer-health",1785064083969,"ANDROID_PHONE","6.34.8","india","hin","UNK","1.8.2",1785063880689
21004556,"95C95DCF100FA42A366313EEA6057497D5DC895F3A15C0F39EF32B79C3CE1C9F","BFC747C4F97276A13E6A5E7766E71735D751DD95C4EDA6BD94E8AA5DD356A60B","VideoHeartbeat","network-activity",1785064083969,"ANDROID_PHONE","6.34.8","india","hin","UNK","1.8.2",1785063880689
21004556,"95C95DCF100FA42A366313EEA6057497D5DC895F3A15C0F39EF32B79C3CE1C9F","BFC747C4F97276A13E6A5E7766E71735D751DD95C4EDA6BD94E8AA5DD356A60B","VideoHeartbeat","pause",1785064092359,"ANDROID_PHONE","6.34.8","india","hin","UNK","1.8.2",1785063880689
21004556,"95C95DCF100FA42A366313EEA6057497D5DC895F3A15C0F39EF32B79C3CE1C9F","BFC747C4F97276A13E6A5E7766E71735D751DD95C4EDA6BD94E8AA5DD356A60B","VideoHeartbeat","video-resize",1785064123971,"ANDROID_PHONE","6.34.8","india","hin","UNK","1.8.2",1785063880689
21004556,"95C95DCF100FA42A366313EEA6057497D5DC895F3A15C0F39EF32B79C3CE1C9F","BFC747C4F97276A13E6A5E7766E71735D751DD95C4EDA6BD94E8AA5DD356A60B","VideoHeartbeat","buffer-health",1785064123973,"ANDROID_PHONE","6.34.8","india","hin","UNK","1.8.2",1785063880689
21004556,"95C95DCF100FA42A366313EEA6057497D5DC895F3A15C0F39EF32B79C3CE1C9F","BFC747C4F97276A13E6A5E7766E71735D751DD95C4EDA6BD94E8AA5DD356A60B","AppBackgrounded","AppBackgrounded",1785064124536,"ANDROID_PHONE","6.34.8","india","non","UNK","1.8.2",1785063880689
21004556,"95C95DCF100FA42A366313EEA6057497D5DC895F3A15C0F39EF32B79C3CE1C9F","BFC747C4F97276A13E6A5E7766E71735D751DD95C4EDA6BD94E8AA5DD356A60B","AppForegrounded","AppForegrounded",1785064248512,"ANDROID_PHONE","6.34.8","india","non","UNK","1.8.2",1785063880689
21004556,"95C95DCF100FA42A366313EEA6057497D5DC895F3A15C0F39EF32B79C3CE1C9F","BFC747C4F97276A13E6A5E7766E71735D751DD95C4EDA6BD94E8AA5DD356A60B","VideoHeartbeat","resume",1785064254109,"ANDROID_PHONE","6.34.8","india","hin","UNK","1.8.2",1785063880689
21004556,"95C95DCF100FA42A366313EEA6057497D5DC895F3A15C0F39EF32B79C3CE1C9F","BFC747C4F97276A13E6A5E7766E71735D751DD95C4EDA6BD94E8AA5DD356A60B","VideoHeartbeat","video-resize",1785064287342,"ANDROID_PHONE","6.34.8","india","hin","UNK","1.8.2",1785063880689
21004556,"95C95DCF100FA42A366313EEA6057497D5DC895F3A15C0F39EF32B79C3CE1C9F","BFC747C4F97276A13E6A5E7766E71735D751DD95C4EDA6BD94E8AA5DD356A60B","VideoHeartbeat","buffer-health",1785064287344,"ANDROID_PHONE","6.34.8","india","hin","UNK","1.8.2",1785063880689
21004556,"95C95DCF100FA42A366313EEA6057497D5DC895F3A15C0F39EF32B79C3CE1C9F","BFC747C4F97276A13E6A5E7766E71735D751DD95C4EDA6BD94E8AA5DD356A60B","VideoHeartbeat","network-activity",1785064287344,"ANDROID_PHONE","6.34.8","india","hin","UNK","1.8.2",1785063880689
21004556,"95C95DCF100FA42A366313EEA6057497D5DC895F3A15C0F39EF32B79C3CE1C9F","BFC747C4F97276A13E6A5E7766E71735D751DD95C4EDA6BD94E8AA5DD356A60B","VideoHeartbeat","BufferStart",1785064289599,"ANDROID_PHONE","6.34.8","india","hin","UNK","1.8.2",1785063880689
21004556,"95C95DCF100FA42A366313EEA6057497D5DC895F3A15C0F39EF32B79C3CE1C9F","BFC747C4F97276A13E6A5E7766E71735D751DD95C4EDA6BD94E8AA5DD356A60B","VideoHeartbeat","video_forward",1785064289601,"ANDROID_PHONE","6.34.8","india","hin","UNK","1.8.2",1785063880689
21004556,"95C95DCF100FA42A366313EEA6057497D5DC895F3A15C0F39EF32B79C3CE1C9F","BFC747C4F97276A13E6A5E7766E71735D751DD95C4EDA6BD94E8AA5DD356A60B","VideoHeartbeat","dropped-frames",1785064289644,"ANDROID_PHONE","6.34.8","india","hin","UNK","1.8.2",1785063880689
21004556,"95C95DCF100FA42A366313EEA6057497D5DC895F3A15C0F39EF32B79C3CE1C9F","BFC747C4F97276A13E6A5E7766E71735D751DD95C4EDA6BD94E8AA5DD356A60B","VideoHeartbeat","BufferEnd",1785064289933,"ANDROID_PHONE","6.34.8","india","hin","UNK","1.8.2",1785063880689
21004556,"95C95DCF100FA42A366313EEA6057497D5DC895F3A15C0F39EF32B79C3CE1C9F","BFC747C4F97276A13E6A5E7766E71735D751DD95C4EDA6BD94E8AA5DD356A60B","VideoHeartbeat","video-resize",1785064327347,"ANDROID_PHONE","6.34.8","india","hin","UNK","1.8.2",1785063880689
21004556,"95C95DCF100FA42A366313EEA6057497D5DC895F3A15C0F39EF32B79C3CE1C9F","BFC747C4F97276A13E6A5E7766E71735D751DD95C4EDA6BD94E8AA5DD356A60B","VideoHeartbeat","buffer-health",1785064327349,"ANDROID_PHONE","6.34.8","india","hin","UNK","1.8.2",1785063880689
21004556,"95C95DCF100FA42A366313EEA6057497D5DC895F3A15C0F39EF32B79C3CE1C9F","BFC747C4F97276A13E6A5E7766E71735D751DD95C4EDA6BD94E8AA5DD356A60B","VideoHeartbeat","network-activity",1785064327349,"ANDROID_PHONE","6.34.8","india","hin","UNK","1.8.2",1785063880689
21004556,"95C95DCF100FA42A366313EEA6057497D5DC895F3A15C0F39EF32B79C3CE1C9F","BFC747C4F97276A13E6A5E7766E71735D751DD95C4EDA6BD94E8AA5DD356A60B","VideoHeartbeat","buffer-health",1785064381514,"ANDROID_PHONE","6.34.8","india","hin","UNK","1.8.2",1785063880689
21004556,"95C95DCF100FA42A366313EEA6057497D5DC895F3A15C0F39EF32B79C3CE1C9F","BFC747C4F97276A13E6A5E7766E71735D751DD95C4EDA6BD94E8AA5DD356A60B","VideoHeartbeat","upshift",1785064404484,"ANDROID_PHONE","6.34.8","india","hin","UNK","1.8.2",1785063880689
21004556,"95C95DCF100FA42A366313EEA6057497D5DC895F3A15C0F39EF32B79C3CE1C9F","BFC747C4F97276A13E6A5E7766E71735D751DD95C4EDA6BD94E8AA5DD356A60B","VideoHeartbeat","video-resize",1785064407358,"ANDROID_PHONE","6.34.8","india","hin","UNK","1.8.2",1785063880689
21004556,"95C95DCF100FA42A366313EEA6057497D5DC895F3A15C0F39EF32B79C3CE1C9F","BFC747C4F97276A13E6A5E7766E71735D751DD95C4EDA6BD94E8AA5DD356A60B","VideoHeartbeat","buffer-health",1785064407358,"ANDROID_PHONE","6.34.8","india","hin","UNK","1.8.2",1785063880689
21004556,"95C95DCF100FA42A366313EEA6057497D5DC895F3A15C0F39EF32B79C3CE1C9F","BFC747C4F97276A13E6A5E7766E71735D751DD95C4EDA6BD94E8AA5DD356A60B","VideoHeartbeat","network-activity",1785064407358,"ANDROID_PHONE","6.34.8","india","hin","UNK","1.8.2",1785063880689
21004556,"95C95DCF100FA42A366313EEA6057497D5DC895F3A15C0F39EF32B79C3CE1C9F","BFC747C4F97276A13E6A5E7766E71735D751DD95C4EDA6BD94E8AA5DD356A60B","VideoHeartbeat","video-resize",1785064367354,"ANDROID_PHONE","6.34.8","india","hin","UNK","1.8.2",1785063880689
21004556,"95C95DCF100FA42A366313EEA6057497D5DC895F3A15C0F39EF32B79C3CE1C9F","BFC747C4F97276A13E6A5E7766E71735D751DD95C4EDA6BD94E8AA5DD356A60B","VideoHeartbeat","buffer-health",1785064367355,"ANDROID_PHONE","6.34.8","india","hin","UNK","1.8.2",1785063880689
21004556,"95C95DCF100FA42A366313EEA6057497D5DC895F3A15C0F39EF32B79C3CE1C9F","BFC747C4F97276A13E6A5E7766E71735D751DD95C4EDA6BD94E8AA5DD356A60B","VideoHeartbeat","network-activity",1785064367355,"ANDROID_PHONE","6.34.8","india","hin","UNK","1.8.2",1785063880689
21004556,"95C95DCF100FA42A366313EEA6057497D5DC895F3A15C0F39EF32B79C3CE1C9F","BFC747C4F97276A13E6A5E7766E71735D751DD95C4EDA6BD94E8AA5DD356A60B","VideoHeartbeat","buffer-health",1785064403933,"ANDROID_PHONE","6.34.8","india","hin","UNK","1.8.2",1785063880689
21004556,"95C95DCF100FA42A366313EEA6057497D5DC895F3A15C0F39EF32B79C3CE1C9F","BFC747C4F97276A13E6A5E7766E71735D751DD95C4EDA6BD94E8AA5DD356A60B","VideoHeartbeat","resume",1785064403937,"ANDROID_PHONE","6.34.8","india","hin","UNK","1.8.2",1785063880689
21004556,"95C95DCF100FA42A366313EEA6057497D5DC895F3A15C0F39EF32B79C3CE1C9F","BFC747C4F97276A13E6A5E7766E71735D751DD95C4EDA6BD94E8AA5DD356A60B","VideoHeartbeat","network-activity",1785064403933,"ANDROID_PHONE","6.34.8","india","hin","UNK","1.8.2",1785063880689
21004556,"95C95DCF100FA42A366313EEA6057497D5DC895F3A15C0F39EF32B79C3CE1C9F","BFC747C4F97276A13E6A5E7766E71735D751DD95C4EDA6BD94E8AA5DD356A60B","VideoHeartbeat","video-resize",1785064447364,"ANDROID_PHONE","6.34.8","india","hin","UNK","1.8.2",1785063880689
21004556,"95C95DCF100FA42A366313EEA6057497D5DC895F3A15C0F39EF32B79C3CE1C9F","BFC747C4F97276A13E6A5E7766E71735D751DD95C4EDA6BD94E8AA5DD356A60B","VideoHeartbeat","buffer-health",1785064447366,"ANDROID_PHONE","6.34.8","india","hin","UNK","1.8.2",1785063880689
21004556,"95C95DCF100FA42A366313EEA6057497D5DC895F3A15C0F39EF32B79C3CE1C9F","BFC747C4F97276A13E6A5E7766E71735D751DD95C4EDA6BD94E8AA5DD356A60B","VideoHeartbeat","network-activity",1785064447366,"ANDROID_PHONE","6.34.8","india","hin","UNK","1.8.2",1785063880689
21004556,"95C95DCF100FA42A366313EEA6057497D5DC895F3A15C0F39EF32B79C3CE1C9F","BFC747C4F97276A13E6A5E7766E71735D751DD95C4EDA6BD94E8AA5DD356A60B","VideoHeartbeat","video-resize",1785064487368,"ANDROID_PHONE","6.34.8","india","hin","UNK","1.8.2",1785063880689
21004556,"95C95DCF100FA42A366313EEA6057497D5DC895F3A15C0F39EF32B79C3CE1C9F","BFC747C4F97276A13E6A5E7766E71735D751DD95C4EDA6BD94E8AA5DD356A60B","VideoHeartbeat","buffer-health",1785064487369,"ANDROID_PHONE","6.34.8","india","hin","UNK","1.8.2",1785063880689
21004556,"95C95DCF100FA42A366313EEA6057497D5DC895F3A15C0F39EF32B79C3CE1C9F","BFC747C4F97276A13E6A5E7766E71735D751DD95C4EDA6BD94E8AA5DD356A60B","VideoHeartbeat","network-activity",1785064487369,"ANDROID_PHONE","6.34.8","india","hin","UNK","1.8.2",1785063880689
21004556,"95C95DCF100FA42A366313EEA6057497D5DC895F3A15C0F39EF32B79C3CE1C9F","BFC747C4F97276A13E6A5E7766E71735D751DD95C4EDA6BD94E8AA5DD356A60B","VideoHeartbeat","video-resize",1785064527371,"ANDROID_PHONE","6.34.8","india","hin","UNK","1.8.2",1785063880689
21004556,"95C95DCF100FA42A366313EEA6057497D5DC895F3A15C0F39EF32B79C3CE1C9F","BFC747C4F97276A13E6A5E7766E71735D751DD95C4EDA6BD94E8AA5DD356A60B","VideoHeartbeat","buffer-health",1785064527371,"ANDROID_PHONE","6.34.8","india","hin","UNK","1.8.2",1785063880689
21004556,"95C95DCF100FA42A366313EEA6057497D5DC895F3A15C0F39EF32B79C3CE1C9F","BFC747C4F97276A13E6A5E7766E71735D751DD95C4EDA6BD94E8AA5DD356A60B","VideoHeartbeat","network-activity",1785064527371,"ANDROID_PHONE","6.34.8","india","hin","UNK","1.8.2",1785063880689
21004556,"95C95DCF100FA42A366313EEA6057497D5DC895F3A15C0F39EF32B79C3CE1C9F","BFC747C4F97276A13E6A5E7766E71735D751DD95C4EDA6BD94E8AA5DD356A60B","VideoHeartbeat","BufferStart",1785064552197,"ANDROID_PHONE","6.34.8","india","hin","UNK","1.8.2",1785063880689
21004556,"95C95DCF100FA42A366313EEA6057497D5DC895F3A15C0F39EF32B79C3CE1C9F","BFC747C4F97276A13E6A5E7766E71735D751DD95C4EDA6BD94E8AA5DD356A60B","VideoHeartbeat","video_forward",1785064552199,"ANDROID_PHONE","6.34.8","india","hin","UNK","1.8.2",1785063880689
21004556,"95C95DCF100FA42A366313EEA6057497D5DC895F3A15C0F39EF32B79C3CE1C9F","BFC747C4F97276A13E6A5E7766E71735D751DD95C4EDA6BD94E8AA5DD356A60B","VideoHeartbeat","BufferEnd",1785064552706,"ANDROID_PHONE","6.34.8","india","hin","UNK","1.8.2",1785063880689
21004556,"95C95DCF100FA42A366313EEA6057497D5DC895F3A15C0F39EF32B79C3CE1C9F","BFC747C4F97276A13E6A5E7766E71735D751DD95C4EDA6BD94E8AA5DD356A60B","VideoHeartbeat","BufferStart",1785064553945,"ANDROID_PHONE","6.34.8","india","hin","UNK","1.8.2",1785063880689
21004556,"95C95DCF100FA42A366313EEA6057497D5DC895F3A15C0F39EF32B79C3CE1C9F","BFC747C4F97276A13E6A5E7766E71735D751DD95C4EDA6BD94E8AA5DD356A60B","VideoHeartbeat","video_forward",1785064553949,"ANDROID_PHONE","6.34.8","india","hin","UNK","1.8.2",1785063880689
21004556,"95C95DCF100FA42A366313EEA6057497D5DC895F3A15C0F39EF32B79C3CE1C9F","BFC747C4F97276A13E6A5E7766E71735D751DD95C4EDA6BD94E8AA5DD356A60B","VideoHeartbeat","BufferEnd",1785064554260,"ANDROID_PHONE","6.34.8","india","hin","UNK","1.8.2",1785063880689
21004556,"95C95DCF100FA42A366313EEA6057497D5DC895F3A15C0F39EF32B79C3CE1C9F","BFC747C4F97276A13E6A5E7766E71735D751DD95C4EDA6BD94E8AA5DD356A60B","VideoHeartbeat","BufferStart",1785064555375,"ANDROID_PHONE","6.34.8","india","hin","UNK","1.8.2",1785063880689
21004556,"95C95DCF100FA42A366313EEA6057497D5DC895F3A15C0F39EF32B79C3CE1C9F","BFC747C4F97276A13E6A5E7766E71735D751DD95C4EDA6BD94E8AA5DD356A60B","VideoHeartbeat","video_forward",1785064555378,"ANDROID_PHONE","6.34.8","india","hin","UNK","1.8.2",1785063880689
21004556,"95C95DCF100FA42A366313EEA6057497D5DC895F3A15C0F39EF32B79C3CE1C9F","BFC747C4F97276A13E6A5E7766E71735D751DD95C4EDA6BD94E8AA5DD356A60B","VideoHeartbeat","BufferEnd",1785064555780,"ANDROID_PHONE","6.34.8","india","hin","UNK","1.8.2",1785063880689
21004556,"95C95DCF100FA42A366313EEA6057497D5DC895F3A15C0F39EF32B79C3CE1C9F","BFC747C4F97276A13E6A5E7766E71735D751DD95C4EDA6BD94E8AA5DD356A60B","VideoHeartbeat","BufferStart",1785064556705,"ANDROID_PHONE","6.34.8","india","hin","UNK","1.8.2",1785063880689
21004556,"95C95DCF100FA42A366313EEA6057497D5DC895F3A15C0F39EF32B79C3CE1C9F","BFC747C4F97276A13E6A5E7766E71735D751DD95C4EDA6BD94E8AA5DD356A60B","VideoHeartbeat","video_forward",1785064556709,"ANDROID_PHONE","6.34.8","india","hin","UNK","1.8.2",1785063880689
21004556,"95C95DCF100FA42A366313EEA6057497D5DC895F3A15C0F39EF32B79C3CE1C9F","BFC747C4F97276A13E6A5E7766E71735D751DD95C4EDA6BD94E8AA5DD356A60B","VideoHeartbeat","BufferEnd",1785064556912,"ANDROID_PHONE","6.34.8","india","hin","UNK","1.8.2",1785063880689
21004556,"95C95DCF100FA42A366313EEA6057497D5DC895F3A15C0F39EF32B79C3CE1C9F","BFC747C4F97276A13E6A5E7766E71735D751DD95C4EDA6BD94E8AA5DD356A60B","VideoHeartbeat","BufferStart",1785064558641,"ANDROID_PHONE","6.34.8","india","hin","UNK","1.8.2",1785063880689
21004556,"95C95DCF100FA42A366313EEA6057497D5DC895F3A15C0F39EF32B79C3CE1C9F","BFC747C4F97276A13E6A5E7766E71735D751DD95C4EDA6BD94E8AA5DD356A60B","VideoHeartbeat","video_forward",1785064558644,"ANDROID_PHONE","6.34.8","india","hin","UNK","1.8.2",1785063880689
21004556,"95C95DCF100FA42A366313EEA6057497D5DC895F3A15C0F39EF32B79C3CE1C9F","BFC747C4F97276A13E6A5E7766E71735D751DD95C4EDA6BD94E8AA5DD356A60B","VideoHeartbeat","BufferEnd",1785064559042,"ANDROID_PHONE","6.34.8","india","hin","UNK","1.8.2",1785063880689
21004556,"95C95DCF100FA42A366313EEA6057497D5DC895F3A15C0F39EF32B79C3CE1C9F","BFC747C4F97276A13E6A5E7766E71735D751DD95C4EDA6BD94E8AA5DD356A60B","VideoHeartbeat","BufferStart",1785064560133,"ANDROID_PHONE","6.34.8","india","hin","UNK","1.8.2",1785063880689
21004556,"95C95DCF100FA42A366313EEA6057497D5DC895F3A15C0F39EF32B79C3CE1C9F","BFC747C4F97276A13E6A5E7766E71735D751DD95C4EDA6BD94E8AA5DD356A60B","VideoHeartbeat","video_forward",1785064560136,"ANDROID_PHONE","6.34.8","india","hin","UNK","1.8.2",1785063880689
21004556,"95C95DCF100FA42A366313EEA6057497D5DC895F3A15C0F39EF32B79C3CE1C9F","BFC747C4F97276A13E6A5E7766E71735D751DD95C4EDA6BD94E8AA5DD356A60B","VideoHeartbeat","BufferEnd",1785064560379,"ANDROID_PHONE","6.34.8","india","hin","UNK","1.8.2",1785063880689
21004556,"95C95DCF100FA42A366313EEA6057497D5DC895F3A15C0F39EF32B79C3CE1C9F","BFC747C4F97276A13E6A5E7766E71735D751DD95C4EDA6BD94E8AA5DD356A60B","VideoHeartbeat","BufferStart",1785064562434,"ANDROID_PHONE","6.34.8","india","hin","UNK","1.8.2",1785063880689
21004556,"95C95DCF100FA42A366313EEA6057497D5DC895F3A15C0F39EF32B79C3CE1C9F","BFC747C4F97276A13E6A5E7766E71735D751DD95C4EDA6BD94E8AA5DD356A60B","VideoHeartbeat","video_forward",1785064562437,"ANDROID_PHONE","6.34.8","india","hin","UNK","1.8.2",1785063880689
21004556,"95C95DCF100FA42A366313EEA6057497D5DC895F3A15C0F39EF32B79C3CE1C9F","BFC747C4F97276A13E6A5E7766E71735D751DD95C4EDA6BD94E8AA5DD356A60B","VideoHeartbeat","BufferEnd",1785064562937,"ANDROID_PHONE","6.34.8","india","hin","UNK","1.8.2",1785063880689
21004556,"95C95DCF100FA42A366313EEA6057497D5DC895F3A15C0F39EF32B79C3CE1C9F","BFC747C4F97276A13E6A5E7766E71735D751DD95C4EDA6BD94E8AA5DD356A60B","VideoHeartbeat","video-resize",1785064567378,"ANDROID_PHONE","6.34.8","india","hin","UNK","1.8.2",1785063880689
21004556,"95C95DCF100FA42A366313EEA6057497D5DC895F3A15C0F39EF32B79C3CE1C9F","BFC747C4F97276A13E6A5E7766E71735D751DD95C4EDA6BD94E8AA5DD356A60B","VideoHeartbeat","buffer-health",1785064567385,"ANDROID_PHONE","6.34.8","india","hin","UNK","1.8.2",1785063880689
21004556,"95C95DCF100FA42A366313EEA6057497D5DC895F3A15C0F39EF32B79C3CE1C9F","BFC747C4F97276A13E6A5E7766E71735D751DD95C4EDA6BD94E8AA5DD356A60B","VideoHeartbeat","network-activity",1785064567385,"ANDROID_PHONE","6.34.8","india","hin","UNK","1.8.2",1785063880689
21004556,"95C95DCF100FA42A366313EEA6057497D5DC895F3A15C0F39EF32B79C3CE1C9F","BFC747C4F97276A13E6A5E7766E71735D751DD95C4EDA6BD94E8AA5DD356A60B","VideoHeartbeat","video-resize",1785064607390,"ANDROID_PHONE","6.34.8","india","hin","UNK","1.8.2",1785063880689
21004556,"95C95DCF100FA42A366313EEA6057497D5DC895F3A15C0F39EF32B79C3CE1C9F","BFC747C4F97276A13E6A5E7766E71735D751DD95C4EDA6BD94E8AA5DD356A60B","VideoHeartbeat","buffer-health",1785064607390,"ANDROID_PHONE","6.34.8","india","hin","UNK","1.8.2",1785063880689
21004556,"95C95DCF100FA42A366313EEA6057497D5DC895F3A15C0F39EF32B79C3CE1C9F","BFC747C4F97276A13E6A5E7766E71735D751DD95C4EDA6BD94E8AA5DD356A60B","VideoHeartbeat","network-activity",1785064607390,"ANDROID_PHONE","6.34.8","india","hin","UNK","1.8.2",1785063880689
21004556,"95C95DCF100FA42A366313EEA6057497D5DC895F3A15C0F39EF32B79C3CE1C9F","BFC747C4F97276A13E6A5E7766E71735D751DD95C4EDA6BD94E8AA5DD356A60B","VideoHeartbeat","video-resize",1785064647392,"ANDROID_PHONE","6.34.8","india","hin","UNK","1.8.2",1785063880689
21004556,"95C95DCF100FA42A366313EEA6057497D5DC895F3A15C0F39EF32B79C3CE1C9F","BFC747C4F97276A13E6A5E7766E71735D751DD95C4EDA6BD94E8AA5DD356A60B","VideoHeartbeat","buffer-health",1785064647394,"ANDROID_PHONE","6.34.8","india","hin","UNK","1.8.2",1785063880689
21004556,"95C95DCF100FA42A366313EEA6057497D5DC895F3A15C0F39EF32B79C3CE1C9F","BFC747C4F97276A13E6A5E7766E71735D751DD95C4EDA6BD94E8AA5DD356A60B","VideoHeartbeat","network-activity",1785064647394,"ANDROID_PHONE","6.34.8","india","hin","UNK","1.8.2",1785063880689
21004556,"95C95DCF100FA42A366313EEA6057497D5DC895F3A15C0F39EF32B79C3CE1C9F","BFC747C4F97276A13E6A5E7766E71735D751DD95C4EDA6BD94E8AA5DD356A60B","VideoHeartbeat","video-resize",1785064687398,"ANDROID_PHONE","6.34.8","india","hin","UNK","1.8.2",1785063880689
21004556,"95C95DCF100FA42A366313EEA6057497D5DC895F3A15C0F39EF32B79C3CE1C9F","BFC747C4F97276A13E6A5E7766E71735D751DD95C4EDA6BD94E8AA5DD356A60B","VideoHeartbeat","buffer-health",1785064687400,"ANDROID_PHONE","6.34.8","india","hin","UNK","1.8.2",1785063880689
21004556,"95C95DCF100FA42A366313EEA6057497D5DC895F3A15C0F39EF32B79C3CE1C9F","BFC747C4F97276A13E6A5E7766E71735D751DD95C4EDA6BD94E8AA5DD356A60B","VideoHeartbeat","network-activity",1785064687400,"ANDROID_PHONE","6.34.8","india","hin","UNK","1.8.2",1785063880689
21004556,"95C95DCF100FA42A366313EEA6057497D5DC895F3A15C0F39EF32B79C3CE1C9F","BFC747C4F97276A13E6A5E7766E71735D751DD95C4EDA6BD94E8AA5DD356A60B","VideoHeartbeat","buffer-health",1785064692365,"ANDROID_PHONE","6.34.8","india","hin","UNK","1.8.2",1785063880689
21004556,"95C95DCF100FA42A366313EEA6057497D5DC895F3A15C0F39EF32B79C3CE1C9F","BFC747C4F97276A13E6A5E7766E71735D751DD95C4EDA6BD94E8AA5DD356A60B","VideoHeartbeat","resume",1785064714852,"ANDROID_PHONE","6.34.8","india","hin","UNK","1.8.2",1785063880689
21004556,"95C95DCF100FA42A366313EEA6057497D5DC895F3A15C0F39EF32B79C3CE1C9F","BFC747C4F97276A13E6A5E7766E71735D751DD95C4EDA6BD94E8AA5DD356A60B","VideoHeartbeat","buffer-health",1785064714852,"ANDROID_PHONE","6.34.8","india","hin","UNK","1.8.2",1785063880689
21004556,"95C95DCF100FA42A366313EEA6057497D5DC895F3A15C0F39EF32B79C3CE1C9F","BFC747C4F97276A13E6A5E7766E71735D751DD95C4EDA6BD94E8AA5DD356A60B","VideoHeartbeat","network-activity",1785064714852,"ANDROID_PHONE","6.34.8","india","hin","UNK","1.8.2",1785063880689
21004556,"95C95DCF100FA42A366313EEA6057497D5DC895F3A15C0F39EF32B79C3CE1C9F","BFC747C4F97276A13E6A5E7766E71735D751DD95C4EDA6BD94E8AA5DD356A60B","VideoHeartbeat","network-activity",1785064735155,"ANDROID_PHONE","6.34.8","india","hin","UNK","1.8.2",1785063880689
21004556,"95C95DCF100FA42A366313EEA6057497D5DC895F3A15C0F39EF32B79C3CE1C9F","BFC747C4F97276A13E6A5E7766E71735D751DD95C4EDA6BD94E8AA5DD356A60B","VideoHeartbeat","resume",1785064735155,"ANDROID_PHONE","6.34.8","india","hin","UNK","1.8.2",1785063880689
21004556,"95C95DCF100FA42A366313EEA6057497D5DC895F3A15C0F39EF32B79C3CE1C9F","BFC747C4F97276A13E6A5E7766E71735D751DD95C4EDA6BD94E8AA5DD356A60B","VideoHeartbeat","upshift",1785064735748,"ANDROID_PHONE","6.34.8","india","hin","UNK","1.8.2",1785063880689
21004556,"95C95DCF100FA42A366313EEA6057497D5DC895F3A15C0F39EF32B79C3CE1C9F","BFC747C4F97276A13E6A5E7766E71735D751DD95C4EDA6BD94E8AA5DD356A60B","VideoHeartbeat","video-resize",1785064767407,"ANDROID_PHONE","6.34.8","india","hin","UNK","1.8.2",1785063880689
21004556,"95C95DCF100FA42A366313EEA6057497D5DC895F3A15C0F39EF32B79C3CE1C9F","BFC747C4F97276A13E6A5E7766E71735D751DD95C4EDA6BD94E8AA5DD356A60B","VideoHeartbeat","buffer-health",1785064767407,"ANDROID_PHONE","6.34.8","india","hin","UNK","1.8.2",1785063880689
21004556,"95C95DCF100FA42A366313EEA6057497D5DC895F3A15C0F39EF32B79C3CE1C9F","BFC747C4F97276A13E6A5E7766E71735D751DD95C4EDA6BD94E8AA5DD356A60B","VideoHeartbeat","network-activity",1785064767407,"ANDROID_PHONE","6.34.8","india","hin","UNK","1.8.2",1785063880689
21004556,"95C95DCF100FA42A366313EEA6057497D5DC895F3A15C0F39EF32B79C3CE1C9F","BFC747C4F97276A13E6A5E7766E71735D751DD95C4EDA6BD94E8AA5DD356A60B","VideoHeartbeat","video-resize",1785064807410,"ANDROID_PHONE","6.34.8","india","hin","UNK","1.8.2",1785063880689
21004556,"95C95DCF100FA42A366313EEA6057497D5DC895F3A15C0F39EF32B79C3CE1C9F","BFC747C4F97276A13E6A5E7766E71735D751DD95C4EDA6BD94E8AA5DD356A60B","VideoHeartbeat","buffer-health",1785064807411,"ANDROID_PHONE","6.34.8","india","hin","UNK","1.8.2",1785063880689
21004556,"95C95DCF100FA42A366313EEA6057497D5DC895F3A15C0F39EF32B79C3CE1C9F","BFC747C4F97276A13E6A5E7766E71735D751DD95C4EDA6BD94E8AA5DD356A60B","VideoHeartbeat","network-activity",1785064807411,"ANDROID_PHONE","6.34.8","india","hin","UNK","1.8.2",1785063880689
21004556,"95C95DCF100FA42A366313EEA6057497D5DC895F3A15C0F39EF32B79C3CE1C9F","BFC747C4F97276A13E6A5E7766E71735D751DD95C4EDA6BD94E8AA5DD356A60B","VideoHeartbeat","video-resize",1785064847419,"ANDROID_PHONE","6.34.8","india","hin","UNK","1.8.2",1785063880689
21004556,"95C95DCF100FA42A366313EEA6057497D5DC895F3A15C0F39EF32B79C3CE1C9F","BFC747C4F97276A13E6A5E7766E71735D751DD95C4EDA6BD94E8AA5DD356A60B","VideoHeartbeat","buffer-health",1785064847420,"ANDROID_PHONE","6.34.8","india","hin","UNK","1.8.2",1785063880689
21004556,"95C95DCF100FA42A366313EEA6057497D5DC895F3A15C0F39EF32B79C3CE1C9F","BFC747C4F97276A13E6A5E7766E71735D751DD95C4EDA6BD94E8AA5DD356A60B","VideoHeartbeat","network-activity",1785064847420,"ANDROID_PHONE","6.34.8","india","hin","UNK","1.8.2",1785063880689
21004556,"95C95DCF100FA42A366313EEA6057497D5DC895F3A15C0F39EF32B79C3CE1C9F","BFC747C4F97276A13E6A5E7766E71735D751DD95C4EDA6BD94E8AA5DD356A60B","VideoHeartbeat","video-resize",1785064887423,"ANDROID_PHONE","6.34.8","india","hin","UNK","1.8.2",1785063880689
21004556,"95C95DCF100FA42A366313EEA6057497D5DC895F3A15C0F39EF32B79C3CE1C9F","BFC747C4F97276A13E6A5E7766E71735D751DD95C4EDA6BD94E8AA5DD356A60B","VideoHeartbeat","buffer-health",1785064887432,"ANDROID_PHONE","6.34.8","india","hin","UNK","1.8.2",1785063880689
21004556,"95C95DCF100FA42A366313EEA6057497D5DC895F3A15C0F39EF32B79C3CE1C9F","BFC747C4F97276A13E6A5E7766E71735D751DD95C4EDA6BD94E8AA5DD356A60B","VideoHeartbeat","network-activity",1785064887432,"ANDROID_PHONE","6.34.8","india","hin","UNK","1.8.2",1785063880689
21004556,"95C95DCF100FA42A366313EEA6057497D5DC895F3A15C0F39EF32B79C3CE1C9F","BFC747C4F97276A13E6A5E7766E71735D751DD95C4EDA6BD94E8AA5DD356A60B","VideoHeartbeat","video-resize",1785064927439,"ANDROID_PHONE","6.34.8","india","hin","UNK","1.8.2",1785063880689
21004556,"95C95DCF100FA42A366313EEA6057497D5DC895F3A15C0F39EF32B79C3CE1C9F","BFC747C4F97276A13E6A5E7766E71735D751DD95C4EDA6BD94E8AA5DD356A60B","VideoHeartbeat","buffer-health",1785064927440,"ANDROID_PHONE","6.34.8","india","hin","UNK","1.8.2",1785063880689
21004556,"95C95DCF100FA42A366313EEA6057497D5DC895F3A15C0F39EF32B79C3CE1C9F","BFC747C4F97276A13E6A5E7766E71735D751DD95C4EDA6BD94E8AA5DD356A60B","VideoHeartbeat","network-activity",1785064927440,"ANDROID_PHONE","6.34.8","india","hin","UNK","1.8.2",1785063880689
21004556,"95C95DCF100FA42A366313EEA6057497D5DC895F3A15C0F39EF32B79C3CE1C9F","BFC747C4F97276A13E6A5E7766E71735D751DD95C4EDA6BD94E8AA5DD356A60B","VideoHeartbeat","video-resize",1785064967442,"ANDROID_PHONE","6.34.8","india","hin","UNK","1.8.2",1785063880689
21004556,"95C95DCF100FA42A366313EEA6057497D5DC895F3A15C0F39EF32B79C3CE1C9F","BFC747C4F97276A13E6A5E7766E71735D751DD95C4EDA6BD94E8AA5DD356A60B","VideoHeartbeat","buffer-health",1785064967443,"ANDROID_PHONE","6.34.8","india","hin","UNK","1.8.2",1785063880689
21004556,"95C95DCF100FA42A366313EEA6057497D5DC895F3A15C0F39EF32B79C3CE1C9F","BFC747C4F97276A13E6A5E7766E71735D751DD95C4EDA6BD94E8AA5DD356A60B","VideoHeartbeat","network-activity",1785064967443,"ANDROID_PHONE","6.34.8","india","hin","UNK","1.8.2",1785063880689
21004556,"95C95DCF100FA42A366313EEA6057497D5DC895F3A15C0F39EF32B79C3CE1C9F","BFC747C4F97276A13E6A5E7766E71735D751DD95C4EDA6BD94E8AA5DD356A60B","VideoHeartbeat","video-resize",1785065007445,"ANDROID_PHONE","6.34.8","india","hin","UNK","1.8.2",1785063880689
21004556,"95C95DCF100FA42A366313EEA6057497D5DC895F3A15C0F39EF32B79C3CE1C9F","BFC747C4F97276A13E6A5E7766E71735D751DD95C4EDA6BD94E8AA5DD356A60B","VideoHeartbeat","buffer-health",1785065007447,"ANDROID_PHONE","6.34.8","india","hin","UNK","1.8.2",1785063880689
21004556,"95C95DCF100FA42A366313EEA6057497D5DC895F3A15C0F39EF32B79C3CE1C9F","BFC747C4F97276A13E6A5E7766E71735D751DD95C4EDA6BD94E8AA5DD356A60B","VideoHeartbeat","network-activity",1785065007447,"ANDROID_PHONE","6.34.8","india","hin","UNK","1.8.2",1785063880689
21004556,"95C95DCF100FA42A366313EEA6057497D5DC895F3A15C0F39EF32B79C3CE1C9F","BFC747C4F97276A13E6A5E7766E71735D751DD95C4EDA6BD94E8AA5DD356A60B","VideoHeartbeat","video-resize",1785065047451,"ANDROID_PHONE","6.34.8","india","hin","UNK","1.8.2",1785063880689
21004556,"95C95DCF100FA42A366313EEA6057497D5DC895F3A15C0F39EF32B79C3CE1C9F","BFC747C4F97276A13E6A5E7766E71735D751DD95C4EDA6BD94E8AA5DD356A60B","VideoHeartbeat","buffer-health",1785065047452,"ANDROID_PHONE","6.34.8","india","hin","UNK","1.8.2",1785063880689
21004556,"95C95DCF100FA42A366313EEA6057497D5DC895F3A15C0F39EF32B79C3CE1C9F","BFC747C4F97276A13E6A5E7766E71735D751DD95C4EDA6BD94E8AA5DD356A60B","VideoHeartbeat","network-activity",1785065047452,"ANDROID_PHONE","6.34.8","india","hin","UNK","1.8.2",1785063880689
21004556,"95C95DCF100FA42A366313EEA6057497D5DC895F3A15C0F39EF32B79C3CE1C9F","BFC747C4F97276A13E6A5E7766E71735D751DD95C4EDA6BD94E8AA5DD356A60B","VideoHeartbeat","buffer-health",1785065088759,"ANDROID_PHONE","6.34.8","india","hin","UNK","1.8.2",1785063880689
21004556,"95C95DCF100FA42A366313EEA6057497D5DC895F3A15C0F39EF32B79C3CE1C9F","BFC747C4F97276A13E6A5E7766E71735D751DD95C4EDA6BD94E8AA5DD356A60B","VideoHeartbeat","video-resize",1785065087454,"ANDROID_PHONE","6.34.8","india","hin","UNK","1.8.2",1785063880689
21004556,"95C95DCF100FA42A366313EEA6057497D5DC895F3A15C0F39EF32B79C3CE1C9F","BFC747C4F97276A13E6A5E7766E71735D751DD95C4EDA6BD94E8AA5DD356A60B","VideoHeartbeat","buffer-health",1785065087454,"ANDROID_PHONE","6.34.8","india","hin","UNK","1.8.2",1785063880689
21004556,"95C95DCF100FA42A366313EEA6057497D5DC895F3A15C0F39EF32B79C3CE1C9F","BFC747C4F97276A13E6A5E7766E71735D751DD95C4EDA6BD94E8AA5DD356A60B","VideoHeartbeat","network-activity",1785065087454,"ANDROID_PHONE","6.34.8","india","hin","UNK","1.8.2",1785063880689
21004556,"95C95DCF100FA42A366313EEA6057497D5DC895F3A15C0F39EF32B79C3CE1C9F","BFC747C4F97276A13E6A5E7766E71735D751DD95C4EDA6BD94E8AA5DD356A60B","VideoHeartbeat","upshift",1785065123227,"ANDROID_PHONE","6.34.8","india","hin","UNK","1.8.2",1785063880689
21004556,"95C95DCF100FA42A366313EEA6057497D5DC895F3A15C0F39EF32B79C3CE1C9F","BFC747C4F97276A13E6A5E7766E71735D751DD95C4EDA6BD94E8AA5DD356A60B","VideoHeartbeat","video-resize",1785065127460,"ANDROID_PHONE","6.34.8","india","hin","UNK","1.8.2",1785063880689
21004556,"95C95DCF100FA42A366313EEA6057497D5DC895F3A15C0F39EF32B79C3CE1C9F","BFC747C4F97276A13E6A5E7766E71735D751DD95C4EDA6BD94E8AA5DD356A60B","VideoHeartbeat","buffer-health",1785065127466,"ANDROID_PHONE","6.34.8","india","hin","UNK","1.8.2",1785063880689
21004556,"95C95DCF100FA42A366313EEA6057497D5DC895F3A15C0F39EF32B79C3CE1C9F","BFC747C4F97276A13E6A5E7766E71735D751DD95C4EDA6BD94E8AA5DD356A60B","VideoHeartbeat","resume",1785065121939,"ANDROID_PHONE","6.34.8","india","hin","UNK","1.8.2",1785063880689
21004556,"95C95DCF100FA42A366313EEA6057497D5DC895F3A15C0F39EF32B79C3CE1C9F","BFC747C4F97276A13E6A5E7766E71735D751DD95C4EDA6BD94E8AA5DD356A60B","VideoHeartbeat","network-activity",1785065121940,"ANDROID_PHONE","6.34.8","india","hin","UNK","1.8.2",1785063880689
21004556,"95C95DCF100FA42A366313EEA6057497D5DC895F3A15C0F39EF32B79C3CE1C9F","BFC747C4F97276A13E6A5E7766E71735D751DD95C4EDA6BD94E8AA5DD356A60B","VideoHeartbeat","resume",1785065111363,"ANDROID_PHONE","6.34.8","india","hin","UNK","1.8.2",1785063880689
21004556,"95C95DCF100FA42A366313EEA6057497D5DC895F3A15C0F39EF32B79C3CE1C9F","BFC747C4F97276A13E6A5E7766E71735D751DD95C4EDA6BD94E8AA5DD356A60B","VideoHeartbeat","buffer-health",1785065111362,"ANDROID_PHONE","6.34.8","india","hin","UNK","1.8.2",1785063880689
21004556,"95C95DCF100FA42A366313EEA6057497D5DC895F3A15C0F39EF32B79C3CE1C9F","BFC747C4F97276A13E6A5E7766E71735D751DD95C4EDA6BD94E8AA5DD356A60B","VideoHeartbeat","network-activity",1785065111362,"ANDROID_PHONE","6.34.8","india","hin","UNK","1.8.2",1785063880689
21004556,"95C95DCF100FA42A366313EEA6057497D5DC895F3A15C0F39EF32B79C3CE1C9F","BFC747C4F97276A13E6A5E7766E71735D751DD95C4EDA6BD94E8AA5DD356A60B","VideoHeartbeat","video-resize",1785065207479,"ANDROID_PHONE","6.34.8","india","hin","UNK","1.8.2",1785063880689
21004556,"95C95DCF100FA42A366313EEA6057497D5DC895F3A15C0F39EF32B79C3CE1C9F","BFC747C4F97276A13E6A5E7766E71735D751DD95C4EDA6BD94E8AA5DD356A60B","VideoHeartbeat","buffer-health",1785065207480,"ANDROID_PHONE","6.34.8","india","hin","UNK","1.8.2",1785063880689
21004556,"95C95DCF100FA42A366313EEA6057497D5DC895F3A15C0F39EF32B79C3CE1C9F","BFC747C4F97276A13E6A5E7766E71735D751DD95C4EDA6BD94E8AA5DD356A60B","VideoHeartbeat","network-activity",1785065207480,"ANDROID_PHONE","6.34.8","india","hin","UNK","1.8.2",1785063880689
21004556,"95C95DCF100FA42A366313EEA6057497D5DC895F3A15C0F39EF32B79C3CE1C9F","BFC747C4F97276A13E6A5E7766E71735D751DD95C4EDA6BD94E8AA5DD356A60B","VideoHeartbeat","video-resize",1785065167469,"ANDROID_PHONE","6.34.8","india","hin","UNK","1.8.2",1785063880689
21004556,"95C95DCF100FA42A366313EEA6057497D5DC895F3A15C0F39EF32B79C3CE1C9F","BFC747C4F97276A13E6A5E7766E71735D751DD95C4EDA6BD94E8AA5DD356A60B","VideoHeartbeat","buffer-health",1785065167471,"ANDROID_PHONE","6.34.8","india","hin","UNK","1.8.2",1785063880689
21004556,"95C95DCF100FA42A366313EEA6057497D5DC895F3A15C0F39EF32B79C3CE1C9F","BFC747C4F97276A13E6A5E7766E71735D751DD95C4EDA6BD94E8AA5DD356A60B","VideoHeartbeat","network-activity",1785065167471,"ANDROID_PHONE","6.34.8","india","hin","UNK","1.8.2",1785063880689
21004556,"95C95DCF100FA42A366313EEA6057497D5DC895F3A15C0F39EF32B79C3CE1C9F","BFC747C4F97276A13E6A5E7766E71735D751DD95C4EDA6BD94E8AA5DD356A60B","VideoSessionEnd","VideoSessionEnd",1785065247903,"ANDROID_PHONE","6.34.8","india","hin","UNK","1.8.2",1785063880689
21004556,"95C95DCF100FA42A366313EEA6057497D5DC895F3A15C0F39EF32B79C3CE1C9F","BFC747C4F97276A13E6A5E7766E71735D751DD95C4EDA6BD94E8AA5DD356A60B","VideoHeartbeat","video-resize",1785065247481,"ANDROID_PHONE","6.34.8","india","hin","UNK","1.8.2",1785063880689
21004556,"95C95DCF100FA42A366313EEA6057497D5DC895F3A15C0F39EF32B79C3CE1C9F","BFC747C4F97276A13E6A5E7766E71735D751DD95C4EDA6BD94E8AA5DD356A60B","VideoHeartbeat","buffer-health",1785065247482,"ANDROID_PHONE","6.34.8","india","hin","UNK","1.8.2",1785063880689
21004556,"95C95DCF100FA42A366313EEA6057497D5DC895F3A15C0F39EF32B79C3CE1C9F","BFC747C4F97276A13E6A5E7766E71735D751DD95C4EDA6BD94E8AA5DD356A60B","VideoHeartbeat","network-activity",1785065247482,"ANDROID_PHONE","6.34.8","india","hin","UNK","1.8.2",1785063880689
2049044536,"4ED09680EC4A6491D6332FF8BE00A20E97CC4647B5FE4E70591A52542CF98819","79B067EAA3CB3CF1AE4611596ED9ACEEDF46D21058AF8A2F3F6C5E3C99DEC0B0","VideoPlay","Play",1785062073685,"Mweb","3.8.5","india","mal-malayalam","off","3.33.50_ADNE",1785062070368
2049044536,"4ED09680EC4A6491D6332FF8BE00A20E97CC4647B5FE4E70591A52542CF98819","79B067EAA3CB3CF1AE4611596ED9ACEEDF46D21058AF8A2F3F6C5E3C99DEC0B0","VideoHeartbeat","network-activity",1785062079178,"Mweb","3.8.5","india","mal-malayalam","off","3.33.50_ADNE",1785062070368
2049044536,"4ED09680EC4A6491D6332FF8BE00A20E97CC4647B5FE4E70591A52542CF98819","79B067EAA3CB3CF1AE4611596ED9ACEEDF46D21058AF8A2F3F6C5E3C99DEC0B0","VideoHeartbeat","buffer-health",1785062079179,"Mweb","3.8.5","india","mal-malayalam","off","3.33.50_ADNE",1785062070368
2049044536,"4ED09680EC4A6491D6332FF8BE00A20E97CC4647B5FE4E70591A52542CF98819","79B067EAA3CB3CF1AE4611596ED9ACEEDF46D21058AF8A2F3F6C5E3C99DEC0B0","VideoSessionStart","VideoSessionStart",1785062070368,"Mweb","3.8.5","india","","","3.33.50_ADNE",1785062070368
2049044536,"4ED09680EC4A6491D6332FF8BE00A20E97CC4647B5FE4E70591A52542CF98819","79B067EAA3CB3CF1AE4611596ED9ACEEDF46D21058AF8A2F3F6C5E3C99DEC0B0","VideoHeartbeat","video-resize",1785062104102,"Mweb","3.8.5","india","mal-malayalam","off","3.33.50_ADNE",1785062070368
2049044536,"4ED09680EC4A6491D6332FF8BE00A20E97CC4647B5FE4E70591A52542CF98819","79B067EAA3CB3CF1AE4611596ED9ACEEDF46D21058AF8A2F3F6C5E3C99DEC0B0","VideoHeartbeat","network-activity",1785062110403,"Mweb","3.8.5","india","mal-malayalam","off","3.33.50_ADNE",1785062070368
2049044536,"4ED09680EC4A6491D6332FF8BE00A20E97CC4647B5FE4E70591A52542CF98819","79B067EAA3CB3CF1AE4611596ED9ACEEDF46D21058AF8A2F3F6C5E3C99DEC0B0","VideoHeartbeat","buffer-health",1785062110404,"Mweb","3.8.5","india","mal-malayalam","off","3.33.50_ADNE",1785062070368
2049044536,"4ED09680EC4A6491D6332FF8BE00A20E97CC4647B5FE4E70591A52542CF98819","79B067EAA3CB3CF1AE4611596ED9ACEEDF46D21058AF8A2F3F6C5E3C99DEC0B0","VideoHeartbeat","network-activity",1785062150403,"Mweb","3.8.5","india","mal-malayalam","off","3.33.50_ADNE",1785062070368
2049044536,"4ED09680EC4A6491D6332FF8BE00A20E97CC4647B5FE4E70591A52542CF98819","79B067EAA3CB3CF1AE4611596ED9ACEEDF46D21058AF8A2F3F6C5E3C99DEC0B0","VideoHeartbeat","buffer-health",1785062150404,"Mweb","3.8.5","india","mal-malayalam","off","3.33.50_ADNE",1785062070368
2049044536,"4ED09680EC4A6491D6332FF8BE00A20E97CC4647B5FE4E70591A52542CF98819","79B067EAA3CB3CF1AE4611596ED9ACEEDF46D21058AF8A2F3F6C5E3C99DEC0B0","VideoHeartbeat","network-activity",1785062190405,"Mweb","3.8.5","india","mal-malayalam","off","3.33.50_ADNE",1785062070368
2049044536,"4ED09680EC4A6491D6332FF8BE00A20E97CC4647B5FE4E70591A52542CF98819","79B067EAA3CB3CF1AE4611596ED9ACEEDF46D21058AF8A2F3F6C5E3C99DEC0B0","VideoHeartbeat","buffer-health",1785062190406,"Mweb","3.8.5","india","mal-malayalam","off","3.33.50_ADNE",1785062070368
2049044536,"4ED09680EC4A6491D6332FF8BE00A20E97CC4647B5FE4E70591A52542CF98819","79B067EAA3CB3CF1AE4611596ED9ACEEDF46D21058AF8A2F3F6C5E3C99DEC0B0","AppForegrounded","AppForegrounded",1785062245818,"Mweb","3.8.5","india","mal-malayalam","off","3.33.50_ADNE",1785062070368
2049044536,"4ED09680EC4A6491D6332FF8BE00A20E97CC4647B5FE4E70591A52542CF98819","79B067EAA3CB3CF1AE4611596ED9ACEEDF46D21058AF8A2F3F6C5E3C99DEC0B0","AppBackgrounded","AppBackgrounded",1785062248950,"Mweb","3.8.5","india","mal-malayalam","off","3.33.50_ADNE",1785062070368
2049044536,"4ED09680EC4A6491D6332FF8BE00A20E97CC4647B5FE4E70591A52542CF98819","79B067EAA3CB3CF1AE4611596ED9ACEEDF46D21058AF8A2F3F6C5E3C99DEC0B0","AppBackgrounded","AppBackgrounded",1785062208255,"Mweb","3.8.5","india","mal-malayalam","off","3.33.50_ADNE",1785062070368
2049044536,"4ED09680EC4A6491D6332FF8BE00A20E97CC4647B5FE4E70591A52542CF98819","79B067EAA3CB3CF1AE4611596ED9ACEEDF46D21058AF8A2F3F6C5E3C99DEC0B0","VideoHeartbeat","video-resize",1785062203271,"Mweb","3.8.5","india","mal-malayalam","off","3.33.50_ADNE",1785062070368
2049044536,"4ED09680EC4A6491D6332FF8BE00A20E97CC4647B5FE4E70591A52542CF98819","79B067EAA3CB3CF1AE4611596ED9ACEEDF46D21058AF8A2F3F6C5E3C99DEC0B0","VideoHeartbeat","video-resize",1785062203433,"Mweb","3.8.5","india","mal-malayalam","off","3.33.50_ADNE",1785062070368
2049044536,"4ED09680EC4A6491D6332FF8BE00A20E97CC4647B5FE4E70591A52542CF98819","79B067EAA3CB3CF1AE4611596ED9ACEEDF46D21058AF8A2F3F6C5E3C99DEC0B0","VideoHeartbeat","pause",1785062206024,"Mweb","3.8.5","india","mal-malayalam","off","3.33.50_ADNE",1785062070368
2049044536,"4ED09680EC4A6491D6332FF8BE00A20E97CC4647B5FE4E70591A52542CF98819","79B067EAA3CB3CF1AE4611596ED9ACEEDF46D21058AF8A2F3F6C5E3C99DEC0B0","VideoHeartbeat","network-activity",1785062208252,"Mweb","3.8.5","india","mal-malayalam","off","3.33.50_ADNE",1785062070368
2049044536,"4ED09680EC4A6491D6332FF8BE00A20E97CC4647B5FE4E70591A52542CF98819","79B067EAA3CB3CF1AE4611596ED9ACEEDF46D21058AF8A2F3F6C5E3C99DEC0B0","VideoHeartbeat","buffer-health",1785062208253,"Mweb","3.8.5","india","mal-malayalam","off","3.33.50_ADNE",1785062070368
2049044536,"4ED09680EC4A6491D6332FF8BE00A20E97CC4647B5FE4E70591A52542CF98819","79B067EAA3CB3CF1AE4611596ED9ACEEDF46D21058AF8A2F3F6C5E3C99DEC0B0","VideoHeartbeat","network-activity",1785062248948,"Mweb","3.8.5","india","mal-malayalam","off","3.33.50_ADNE",1785062070368
2049044536,"4ED09680EC4A6491D6332FF8BE00A20E97CC4647B5FE4E70591A52542CF98819","79B067EAA3CB3CF1AE4611596ED9ACEEDF46D21058AF8A2F3F6C5E3C99DEC0B0","VideoHeartbeat","network-activity",1785062245730,"Mweb","3.8.5","india","mal-malayalam","off","3.33.50_ADNE",1785062070368
2049044536,"4ED09680EC4A6491D6332FF8BE00A20E97CC4647B5FE4E70591A52542CF98819","79B067EAA3CB3CF1AE4611596ED9ACEEDF46D21058AF8A2F3F6C5E3C99DEC0B0","VideoHeartbeat","network-activity",1785062432230,"Mweb","3.8.5","india","mal-malayalam","off","3.33.50_ADNE",1785062070368
2049044536,"4ED09680EC4A6491D6332FF8BE00A20E97CC4647B5FE4E70591A52542CF98819","79B067EAA3CB3CF1AE4611596ED9ACEEDF46D21058AF8A2F3F6C5E3C99DEC0B0","VideoHeartbeat","network-activity",1785062392237,"Mweb","3.8.5","india","mal-malayalam","off","3.33.50_ADNE",1785062070368
2049044536,"4ED09680EC4A6491D6332FF8BE00A20E97CC4647B5FE4E70591A52542CF98819","79B067EAA3CB3CF1AE4611596ED9ACEEDF46D21058AF8A2F3F6C5E3C99DEC0B0","VideoHeartbeat","network-activity",1785062473137,"Mweb","3.8.5","india","mal-malayalam","off","3.33.50_ADNE",1785062070368
2049044536,"4ED09680EC4A6491D6332FF8BE00A20E97CC4647B5FE4E70591A52542CF98819","79B067EAA3CB3CF1AE4611596ED9ACEEDF46D21058AF8A2F3F6C5E3C99DEC0B0","VideoHeartbeat","network-activity",1785062545575,"Mweb","3.8.5","india","mal-malayalam","off","3.33.50_ADNE",1785062070368
2049044536,"4ED09680EC4A6491D6332FF8BE00A20E97CC4647B5FE4E70591A52542CF98819","79B067EAA3CB3CF1AE4611596ED9ACEEDF46D21058AF8A2F3F6C5E3C99DEC0B0","VideoHeartbeat","network-activity",1785062585596,"Mweb","3.8.5","india","mal-malayalam","off","3.33.50_ADNE",1785062070368
2049044536,"4ED09680EC4A6491D6332FF8BE00A20E97CC4647B5FE4E70591A52542CF98819","79B067EAA3CB3CF1AE4611596ED9ACEEDF46D21058AF8A2F3F6C5E3C99DEC0B0","VideoHeartbeat","network-activity",1785062626597,"Mweb","3.8.5","india","mal-malayalam","off","3.33.50_ADNE",1785062070368
2049044536,"4ED09680EC4A6491D6332FF8BE00A20E97CC4647B5FE4E70591A52542CF98819","79B067EAA3CB3CF1AE4611596ED9ACEEDF46D21058AF8A2F3F6C5E3C99DEC0B0","VideoHeartbeat","network-activity",1785063319666,"Mweb","3.8.5","india","mal-malayalam","off","3.33.50_ADNE",1785062070368
2049044536,"4ED09680EC4A6491D6332FF8BE00A20E97CC4647B5FE4E70591A52542CF98819","79B067EAA3CB3CF1AE4611596ED9ACEEDF46D21058AF8A2F3F6C5E3C99DEC0B0","VideoHeartbeat","network-activity",1785063360360,"Mweb","3.8.5","india","mal-malayalam","off","3.33.50_ADNE",1785062070368
2049044536,"4ED09680EC4A6491D6332FF8BE00A20E97CC4647B5FE4E70591A52542CF98819","79B067EAA3CB3CF1AE4611596ED9ACEEDF46D21058AF8A2F3F6C5E3C99DEC0B0","VideoHeartbeat","network-activity",1785063401361,"Mweb","3.8.5","india","mal-malayalam","off","3.33.50_ADNE",1785062070368
2049044536,"4ED09680EC4A6491D6332FF8BE00A20E97CC4647B5FE4E70591A52542CF98819","79B067EAA3CB3CF1AE4611596ED9ACEEDF46D21058AF8A2F3F6C5E3C99DEC0B0","VideoHeartbeat","network-activity",1785063479107,"Mweb","3.8.5","india","mal-malayalam","off","3.33.50_ADNE",1785062070368
2049044536,"4ED09680EC4A6491D6332FF8BE00A20E97CC4647B5FE4E70591A52542CF98819","79B067EAA3CB3CF1AE4611596ED9ACEEDF46D21058AF8A2F3F6C5E3C99DEC0B0","VideoHeartbeat","network-activity",1785063519374,"Mweb","3.8.5","india","mal-malayalam","off","3.33.50_ADNE",1785062070368
2049044536,"4ED09680EC4A6491D6332FF8BE00A20E97CC4647B5FE4E70591A52542CF98819","79B067EAA3CB3CF1AE4611596ED9ACEEDF46D21058AF8A2F3F6C5E3C99DEC0B0","VideoHeartbeat","network-activity",1785063560374,"Mweb","3.8.5","india","mal-malayalam","off","3.33.50_ADNE",1785062070368
2049044536,"4ED09680EC4A6491D6332FF8BE00A20E97CC4647B5FE4E70591A52542CF98819","79B067EAA3CB3CF1AE4611596ED9ACEEDF46D21058AF8A2F3F6C5E3C99DEC0B0","VideoHeartbeat","network-activity",1785063601375,"Mweb","3.8.5","india","mal-malayalam","off","3.33.50_ADNE",1785062070368
2049044536,"4ED09680EC4A6491D6332FF8BE00A20E97CC4647B5FE4E70591A52542CF98819","79B067EAA3CB3CF1AE4611596ED9ACEEDF46D21058AF8A2F3F6C5E3C99DEC0B0","VideoHeartbeat","network-activity",1785064177733,"Mweb","3.8.5","india","mal-malayalam","off","3.33.50_ADNE",1785062070368
2049044536,"4ED09680EC4A6491D6332FF8BE00A20E97CC4647B5FE4E70591A52542CF98819","79B067EAA3CB3CF1AE4611596ED9ACEEDF46D21058AF8A2F3F6C5E3C99DEC0B0","VideoSessionEnd","VideoSessionEnd",1785064215233,"Mweb","3.8.5","india","mal-malayalam","off","3.33.50_ADNE",1785062070368
2049044536,"4ED09680EC4A6491D6332FF8BE00A20E97CC4647B5FE4E70591A52542CF98819","79B067EAA3CB3CF1AE4611596ED9ACEEDF46D21058AF8A2F3F6C5E3C99DEC0B0","AppForegrounded","AppForegrounded",1785064201418,"Mweb","3.8.5","india","mal-malayalam","off","3.33.50_ADNE",1785062070368
2049044536,"4ED09680EC4A6491D6332FF8BE00A20E97CC4647B5FE4E70591A52542CF98819","79B067EAA3CB3CF1AE4611596ED9ACEEDF46D21058AF8A2F3F6C5E3C99DEC0B0","VideoHeartbeat","network-activity",1785064215227,"Mweb","3.8.5","india","mal-malayalam","off","3.33.50_ADNE",1785062070368
21326808,"346448A5E5487EF9DCFDBDC9B2EAD72951FEE8C12ED9B8B1A944D0D50DF11B40","C6E7CD3B938CE59F48B00FB176E86FDB33DF005135023F0C4600E06CA9403519","VideoPlay","Play",1785063794568,"IPHONE","8.9.5","india","HIN","UND","1.1",1785063793030
21326808,"346448A5E5487EF9DCFDBDC9B2EAD72951FEE8C12ED9B8B1A944D0D50DF11B40","C6E7CD3B938CE59F48B00FB176E86FDB33DF005135023F0C4600E06CA9403519","VideoHeartbeat","network-change",1785063797492,"IPHONE","8.9.5","india","HIN","UND","1.1",1785063793030
21326808,"346448A5E5487EF9DCFDBDC9B2EAD72951FEE8C12ED9B8B1A944D0D50DF11B40","C6E7CD3B938CE59F48B00FB176E86FDB33DF005135023F0C4600E06CA9403519","VideoHeartbeat","network-change",1785063801562,"IPHONE","8.9.5","india","HIN","UND","1.1",1785063793030
21326808,"346448A5E5487EF9DCFDBDC9B2EAD72951FEE8C12ED9B8B1A944D0D50DF11B40","C6E7CD3B938CE59F48B00FB176E86FDB33DF005135023F0C4600E06CA9403519","VideoHeartbeat","network-bandwidth",1785063833691,"IPHONE","8.9.5","india","HIN","UND","1.1",1785063793030
21326808,"346448A5E5487EF9DCFDBDC9B2EAD72951FEE8C12ED9B8B1A944D0D50DF11B40","C6E7CD3B938CE59F48B00FB176E86FDB33DF005135023F0C4600E06CA9403519","VideoSessionStart","VideoSessionStart",1785063793030,"IPHONE","8.9.5","india","","","",1785063793030
21326808,"346448A5E5487EF9DCFDBDC9B2EAD72951FEE8C12ED9B8B1A944D0D50DF11B40","C6E7CD3B938CE59F48B00FB176E86FDB33DF005135023F0C4600E06CA9403519","VideoHeartbeat","pause",1785063898852,"IPHONE","8.9.5","india","HIN","UND","1.1",1785063793030
21326808,"346448A5E5487EF9DCFDBDC9B2EAD72951FEE8C12ED9B8B1A944D0D50DF11B40","C6E7CD3B938CE59F48B00FB176E86FDB33DF005135023F0C4600E06CA9403519","VideoHeartbeat","resume",1785063903191,"IPHONE","8.9.5","india","HIN","UND","1.1",1785063793030
21326808,"346448A5E5487EF9DCFDBDC9B2EAD72951FEE8C12ED9B8B1A944D0D50DF11B40","C6E7CD3B938CE59F48B00FB176E86FDB33DF005135023F0C4600E06CA9403519","VideoHeartbeat","network-bandwidth",1785063906702,"IPHONE","8.9.5","india","HIN","UND","1.1",1785063793030
21326808,"346448A5E5487EF9DCFDBDC9B2EAD72951FEE8C12ED9B8B1A944D0D50DF11B40","C6E7CD3B938CE59F48B00FB176E86FDB33DF005135023F0C4600E06CA9403519","VideoHeartbeat","network-bandwidth",1785063873690,"IPHONE","8.9.5","india","HIN","UND","1.1",1785063793030
21326808,"346448A5E5487EF9DCFDBDC9B2EAD72951FEE8C12ED9B8B1A944D0D50DF11B40","C6E7CD3B938CE59F48B00FB176E86FDB33DF005135023F0C4600E06CA9403519","VideoHeartbeat","Seek",1785063911615,"IPHONE","8.9.5","india","HIN","UND","1.1",1785063793030
21326808,"346448A5E5487EF9DCFDBDC9B2EAD72951FEE8C12ED9B8B1A944D0D50DF11B40","C6E7CD3B938CE59F48B00FB176E86FDB33DF005135023F0C4600E06CA9403519","VideoHeartbeat","Seek",1785063912236,"IPHONE","8.9.5","india","HIN","UND","1.1",1785063793030
21326808,"346448A5E5487EF9DCFDBDC9B2EAD72951FEE8C12ED9B8B1A944D0D50DF11B40","C6E7CD3B938CE59F48B00FB176E86FDB33DF005135023F0C4600E06CA9403519","VideoHeartbeat","network-bandwidth",1785063913822,"IPHONE","8.9.5","india","HIN","UND","1.1",1785063793030
21326808,"346448A5E5487EF9DCFDBDC9B2EAD72951FEE8C12ED9B8B1A944D0D50DF11B40","C6E7CD3B938CE59F48B00FB176E86FDB33DF005135023F0C4600E06CA9403519","VideoHeartbeat","network-bandwidth",1785063953693,"IPHONE","8.9.5","india","HIN","UND","1.1",1785063793030
21326808,"346448A5E5487EF9DCFDBDC9B2EAD72951FEE8C12ED9B8B1A944D0D50DF11B40","C6E7CD3B938CE59F48B00FB176E86FDB33DF005135023F0C4600E06CA9403519","VideoHeartbeat","network-bandwidth",1785063993689,"IPHONE","8.9.5","india","HIN","UND","1.1",1785063793030
21326808,"346448A5E5487EF9DCFDBDC9B2EAD72951FEE8C12ED9B8B1A944D0D50DF11B40","C6E7CD3B938CE59F48B00FB176E86FDB33DF005135023F0C4600E06CA9403519","VideoHeartbeat","pause",1785063994066,"IPHONE","8.9.5","india","HIN","UND","1.1",1785063793030
21326808,"346448A5E5487EF9DCFDBDC9B2EAD72951FEE8C12ED9B8B1A944D0D50DF11B40","C6E7CD3B938CE59F48B00FB176E86FDB33DF005135023F0C4600E06CA9403519","VideoHeartbeat","resume",1785064055938,"IPHONE","8.9.5","india","HIN","UND","1.1",1785063793030
21326808,"346448A5E5487EF9DCFDBDC9B2EAD72951FEE8C12ED9B8B1A944D0D50DF11B40","C6E7CD3B938CE59F48B00FB176E86FDB33DF005135023F0C4600E06CA9403519","VideoHeartbeat","network-bandwidth",1785064073690,"IPHONE","8.9.5","india","HIN","UND","1.1",1785063793030
21326808,"346448A5E5487EF9DCFDBDC9B2EAD72951FEE8C12ED9B8B1A944D0D50DF11B40","C6E7CD3B938CE59F48B00FB176E86FDB33DF005135023F0C4600E06CA9403519","VideoSessionEnd","VideoSessionEnd",1785064113601,"IPHONE","8.9.5","india","HIN","UND","1.1",1785063793030
