event_time	duration_ms	read_rows	read_bytes	result_rows	query
2026-08-02 02:23:58	2	0	0	1	             SELECT                 name,                 toJSONString(labels) as labels_serialized,                 value,                 help,                 type             FROM (                 SELECT   \'ClickHouse_CustomMetric_TotalMemoryUsedByMerges\' AS name,   toFloat64(SUM(memory_usage))
2026-08-02 02:23:58	3	6	213	0	             SELECT                 name,                 toJSONString(labels) as labels_serialized,                 value,                 help,                 type             FROM (                 SELECT   \'ClickHouse_CustomMetric_SharedCatalogRecoveryTime\' as name,   toFloat64(recovery_time) a
2026-08-02 02:23:58	3	2	12834	1	SELECT count() FROM system.processes WHERE (initial_user NOT IN _CAST([\'backups-internal\', \'management-internal\', \'monitoring-internal\', \'observability-internal\', \'operator-internal\', \'prometheus-exporter\', \'prometheus-internal\', \'operator-cert-internal\', \'availability-monitoring-internal\', \'\'], \'Ar
2026-08-02 02:23:58	23	3172	595205	132	SELECT CAST(\'0fc3eaab-fbcb-4533-8825-9be9faaea781\', \'UUID\') AS instance_id, CAST(\'c-boneaws-al-46-server-j62zx3k-0\', \'LowCardinality(String)\') AS node_id, CAST(name, \'LowCardinality(String)\') AS metric, CAST(mapFilter((k, v) -> has(_CAST([\'remote\'], \'Array(String)\'), k), labels), \'Map(LowCardinality
2026-08-02 02:23:58	2	112	1578	1	SELECT countIf(database = \'system\') as systemParts, countIf(database != \'system\') as nonSystemParts FROM system.parts where active
2026-08-02 02:23:58	1	0	0	1	SELECT countIf(database = \'system\') as systemMerges, countIf(database != \'system\') as nonSystemMerges FROM system.merges
2026-08-02 02:24:01	570	0	0	0	SYSTEM FLUSH LOGS
2026-08-02 02:24:01	0	0	0	0	SYSTEM STOP LISTEN CUSTOM \'tcp\'
2026-08-02 02:24:01	0	0	0	0	SYSTEM STOP LISTEN CUSTOM \'tcp_secure\'
2026-08-02 02:24:01	0	0	0	0	SYSTEM STOP LISTEN CUSTOM \'http\'
2026-08-02 02:24:01	0	0	0	0	SYSTEM STOP LISTEN CUSTOM \'http_secure\'
2026-08-02 02:24:01	0	0	0	0	SYSTEM STOP LISTEN CUSTOM \'tcp_over_proxy\'
2026-08-02 02:24:01	0	0	0	0	SYSTEM STOP LISTEN CUSTOM \'http_over_proxy\'
2026-08-02 02:24:01	0	0	0	0	SYSTEM STOP LISTEN CUSTOM \'mysql\'
2026-08-02 02:24:01	0	0	0	0	SYSTEM PAUSE VIEWS
2026-08-02 02:24:02	1	1	1	1	SELECT subtractSeconds(now(), 15) FORMAT TabSeparatedRaw
2026-08-02 02:24:08	1	6	2128	6	             SELECT                 name,                 toJSONString(labels) as labels_serialized,                 value,                 help,                 type             FROM (                 SELECT   concat(\'clickhouse_\', system.dimensional_metrics.metric) AS name,   toFloat64(system.dime
2026-08-02 02:24:13	2	0	0	1	             SELECT                 name,                 toJSONString(labels) as labels_serialized,                 value,                 help,                 type             FROM (                 SELECT   \'ClickHouse_CustomMetric_TotalMemoryUsedByMerges\' AS name,   toFloat64(SUM(memory_usage))
2026-08-02 02:24:13	2	2	6215	1	             SELECT                 name,                 toJSONString(labels) as labels_serialized,                 value,                 help,                 type             FROM (                 SELECT   \'ClickHouse_CustomMetric_TotalMemoryUsedByQueries\' AS name,   toFloat64(SUM(peak_memory_u
2026-08-02 02:24:17	6	130	31803	130	SELECT             name,             value,             help,             JSONExtract(labels_serialized, \'Map(String, String)\') as labels,             type         FROM merge(system, \'^_custom_metrics_dictionary_.*\')         FORMAT Prometheus
2026-08-02 02:24:18	1	0	0	1	             SELECT                 name,                 toJSONString(labels) as labels_serialized,                 value,                 help,                 type             FROM (                 SELECT   \'ClickHouse_CustomMetric_TotalMemoryUsedByAsynchronousInserts\' AS name,   toFloat64(SUM(t
2026-08-02 02:24:20	5	130	31803	130	SELECT             name,             value,             help,             JSONExtract(labels_serialized, \'Map(String, String)\') as labels,             type         FROM merge(system, \'^_custom_metrics_dictionary_.*\')         FORMAT Prometheus
2026-08-02 02:24:21	6	130	31803	130	SELECT             name,             value,             help,             JSONExtract(labels_serialized, \'Map(String, String)\') as labels,             type         FROM merge(system, \'^_custom_metrics_dictionary_.*\')         FORMAT Prometheus
2026-08-02 02:24:23	2	0	0	0	             SELECT                 name,                 toJSONString(labels) as labels_serialized,                 value,                 help,                 type             FROM (                 SELECT   \'ClickHouse_CustomMetric_FailedMutations\' as name,   toFloat64(count()) as value,   \'The 
2026-08-02 02:24:23	2	59	472	1	             SELECT                 name,                 toJSONString(labels) as labels_serialized,                 value,                 help,                 type             FROM (                 SELECT   \'ClickHouse_CustomMetric_TotalMemoryUsedByDataSkippingIndices\' AS name,   toFloat64(SUM(d
2026-08-02 02:24:23	3	6	213	0	             SELECT                 name,                 toJSONString(labels) as labels_serialized,                 value,                 help,                 type             FROM (                 SELECT   \'ClickHouse_CustomMetric_DatabaseReplicatedRecoveryTime\' as name,   toFloat64(recovery_ti
2026-08-02 02:24:28	3	20	12866	0	             SELECT                 name,                 toJSONString(labels) as labels_serialized,                 value,                 help,                 type             FROM (                 SELECT   \'clickhouse_table_replica_readonly_start_timestamp_seconds\' as name,   toFloat64(toUnixTi
2026-08-02 02:24:33	1	6	2128	6	             SELECT                 name,                 toJSONString(labels) as labels_serialized,                 value,                 help,                 type             FROM (                 SELECT   concat(\'clickhouse_\', system.dimensional_metrics.metric) AS name,   toFloat64(system.dime
2026-08-02 02:24:33	2	15	1013	15	             SELECT                 name,                 toJSONString(labels) as labels_serialized,                 value,                 help,                 type             FROM (                 SELECT     \'ClickHouse_MetricsCollection_CustomMetricsSystemTable\' AS name,     toFloat64(1) AS va
2026-08-02 02:24:33	2	6	213	0	             SELECT                 name,                 toJSONString(labels) as labels_serialized,                 value,                 help,                 type             FROM (                 SELECT   \'ClickHouse_CustomMetric_SharedCatalogRecoveryTime\' as name,   toFloat64(recovery_time) a
2026-08-02 02:24:34	562	0	0	0	SYSTEM FLUSH LOGS
2026-08-02 02:24:34	2	2	55	1	SELECT COUNT() FROM system.databases WHERE name = \'default\' AND engine = \'Shared\'
2026-08-02 02:24:34	0	1	1	1	SELECT hostname()
2026-08-02 02:24:34	30	1	573	1	         SELECT             count(*),             create_table_query         FROM system.tables         WHERE database = \'system\'         AND name = \'system_tables_tracking_boneaws_al_46\'         GROUP by create_table_query
2026-08-02 02:24:34	2	27	6373	22	         SELECT             name,             uuid,             hostname() as h,             data_paths[1] as data_path         FROM system.tables         WHERE database = \'system\'         AND (name LIKE \'%_log\' OR name LIKE \'%_log_%\')         AND (storage_policy = \'plain_rewritable_system_tables\' O
2026-08-02 02:24:34	10	66	8619	22	 SELECT hostname() as executing_replica, uuid, name, origin_replica, attached_replica_id FROM system.system_tables_tracking_boneaws_al_46 WHERE attached_replica_id = \'c-boneaws-al-46-server-j62zx3k-0\' OR attached_replica_id IS NULL OR origin_replica = \'c-boneaws-al-46-server-j62zx3k-0\'        
2026-08-02 02:24:34	0	0	0	0	SYSTEM REPLICA READY
2026-08-02 02:24:34	5	391	120780	1	         WITH (             SELECT coalesce(value, \'false\')             FROM system.server_settings             WHERE name = \'dictionaries_lazy_load\'         ) as lazy SELECT count() as total, countIf(status = \'LOADED\') as loaded, countIf(status = \'LOADING\') as loading, countIf(status 
2026-08-02 02:24:35	2	13	4480	1	SELECT COUNT() FROM system.users WHERE name=\'sql-console\'
2026-08-02 02:24:35	2	13	4480	1	SELECT COUNT() FROM system.users WHERE name = \'sql-console\' AND arrayExists(p -> has(JSONExtract(p, \'common_names\', \'Array(String)\'), \'6762a73de56d2d7758c5dfbd888dc99003c6640e682e00acfab0b7fba016dcb1\'), auth_params)
2026-08-02 02:24:35	1	4	235	1	SELECT COUNT() FROM system.roles WHERE name=\'default_role\'
2026-08-02 02:24:35	1	5	374	3	SELECT user_name AS UserName FROM system.role_grants WHERE granted_role_name=\'default_role\'
2026-08-02 02:24:35	1	13	4480	1	SELECT COUNT() FROM system.users WHERE name=\'default\'
2026-08-02 02:24:35	0	0	0	0	DROP USER IF EXISTS \'mysql4s9vfs5b226\';
2026-08-02 02:24:35	0	0	0	0	DROP ROLE IF EXISTS clickpipes;
2026-08-02 02:24:35	1	4	235	1	SELECT COUNT() FROM system.roles WHERE name=\'clickpipes_system\'
2026-08-02 02:24:35	1	5	374	1	SELECT user_name AS UserName FROM system.role_grants WHERE granted_role_name=\'clickpipes_system\'
2026-08-02 02:24:35	1	4	235	1	SELECT COUNT() FROM system.roles WHERE name=\'clickpipes_system\'
2026-08-02 02:24:35	1	5	374	1	SELECT user_name AS UserName FROM system.role_grants WHERE granted_role_name=\'clickpipes_system\'
2026-08-02 02:24:35	1	4	235	1	SELECT COUNT() FROM system.roles WHERE name=\'sql_console_admin\'
2026-08-02 02:24:35	1	5	374	1	SELECT user_name AS UserName FROM system.role_grants WHERE granted_role_name=\'sql_console_admin\'
2026-08-02 02:24:35	1	4	235	1	SELECT COUNT() FROM system.roles WHERE name=\'sql_console_read_only\'
2026-08-02 02:24:35	1	5	374	0	SELECT user_name AS UserName FROM system.role_grants WHERE granted_role_name=\'sql_console_read_only\'
2026-08-02 02:24:35	9	0	0	0	REVOKE clickpipes_system FROM \'default_role\';
2026-08-02 02:24:35	606	0	0	0	SYSTEM FLUSH LOGS
2026-08-02 02:24:35	1	2	55	1	SELECT COUNT() FROM system.databases WHERE name = \'default\' AND engine = \'Shared\'
2026-08-02 02:24:35	0	1	1	1	SELECT hostname()
2026-08-02 02:24:35	22	1	573	1	         SELECT             count(*),             create_table_query         FROM system.tables         WHERE database = \'system\'         AND name = \'system_tables_tracking_boneaws_al_46\'         GROUP by create_table_query
2026-08-02 02:24:35	2	27	6373	22	         SELECT             name,             uuid,             hostname() as h,             data_paths[1] as data_path         FROM system.tables         WHERE database = \'system\'         AND (name LIKE \'%_log\' OR name LIKE \'%_log_%\')         AND (storage_policy = \'plain_rewritable_system_tables\' O
2026-08-02 02:24:35	9	66	8619	22	 SELECT hostname() as executing_replica, uuid, name, origin_replica, attached_replica_id FROM system.system_tables_tracking_boneaws_al_46 WHERE attached_replica_id = \'c-boneaws-al-46-server-j62zx3k-0\' OR attached_replica_id IS NULL OR origin_replica = \'c-boneaws-al-46-server-j62zx3k-0\'        
2026-08-02 02:24:35	0	0	0	0	SYSTEM REPLICA READY
2026-08-02 02:24:35	5	391	120780	1	         WITH (             SELECT coalesce(value, \'false\')             FROM system.server_settings             WHERE name = \'dictionaries_lazy_load\'         ) as lazy SELECT count() as total, countIf(status = \'LOADED\') as loaded, countIf(status = \'LOADING\') as loading, countIf(status 
2026-08-02 02:24:38	1	0	0	1	             SELECT                 name,                 toJSONString(labels) as labels_serialized,                 value,                 help,                 type             FROM (                 SELECT   \'ClickHouse_CustomMetric_TotalMemoryUsedByMerges\' AS name,   toFloat64(SUM(memory_usage))
2026-08-02 02:24:41	2	13	4480	1	SELECT COUNT() FROM system.users WHERE name=\'sql-console\'
2026-08-02 02:24:41	2	13	4480	1	SELECT COUNT() FROM system.users WHERE name = \'sql-console\' AND arrayExists(p -> has(JSONExtract(p, \'common_names\', \'Array(String)\'), \'6762a73de56d2d7758c5dfbd888dc99003c6640e682e00acfab0b7fba016dcb1\'), auth_params)
2026-08-02 02:24:41	1	4	235	1	SELECT COUNT() FROM system.roles WHERE name=\'default_role\'
2026-08-02 02:24:41	1	5	374	3	SELECT user_name AS UserName FROM system.role_grants WHERE granted_role_name=\'default_role\'
2026-08-02 02:24:41	1	13	4480	1	SELECT COUNT() FROM system.users WHERE name=\'default\'
2026-08-02 02:24:41	0	0	0	0	DROP USER IF EXISTS \'mysql4s9vfs5b226\';
2026-08-02 02:24:41	0	0	0	0	DROP ROLE IF EXISTS clickpipes;
2026-08-02 02:24:41	1	4	235	1	SELECT COUNT() FROM system.roles WHERE name=\'clickpipes_system\'
2026-08-02 02:24:41	1	5	374	1	SELECT user_name AS UserName FROM system.role_grants WHERE granted_role_name=\'clickpipes_system\'
2026-08-02 02:24:41	1	4	235	1	SELECT COUNT() FROM system.roles WHERE name=\'clickpipes_system\'
2026-08-02 02:24:41	1	5	374	1	SELECT user_name AS UserName FROM system.role_grants WHERE granted_role_name=\'clickpipes_system\'
2026-08-02 02:24:41	1	4	235	1	SELECT COUNT() FROM system.roles WHERE name=\'sql_console_admin\'
2026-08-02 02:24:41	1	5	374	1	SELECT user_name AS UserName FROM system.role_grants WHERE granted_role_name=\'sql_console_admin\'
2026-08-02 02:24:41	1	4	235	1	SELECT COUNT() FROM system.roles WHERE name=\'sql_console_read_only\'
2026-08-02 02:24:41	1	5	374	0	SELECT user_name AS UserName FROM system.role_grants WHERE granted_role_name=\'sql_console_read_only\'
2026-08-02 02:24:41	9	0	0	0	REVOKE clickpipes_system FROM \'default_role\';
2026-08-02 02:24:41	595	0	0	0	SYSTEM FLUSH LOGS
2026-08-02 02:24:41	1	2	55	1	SELECT COUNT() FROM system.databases WHERE name = \'default\' AND engine = \'Shared\'
2026-08-02 02:24:41	0	1	1	1	SELECT hostname()
2026-08-02 02:24:41	27	1	573	1	         SELECT             count(*),             create_table_query         FROM system.tables         WHERE database = \'system\'         AND name = \'system_tables_tracking_boneaws_al_46\'         GROUP by create_table_query
2026-08-02 02:24:41	2	27	6373	22	         SELECT             name,             uuid,             hostname() as h,             data_paths[1] as data_path         FROM system.tables         WHERE database = \'system\'         AND (name LIKE \'%_log\' OR name LIKE \'%_log_%\')         AND (storage_policy = \'plain_rewritable_system_tables\' O
2026-08-02 02:24:41	10	66	8619	22	 SELECT hostname() as executing_replica, uuid, name, origin_replica, attached_replica_id FROM system.system_tables_tracking_boneaws_al_46 WHERE attached_replica_id = \'c-boneaws-al-46-server-j62zx3k-0\' OR attached_replica_id IS NULL OR origin_replica = \'c-boneaws-al-46-server-j62zx3k-0\'        
2026-08-02 02:24:41	0	0	0	0	SYSTEM REPLICA READY
2026-08-02 02:24:41	5	391	120780	1	         WITH (             SELECT coalesce(value, \'false\')             FROM system.server_settings             WHERE name = \'dictionaries_lazy_load\'         ) as lazy SELECT count() as total, countIf(status = \'LOADED\') as loaded, countIf(status = \'LOADING\') as loading, countIf(status 
2026-08-02 02:24:47	5	130	31803	130	SELECT             name,             value,             help,             JSONExtract(labels_serialized, \'Map(String, String)\') as labels,             type         FROM merge(system, \'^_custom_metrics_dictionary_.*\')         FORMAT Prometheus
2026-08-02 02:24:47	1	13	4480	1	SELECT COUNT() FROM system.users WHERE name=\'sql-console\'
2026-08-02 02:24:47	2	13	4480	1	SELECT COUNT() FROM system.users WHERE name = \'sql-console\' AND arrayExists(p -> has(JSONExtract(p, \'common_names\', \'Array(String)\'), \'6762a73de56d2d7758c5dfbd888dc99003c6640e682e00acfab0b7fba016dcb1\'), auth_params)
2026-08-02 02:24:47	1	4	235	1	SELECT COUNT() FROM system.roles WHERE name=\'default_role\'
2026-08-02 02:24:47	1	5	374	3	SELECT user_name AS UserName FROM system.role_grants WHERE granted_role_name=\'default_role\'
2026-08-02 02:24:47	1	13	4480	1	SELECT COUNT() FROM system.users WHERE name=\'default\'
2026-08-02 02:24:47	0	0	0	0	DROP USER IF EXISTS \'mysql4s9vfs5b226\';
2026-08-02 02:24:47	0	0	0	0	DROP ROLE IF EXISTS clickpipes;
2026-08-02 02:24:47	1	4	235	1	SELECT COUNT() FROM system.roles WHERE name=\'clickpipes_system\'
2026-08-02 02:24:47	1	5	374	1	SELECT user_name AS UserName FROM system.role_grants WHERE granted_role_name=\'clickpipes_system\'
2026-08-02 02:24:47	1	4	235	1	SELECT COUNT() FROM system.roles WHERE name=\'clickpipes_system\'
2026-08-02 02:24:47	1	5	374	1	SELECT user_name AS UserName FROM system.role_grants WHERE granted_role_name=\'clickpipes_system\'
2026-08-02 02:24:47	1	4	235	1	SELECT COUNT() FROM system.roles WHERE name=\'sql_console_admin\'
2026-08-02 02:24:47	1	5	374	1	SELECT user_name AS UserName FROM system.role_grants WHERE granted_role_name=\'sql_console_admin\'
2026-08-02 02:24:47	1	4	235	1	SELECT COUNT() FROM system.roles WHERE name=\'sql_console_read_only\'
2026-08-02 02:24:47	1	5	374	0	SELECT user_name AS UserName FROM system.role_grants WHERE granted_role_name=\'sql_console_read_only\'
2026-08-02 02:24:47	9	0	0	0	REVOKE clickpipes_system FROM \'default_role\';
2026-08-02 02:24:47	714	0	0	0	SYSTEM FLUSH LOGS
2026-08-02 02:24:47	1	2	55	1	SELECT COUNT() FROM system.databases WHERE name = \'default\' AND engine = \'Shared\'
2026-08-02 02:24:47	0	1	1	1	SELECT hostname()
2026-08-02 02:24:48	26	1	573	1	         SELECT             count(*),             create_table_query         FROM system.tables         WHERE database = \'system\'         AND name = \'system_tables_tracking_boneaws_al_46\'         GROUP by create_table_query
2026-08-02 02:24:48	3	27	6373	22	         SELECT             name,             uuid,             hostname() as h,             data_paths[1] as data_path         FROM system.tables         WHERE database = \'system\'         AND (name LIKE \'%_log\' OR name LIKE \'%_log_%\')         AND (storage_policy = \'plain_rewritable_system_tables\' O
2026-08-02 02:24:48	10	66	8619	22	 SELECT hostname() as executing_replica, uuid, name, origin_replica, attached_replica_id FROM system.system_tables_tracking_boneaws_al_46 WHERE attached_replica_id = \'c-boneaws-al-46-server-j62zx3k-0\' OR attached_replica_id IS NULL OR origin_replica = \'c-boneaws-al-46-server-j62zx3k-0\'        
2026-08-02 02:24:48	0	0	0	0	SYSTEM REPLICA READY
2026-08-02 02:24:48	6	391	120780	1	         WITH (             SELECT coalesce(value, \'false\')             FROM system.server_settings             WHERE name = \'dictionaries_lazy_load\'         ) as lazy SELECT count() as total, countIf(status = \'LOADED\') as loaded, countIf(status = \'LOADING\') as loading, countIf(status 
2026-08-02 02:24:48	2	13	6340	1	             SELECT                 name,                 toJSONString(labels) as labels_serialized,                 value,                 help,                 type             FROM (                 SELECT   \'ClickHouse_CustomMetric_TotalMemoryUsedByDictionaries\' AS name,   toFloat64(SUM(bytes_al
2026-08-02 02:24:50	5	130	31803	130	SELECT             name,             value,             help,             JSONExtract(labels_serialized, \'Map(String, String)\') as labels,             type         FROM merge(system, \'^_custom_metrics_dictionary_.*\')         FORMAT Prometheus
2026-08-02 02:24:51	5	130	31803	130	SELECT             name,             value,             help,             JSONExtract(labels_serialized, \'Map(String, String)\') as labels,             type         FROM merge(system, \'^_custom_metrics_dictionary_.*\')         FORMAT Prometheus
2026-08-02 02:24:53	1	13	4480	1	SELECT COUNT() FROM system.users WHERE name=\'sql-console\'
2026-08-02 02:24:53	2	13	4480	1	SELECT COUNT() FROM system.users WHERE name = \'sql-console\' AND arrayExists(p -> has(JSONExtract(p, \'common_names\', \'Array(String)\'), \'6762a73de56d2d7758c5dfbd888dc99003c6640e682e00acfab0b7fba016dcb1\'), auth_params)
2026-08-02 02:24:53	1	4	235	1	SELECT COUNT() FROM system.roles WHERE name=\'default_role\'
2026-08-02 02:24:53	1	5	374	3	SELECT user_name AS UserName FROM system.role_grants WHERE granted_role_name=\'default_role\'
2026-08-02 02:24:53	1	13	4480	1	SELECT COUNT() FROM system.users WHERE name=\'default\'
2026-08-02 02:24:53	0	0	0	0	DROP USER IF EXISTS \'mysql4s9vfs5b226\';
2026-08-02 02:24:53	0	0	0	0	DROP ROLE IF EXISTS clickpipes;
2026-08-02 02:24:53	1	4	235	1	SELECT COUNT() FROM system.roles WHERE name=\'clickpipes_system\'
2026-08-02 02:24:53	1	5	374	1	SELECT user_name AS UserName FROM system.role_grants WHERE granted_role_name=\'clickpipes_system\'
2026-08-02 02:24:53	1	4	235	1	SELECT COUNT() FROM system.roles WHERE name=\'clickpipes_system\'
2026-08-02 02:24:53	1	5	374	1	SELECT user_name AS UserName FROM system.role_grants WHERE granted_role_name=\'clickpipes_system\'
2026-08-02 02:24:53	1	4	235	1	SELECT COUNT() FROM system.roles WHERE name=\'sql_console_admin\'
2026-08-02 02:24:53	1	5	374	1	SELECT user_name AS UserName FROM system.role_grants WHERE granted_role_name=\'sql_console_admin\'
2026-08-02 02:24:53	1	4	235	1	SELECT COUNT() FROM system.roles WHERE name=\'sql_console_read_only\'
2026-08-02 02:24:53	1	5	374	0	SELECT user_name AS UserName FROM system.role_grants WHERE granted_role_name=\'sql_console_read_only\'
2026-08-02 02:24:53	9	0	0	0	REVOKE clickpipes_system FROM \'default_role\';
2026-08-02 02:24:53	614	0	0	0	SYSTEM FLUSH LOGS
2026-08-02 02:24:53	1	2	55	1	SELECT COUNT() FROM system.databases WHERE name = \'default\' AND engine = \'Shared\'
2026-08-02 02:24:53	0	1	1	1	SELECT hostname()
2026-08-02 02:24:53	27	1	573	1	         SELECT             count(*),             create_table_query         FROM system.tables         WHERE database = \'system\'         AND name = \'system_tables_tracking_boneaws_al_46\'         GROUP by create_table_query
2026-08-02 02:24:53	2	27	6373	22	         SELECT             name,             uuid,             hostname() as h,             data_paths[1] as data_path         FROM system.tables         WHERE database = \'system\'         AND (name LIKE \'%_log\' OR name LIKE \'%_log_%\')         AND (storage_policy = \'plain_rewritable_system_tables\' O
2026-08-02 02:24:53	10	66	8619	22	 SELECT hostname() as executing_replica, uuid, name, origin_replica, attached_replica_id FROM system.system_tables_tracking_boneaws_al_46 WHERE attached_replica_id = \'c-boneaws-al-46-server-j62zx3k-0\' OR attached_replica_id IS NULL OR origin_replica = \'c-boneaws-al-46-server-j62zx3k-0\'        
2026-08-02 02:24:54	0	0	0	0	SYSTEM REPLICA READY
2026-08-02 02:24:54	6	391	120780	1	         WITH (             SELECT coalesce(value, \'false\')             FROM system.server_settings             WHERE name = \'dictionaries_lazy_load\'         ) as lazy SELECT count() as total, countIf(status = \'LOADED\') as loaded, countIf(status = \'LOADING\') as loading, countIf(status 
2026-08-02 02:24:58	2	4	8940	1	             SELECT                 name,                 toJSONString(labels) as labels_serialized,                 value,                 help,                 type             FROM (                 SELECT   \'ClickHouse_CustomMetric_TotalMemoryUsedByQueries\' AS name,   toFloat64(SUM(peak_memory_u
2026-08-02 02:24:58	2	59	472	1	             SELECT                 name,                 toJSONString(labels) as labels_serialized,                 value,                 help,                 type             FROM (                 SELECT   \'ClickHouse_CustomMetric_TotalMemoryUsedByDataSkippingIndices\' AS name,   toFloat64(SUM(d
2026-08-02 02:24:58	2	20	12866	0	             SELECT                 name,                 toJSONString(labels) as labels_serialized,                 value,                 help,                 type             FROM (                 SELECT   \'clickhouse_table_replica_readonly_start_timestamp_seconds\' as name,   toFloat64(toUnixTi
2026-08-02 02:24:58	3	6	213	0	             SELECT                 name,                 toJSONString(labels) as labels_serialized,                 value,                 help,                 type             FROM (                 SELECT   \'ClickHouse_CustomMetric_SharedCatalogRecoveryTime\' as name,   toFloat64(recovery_time) a
2026-08-02 02:24:59	635	0	0	0	SYSTEM FLUSH LOGS
2026-08-02 02:24:59	2	2	55	1	SELECT COUNT() FROM system.databases WHERE name = \'default\' AND engine = \'Shared\'
2026-08-02 02:24:59	0	1	1	1	SELECT hostname()
2026-08-02 02:24:59	29	1	573	1	         SELECT             count(*),             create_table_query         FROM system.tables         WHERE database = \'system\'         AND name = \'system_tables_tracking_boneaws_al_46\'         GROUP by create_table_query
2026-08-02 02:24:59	3	27	6373	22	         SELECT             name,             uuid,             hostname() as h,             data_paths[1] as data_path         FROM system.tables         WHERE database = \'system\'         AND (name LIKE \'%_log\' OR name LIKE \'%_log_%\')         AND (storage_policy = \'plain_rewritable_system_tables\' O
2026-08-02 02:24:59	10	66	8619	22	 SELECT hostname() as executing_replica, uuid, name, origin_replica, attached_replica_id FROM system.system_tables_tracking_boneaws_al_46 WHERE attached_replica_id = \'c-boneaws-al-46-server-j62zx3k-0\' OR attached_replica_id IS NULL OR origin_replica = \'c-boneaws-al-46-server-j62zx3k-0\'        
2026-08-02 02:24:59	0	0	0	0	SYSTEM REPLICA READY
2026-08-02 02:24:59	5	391	120780	1	         WITH (             SELECT coalesce(value, \'false\')             FROM system.server_settings             WHERE name = \'dictionaries_lazy_load\'         ) as lazy SELECT count() as total, countIf(status = \'LOADED\') as loaded, countIf(status = \'LOADING\') as loading, countIf(status 
2026-08-02 02:25:03	1	6	2128	6	             SELECT                 name,                 toJSONString(labels) as labels_serialized,                 value,                 help,                 type             FROM (                 SELECT   concat(\'clickhouse_\', system.dimensional_metrics.metric) AS name,   toFloat64(system.dime
2026-08-02 02:25:03	3	6	213	0	             SELECT                 name,                 toJSONString(labels) as labels_serialized,                 value,                 help,                 type             FROM (                 SELECT   \'ClickHouse_CustomMetric_SharedCatalogRecoveryTime\' as name,   toFloat64(recovery_time) a
2026-08-02 02:25:03	0	0	0	0	SYSTEM FLUSH ASYNC INSERT QUEUE
2026-08-02 02:25:03	3	14	9257	1	select count() from system.processes where user not in (select name from system.users where name like \'%-internal\' and storage = \'users_xml\') and query not ilike \'%sql console internal query%\' format TabSeparatedRaw;
2026-08-02 02:25:03	0	0	0	0	SYSTEM FLUSH ASYNC INSERT QUEUE
2026-08-02 02:25:08	2	15	1013	15	             SELECT                 name,                 toJSONString(labels) as labels_serialized,                 value,                 help,                 type             FROM (                 SELECT     \'ClickHouse_MetricsCollection_CustomMetricsSystemTable\' AS name,     toFloat64(1) AS va
2026-08-02 02:25:35	1	6	2128	6	             SELECT                 name,                 toJSONString(labels) as labels_serialized,                 value,                 help,                 type             FROM (                 SELECT   concat(\'clickhouse_\', system.dimensional_metrics.metric) AS name,   toFloat64(system.dime
2026-08-02 02:25:35	2	0	0	1	             SELECT                 name,                 toJSONString(labels) as labels_serialized,                 value,                 help,                 type             FROM (                 SELECT   \'ClickHouse_CustomMetric_TotalMemoryUsedByMerges\' AS name,   toFloat64(SUM(memory_usage))
2026-08-02 02:25:35	2	15	1013	15	             SELECT                 name,                 toJSONString(labels) as labels_serialized,                 value,                 help,                 type             FROM (                 SELECT     \'ClickHouse_MetricsCollection_CustomMetricsSystemTable\' AS name,     toFloat64(1) AS va
2026-08-02 02:25:35	3	12	18940	1	             SELECT                 name,                 toJSONString(labels) as labels_serialized,                 value,                 help,                 type             FROM (                 SELECT   \'ClickHouse_CustomMetric_TotalMemoryUsedByQueries\' AS name,   toFloat64(SUM(peak_memory_u
2026-08-02 02:25:35	3	59	472	1	             SELECT                 name,                 toJSONString(labels) as labels_serialized,                 value,                 help,                 type             FROM (                 SELECT   \'ClickHouse_CustomMetric_TotalMemoryUsedByDataSkippingIndices\' AS name,   toFloat64(SUM(d
2026-08-02 02:25:35	3	6	213	0	             SELECT                 name,                 toJSONString(labels) as labels_serialized,                 value,                 help,                 type             FROM (                 SELECT   \'ClickHouse_CustomMetric_DatabaseReplicatedRecoveryTime\' as name,   toFloat64(recovery_ti
2026-08-02 02:25:35	3	6	213	0	             SELECT                 name,                 toJSONString(labels) as labels_serialized,                 value,                 help,                 type             FROM (                 SELECT   \'ClickHouse_CustomMetric_SharedCatalogRecoveryTime\' as name,   toFloat64(recovery_time) a
2026-08-02 02:25:35	3	0	0	1	             SELECT                 name,                 toJSONString(labels) as labels_serialized,                 value,                 help,                 type             FROM (                 SELECT   \'ClickHouse_CustomMetric_TotalMemoryUsedByAsynchronousInserts\' AS name,   toFloat64(SUM(t
2026-08-02 02:25:35	4	0	0	0	             SELECT                 name,                 toJSONString(labels) as labels_serialized,                 value,                 help,                 type             FROM (                 SELECT   \'ClickHouse_CustomMetric_FailedMutations\' as name,   toFloat64(count()) as value,   \'The 
2026-08-02 02:25:35	5	20	12866	0	             SELECT                 name,                 toJSONString(labels) as labels_serialized,                 value,                 help,                 type             FROM (                 SELECT   \'clickhouse_table_replica_readonly_start_timestamp_seconds\' as name,   toFloat64(toUnixTi
2026-08-02 02:25:35	26	33464	737339	33464	SELECT `content_id`, `title`, `video_type`, `category` FROM `sony`.`content_dim`;
2026-08-02 02:25:35	41	13	6086	1	             SELECT                 name,                 toJSONString(labels) as labels_serialized,                 value,                 help,                 type             FROM (                 SELECT   \'ClickHouse_CustomMetric_TotalMemoryUsedByDictionaries\' AS name,   toFloat64(SUM(bytes_al
2026-08-02 02:25:38	3	6	213	0	             SELECT                 name,                 toJSONString(labels) as labels_serialized,                 value,                 help,                 type             FROM (                 SELECT   \'ClickHouse_CustomMetric_SharedCatalogRecoveryTime\' as name,   toFloat64(recovery_time) a
2026-08-02 02:25:38	2800	0	0	0	SYSTEM FLUSH LOGS;
2026-08-02 02:25:38	11	0	0	0	DROP TABLE IF EXISTS system.custom_metrics;
2026-08-02 02:25:38	81	0	0	0	CREATE OR REPLACE VIEW system.prometheus_metrics (   `name` String,   `value` Float64,   `help` String,   `labels` Map(String, String),   `type` String ) AS SELECT   concat(\'ClickHouse_\', event) AS name,   toFloat64(value) as value,   description AS help,   map(\'hostname\', hostName(), \'table\', \'syst
2026-08-02 02:25:38	0	0	0	0	DROP TABLE IF EXISTS system._custom_metrics_readonly_table_replicas;
2026-08-02 02:25:38	0	0	0	0	DROP TABLE IF EXISTS system._custom_metrics_shared_catalog_recovery_time;
2026-08-02 02:25:38	0	0	0	0	DROP TABLE IF EXISTS system._custom_metrics_data_parts_merge_duration_increase;
2026-08-02 02:25:38	0	0	0	0	DROP TABLE IF EXISTS system._custom_metrics_failed_mutations;
2026-08-02 02:25:38	0	0	0	0	DROP TABLE IF EXISTS system._custom_metrics_index_granularity_bytes_in_memory;
2026-08-02 02:25:38	0	0	0	0	DROP TABLE IF EXISTS system._custom_metrics_table_read_only_duration_seconds;
2026-08-02 02:25:38	0	0	0	0	DROP TABLE IF EXISTS system._custom_metrics_view_error_metrics_important;
2026-08-02 02:25:38	19	0	0	0	DROP TABLE IF EXISTS system._custom_metrics_view_error_metrics;
2026-08-02 02:25:38	54	0	0	0	CREATE VIEW system._custom_metrics_view_error_metrics (     `name` String,     `value` Float64,     `help` String,     `labels` Map(String, String),     `type` String ) AS (     SELECT         concat(\'ClickHouseErrorMetric_\', system.errors.name) AS name,         toFloat64(value) AS value,         sy
2026-08-02 02:25:38	0	0	0	0	DROP TABLE IF EXISTS system._custom_metrics_view_database_replicated_recovery_time;
2026-08-02 02:25:38	11	0	0	0	DROP DICTIONARY IF EXISTS system._custom_metrics_dictionary_database_replicated_recovery_time;
2026-08-02 02:25:38	17	6	213	0	             SELECT                 name,                 toJSONString(labels) as labels_serialized,                 value,                 help,                 type             FROM (                 SELECT   \'ClickHouse_CustomMetric_DatabaseReplicatedRecoveryTime\' as name,   toFloat64(recovery_ti
2026-08-02 02:25:38	82	0	0	0	CREATE DICTIONARY system._custom_metrics_dictionary_database_replicated_recovery_time (     `name` String,     `labels_serialized` String,     `value` Float64,     `help` String,     `type` String ) PRIMARY KEY (name, labels_serialized) SOURCE(     CLICKHOUSE(         QUERY `             SELECT     
2026-08-02 02:25:38	0	0	0	0	DROP TABLE IF EXISTS system._custom_metrics_view_table_read_only_duration_seconds;
2026-08-02 02:25:38	12	0	0	0	DROP DICTIONARY IF EXISTS system._custom_metrics_dictionary_table_read_only_duration_seconds;
2026-08-02 02:25:38	3	20	12866	0	             SELECT                 name,                 toJSONString(labels) as labels_serialized,                 value,                 help,                 type             FROM (                 SELECT   \'clickhouse_table_replica_readonly_start_timestamp_seconds\' as name,   toFloat64(toUnixTi
2026-08-02 02:25:39	80	0	0	0	CREATE DICTIONARY system._custom_metrics_dictionary_table_read_only_duration_seconds (     `name` String,     `labels_serialized` String,     `value` Float64,     `help` String,     `type` String ) PRIMARY KEY (name, labels_serialized) SOURCE(     CLICKHOUSE(         QUERY `             SELECT      
2026-08-02 02:25:39	0	0	0	0	DROP TABLE IF EXISTS system._custom_metrics_view_total_memory_async_inserts;
2026-08-02 02:25:39	11	0	0	0	DROP DICTIONARY IF EXISTS system._custom_metrics_dictionary_total_memory_async_inserts;
2026-08-02 02:25:39	1	0	0	1	             SELECT                 name,                 toJSONString(labels) as labels_serialized,                 value,                 help,                 type             FROM (                 SELECT   \'ClickHouse_CustomMetric_TotalMemoryUsedByAsynchronousInserts\' AS name,   toFloat64(SUM(t
2026-08-02 02:25:39	68	0	0	0	CREATE DICTIONARY system._custom_metrics_dictionary_total_memory_async_inserts (     `name` String,     `labels_serialized` String,     `value` Float64,     `help` String,     `type` String ) PRIMARY KEY (name, labels_serialized) SOURCE(     CLICKHOUSE(         QUERY `             SELECT            
2026-08-02 02:25:39	0	0	0	0	DROP TABLE IF EXISTS system._custom_metrics_view_total_memory_data_skipping_indices;
2026-08-02 02:25:39	12	0	0	0	DROP DICTIONARY IF EXISTS system._custom_metrics_dictionary_total_memory_data_skipping_indices;
2026-08-02 02:25:39	2	59	472	1	             SELECT                 name,                 toJSONString(labels) as labels_serialized,                 value,                 help,                 type             FROM (                 SELECT   \'ClickHouse_CustomMetric_TotalMemoryUsedByDataSkippingIndices\' AS name,   toFloat64(SUM(d
2026-08-02 02:25:39	67	0	0	0	CREATE DICTIONARY system._custom_metrics_dictionary_total_memory_data_skipping_indices (     `name` String,     `labels_serialized` String,     `value` Float64,     `help` String,     `type` String ) PRIMARY KEY (name, labels_serialized) SOURCE(     CLICKHOUSE(         QUERY `             SELECT    
2026-08-02 02:25:39	0	0	0	0	DROP TABLE IF EXISTS system._custom_metrics_view_total_memory_dictionaries;
2026-08-02 02:25:39	12	0	0	0	DROP DICTIONARY IF EXISTS system._custom_metrics_dictionary_total_memory_dictionaries;
2026-08-02 02:25:39	2	13	6305	1	             SELECT                 name,                 toJSONString(labels) as labels_serialized,                 value,                 help,                 type             FROM (                 SELECT   \'ClickHouse_CustomMetric_TotalMemoryUsedByDictionaries\' AS name,   toFloat64(SUM(bytes_al
2026-08-02 02:25:39	68	0	0	0	CREATE DICTIONARY system._custom_metrics_dictionary_total_memory_dictionaries (     `name` String,     `labels_serialized` String,     `value` Float64,     `help` String,     `type` String ) PRIMARY KEY (name, labels_serialized) SOURCE(     CLICKHOUSE(         QUERY `             SELECT             
2026-08-02 02:25:39	0	0	0	0	DROP TABLE IF EXISTS system._custom_metrics_view_total_memory_merges;
2026-08-02 02:25:39	11	0	0	0	DROP DICTIONARY IF EXISTS system._custom_metrics_dictionary_total_memory_merges;
2026-08-02 02:25:39	2	1	1618	1	             SELECT                 name,                 toJSONString(labels) as labels_serialized,                 value,                 help,                 type             FROM (                 SELECT   \'ClickHouse_CustomMetric_TotalMemoryUsedByMerges\' AS name,   toFloat64(SUM(memory_usage))
2026-08-02 02:25:39	63	0	0	0	CREATE DICTIONARY system._custom_metrics_dictionary_total_memory_merges (     `name` String,     `labels_serialized` String,     `value` Float64,     `help` String,     `type` String ) PRIMARY KEY (name, labels_serialized) SOURCE(     CLICKHOUSE(         QUERY `             SELECT                 na
2026-08-02 02:25:39	0	0	0	0	DROP TABLE IF EXISTS system._custom_metrics_view_total_memory_processes;
2026-08-02 02:25:39	11	0	0	0	DROP DICTIONARY IF EXISTS system._custom_metrics_dictionary_total_memory_processes;
2026-08-02 02:25:39	2	2	7122	1	             SELECT                 name,                 toJSONString(labels) as labels_serialized,                 value,                 help,                 type             FROM (                 SELECT   \'ClickHouse_CustomMetric_TotalMemoryUsedByQueries\' AS name,   toFloat64(SUM(peak_memory_u
2026-08-02 02:25:39	63	0	0	0	CREATE DICTIONARY system._custom_metrics_dictionary_total_memory_processes (     `name` String,     `labels_serialized` String,     `value` Float64,     `help` String,     `type` String ) PRIMARY KEY (name, labels_serialized) SOURCE(     CLICKHOUSE(         QUERY `             SELECT                
2026-08-02 02:25:39	0	0	0	0	DROP TABLE IF EXISTS system._custom_metrics_view_failed_mutations;
2026-08-02 02:25:39	11	0	0	0	DROP DICTIONARY IF EXISTS system._custom_metrics_dictionary_failed_mutations;
2026-08-02 02:25:39	4	0	0	0	             SELECT                 name,                 toJSONString(labels) as labels_serialized,                 value,                 help,                 type             FROM (                 SELECT   \'ClickHouse_CustomMetric_FailedMutations\' as name,   toFloat64(count()) as value,   \'The 
2026-08-02 02:25:39	70	0	0	0	CREATE DICTIONARY system._custom_metrics_dictionary_failed_mutations (     `name` String,     `labels_serialized` String,     `value` Float64,     `help` String,     `type` String ) PRIMARY KEY (name, labels_serialized) SOURCE(     CLICKHOUSE(         QUERY `             SELECT                 name,
2026-08-02 02:25:39	0	0	0	0	DROP TABLE IF EXISTS system._custom_metrics_view_index_granularity_bytes_in_memory;
2026-08-02 02:25:39	0	0	0	0	DROP TABLE IF EXISTS system._custom_metrics_view_index_granularity_bytes_in_memory_allocated;
2026-08-02 02:25:39	0	0	0	0	DROP TABLE IF EXISTS system._custom_metrics_view_shared_catalog_recovery_time;
2026-08-02 02:25:39	11	0	0	0	DROP DICTIONARY IF EXISTS system._custom_metrics_dictionary_shared_catalog_recovery_time;
2026-08-02 02:25:39	9	6	213	0	             SELECT                 name,                 toJSONString(labels) as labels_serialized,                 value,                 help,                 type             FROM (                 SELECT   \'ClickHouse_CustomMetric_SharedCatalogRecoveryTime\' as name,   toFloat64(recovery_time) a
2026-08-02 02:25:39	76	0	0	0	CREATE DICTIONARY system._custom_metrics_dictionary_shared_catalog_recovery_time (     `name` String,     `labels_serialized` String,     `value` Float64,     `help` String,     `type` String ) PRIMARY KEY (name, labels_serialized) SOURCE(     CLICKHOUSE(         QUERY `             SELECT          
2026-08-02 02:25:39	0	0	0	0	DROP TABLE IF EXISTS system._custom_metrics_data_parts_merge_duration_increase_mv;
2026-08-02 02:25:39	0	0	0	0	DROP TABLE IF EXISTS system._custom_metrics_failed_mutations_with_retries_mv;
2026-08-02 02:25:39	0	0	0	0	DROP TABLE IF EXISTS system._custom_metrics_readonly_table_replicas_mv;
2026-08-02 02:25:39	0	0	0	0	DROP TABLE IF EXISTS system._custom_metrics_table_read_only_duration_seconds_mv;
2026-08-02 02:25:39	0	0	0	0	DROP TABLE IF EXISTS system._custom_metrics_failed_mutations_mv;
2026-08-02 02:25:39	0	0	0	0	DROP TABLE IF EXISTS system._custom_metrics_index_granularity_bytes_in_memory_mv;
2026-08-02 02:25:39	0	0	0	0	DROP TABLE IF EXISTS system._custom_metrics_index_granularity_bytes_in_memory_allocated_mv;
2026-08-02 02:25:39	0	0	0	0	DROP TABLE IF EXISTS system._custom_metrics_shared_catalog_recovery_time_mv;
2026-08-02 02:25:39	0	0	0	0	DROP TABLE IF EXISTS system._custom_metrics_total_memory_async_inserts_mv;
2026-08-02 02:25:39	0	0	0	0	DROP TABLE IF EXISTS system._custom_metrics_total_memory_data_skipping_indices_mv;
2026-08-02 02:25:39	0	0	0	0	DROP TABLE IF EXISTS system._custom_metrics_total_memory_dictionaries_mv;
2026-08-02 02:25:39	0	0	0	0	DROP TABLE IF EXISTS system._custom_metrics_total_memory_merges_mv;
2026-08-02 02:25:39	0	0	0	0	DROP TABLE IF EXISTS system._custom_metrics_total_memory_processes_mv;
2026-08-02 02:25:39	0	0	0	0	DROP TABLE IF EXISTS system._custom_metrics_index_granularity_bytes_in_memory_allocated;
2026-08-02 02:25:39	0	0	0	0	DROP TABLE IF EXISTS system._custom_metrics_view_custom_metrics_tables;
2026-08-02 02:25:39	11	0	0	0	DROP DICTIONARY IF EXISTS system._custom_metrics_dictionary_custom_metrics_tables;
2026-08-02 02:25:39	2	13	907	13	             SELECT                 name,                 toJSONString(labels) as labels_serialized,                 value,                 help,                 type             FROM (                 SELECT     \'ClickHouse_MetricsCollection_CustomMetricsSystemTable\' AS name,     toFloat64(1) AS va
2026-08-02 02:25:39	64	0	0	0	CREATE DICTIONARY system._custom_metrics_dictionary_custom_metrics_tables (     `name` String,     `labels_serialized` String,     `value` Float64,     `help` String,     `type` String ) PRIMARY KEY (name, labels_serialized) SOURCE(     CLICKHOUSE(         QUERY `             SELECT                 
2026-08-02 02:25:39	0	0	0	0	DROP TABLE IF EXISTS system._custom_metrics_view_error_metrics_important;
2026-08-02 02:25:39	0	0	0	0	CREATE TABLE IF NOT EXISTS system.clickpipes_log (     `event_date` Date,     `event_time` DateTime,     `event_time_microseconds` DateTime64(6) COMMENT \'Query starting time with microseconds precision.\',     `log_level` LowCardinality(String),     `message` String,     `error` String,     `error_ty
2026-08-02 02:25:39	0	0	0	0	DROP TABLE IF EXISTS system.custom_metrics_refresher;
2026-08-02 02:25:39	11	0	0	0	DROP DICTIONARY IF EXISTS system._custom_metrics_dictionary_group;
2026-08-02 02:25:40	0	0	0	0	DROP VIEW IF EXISTS system.custom_metrics;
2026-08-02 02:25:40	63	0	0	0	CREATE VIEW system.custom_metrics AS SELECT * FROM merge(system, \'^_custom_metrics_view_.*\') UNION ALL SELECT     name,     value,     help,     JSONExtract(labels_serialized, \'Map(String, String)\') AS labels,     type FROM merge(system, \'^_custom_metrics_dictionary_.*\'); 
2026-08-02 02:25:40	0	0	0	0	DROP TABLE IF EXISTS system._custom_metrics_view_histograms;
2026-08-02 02:25:40	0	0	0	0	DROP DICTIONARY IF EXISTS system._custom_metrics_dictionary_histograms;
2026-08-02 02:25:40	13	0	0	0	DROP TABLE IF EXISTS system._custom_metrics_view_metrics_and_events;
2026-08-02 02:25:40	62	0	0	0	CREATE VIEW system._custom_metrics_view_metrics_and_events (     `name` String,     `value` Float64,     `help` String,     `labels` Map(String, String),     `type` String ) AS SELECT   concat(\'ClickHouseProfileEvents_\', event) AS name,   toFloat64(value) as value,   description AS help,   map(\'host
2026-08-02 02:25:40	0	0	0	0	DROP TABLE IF EXISTS system._custom_metrics_view_dimensional;
2026-08-02 02:25:40	11	0	0	0	DROP DICTIONARY IF EXISTS system._custom_metrics_dictionary_dimensional;
2026-08-02 02:25:40	3	2	42	1	SELECT EXISTS(SELECT 1 FROM system.tables WHERE database = \'system\' AND name = \'dimensional_metrics\')
2026-08-02 02:25:40	1	6	2128	6	             SELECT                 name,                 toJSONString(labels) as labels_serialized,                 value,                 help,                 type             FROM (                 SELECT   concat(\'clickhouse_\', system.dimensional_metrics.metric) AS name,   toFloat64(system.dime
2026-08-02 02:25:40	64	0	0	0	CREATE DICTIONARY system._custom_metrics_dictionary_dimensional (     `name` String,     `labels_serialized` String,     `value` Float64,     `help` String,     `type` String ) PRIMARY KEY (name, labels_serialized) SOURCE(     CLICKHOUSE(         QUERY `             SELECT                 name,     
2026-08-02 02:25:40	1	1	1	1	SELECT hostname()
2026-08-02 02:25:40	27	1	573	1	         SELECT             count(*),             create_table_query         FROM system.tables         WHERE database = \'system\'         AND name = \'system_tables_tracking_boneaws_al_46\'         GROUP by create_table_query
2026-08-02 02:25:40	3	27	6373	22	         SELECT             name,             uuid,             hostname() as h,             data_paths[1] as data_path         FROM system.tables         WHERE database = \'system\'         AND (name LIKE \'%_log\' OR name LIKE \'%_log_%\')         AND (storage_policy = \'plain_rewritable_system_tables\' O
2026-08-02 02:25:40	11	66	8619	22	 SELECT hostname() as executing_replica, uuid, name, origin_replica, attached_replica_id FROM system.system_tables_tracking_boneaws_al_46 WHERE attached_replica_id = \'c-boneaws-al-46-server-j62zx3k-0\' OR attached_replica_id IS NULL OR origin_replica = \'c-boneaws-al-46-server-j62zx3k-0\'        
2026-08-02 02:25:42	1608	0	0	0	SYSTEM FLUSH LOGS
2026-08-02 02:25:42	2	2	55	1	SELECT COUNT() FROM system.databases WHERE name = \'default\' AND engine = \'Shared\'
2026-08-02 02:25:42	1	1	1	1	SELECT hostname()
2026-08-02 02:25:42	25	1	573	1	         SELECT             count(*),             create_table_query         FROM system.tables         WHERE database = \'system\'         AND name = \'system_tables_tracking_boneaws_al_46\'         GROUP by create_table_query
2026-08-02 02:25:42	3	27	6373	22	         SELECT             name,             uuid,             hostname() as h,             data_paths[1] as data_path         FROM system.tables         WHERE database = \'system\'         AND (name LIKE \'%_log\' OR name LIKE \'%_log_%\')         AND (storage_policy = \'plain_rewritable_system_tables\' O
2026-08-02 02:25:42	11	66	8619	22	 SELECT hostname() as executing_replica, uuid, name, origin_replica, attached_replica_id FROM system.system_tables_tracking_boneaws_al_46 WHERE attached_replica_id = \'c-boneaws-al-46-server-j62zx3k-0\' OR attached_replica_id IS NULL OR origin_replica = \'c-boneaws-al-46-server-j62zx3k-0\'        
2026-08-02 02:25:42	0	0	0	0	SYSTEM REPLICA READY
2026-08-02 02:25:42	6	391	120780	1	         WITH (             SELECT coalesce(value, \'false\')             FROM system.server_settings             WHERE name = \'dictionaries_lazy_load\'         ) as lazy SELECT count() as total, countIf(status = \'LOADED\') as loaded, countIf(status = \'LOADING\') as loading, countIf(status 
2026-08-02 02:25:42	2	6	60	1	SELECT countIf(`__table1`.`is_shared_catalog_cluster` AND (`__table1`.`recovery_time` > 600000)) = 0 AS `equals(countIf(and(if(hasColumnInTable(\'system\', \'clusters\', \'is_shared_catalog_cluster\'), is_shared_catalog_cluster, false), if(hasColumnInTable(\'system\', \'clusters\', \'recovery_time\'), greater(r
2026-08-02 02:25:43	2	6	2128	6	             SELECT                 name,                 toJSONString(labels) as labels_serialized,                 value,                 help,                 type             FROM (                 SELECT   concat(\'clickhouse_\', system.dimensional_metrics.metric) AS name,   toFloat64(system.dime
2026-08-02 02:25:43	643	0	0	0	SYSTEM FLUSH LOGS
2026-08-02 02:25:43	2	2	55	1	SELECT COUNT() FROM system.databases WHERE name = \'default\' AND engine = \'Shared\'
2026-08-02 02:25:43	1	1	1	1	SELECT hostname()
2026-08-02 02:25:43	21	1	573	1	         SELECT             count(*),             create_table_query         FROM system.tables         WHERE database = \'system\'         AND name = \'system_tables_tracking_boneaws_al_46\'         GROUP by create_table_query
2026-08-02 02:25:43	3	27	6373	22	         SELECT             name,             uuid,             hostname() as h,             data_paths[1] as data_path         FROM system.tables         WHERE database = \'system\'         AND (name LIKE \'%_log\' OR name LIKE \'%_log_%\')         AND (storage_policy = \'plain_rewritable_system_tables\' O
2026-08-02 02:25:43	27	0	0	0	DROP TABLE IF EXISTS sony.stage_content_dim
2026-08-02 02:25:43	35	0	0	0	DROP TABLE IF EXISTS sony.stage_content_dim 
2026-08-02 02:25:43	16	66	8619	22	 SELECT hostname() as executing_replica, uuid, name, origin_replica, attached_replica_id FROM system.system_tables_tracking_boneaws_al_46 WHERE attached_replica_id = \'c-boneaws-al-46-server-j62zx3k-0\' OR attached_replica_id IS NULL OR origin_replica = \'c-boneaws-al-46-server-j62zx3k-0\'        
2026-08-02 02:25:43	0	0	0	0	SYSTEM REPLICA READY
2026-08-02 02:25:43	6	391	120780	1	         WITH (             SELECT coalesce(value, \'false\')             FROM system.server_settings             WHERE name = \'dictionaries_lazy_load\'         ) as lazy SELECT count() as total, countIf(status = \'LOADED\') as loaded, countIf(status = \'LOADING\') as loading, countIf(status 
2026-08-02 02:25:44	1	1	16	1	SELECT count() FROM sony.content_dim FORMAT TabSeparated 
2026-08-02 02:25:44	2	88	4725	1	SELECT count() FROM system.columns WHERE database=\'system\' AND table=\'query_log\' AND name=\'is_internal\'
2026-08-02 02:25:44	0	1	1	1	SELECT version()
2026-08-02 02:25:44	2	88	4725	1	SELECT count() FROM system.columns WHERE database=\'system\' AND table=\'query_log\' AND name=\'is_internal\'
2026-08-02 02:25:44	2	1	36	1	SELECT count() FROM system.tables WHERE (database = \'system\') AND (name = \'custom_metrics\')
2026-08-02 02:25:44	0	1	1	1	SELECT version()
2026-08-02 02:25:44	2	1	37	1	SELECT count() FROM system.tables WHERE (database = \'system\') AND (name = \'query_views_log\')
2026-08-02 02:25:44	7	378	114440	5	WITH metrics AS (SELECT name AS metric, toFloat64(value) AS val, now() AS ts FROM system.server_settings WHERE multiMatchAny(name, _CAST([\'^max_database_num_to_throw$\', \'^max_database_num_to_warn$\', \'^max_table_num_to_throw$\', \'^max_table_num_to_warn$\', \'^max_concurrent_queries$\'], \'Array(String)\'))
2026-08-02 02:25:44	4	0	0	1	SELECT count() FROM system.query_views_log WHERE (status != \'QueryStart\') AND (event_date >= toDate(_CAST(\'1785611492.618\', \'DateTime64\'))) AND (event_time >= toDateTime(_CAST(\'1785611492.618\', \'DateTime64\'))) AND (event_time <= (toDateTime(_CAST(\'1785637509.333\', \'DateTime64\')) + toIntervalSecond(1
2026-08-02 02:25:44	10	0	0	1	WITH failed_mutations AS (SELECT toDateTime(create_time) AS ts, count() AS val FROM system.mutations WHERE (ts > toDateTime(_CAST(\'1785637380.823\', \'DateTime64\'))) AND (ts <= toDateTime(_CAST(\'1785637509.333\', \'DateTime64\'))) AND (latest_failed_part != \'\') AND (is_done = 0) GROUP BY ts), failed_muta
2026-08-02 02:25:44	10	4996	74926	31	WITH metrics AS (SELECT multiIf((event_type = \'MergeParts\') AND (error = 0), \'merges_finished\', (event_type = \'MergeParts\') AND (error != 0), \'merges_failed\', (event_type = \'MutatePart\') AND (error = 0), \'mutate_part_finished\', (event_type = \'MutatePart\') AND (error != 0), \'mutate_part_failed\', NULL
2026-08-02 02:25:44	25	3131	589282	123	SELECT CAST(\'0fc3eaab-fbcb-4533-8825-9be9faaea781\', \'UUID\') AS instance_id, CAST(\'c-boneaws-al-46-server-j62zx3k-0\', \'LowCardinality(String)\') AS node_id, CAST(name, \'LowCardinality(String)\') AS metric, CAST(mapFilter((k, v) -> has(_CAST([\'remote\'], \'Array(String)\'), k), labels), \'Map(LowCardinality
2026-08-02 02:25:44	60	822	249848	150	SELECT CAST(\'0fc3eaab-fbcb-4533-8825-9be9faaea781\', \'UUID\') AS control_plane_id, CAST(\'c-boneaws-al-46-server-j62zx3k-0\', \'LowCardinality(String)\') AS pod_id, CAST(now64(), \'DateTime64(6)\') AS scrape_ts_microseconds, CAST(event_date, \'Date\') AS event_date, CAST(event_time, \'DateTime\') AS event_time,
2026-08-02 02:25:44	161	798	228719	24	WITH parts_agg AS (SELECT database AS agg_database, `table` AS agg_table, SUM(primary_key_size) AS primary_index_size, SUM(secondary_indices_compressed_bytes) AS secondary_index_size FROM system.parts WHERE active AND (database != \'system\') GROUP BY database, `table`), proj_agg AS (SELECT database A
2026-08-02 02:25:44	125	134261	2081619	1859	SELECT CAST(\'0fc3eaab-fbcb-4533-8825-9be9faaea781\', \'UUID\') AS control_plane_id, CAST(\'c-boneaws-al-46-server-j62zx3k-0\', \'LowCardinality(String)\') AS pod_id, CAST(now64(), \'DateTime64(6)\') AS scrape_ts_microseconds, CAST(event_date, \'Date\') AS event_date, CAST(event_time, \'DateTime\') AS event_time,
2026-08-02 02:25:48	2	73	5182	1	SELECT  now() as current_time, version() as chVersion, (SELECT value FROM system.build_options WHERE name = \'SYSTEM_PROCESSOR\') as system_processor
2026-08-02 02:25:48	6	142	34190	142	SELECT             name,             value,             help,             JSONExtract(labels_serialized, \'Map(String, String)\') as labels,             type         FROM merge(system, \'^_custom_metrics_dictionary_.*\')         FORMAT Prometheus
2026-08-02 02:25:49	570	90	467559	22	SELECT name, cityHash64(replaceAll(create_table_query, name, \'__table_name__\')) as hash, primary_key, sorting_key, partition_key, comment FROM system.tables LEFT OUTER JOIN ( SELECT table, max(max_date) AS max_date FROM system.parts WHERE database = \'system\' AND active GROUP BY table ) AS parts 
2026-08-02 02:25:50	90	831	11634	1	SELECT avg(ProfileEvent_OSCPUWaitMicroseconds) as cpu_wait FROM  system.metric_log  WHERE event_time > now() - INTERVAL 2 MINUTE AND event_date >= yesterday()
2026-08-02 02:25:51	13	19	16713	19	SELECT name, cityHash64(replaceAll(create_table_query, name, \'__table_name__\')) as hash, comment FROM system.tables WHERE database = \'system\' AND engine like \'System%\' AND name NOT LIKE \'%_log\' AND NOT match(name, \'log_\\d+\') AND (name = \'build_options\' OR name = \'columns\' OR name = \'databases\' OR na
2026-08-02 02:25:52	7	10	17052	2	SELECT count() as count, sum(elapsed) as total_elapsed, \'lh\' as usr FROM system.processes  WHERE user = \'observability-internal\' AND client_hostname LIKE \'loghouse-scraper%\'  UNION ALL SELECT count() as count, sum(elapsed) as total_elapsed, \'other\' as usr FROM system.processes  WHERE user != \'observ
2026-08-02 02:25:54	2	885	367940	1	SELECT value FROM system.asynchronous_metrics WHERE metric = \'OSMemoryAvailable\' ;
2026-08-02 02:25:54	4	6	20604	1	SELECT count() FROM system.processes WHERE (initial_user NOT IN _CAST([\'backups-internal\', \'management-internal\', \'monitoring-internal\', \'observability-internal\', \'operator-internal\', \'prometheus-exporter\', \'prometheus-internal\', \'operator-cert-internal\', \'availability-monitoring-internal\', \'\'], \'Ar
2026-08-02 02:25:54	2	105	1515	1	SELECT countIf(database = \'system\') as systemParts, countIf(database != \'system\') as nonSystemParts FROM system.parts where active
2026-08-02 02:25:54	1	0	0	1	SELECT countIf(database = \'system\') as systemMerges, countIf(database != \'system\') as nonSystemMerges FROM system.merges
2026-08-02 02:25:56	2	0	0	1	SELECT min(event_time), now() - INTERVAL 600 SECOND maxSettlePoint FROM system.filesystem_cache_log WHERE event_time >= toDateTime32(\'1785615957\') AND event_date >= toDate(toDateTime32(\'1785615957\')) AND event_time <= maxSettlePoint
2026-08-02 02:25:56	4	0	0	1	SELECT min(event_time), now() - INTERVAL 600 SECOND maxSettlePoint FROM system.asynchronous_insert_log WHERE event_time >= toDateTime32(\'1785634301\') AND event_date >= toDate(toDateTime32(\'1785634301\')) AND event_time <= maxSettlePoint
2026-08-02 02:25:57	2	0	0	1	SELECT min(event_time), now() - INTERVAL 600 SECOND maxSettlePoint FROM system.crash_log WHERE event_time >= toDateTime32(\'1785615957\') AND event_date >= toDate(toDateTime32(\'1785615957\')) AND event_time <= maxSettlePoint
2026-08-02 02:25:58	26	0	0	1	SELECT min(event_time), now() - INTERVAL 600 SECOND maxSettlePoint FROM system.clickpipes_log WHERE event_time >= toDateTime32(\'1785615957\') AND event_date >= toDate(toDateTime32(\'1785615957\')) AND event_time <= maxSettlePoint
2026-08-02 02:25:58	3	6	213	0	             SELECT                 name,                 toJSONString(labels) as labels_serialized,                 value,                 help,                 type             FROM (                 SELECT   \'ClickHouse_CustomMetric_DatabaseReplicatedRecoveryTime\' as name,   toFloat64(recovery_ti
2026-08-02 02:25:59	2	0	0	1	SELECT min(event_time), now() - INTERVAL 600 SECOND maxSettlePoint FROM system.backup_log WHERE event_time >= toDateTime32(\'1785615957\') AND event_date >= toDate(toDateTime32(\'1785615957\')) AND event_time <= maxSettlePoint
2026-08-02 02:25:59	2	0	8	1	SELECT count() FROM system.backups where status IN (0,3)
2026-08-02 02:25:59	3	5	8837	1	SELECT count() FROM system.processes WHERE (elapsed > _CAST(0, \'Int64\')) AND (initial_user NOT IN _CAST([\'backups-internal\', \'management-internal\', \'monitoring-internal\', \'observability-internal\', \'operator-internal\', \'prometheus-exporter\', \'prometheus-internal\', \'operator-cert-internal\', \'availabil
2026-08-02 02:26:00	3	0	0	1	SELECT min(event_time), now() - INTERVAL 600 SECOND maxSettlePoint FROM system.query_thread_log WHERE event_time >= toDateTime32(\'1785615957\') AND event_date >= toDate(toDateTime32(\'1785615957\')) AND event_time <= maxSettlePoint
2026-08-02 02:26:01	4	4124	24744	1	SELECT min(event_time), now() - INTERVAL 600 SECOND maxSettlePoint FROM system.blob_storage_log WHERE event_time >= toDateTime32(\'1785636777\') AND event_date >= toDate(toDateTime32(\'1785636777\')) AND event_time <= maxSettlePoint
2026-08-02 02:26:02	3	0	0	1	SELECT min(event_time), now() - INTERVAL 600 SECOND maxSettlePoint FROM system.filesystem_read_prefetches_log WHERE event_time >= toDateTime32(\'1785615957\') AND event_date >= toDate(toDateTime32(\'1785615957\')) AND event_time <= maxSettlePoint
2026-08-02 02:26:03	3	0	0	1	SELECT min(event_time), now() - INTERVAL 600 SECOND maxSettlePoint FROM system.zookeeper_connection_log WHERE event_time >= toDateTime32(\'1785633025\') AND event_date >= toDate(toDateTime32(\'1785633025\')) AND event_time <= maxSettlePoint
2026-08-02 02:26:03	5	142	34190	142	SELECT             name,             value,             help,             JSONExtract(labels_serialized, \'Map(String, String)\') as labels,             type         FROM merge(system, \'^_custom_metrics_dictionary_.*\')         FORMAT Prometheus
2026-08-02 02:26:04	25	3149	591544	123	SELECT CAST(\'0fc3eaab-fbcb-4533-8825-9be9faaea781\', \'UUID\') AS instance_id, CAST(\'c-boneaws-al-46-server-j62zx3k-0\', \'LowCardinality(String)\') AS node_id, CAST(name, \'LowCardinality(String)\') AS metric, CAST(mapFilter((k, v) -> has(_CAST([\'remote\'], \'Array(String)\'), k), labels), \'Map(LowCardinality
2026-08-02 02:26:04	6	142	34190	142	SELECT             name,             value,             help,             JSONExtract(labels_serialized, \'Map(String, String)\') as labels,             type         FROM merge(system, \'^_custom_metrics_dictionary_.*\')         FORMAT Prometheus
2026-08-02 02:26:04	3	6	16199	1	SELECT count() FROM system.processes WHERE (initial_user NOT IN _CAST([\'backups-internal\', \'management-internal\', \'monitoring-internal\', \'observability-internal\', \'operator-internal\', \'prometheus-exporter\', \'prometheus-internal\', \'operator-cert-internal\', \'availability-monitoring-internal\', \'\'], \'Ar
2026-08-02 02:26:04	2	107	1545	1	SELECT countIf(database = \'system\') as systemParts, countIf(database != \'system\') as nonSystemParts FROM system.parts where active
2026-08-02 02:26:04	6	5	20	1	SELECT min(event_time), now() - INTERVAL 600 SECOND maxSettlePoint FROM system.error_log WHERE event_time >= toDateTime32(\'1785636642\') AND event_date >= toDate(toDateTime32(\'1785636642\')) AND event_time <= maxSettlePoint
2026-08-02 02:26:04	15	0	0	1	SELECT countIf(database = \'system\') as systemMerges, countIf(database != \'system\') as nonSystemMerges FROM system.merges
2026-08-02 02:26:05	3	0	0	1	SELECT min(event_time), now() - INTERVAL 600 SECOND maxSettlePoint FROM system.aggregated_zookeeper_log WHERE event_time >= toDateTime32(\'1785636832\') AND event_date >= toDate(toDateTime32(\'1785636832\')) AND event_time <= maxSettlePoint
2026-08-02 02:26:06	4	1993	11958	1	SELECT min(event_time), now() - INTERVAL 600 SECOND maxSettlePoint FROM system.session_log WHERE event_time >= toDateTime32(\'1785636772\') AND event_date >= toDate(toDateTime32(\'1785636772\')) AND event_time <= maxSettlePoint
2026-08-02 02:26:07	2	0	0	1	SELECT min(event_time), now() - INTERVAL 600 SECOND maxSettlePoint FROM system.s3queue_log WHERE event_time >= toDateTime32(\'1785615957\') AND event_date >= toDate(toDateTime32(\'1785615957\')) AND event_time <= maxSettlePoint
2026-08-02 02:26:08	5	0	0	1	SELECT min(event_time), now() - INTERVAL 600 SECOND maxSettlePoint FROM system.query_views_log WHERE event_time >= toDateTime32(\'1785615957\') AND event_date >= toDate(toDateTime32(\'1785615957\')) AND event_time <= maxSettlePoint
2026-08-02 02:26:09	14	784	4704	1	SELECT min(event_time), now() - INTERVAL 600 SECOND maxSettlePoint FROM system.metric_log WHERE event_time >= toDateTime32(\'1785636761\') AND event_date >= toDate(toDateTime32(\'1785636761\')) AND event_time <= maxSettlePoint
2026-08-02 02:26:11	5	21734	130404	1	SELECT min(event_time), now() - INTERVAL 600 SECOND maxSettlePoint FROM system.processors_profile_log WHERE event_time >= toDateTime32(\'1785636754\') AND event_date >= toDate(toDateTime32(\'1785636754\')) AND event_time <= maxSettlePoint
2026-08-02 02:26:12	10	0	0	1	SELECT min(event_time), now() - INTERVAL 600 SECOND maxSettlePoint FROM system.query_metric_log WHERE event_time >= toDateTime32(\'1785634297\') AND event_date >= toDate(toDateTime32(\'1785634297\')) AND event_time <= maxSettlePoint
2026-08-02 02:26:13	4	4995	29970	1	SELECT min(event_time), now() - INTERVAL 600 SECOND maxSettlePoint FROM system.part_log WHERE event_time >= toDateTime32(\'1785636770\') AND event_date >= toDate(toDateTime32(\'1785636770\')) AND event_time <= maxSettlePoint
2026-08-02 02:26:13	1	0	0	1	             SELECT                 name,                 toJSONString(labels) as labels_serialized,                 value,                 help,                 type             FROM (                 SELECT   \'ClickHouse_CustomMetric_TotalMemoryUsedByAsynchronousInserts\' AS name,   toFloat64(SUM(t
2026-08-02 02:26:14	4	25067	150402	1	SELECT min(event_time), now() - INTERVAL 600 SECOND maxSettlePoint FROM system.trace_log WHERE event_time >= toDateTime32(\'1785636759\') AND event_date >= toDate(toDateTime32(\'1785636759\')) AND event_time <= maxSettlePoint
2026-08-02 02:26:14	3	5	8803	1	SELECT count() FROM system.processes WHERE (initial_user NOT IN _CAST([\'backups-internal\', \'management-internal\', \'monitoring-internal\', \'observability-internal\', \'operator-internal\', \'prometheus-exporter\', \'prometheus-internal\', \'operator-cert-internal\', \'availability-monitoring-internal\', \'\'], \'Ar
2026-08-02 02:26:14	2	108	1560	1	SELECT countIf(database = \'system\') as systemParts, countIf(database != \'system\') as nonSystemParts FROM system.parts where active
2026-08-02 02:26:14	1	2	3457	1	SELECT countIf(database = \'system\') as systemMerges, countIf(database != \'system\') as nonSystemMerges FROM system.merges
2026-08-02 02:26:15	34	2244439	13466634	1	SELECT min(event_time), now() - INTERVAL 600 SECOND maxSettlePoint FROM system.asynchronous_metric_log WHERE event_time >= toDateTime32(\'1785636765\') AND event_date >= toDate(toDateTime32(\'1785636765\')) AND event_time <= maxSettlePoint
2026-08-02 02:26:16	5	41502	249012	1	SELECT min(event_time), now() - INTERVAL 600 SECOND maxSettlePoint FROM system.text_log WHERE event_time >= toDateTime32(\'1785636766\') AND event_date >= toDate(toDateTime32(\'1785636766\')) AND event_time <= maxSettlePoint
2026-08-02 02:26:17	7	4566	1356056	214	SELECT now64(6) as scrape_time_microseconds, \'j62zx3k\' AS pod_ident, \'boneaws-al-46\' AS spoken_name, \'cell-1\' AS cell, \'ap-south-1\' AS region, \'aws\' AS cloud_provider, \'?\' AS clickhouse_version, \'0fc3eaab-fbcb-4533-8825-9be9faaea781\' AS control_plane_id, \'?\' AS system_processor, * FROM system."blob_
2026-08-02 02:26:18	8	1993	1189495	14	SELECT now64(6) as scrape_time_microseconds, \'j62zx3k\' AS pod_ident, \'boneaws-al-46\' AS spoken_name, \'cell-1\' AS cell, \'ap-south-1\' AS region, \'aws\' AS cloud_provider, \'?\' AS clickhouse_version, \'0fc3eaab-fbcb-4533-8825-9be9faaea781\' AS control_plane_id, \'?\' AS system_processor, * FROM system."sessi
2026-08-02 02:26:18	5	142	34190	142	SELECT             name,             value,             help,             JSONExtract(labels_serialized, \'Map(String, String)\') as labels,             type         FROM merge(system, \'^_custom_metrics_dictionary_.*\')         FORMAT Prometheus
2026-08-02 02:26:18	2	0	0	1	             SELECT                 name,                 toJSONString(labels) as labels_serialized,                 value,                 help,                 type             FROM (                 SELECT   \'ClickHouse_CustomMetric_TotalMemoryUsedByMerges\' AS name,   toFloat64(SUM(memory_usage))
2026-08-02 02:26:18	2	0	0	0	             SELECT                 name,                 toJSONString(labels) as labels_serialized,                 value,                 help,                 type             FROM (                 SELECT   \'ClickHouse_CustomMetric_FailedMutations\' as name,   toFloat64(count()) as value,   \'The 
2026-08-02 02:26:18	3	6	213	0	             SELECT                 name,                 toJSONString(labels) as labels_serialized,                 value,                 help,                 type             FROM (                 SELECT   \'ClickHouse_CustomMetric_DatabaseReplicatedRecoveryTime\' as name,   toFloat64(recovery_ti
2026-08-02 02:26:18	3	21	13503	0	             SELECT                 name,                 toJSONString(labels) as labels_serialized,                 value,                 help,                 type             FROM (                 SELECT   \'clickhouse_table_replica_readonly_start_timestamp_seconds\' as name,   toFloat64(toUnixTi
2026-08-02 02:26:19	171	784	2118061	60	SELECT now64(6) as scrape_time_microseconds, \'j62zx3k\' AS pod_ident, \'boneaws-al-46\' AS spoken_name, \'cell-1\' AS cell, \'ap-south-1\' AS region, \'aws\' AS cloud_provider, \'?\' AS clickhouse_version, \'0fc3eaab-fbcb-4533-8825-9be9faaea781\' AS control_plane_id, \'?\' AS system_processor, * FROM system."metri
2026-08-02 02:26:20	28	3598	7744370	142	SELECT now64(6) as scrape_time_microseconds, \'j62zx3k\' AS pod_ident, \'boneaws-al-46\' AS spoken_name, \'cell-1\' AS cell, \'ap-south-1\' AS region, \'aws\' AS cloud_provider, \'?\' AS clickhouse_version, \'0fc3eaab-fbcb-4533-8825-9be9faaea781\' AS control_plane_id, \'?\' AS system_processor, * FROM system."query
2026-08-02 02:26:21	14	13333	3184522	2394	SELECT now64(6) as scrape_time_microseconds, \'j62zx3k\' AS pod_ident, \'boneaws-al-46\' AS spoken_name, \'cell-1\' AS cell, \'ap-south-1\' AS region, \'aws\' AS cloud_provider, \'?\' AS clickhouse_version, \'0fc3eaab-fbcb-4533-8825-9be9faaea781\' AS control_plane_id, \'?\' AS system_processor, * FROM system."proce
2026-08-02 02:26:22	13	4995	2641222	102	SELECT now64(6) as scrape_time_microseconds, \'j62zx3k\' AS pod_ident, \'boneaws-al-46\' AS spoken_name, \'cell-1\' AS cell, \'ap-south-1\' AS region, \'aws\' AS cloud_provider, \'?\' AS clickhouse_version, \'0fc3eaab-fbcb-4533-8825-9be9faaea781\' AS control_plane_id, \'?\' AS system_processor, * FROM system."part_
2026-08-02 02:26:23	12	8246	2009814	5305	SELECT now64(6) as scrape_time_microseconds, \'j62zx3k\' AS pod_ident, \'boneaws-al-46\' AS spoken_name, \'cell-1\' AS cell, \'ap-south-1\' AS region, \'aws\' AS cloud_provider, \'?\' AS clickhouse_version, \'0fc3eaab-fbcb-4533-8825-9be9faaea781\' AS control_plane_id, \'?\' AS system_processor, * FROM system."trace
2026-08-02 02:26:23	2	15	1013	15	             SELECT                 name,                 toJSONString(labels) as labels_serialized,                 value,                 help,                 type             FROM (                 SELECT     \'ClickHouse_MetricsCollection_CustomMetricsSystemTable\' AS name,     toFloat64(1) AS va
2026-08-02 02:26:24	103	2244439	35975206	53201	SELECT now64(6) as scrape_time_microseconds, \'j62zx3k\' AS pod_ident, \'boneaws-al-46\' AS spoken_name, \'cell-1\' AS cell, \'ap-south-1\' AS region, \'aws\' AS cloud_provider, \'?\' AS clickhouse_version, \'0fc3eaab-fbcb-4533-8825-9be9faaea781\' AS control_plane_id, \'?\' AS system_processor, * FROM system."async
2026-08-02 02:26:24	10	6	16199	1	SELECT count() FROM system.processes WHERE (initial_user NOT IN _CAST([\'backups-internal\', \'management-internal\', \'monitoring-internal\', \'observability-internal\', \'operator-internal\', \'prometheus-exporter\', \'prometheus-internal\', \'operator-cert-internal\', \'availability-monitoring-internal\', \'\'], \'Ar
2026-08-02 02:26:24	2	98	1410	1	SELECT countIf(database = \'system\') as systemParts, countIf(database != \'system\') as nonSystemParts FROM system.parts where active
2026-08-02 02:26:24	2	0	0	1	SELECT countIf(database = \'system\') as systemMerges, countIf(database != \'system\') as nonSystemMerges FROM system.merges
2026-08-02 02:26:24	24	3179	596095	123	SELECT CAST(\'0fc3eaab-fbcb-4533-8825-9be9faaea781\', \'UUID\') AS instance_id, CAST(\'c-boneaws-al-46-server-j62zx3k-0\', \'LowCardinality(String)\') AS node_id, CAST(name, \'LowCardinality(String)\') AS metric, CAST(mapFilter((k, v) -> has(_CAST([\'remote\'], \'Array(String)\'), k), labels), \'Map(LowCardinality
2026-08-02 02:26:25	15	18845	4067305	8727	SELECT now64(6) as scrape_time_microseconds, \'j62zx3k\' AS pod_ident, \'boneaws-al-46\' AS spoken_name, \'cell-1\' AS cell, \'ap-south-1\' AS region, \'aws\' AS cloud_provider, \'?\' AS clickhouse_version, \'0fc3eaab-fbcb-4533-8825-9be9faaea781\' AS control_plane_id, \'?\' AS system_processor, * FROM system."text_
2026-08-02 02:26:26	8	4566	1356056	399	SELECT now64(6) as scrape_time_microseconds, \'j62zx3k\' AS pod_ident, \'boneaws-al-46\' AS spoken_name, \'cell-1\' AS cell, \'ap-south-1\' AS region, \'aws\' AS cloud_provider, \'?\' AS clickhouse_version, \'0fc3eaab-fbcb-4533-8825-9be9faaea781\' AS control_plane_id, \'?\' AS system_processor, * FROM system."blob_
2026-08-02 02:26:26	609	0	0	241444	INSERT INTO sony.stage_raw_events (c0, c1, c2, c3, c4, c5, c6, c7, c8, c9, c10, c11, c12, c13) FORMAT CSV
2026-08-02 02:26:26	40502	241444	65755423	241444	INSERT INTO sony.stage_raw_events FORMAT CSV 
2026-08-02 02:26:27	14	861	12054	1	SELECT avg(ProfileEvent_OSCPUWaitMicroseconds) as cpu_wait FROM  system.metric_log  WHERE event_time > now() - INTERVAL 2 MINUTE AND event_date >= yesterday()
2026-08-02 02:26:27	597	0	0	241463	INSERT INTO sony.stage_raw_events (c0, c1, c2, c3, c4, c5, c6, c7, c8, c9, c10, c11, c12, c13) FORMAT CSV
2026-08-02 02:26:27	41821	241463	65755475	241463	INSERT INTO sony.stage_raw_events FORMAT CSV 
2026-08-02 02:26:28	8	1993	1189495	36	SELECT now64(6) as scrape_time_microseconds, \'j62zx3k\' AS pod_ident, \'boneaws-al-46\' AS spoken_name, \'cell-1\' AS cell, \'ap-south-1\' AS region, \'aws\' AS cloud_provider, \'?\' AS clickhouse_version, \'0fc3eaab-fbcb-4533-8825-9be9faaea781\' AS control_plane_id, \'?\' AS system_processor, * FROM system."sessi
2026-08-02 02:26:28	2	13	6340	1	             SELECT                 name,                 toJSONString(labels) as labels_serialized,                 value,                 help,                 type             FROM (                 SELECT   \'ClickHouse_CustomMetric_TotalMemoryUsedByDictionaries\' AS name,   toFloat64(SUM(bytes_al
2026-08-02 02:26:29	21	6	14002	2	SELECT count() as count, sum(elapsed) as total_elapsed, \'lh\' as usr FROM system.processes  WHERE user = \'observability-internal\' AND client_hostname LIKE \'loghouse-scraper%\'  UNION ALL SELECT count() as count, sum(elapsed) as total_elapsed, \'other\' as usr FROM system.processes  WHERE user != \'observ
2026-08-02 02:26:30	171	784	2118061	120	SELECT now64(6) as scrape_time_microseconds, \'j62zx3k\' AS pod_ident, \'boneaws-al-46\' AS spoken_name, \'cell-1\' AS cell, \'ap-south-1\' AS region, \'aws\' AS cloud_provider, \'?\' AS clickhouse_version, \'0fc3eaab-fbcb-4533-8825-9be9faaea781\' AS control_plane_id, \'?\' AS system_processor, * FROM system."metri
2026-08-02 02:26:31	1	887	368225	1	SELECT value FROM system.asynchronous_metrics WHERE metric = \'OSMemoryAvailable\' ;
2026-08-02 02:26:31	551	0	0	241097	INSERT INTO sony.stage_raw_events (c0, c1, c2, c3, c4, c5, c6, c7, c8, c9, c10, c11, c12, c13) FORMAT CSV
2026-08-02 02:26:31	45144	241097	65755723	241097	INSERT INTO sony.stage_raw_events FORMAT CSV 
2026-08-02 02:26:31	591	0	0	241290	INSERT INTO sony.stage_raw_events (c0, c1, c2, c3, c4, c5, c6, c7, c8, c9, c10, c11, c12, c13) FORMAT CSV
2026-08-02 02:26:31	45303	241290	65755761	241290	INSERT INTO sony.stage_raw_events FORMAT CSV 
2026-08-02 02:26:32	26	3598	7744370	314	SELECT now64(6) as scrape_time_microseconds, \'j62zx3k\' AS pod_ident, \'boneaws-al-46\' AS spoken_name, \'cell-1\' AS cell, \'ap-south-1\' AS region, \'aws\' AS cloud_provider, \'?\' AS clickhouse_version, \'0fc3eaab-fbcb-4533-8825-9be9faaea781\' AS control_plane_id, \'?\' AS system_processor, * FROM system."query
2026-08-02 02:26:33	15	12484	2971795	5672	SELECT now64(6) as scrape_time_microseconds, \'j62zx3k\' AS pod_ident, \'boneaws-al-46\' AS spoken_name, \'cell-1\' AS cell, \'ap-south-1\' AS region, \'aws\' AS cloud_provider, \'?\' AS clickhouse_version, \'0fc3eaab-fbcb-4533-8825-9be9faaea781\' AS control_plane_id, \'?\' AS system_processor, * FROM system."proce
2026-08-02 02:26:33	5	171	41352	171	SELECT             name,             value,             help,             JSONExtract(labels_serialized, \'Map(String, String)\') as labels,             type         FROM merge(system, \'^_custom_metrics_dictionary_.*\')         FORMAT Prometheus
2026-08-02 02:26:33	1	6	2128	6	             SELECT                 name,                 toJSONString(labels) as labels_serialized,                 value,                 help,                 type             FROM (                 SELECT   concat(\'clickhouse_\', system.dimensional_metrics.metric) AS name,   toFloat64(system.dime
2026-08-02 02:26:33	2	3	7623	1	             SELECT                 name,                 toJSONString(labels) as labels_serialized,                 value,                 help,                 type             FROM (                 SELECT   \'ClickHouse_CustomMetric_TotalMemoryUsedByQueries\' AS name,   toFloat64(SUM(peak_memory_u
2026-08-02 02:26:33	3	6	213	0	             SELECT                 name,                 toJSONString(labels) as labels_serialized,                 value,                 help,                 type             FROM (                 SELECT   \'ClickHouse_CustomMetric_DatabaseReplicatedRecoveryTime\' as name,   toFloat64(recovery_ti
2026-08-02 02:26:34	12	4995	2641222	185	SELECT now64(6) as scrape_time_microseconds, \'j62zx3k\' AS pod_ident, \'boneaws-al-46\' AS spoken_name, \'cell-1\' AS cell, \'ap-south-1\' AS region, \'aws\' AS cloud_provider, \'?\' AS clickhouse_version, \'0fc3eaab-fbcb-4533-8825-9be9faaea781\' AS control_plane_id, \'?\' AS system_processor, * FROM system."part_
2026-08-02 02:26:34	6	171	41352	171	SELECT             name,             value,             help,             JSONExtract(labels_serialized, \'Map(String, String)\') as labels,             type         FROM merge(system, \'^_custom_metrics_dictionary_.*\')         FORMAT Prometheus
2026-08-02 02:26:34	3	1	5438	1	SELECT count() FROM system.processes WHERE (initial_user NOT IN _CAST([\'backups-internal\', \'management-internal\', \'monitoring-internal\', \'observability-internal\', \'operator-internal\', \'prometheus-exporter\', \'prometheus-internal\', \'operator-cert-internal\', \'availability-monitoring-internal\', \'\'], \'Ar
2026-08-02 02:26:34	2	101	1453	1	SELECT countIf(database = \'system\') as systemParts, countIf(database != \'system\') as nonSystemParts FROM system.parts where active
2026-08-02 02:26:34	2	0	0	1	SELECT countIf(database = \'system\') as systemMerges, countIf(database != \'system\') as nonSystemMerges FROM system.merges
2026-08-02 02:26:35	24	25067	6305920	11064	SELECT now64(6) as scrape_time_microseconds, \'j62zx3k\' AS pod_ident, \'boneaws-al-46\' AS spoken_name, \'cell-1\' AS cell, \'ap-south-1\' AS region, \'aws\' AS cloud_provider, \'?\' AS clickhouse_version, \'0fc3eaab-fbcb-4533-8825-9be9faaea781\' AS control_plane_id, \'?\' AS system_processor, * FROM system."trace
2026-08-02 02:26:36	128	2244439	35975206	106396	SELECT now64(6) as scrape_time_microseconds, \'j62zx3k\' AS pod_ident, \'boneaws-al-46\' AS spoken_name, \'cell-1\' AS cell, \'ap-south-1\' AS region, \'aws\' AS cloud_provider, \'?\' AS clickhouse_version, \'0fc3eaab-fbcb-4533-8825-9be9faaea781\' AS control_plane_id, \'?\' AS system_processor, * FROM system."async
2026-08-02 02:26:37	28	24346	5307961	18858	SELECT now64(6) as scrape_time_microseconds, \'j62zx3k\' AS pod_ident, \'boneaws-al-46\' AS spoken_name, \'cell-1\' AS cell, \'ap-south-1\' AS region, \'aws\' AS cloud_provider, \'?\' AS clickhouse_version, \'0fc3eaab-fbcb-4533-8825-9be9faaea781\' AS control_plane_id, \'?\' AS system_processor, * FROM system."text_
2026-08-02 02:26:38	1	0	0	1	             SELECT                 name,                 toJSONString(labels) as labels_serialized,                 value,                 help,                 type             FROM (                 SELECT   \'ClickHouse_CustomMetric_TotalMemoryUsedByAsynchronousInserts\' AS name,   toFloat64(SUM(t
2026-08-02 02:26:38	2	59	472	1	             SELECT                 name,                 toJSONString(labels) as labels_serialized,                 value,                 help,                 type             FROM (                 SELECT   \'ClickHouse_CustomMetric_TotalMemoryUsedByDataSkippingIndices\' AS name,   toFloat64(SUM(d
2026-08-02 02:26:38	3	6	213	0	             SELECT                 name,                 toJSONString(labels) as labels_serialized,                 value,                 help,                 type             FROM (                 SELECT   \'ClickHouse_CustomMetric_SharedCatalogRecoveryTime\' as name,   toFloat64(recovery_time) a
2026-08-02 02:26:43	2	0	0	0	             SELECT                 name,                 toJSONString(labels) as labels_serialized,                 value,                 help,                 type             FROM (                 SELECT   \'ClickHouse_CustomMetric_FailedMutations\' as name,   toFloat64(count()) as value,   \'The 
2026-08-02 02:26:43	3	6	213	0	             SELECT                 name,                 toJSONString(labels) as labels_serialized,                 value,                 help,                 type             FROM (                 SELECT   \'ClickHouse_CustomMetric_SharedCatalogRecoveryTime\' as name,   toFloat64(recovery_time) a
2026-08-02 02:26:44	3	2	12834	1	SELECT count() FROM system.processes WHERE (initial_user NOT IN _CAST([\'backups-internal\', \'management-internal\', \'monitoring-internal\', \'observability-internal\', \'operator-internal\', \'prometheus-exporter\', \'prometheus-internal\', \'operator-cert-internal\', \'availability-monitoring-internal\', \'\'], \'Ar
2026-08-02 02:26:44	23	3190	597302	127	SELECT CAST(\'0fc3eaab-fbcb-4533-8825-9be9faaea781\', \'UUID\') AS instance_id, CAST(\'c-boneaws-al-46-server-j62zx3k-0\', \'LowCardinality(String)\') AS node_id, CAST(name, \'LowCardinality(String)\') AS metric, CAST(mapFilter((k, v) -> has(_CAST([\'remote\'], \'Array(String)\'), k), labels), \'Map(LowCardinality
2026-08-02 02:26:44	42	96	1378	1	SELECT countIf(database = \'system\') as systemParts, countIf(database != \'system\') as nonSystemParts FROM system.parts where active
2026-08-02 02:26:44	2	0	0	1	SELECT countIf(database = \'system\') as systemMerges, countIf(database != \'system\') as nonSystemMerges FROM system.merges
2026-08-02 02:26:48	5	171	41352	171	SELECT             name,             value,             help,             JSONExtract(labels_serialized, \'Map(String, String)\') as labels,             type         FROM merge(system, \'^_custom_metrics_dictionary_.*\')         FORMAT Prometheus
2026-08-02 02:26:54	3	1	5438	1	SELECT count() FROM system.processes WHERE (initial_user NOT IN _CAST([\'backups-internal\', \'management-internal\', \'monitoring-internal\', \'observability-internal\', \'operator-internal\', \'prometheus-exporter\', \'prometheus-internal\', \'operator-cert-internal\', \'availability-monitoring-internal\', \'\'], \'Ar
2026-08-02 02:26:54	2	98	1408	1	SELECT countIf(database = \'system\') as systemParts, countIf(database != \'system\') as nonSystemParts FROM system.parts where active
2026-08-02 02:26:54	1	0	0	1	SELECT countIf(database = \'system\') as systemMerges, countIf(database != \'system\') as nonSystemMerges FROM system.merges
2026-08-02 02:26:56	3	0	0	0	SELECT now64(6) as scrape_time_microseconds, \'j62zx3k\' AS pod_ident, \'boneaws-al-46\' AS spoken_name, \'cell-1\' AS cell, \'ap-south-1\' AS region, \'aws\' AS cloud_provider, \'?\' AS clickhouse_version, \'0fc3eaab-fbcb-4533-8825-9be9faaea781\' AS control_plane_id, \'?\' AS system_processor, * FROM system."files
2026-08-02 02:26:56	3	0	0	0	SELECT now64(6) as scrape_time_microseconds, \'j62zx3k\' AS pod_ident, \'boneaws-al-46\' AS spoken_name, \'cell-1\' AS cell, \'ap-south-1\' AS region, \'aws\' AS cloud_provider, \'?\' AS clickhouse_version, \'0fc3eaab-fbcb-4533-8825-9be9faaea781\' AS control_plane_id, \'?\' AS system_processor, * FROM system."async
2026-08-02 02:26:57	3	0	0	0	SELECT now64(6) as scrape_time_microseconds, \'j62zx3k\' AS pod_ident, \'boneaws-al-46\' AS spoken_name, \'cell-1\' AS cell, \'ap-south-1\' AS region, \'aws\' AS cloud_provider, \'?\' AS clickhouse_version, \'0fc3eaab-fbcb-4533-8825-9be9faaea781\' AS control_plane_id, \'?\' AS system_processor, * FROM system."crash
2026-08-02 02:26:58	2	0	0	0	SELECT now64(6) as scrape_time_microseconds, \'j62zx3k\' AS pod_ident, \'boneaws-al-46\' AS spoken_name, \'cell-1\' AS cell, \'ap-south-1\' AS region, \'aws\' AS cloud_provider, \'?\' AS clickhouse_version, \'0fc3eaab-fbcb-4533-8825-9be9faaea781\' AS control_plane_id, \'?\' AS system_processor, * FROM system."click
2026-08-02 02:26:58	2	59	472	1	             SELECT                 name,                 toJSONString(labels) as labels_serialized,                 value,                 help,                 type             FROM (                 SELECT   \'ClickHouse_CustomMetric_TotalMemoryUsedByDataSkippingIndices\' AS name,   toFloat64(SUM(d
2026-08-02 02:26:58	3	21	13503	0	             SELECT                 name,                 toJSONString(labels) as labels_serialized,                 value,                 help,                 type             FROM (                 SELECT   \'clickhouse_table_replica_readonly_start_timestamp_seconds\' as name,   toFloat64(toUnixTi
2026-08-02 02:26:59	3	0	0	0	SELECT now64(6) as scrape_time_microseconds, \'j62zx3k\' AS pod_ident, \'boneaws-al-46\' AS spoken_name, \'cell-1\' AS cell, \'ap-south-1\' AS region, \'aws\' AS cloud_provider, \'?\' AS clickhouse_version, \'0fc3eaab-fbcb-4533-8825-9be9faaea781\' AS control_plane_id, \'?\' AS system_processor, * FROM system."backu
2026-08-02 02:27:00	5	0	0	0	SELECT now64(6) as scrape_time_microseconds, \'j62zx3k\' AS pod_ident, \'boneaws-al-46\' AS spoken_name, \'cell-1\' AS cell, \'ap-south-1\' AS region, \'aws\' AS cloud_provider, \'?\' AS clickhouse_version, \'0fc3eaab-fbcb-4533-8825-9be9faaea781\' AS control_plane_id, \'?\' AS system_processor, * FROM system."query
2026-08-02 02:27:01	15	108	1512	1	SELECT avg(ProfileEvent_OSCPUWaitMicroseconds) as cpu_wait FROM  system.metric_log  WHERE event_time > now() - INTERVAL 2 MINUTE AND event_date >= yesterday()
2026-08-02 02:27:01	3	2	10208	2	SELECT count() as count, sum(elapsed) as total_elapsed, \'lh\' as usr FROM system.processes  WHERE user = \'observability-internal\' AND client_hostname LIKE \'loghouse-scraper%\'  UNION ALL SELECT count() as count, sum(elapsed) as total_elapsed, \'other\' as usr FROM system.processes  WHERE user != \'observ
2026-08-02 02:27:01	1	887	368225	1	SELECT value FROM system.asynchronous_metrics WHERE metric = \'OSMemoryAvailable\' ;
2026-08-02 02:27:02	3	0	0	0	SELECT now64(6) as scrape_time_microseconds, \'j62zx3k\' AS pod_ident, \'boneaws-al-46\' AS spoken_name, \'cell-1\' AS cell, \'ap-south-1\' AS region, \'aws\' AS cloud_provider, \'?\' AS clickhouse_version, \'0fc3eaab-fbcb-4533-8825-9be9faaea781\' AS control_plane_id, \'?\' AS system_processor, * FROM system."files
2026-08-02 02:27:03	5	0	0	0	SELECT now64(6) as scrape_time_microseconds, \'j62zx3k\' AS pod_ident, \'boneaws-al-46\' AS spoken_name, \'cell-1\' AS cell, \'ap-south-1\' AS region, \'aws\' AS cloud_provider, \'?\' AS clickhouse_version, \'0fc3eaab-fbcb-4533-8825-9be9faaea781\' AS control_plane_id, \'?\' AS system_processor, * FROM system."zooke
2026-08-02 02:27:03	5	171	41352	171	SELECT             name,             value,             help,             JSONExtract(labels_serialized, \'Map(String, String)\') as labels,             type         FROM merge(system, \'^_custom_metrics_dictionary_.*\')         FORMAT Prometheus
2026-08-02 02:27:04	4	5	20	0	SELECT now64(6) as scrape_time_microseconds, \'j62zx3k\' AS pod_ident, \'boneaws-al-46\' AS spoken_name, \'cell-1\' AS cell, \'ap-south-1\' AS region, \'aws\' AS cloud_provider, \'?\' AS clickhouse_version, \'0fc3eaab-fbcb-4533-8825-9be9faaea781\' AS control_plane_id, \'?\' AS system_processor, * FROM system."error
2026-08-02 02:27:04	5	171	41352	171	SELECT             name,             value,             help,             JSONExtract(labels_serialized, \'Map(String, String)\') as labels,             type         FROM merge(system, \'^_custom_metrics_dictionary_.*\')         FORMAT Prometheus
2026-08-02 02:27:04	2	2	12834	1	SELECT count() FROM system.processes WHERE (initial_user NOT IN _CAST([\'backups-internal\', \'management-internal\', \'monitoring-internal\', \'observability-internal\', \'operator-internal\', \'prometheus-exporter\', \'prometheus-internal\', \'operator-cert-internal\', \'availability-monitoring-internal\', \'\'], \'Ar
2026-08-02 02:27:04	24	3191	597422	127	SELECT CAST(\'0fc3eaab-fbcb-4533-8825-9be9faaea781\', \'UUID\') AS instance_id, CAST(\'c-boneaws-al-46-server-j62zx3k-0\', \'LowCardinality(String)\') AS node_id, CAST(name, \'LowCardinality(String)\') AS metric, CAST(mapFilter((k, v) -> has(_CAST([\'remote\'], \'Array(String)\'), k), labels), \'Map(LowCardinality
2026-08-02 02:27:04	2	99	1423	1	SELECT countIf(database = \'system\') as systemParts, countIf(database != \'system\') as nonSystemParts FROM system.parts where active
2026-08-02 02:27:04	1	0	0	1	SELECT countIf(database = \'system\') as systemMerges, countIf(database != \'system\') as nonSystemMerges FROM system.merges
2026-08-02 02:27:05	3	0	0	0	SELECT now64(6) as scrape_time_microseconds, \'j62zx3k\' AS pod_ident, \'boneaws-al-46\' AS spoken_name, \'cell-1\' AS cell, \'ap-south-1\' AS region, \'aws\' AS cloud_provider, \'?\' AS clickhouse_version, \'0fc3eaab-fbcb-4533-8825-9be9faaea781\' AS control_plane_id, \'?\' AS system_processor, * FROM system."aggre
2026-08-02 02:27:07	4	0	0	0	SELECT now64(6) as scrape_time_microseconds, \'j62zx3k\' AS pod_ident, \'boneaws-al-46\' AS spoken_name, \'cell-1\' AS cell, \'ap-south-1\' AS region, \'aws\' AS cloud_provider, \'?\' AS clickhouse_version, \'0fc3eaab-fbcb-4533-8825-9be9faaea781\' AS control_plane_id, \'?\' AS system_processor, * FROM system."s3que
2026-08-02 02:27:08	4	0	0	0	SELECT now64(6) as scrape_time_microseconds, \'j62zx3k\' AS pod_ident, \'boneaws-al-46\' AS spoken_name, \'cell-1\' AS cell, \'ap-south-1\' AS region, \'aws\' AS cloud_provider, \'?\' AS clickhouse_version, \'0fc3eaab-fbcb-4533-8825-9be9faaea781\' AS control_plane_id, \'?\' AS system_processor, * FROM system."query
2026-08-02 02:27:08	1	0	0	1	             SELECT                 name,                 toJSONString(labels) as labels_serialized,                 value,                 help,                 type             FROM (                 SELECT   \'ClickHouse_CustomMetric_TotalMemoryUsedByMerges\' AS name,   toFloat64(SUM(memory_usage))
2026-08-02 02:27:12	113	0	0	0	SELECT now64(6) as scrape_time_microseconds, \'j62zx3k\' AS pod_ident, \'boneaws-al-46\' AS spoken_name, \'cell-1\' AS cell, \'ap-south-1\' AS region, \'aws\' AS cloud_provider, \'?\' AS clickhouse_version, \'0fc3eaab-fbcb-4533-8825-9be9faaea781\' AS control_plane_id, \'?\' AS system_processor, * FROM system."query
2026-08-02 02:27:13	2	15	1013	15	             SELECT                 name,                 toJSONString(labels) as labels_serialized,                 value,                 help,                 type             FROM (                 SELECT     \'ClickHouse_MetricsCollection_CustomMetricsSystemTable\' AS name,     toFloat64(1) AS va
2026-08-02 02:27:14	3	2	6511	1	SELECT count() FROM system.processes WHERE (initial_user NOT IN _CAST([\'backups-internal\', \'management-internal\', \'monitoring-internal\', \'observability-internal\', \'operator-internal\', \'prometheus-exporter\', \'prometheus-internal\', \'operator-cert-internal\', \'availability-monitoring-internal\', \'\'], \'Ar
2026-08-02 02:27:14	11	112	1610	1	SELECT countIf(database = \'system\') as systemParts, countIf(database != \'system\') as nonSystemParts FROM system.parts where active
2026-08-02 02:27:14	2	1	1616	1	SELECT countIf(database = \'system\') as systemMerges, countIf(database != \'system\') as nonSystemMerges FROM system.merges
2026-08-02 02:27:18	5	171	41352	171	SELECT             name,             value,             help,             JSONExtract(labels_serialized, \'Map(String, String)\') as labels,             type         FROM merge(system, \'^_custom_metrics_dictionary_.*\')         FORMAT Prometheus
2026-08-02 02:27:18	1	0	0	1	             SELECT                 name,                 toJSONString(labels) as labels_serialized,                 value,                 help,                 type             FROM (                 SELECT   \'ClickHouse_CustomMetric_TotalMemoryUsedByAsynchronousInserts\' AS name,   toFloat64(SUM(t
2026-08-02 02:27:18	2	0	0	0	             SELECT                 name,                 toJSONString(labels) as labels_serialized,                 value,                 help,                 type             FROM (                 SELECT   \'ClickHouse_CustomMetric_FailedMutations\' as name,   toFloat64(count()) as value,   \'The 
2026-08-02 02:27:18	3	6	213	0	             SELECT                 name,                 toJSONString(labels) as labels_serialized,                 value,                 help,                 type             FROM (                 SELECT   \'ClickHouse_CustomMetric_DatabaseReplicatedRecoveryTime\' as name,   toFloat64(recovery_ti
2026-08-02 02:27:23	1	6	2128	6	             SELECT                 name,                 toJSONString(labels) as labels_serialized,                 value,                 help,                 type             FROM (                 SELECT   concat(\'clickhouse_\', system.dimensional_metrics.metric) AS name,   toFloat64(system.dime
2026-08-02 02:27:23	1	0	0	1	             SELECT                 name,                 toJSONString(labels) as labels_serialized,                 value,                 help,                 type             FROM (                 SELECT   \'ClickHouse_CustomMetric_TotalMemoryUsedByMerges\' AS name,   toFloat64(SUM(memory_usage))
2026-08-02 02:27:23	3	6	213	0	             SELECT                 name,                 toJSONString(labels) as labels_serialized,                 value,                 help,                 type             FROM (                 SELECT   \'ClickHouse_CustomMetric_SharedCatalogRecoveryTime\' as name,   toFloat64(recovery_time) a
2026-08-02 02:27:24	3	4	14665	1	SELECT count() FROM system.processes WHERE (initial_user NOT IN _CAST([\'backups-internal\', \'management-internal\', \'monitoring-internal\', \'observability-internal\', \'operator-internal\', \'prometheus-exporter\', \'prometheus-internal\', \'operator-cert-internal\', \'availability-monitoring-internal\', \'\'], \'Ar
2026-08-02 02:27:24	2	98	1406	1	SELECT countIf(database = \'system\') as systemParts, countIf(database != \'system\') as nonSystemParts FROM system.parts where active
2026-08-02 02:27:24	1	0	0	1	SELECT countIf(database = \'system\') as systemMerges, countIf(database != \'system\') as nonSystemMerges FROM system.merges
2026-08-02 02:27:24	24	3192	597535	127	SELECT CAST(\'0fc3eaab-fbcb-4533-8825-9be9faaea781\', \'UUID\') AS instance_id, CAST(\'c-boneaws-al-46-server-j62zx3k-0\', \'LowCardinality(String)\') AS node_id, CAST(name, \'LowCardinality(String)\') AS metric, CAST(mapFilter((k, v) -> has(_CAST([\'remote\'], \'Array(String)\'), k), labels), \'Map(LowCardinality
2026-08-02 02:27:28	2	13	6340	1	             SELECT                 name,                 toJSONString(labels) as labels_serialized,                 value,                 help,                 type             FROM (                 SELECT   \'ClickHouse_CustomMetric_TotalMemoryUsedByDictionaries\' AS name,   toFloat64(SUM(bytes_al
2026-08-02 02:27:28	2	15	1013	15	             SELECT                 name,                 toJSONString(labels) as labels_serialized,                 value,                 help,                 type             FROM (                 SELECT     \'ClickHouse_MetricsCollection_CustomMetricsSystemTable\' AS name,     toFloat64(1) AS va
2026-08-02 02:27:28	3	6	213	0	             SELECT                 name,                 toJSONString(labels) as labels_serialized,                 value,                 help,                 type             FROM (                 SELECT   \'ClickHouse_CustomMetric_SharedCatalogRecoveryTime\' as name,   toFloat64(recovery_time) a
2026-08-02 02:27:28	21	6	10707	1	             SELECT                 name,                 toJSONString(labels) as labels_serialized,                 value,                 help,                 type             FROM (                 SELECT   \'ClickHouse_CustomMetric_TotalMemoryUsedByQueries\' AS name,   toFloat64(SUM(peak_memory_u
2026-08-02 02:27:31	32	138	1932	1	SELECT avg(ProfileEvent_OSCPUWaitMicroseconds) as cpu_wait FROM  system.metric_log  WHERE event_time > now() - INTERVAL 2 MINUTE AND event_date >= yesterday()
2026-08-02 02:27:31	5	6	13984	2	SELECT count() as count, sum(elapsed) as total_elapsed, \'lh\' as usr FROM system.processes  WHERE user = \'observability-internal\' AND client_hostname LIKE \'loghouse-scraper%\'  UNION ALL SELECT count() as count, sum(elapsed) as total_elapsed, \'other\' as usr FROM system.processes  WHERE user != \'observ
2026-08-02 02:27:31	1	887	368225	1	SELECT value FROM system.asynchronous_metrics WHERE metric = \'OSMemoryAvailable\' ;
2026-08-02 02:27:33	5	171	41352	171	SELECT             name,             value,             help,             JSONExtract(labels_serialized, \'Map(String, String)\') as labels,             type         FROM merge(system, \'^_custom_metrics_dictionary_.*\')         FORMAT Prometheus
2026-08-02 02:27:34	6	171	41352	171	SELECT             name,             value,             help,             JSONExtract(labels_serialized, \'Map(String, String)\') as labels,             type         FROM merge(system, \'^_custom_metrics_dictionary_.*\')         FORMAT Prometheus
2026-08-02 02:27:34	3	3	7269	1	SELECT count() FROM system.processes WHERE (initial_user NOT IN _CAST([\'backups-internal\', \'management-internal\', \'monitoring-internal\', \'observability-internal\', \'operator-internal\', \'prometheus-exporter\', \'prometheus-internal\', \'operator-cert-internal\', \'availability-monitoring-internal\', \'\'], \'Ar
2026-08-02 02:27:34	2	99	1421	1	SELECT countIf(database = \'system\') as systemParts, countIf(database != \'system\') as nonSystemParts FROM system.parts where active
2026-08-02 02:27:34	1	0	0	1	SELECT countIf(database = \'system\') as systemMerges, countIf(database != \'system\') as nonSystemMerges FROM system.merges
2026-08-02 02:27:38	13	8401	1998933	5326	SELECT now64(6) as scrape_time_microseconds, \'j62zx3k\' AS pod_ident, \'boneaws-al-46\' AS spoken_name, \'cell-1\' AS cell, \'ap-south-1\' AS region, \'aws\' AS cloud_provider, \'?\' AS clickhouse_version, \'0fc3eaab-fbcb-4533-8825-9be9faaea781\' AS control_plane_id, \'?\' AS system_processor, * FROM system."proce
2026-08-02 02:27:39	18	18858	4727729	10838	SELECT now64(6) as scrape_time_microseconds, \'j62zx3k\' AS pod_ident, \'boneaws-al-46\' AS spoken_name, \'cell-1\' AS cell, \'ap-south-1\' AS region, \'aws\' AS cloud_provider, \'?\' AS clickhouse_version, \'0fc3eaab-fbcb-4533-8825-9be9faaea781\' AS control_plane_id, \'?\' AS system_processor, * FROM system."trace
2026-08-02 02:27:40	32	4078	8638384	308	SELECT now64(6) as scrape_time_microseconds, \'j62zx3k\' AS pod_ident, \'boneaws-al-46\' AS spoken_name, \'cell-1\' AS cell, \'ap-south-1\' AS region, \'aws\' AS cloud_provider, \'?\' AS clickhouse_version, \'0fc3eaab-fbcb-4533-8825-9be9faaea781\' AS control_plane_id, \'?\' AS system_processor, * FROM system."query
2026-08-02 02:27:41	208	784	2123535	120	SELECT now64(6) as scrape_time_microseconds, \'j62zx3k\' AS pod_ident, \'boneaws-al-46\' AS spoken_name, \'cell-1\' AS cell, \'ap-south-1\' AS region, \'aws\' AS cloud_provider, \'?\' AS clickhouse_version, \'0fc3eaab-fbcb-4533-8825-9be9faaea781\' AS control_plane_id, \'?\' AS system_processor, * FROM system."metri
2026-08-02 02:27:43	4	6	213	0	             SELECT                 name,                 toJSONString(labels) as labels_serialized,                 value,                 help,                 type             FROM (                 SELECT   \'ClickHouse_CustomMetric_SharedCatalogRecoveryTime\' as name,   toFloat64(recovery_time) a
2026-08-02 02:27:44	601	0	0	241444	INSERT INTO sony.stage_raw_events (c0, c1, c2, c3, c4, c5, c6, c7, c8, c9, c10, c11, c12, c13) FORMAT CSV
2026-08-02 02:27:44	38892	241444	65755454	241444	INSERT INTO sony.stage_raw_events FORMAT CSV 
2026-08-02 02:27:44	5	378	114440	5	WITH metrics AS (SELECT name AS metric, toFloat64(value) AS val, now() AS ts FROM system.server_settings WHERE multiMatchAny(name, _CAST([\'^max_database_num_to_throw$\', \'^max_database_num_to_warn$\', \'^max_table_num_to_throw$\', \'^max_table_num_to_warn$\', \'^max_concurrent_queries$\'], \'Array(String)\'))
2026-08-02 02:27:44	10	159719	2402423	1268	SELECT CAST(\'0fc3eaab-fbcb-4533-8825-9be9faaea781\', \'UUID\') AS control_plane_id, CAST(\'c-boneaws-al-46-server-j62zx3k-0\', \'LowCardinality(String)\') AS pod_id, CAST(now64(), \'DateTime64(6)\') AS scrape_ts_microseconds, CAST(event_date, \'Date\') AS event_date, CAST(event_time, \'DateTime\') AS event_time,
2026-08-02 02:27:44	5	0	0	0	WITH source AS (SELECT [\'matview_execution_total\', if(exception_code != 0, \'matview_execution_fail\', \'\')] AS metrics, event_time AS ts FROM system.query_views_log WHERE (status != \'QueryStart\') AND (event_date >= toDate(_CAST(\'1785637509.333\', \'DateTime64\'))) AND (event_time >= toDateTime(_CAST(\'178
2026-08-02 02:27:44	3	10	42351	1	SELECT count() FROM system.processes WHERE (initial_user NOT IN _CAST([\'backups-internal\', \'management-internal\', \'monitoring-internal\', \'observability-internal\', \'operator-internal\', \'prometheus-exporter\', \'prometheus-internal\', \'operator-cert-internal\', \'availability-monitoring-internal\', \'\'], \'Ar
2026-08-02 02:27:44	2	102	1464	1	SELECT countIf(database = \'system\') as systemParts, countIf(database != \'system\') as nonSystemParts FROM system.parts where active
2026-08-02 02:27:44	2	0	0	1	SELECT countIf(database = \'system\') as systemMerges, countIf(database != \'system\') as nonSystemMerges FROM system.merges
2026-08-02 02:27:44	24	3193	597680	127	SELECT CAST(\'0fc3eaab-fbcb-4533-8825-9be9faaea781\', \'UUID\') AS instance_id, CAST(\'c-boneaws-al-46-server-j62zx3k-0\', \'LowCardinality(String)\') AS node_id, CAST(name, \'LowCardinality(String)\') AS metric, CAST(mapFilter((k, v) -> has(_CAST([\'remote\'], \'Array(String)\'), k), labels), \'Map(LowCardinality
2026-08-02 02:27:44	27	0	0	1	WITH failed_mutations AS (SELECT toDateTime(create_time) AS ts, count() AS val FROM system.mutations WHERE (ts > toDateTime(_CAST(\'1785637509.333\', \'DateTime64\'))) AND (ts <= toDateTime(_CAST(\'1785637629.333\', \'DateTime64\'))) AND (latest_failed_part != \'\') AND (is_done = 0) GROUP BY ts), failed_muta
2026-08-02 02:27:44	38	5224	78346	13	WITH metrics AS (SELECT multiIf((event_type = \'MergeParts\') AND (error = 0), \'merges_finished\', (event_type = \'MergeParts\') AND (error != 0), \'merges_failed\', (event_type = \'MutatePart\') AND (error = 0), \'mutate_part_finished\', (event_type = \'MutatePart\') AND (error != 0), \'mutate_part_failed\', NULL
2026-08-02 02:27:44	50	138	45406	103	SELECT CAST(\'0fc3eaab-fbcb-4533-8825-9be9faaea781\', \'UUID\') AS control_plane_id, CAST(\'c-boneaws-al-46-server-j62zx3k-0\', \'LowCardinality(String)\') AS pod_id, CAST(now64(), \'DateTime64(6)\') AS scrape_ts_microseconds, CAST(event_date, \'Date\') AS event_date, CAST(event_time, \'DateTime\') AS event_time,
2026-08-02 02:27:44	171	805	229690	25	WITH parts_agg AS (SELECT database AS agg_database, `table` AS agg_table, SUM(primary_key_size) AS primary_index_size, SUM(secondary_indices_compressed_bytes) AS secondary_index_size FROM system.parts WHERE active AND (database != \'system\') GROUP BY database, `table`), proj_agg AS (SELECT database A
2026-08-02 02:27:45	132	2244439	35975206	106322	SELECT now64(6) as scrape_time_microseconds, \'j62zx3k\' AS pod_ident, \'boneaws-al-46\' AS spoken_name, \'cell-1\' AS cell, \'ap-south-1\' AS region, \'aws\' AS cloud_provider, \'?\' AS clickhouse_version, \'0fc3eaab-fbcb-4533-8825-9be9faaea781\' AS control_plane_id, \'?\' AS system_processor, * FROM system."async
2026-08-02 02:27:46	25	26082	5543266	18026	SELECT now64(6) as scrape_time_microseconds, \'j62zx3k\' AS pod_ident, \'boneaws-al-46\' AS spoken_name, \'cell-1\' AS cell, \'ap-south-1\' AS region, \'aws\' AS cloud_provider, \'?\' AS clickhouse_version, \'0fc3eaab-fbcb-4533-8825-9be9faaea781\' AS control_plane_id, \'?\' AS system_processor, * FROM system."text_
2026-08-02 02:27:46	3	1530	559331	1	SELECT count(*) FROM system.settings
2026-08-02 02:27:48	7	171	41352	171	SELECT             name,             value,             help,             JSONExtract(labels_serialized, \'Map(String, String)\') as labels,             type         FROM merge(system, \'^_custom_metrics_dictionary_.*\')         FORMAT Prometheus
2026-08-02 02:27:48	2	15	1013	15	             SELECT                 name,                 toJSONString(labels) as labels_serialized,                 value,                 help,                 type             FROM (                 SELECT     \'ClickHouse_MetricsCollection_CustomMetricsSystemTable\' AS name,     toFloat64(1) AS va
2026-08-02 02:27:52	13	5223	2652755	171	SELECT now64(6) as scrape_time_microseconds, \'j62zx3k\' AS pod_ident, \'boneaws-al-46\' AS spoken_name, \'cell-1\' AS cell, \'ap-south-1\' AS region, \'aws\' AS cloud_provider, \'?\' AS clickhouse_version, \'0fc3eaab-fbcb-4533-8825-9be9faaea781\' AS control_plane_id, \'?\' AS system_processor, * FROM system."part_
2026-08-02 02:27:53	2	0	0	1	             SELECT                 name,                 toJSONString(labels) as labels_serialized,                 value,                 help,                 type             FROM (                 SELECT   \'ClickHouse_CustomMetric_TotalMemoryUsedByAsynchronousInserts\' AS name,   toFloat64(SUM(t
2026-08-02 02:27:53	2	13	6340	1	             SELECT                 name,                 toJSONString(labels) as labels_serialized,                 value,                 help,                 type             FROM (                 SELECT   \'ClickHouse_CustomMetric_TotalMemoryUsedByDictionaries\' AS name,   toFloat64(SUM(bytes_al
2026-08-02 02:27:53	605	0	0	241558	INSERT INTO sony.stage_raw_events (c0, c1, c2, c3, c4, c5, c6, c7, c8, c9, c10, c11, c12, c13) FORMAT CSV
2026-08-02 02:27:53	38550	241558	65755688	241558	INSERT INTO sony.stage_raw_events FORMAT CSV 
2026-08-02 02:27:54	3	4	8018	1	SELECT count() FROM system.processes WHERE (initial_user NOT IN _CAST([\'backups-internal\', \'management-internal\', \'monitoring-internal\', \'observability-internal\', \'operator-internal\', \'prometheus-exporter\', \'prometheus-internal\', \'operator-cert-internal\', \'availability-monitoring-internal\', \'\'], \'Ar
2026-08-02 02:27:54	2	114	1634	1	SELECT countIf(database = \'system\') as systemParts, countIf(database != \'system\') as nonSystemParts FROM system.parts where active
2026-08-02 02:27:54	1	0	0	1	SELECT countIf(database = \'system\') as systemMerges, countIf(database != \'system\') as nonSystemMerges FROM system.merges
2026-08-02 02:27:58	2	59	472	1	             SELECT                 name,                 toJSONString(labels) as labels_serialized,                 value,                 help,                 type             FROM (                 SELECT   \'ClickHouse_CustomMetric_TotalMemoryUsedByDataSkippingIndices\' AS name,   toFloat64(SUM(d
2026-08-02 02:27:58	2	15	1013	15	             SELECT                 name,                 toJSONString(labels) as labels_serialized,                 value,                 help,                 type             FROM (                 SELECT     \'ClickHouse_MetricsCollection_CustomMetricsSystemTable\' AS name,     toFloat64(1) AS va
2026-08-02 02:27:58	3	21	13503	0	             SELECT                 name,                 toJSONString(labels) as labels_serialized,                 value,                 help,                 type             FROM (                 SELECT   \'clickhouse_table_replica_readonly_start_timestamp_seconds\' as name,   toFloat64(toUnixTi
2026-08-02 02:27:59	8	4566	1356056	368	SELECT now64(6) as scrape_time_microseconds, \'j62zx3k\' AS pod_ident, \'boneaws-al-46\' AS spoken_name, \'cell-1\' AS cell, \'ap-south-1\' AS region, \'aws\' AS cloud_provider, \'?\' AS clickhouse_version, \'0fc3eaab-fbcb-4533-8825-9be9faaea781\' AS control_plane_id, \'?\' AS system_processor, * FROM system."blob_
2026-08-02 02:28:01	14	168	2352	1	SELECT avg(ProfileEvent_OSCPUWaitMicroseconds) as cpu_wait FROM  system.metric_log  WHERE event_time > now() - INTERVAL 2 MINUTE AND event_date >= yesterday()
2026-08-02 02:28:01	5	8	15500	2	SELECT count() as count, sum(elapsed) as total_elapsed, \'lh\' as usr FROM system.processes  WHERE user = \'observability-internal\' AND client_hostname LIKE \'loghouse-scraper%\'  UNION ALL SELECT count() as count, sum(elapsed) as total_elapsed, \'other\' as usr FROM system.processes  WHERE user != \'observ
2026-08-02 02:28:01	1	887	368225	1	SELECT value FROM system.asynchronous_metrics WHERE metric = \'OSMemoryAvailable\' ;
2026-08-02 02:28:03	6	154	37192	154	SELECT             name,             value,             help,             JSONExtract(labels_serialized, \'Map(String, String)\') as labels,             type         FROM merge(system, \'^_custom_metrics_dictionary_.*\')         FORMAT Prometheus
2026-08-02 02:28:03	1	0	0	1	             SELECT                 name,                 toJSONString(labels) as labels_serialized,                 value,                 help,                 type             FROM (                 SELECT   \'ClickHouse_CustomMetric_TotalMemoryUsedByMerges\' AS name,   toFloat64(SUM(memory_usage))
2026-08-02 02:28:03	2	15	1013	15	             SELECT                 name,                 toJSONString(labels) as labels_serialized,                 value,                 help,                 type             FROM (                 SELECT     \'ClickHouse_MetricsCollection_CustomMetricsSystemTable\' AS name,     toFloat64(1) AS va
2026-08-02 02:28:03	3	6	213	0	             SELECT                 name,                 toJSONString(labels) as labels_serialized,                 value,                 help,                 type             FROM (                 SELECT   \'ClickHouse_CustomMetric_SharedCatalogRecoveryTime\' as name,   toFloat64(recovery_time) a
2026-08-02 02:28:04	6	154	37192	154	SELECT             name,             value,             help,             JSONExtract(labels_serialized, \'Map(String, String)\') as labels,             type         FROM merge(system, \'^_custom_metrics_dictionary_.*\')         FORMAT Prometheus
2026-08-02 02:28:04	3	5	15423	1	SELECT count() FROM system.processes WHERE (initial_user NOT IN _CAST([\'backups-internal\', \'management-internal\', \'monitoring-internal\', \'observability-internal\', \'operator-internal\', \'prometheus-exporter\', \'prometheus-internal\', \'operator-cert-internal\', \'availability-monitoring-internal\', \'\'], \'Ar
2026-08-02 02:28:04	2	101	1449	1	SELECT countIf(database = \'system\') as systemParts, countIf(database != \'system\') as nonSystemParts FROM system.parts where active
2026-08-02 02:28:04	1	0	0	1	SELECT countIf(database = \'system\') as systemMerges, countIf(database != \'system\') as nonSystemMerges FROM system.merges
2026-08-02 02:28:04	24	3175	595143	127	SELECT CAST(\'0fc3eaab-fbcb-4533-8825-9be9faaea781\', \'UUID\') AS instance_id, CAST(\'c-boneaws-al-46-server-j62zx3k-0\', \'LowCardinality(String)\') AS node_id, CAST(name, \'LowCardinality(String)\') AS metric, CAST(mapFilter((k, v) -> has(_CAST([\'remote\'], \'Array(String)\'), k), labels), \'Map(LowCardinality
2026-08-02 02:28:08	1	0	0	1	             SELECT                 name,                 toJSONString(labels) as labels_serialized,                 value,                 help,                 type             FROM (                 SELECT   \'ClickHouse_CustomMetric_TotalMemoryUsedByAsynchronousInserts\' AS name,   toFloat64(SUM(t
2026-08-02 02:28:13	2	0	0	0	             SELECT                 name,                 toJSONString(labels) as labels_serialized,                 value,                 help,                 type             FROM (                 SELECT   \'ClickHouse_CustomMetric_FailedMutations\' as name,   toFloat64(count()) as value,   \'The 
2026-08-02 02:28:13	2	59	472	1	             SELECT                 name,                 toJSONString(labels) as labels_serialized,                 value,                 help,                 type             FROM (                 SELECT   \'ClickHouse_CustomMetric_TotalMemoryUsedByDataSkippingIndices\' AS name,   toFloat64(SUM(d
2026-08-02 02:28:13	3	6	213	0	             SELECT                 name,                 toJSONString(labels) as labels_serialized,                 value,                 help,                 type             FROM (                 SELECT   \'ClickHouse_CustomMetric_DatabaseReplicatedRecoveryTime\' as name,   toFloat64(recovery_ti
2026-08-02 02:28:13	3	6	213	0	             SELECT                 name,                 toJSONString(labels) as labels_serialized,                 value,                 help,                 type             FROM (                 SELECT   \'ClickHouse_CustomMetric_SharedCatalogRecoveryTime\' as name,   toFloat64(recovery_time) a
2026-08-02 02:28:14	3	4	8027	1	SELECT count() FROM system.processes WHERE (initial_user NOT IN _CAST([\'backups-internal\', \'management-internal\', \'monitoring-internal\', \'observability-internal\', \'operator-internal\', \'prometheus-exporter\', \'prometheus-internal\', \'operator-cert-internal\', \'availability-monitoring-internal\', \'\'], \'Ar
2026-08-02 02:28:14	2	108	1554	1	SELECT countIf(database = \'system\') as systemParts, countIf(database != \'system\') as nonSystemParts FROM system.parts where active
2026-08-02 02:28:14	2	0	0	1	SELECT countIf(database = \'system\') as systemMerges, countIf(database != \'system\') as nonSystemMerges FROM system.merges
2026-08-02 02:28:17	8	2122	1273407	36	SELECT now64(6) as scrape_time_microseconds, \'j62zx3k\' AS pod_ident, \'boneaws-al-46\' AS spoken_name, \'cell-1\' AS cell, \'ap-south-1\' AS region, \'aws\' AS cloud_provider, \'?\' AS clickhouse_version, \'0fc3eaab-fbcb-4533-8825-9be9faaea781\' AS control_plane_id, \'?\' AS system_processor, * FROM system."sessi
2026-08-02 02:28:18	5	154	37192	154	SELECT             name,             value,             help,             JSONExtract(labels_serialized, \'Map(String, String)\') as labels,             type         FROM merge(system, \'^_custom_metrics_dictionary_.*\')         FORMAT Prometheus
2026-08-02 02:28:18	1	6	2128	6	             SELECT                 name,                 toJSONString(labels) as labels_serialized,                 value,                 help,                 type             FROM (                 SELECT   concat(\'clickhouse_\', system.dimensional_metrics.metric) AS name,   toFloat64(system.dime
2026-08-02 02:28:18	2	0	0	0	             SELECT                 name,                 toJSONString(labels) as labels_serialized,                 value,                 help,                 type             FROM (                 SELECT   \'ClickHouse_CustomMetric_FailedMutations\' as name,   toFloat64(count()) as value,   \'The 
2026-08-02 02:28:18	2	6	10224	1	             SELECT                 name,                 toJSONString(labels) as labels_serialized,                 value,                 help,                 type             FROM (                 SELECT   \'ClickHouse_CustomMetric_TotalMemoryUsedByQueries\' AS name,   toFloat64(SUM(peak_memory_u
2026-08-02 02:28:24	594	0	0	241339	INSERT INTO sony.stage_raw_events (c0, c1, c2, c3, c4, c5, c6, c7, c8, c9, c10, c11, c12, c13) FORMAT CSV
2026-08-02 02:28:24	39628	241339	65755397	241339	INSERT INTO sony.stage_raw_events FORMAT CSV 
2026-08-02 02:28:24	3	4	14665	1	SELECT count() FROM system.processes WHERE (initial_user NOT IN _CAST([\'backups-internal\', \'management-internal\', \'monitoring-internal\', \'observability-internal\', \'operator-internal\', \'prometheus-exporter\', \'prometheus-internal\', \'operator-cert-internal\', \'availability-monitoring-internal\', \'\'], \'Ar
2026-08-02 02:28:24	2	111	1595	1	SELECT countIf(database = \'system\') as systemParts, countIf(database != \'system\') as nonSystemParts FROM system.parts where active
2026-08-02 02:28:24	1	0	0	1	SELECT countIf(database = \'system\') as systemMerges, countIf(database != \'system\') as nonSystemMerges FROM system.merges
2026-08-02 02:28:24	24	3176	595285	127	SELECT CAST(\'0fc3eaab-fbcb-4533-8825-9be9faaea781\', \'UUID\') AS instance_id, CAST(\'c-boneaws-al-46-server-j62zx3k-0\', \'LowCardinality(String)\') AS node_id, CAST(name, \'LowCardinality(String)\') AS metric, CAST(mapFilter((k, v) -> has(_CAST([\'remote\'], \'Array(String)\'), k), labels), \'Map(LowCardinality
2026-08-02 02:28:26	596	0	0	241365	INSERT INTO sony.stage_raw_events (c0, c1, c2, c3, c4, c5, c6, c7, c8, c9, c10, c11, c12, c13) FORMAT CSV
2026-08-02 02:28:26	35658	241365	65755510	241365	INSERT INTO sony.stage_raw_events FORMAT CSV 
2026-08-02 02:28:28	1	0	0	1	             SELECT                 name,                 toJSONString(labels) as labels_serialized,                 value,                 help,                 type             FROM (                 SELECT   \'ClickHouse_CustomMetric_TotalMemoryUsedByAsynchronousInserts\' AS name,   toFloat64(SUM(t
2026-08-02 02:28:28	2	59	472	1	             SELECT                 name,                 toJSONString(labels) as labels_serialized,                 value,                 help,                 type             FROM (                 SELECT   \'ClickHouse_CustomMetric_TotalMemoryUsedByDataSkippingIndices\' AS name,   toFloat64(SUM(d
2026-08-02 02:28:28	2	6	10764	1	             SELECT                 name,                 toJSONString(labels) as labels_serialized,                 value,                 help,                 type             FROM (                 SELECT   \'ClickHouse_CustomMetric_TotalMemoryUsedByQueries\' AS name,   toFloat64(SUM(peak_memory_u
2026-08-02 02:28:28	3	6	213	0	             SELECT                 name,                 toJSONString(labels) as labels_serialized,                 value,                 help,                 type             FROM (                 SELECT   \'ClickHouse_CustomMetric_SharedCatalogRecoveryTime\' as name,   toFloat64(recovery_time) a
2026-08-02 02:28:31	14	199	2786	1	SELECT avg(ProfileEvent_OSCPUWaitMicroseconds) as cpu_wait FROM  system.metric_log  WHERE event_time > now() - INTERVAL 2 MINUTE AND event_date >= yesterday()
2026-08-02 02:28:31	4	6	13984	2	SELECT count() as count, sum(elapsed) as total_elapsed, \'lh\' as usr FROM system.processes  WHERE user = \'observability-internal\' AND client_hostname LIKE \'loghouse-scraper%\'  UNION ALL SELECT count() as count, sum(elapsed) as total_elapsed, \'other\' as usr FROM system.processes  WHERE user != \'observ
2026-08-02 02:28:31	1	887	368225	1	SELECT value FROM system.asynchronous_metrics WHERE metric = \'OSMemoryAvailable\' ;
2026-08-02 02:28:32	596	0	0	241563	INSERT INTO sony.stage_raw_events (c0, c1, c2, c3, c4, c5, c6, c7, c8, c9, c10, c11, c12, c13) FORMAT CSV
2026-08-02 02:28:32	38735	241563	65755436	241563	INSERT INTO sony.stage_raw_events FORMAT CSV 
2026-08-02 02:28:33	6	154	37192	154	SELECT             name,             value,             help,             JSONExtract(labels_serialized, \'Map(String, String)\') as labels,             type         FROM merge(system, \'^_custom_metrics_dictionary_.*\')         FORMAT Prometheus
2026-08-02 02:28:33	2	0	0	0	             SELECT                 name,                 toJSONString(labels) as labels_serialized,                 value,                 help,                 type             FROM (                 SELECT   \'ClickHouse_CustomMetric_FailedMutations\' as name,   toFloat64(count()) as value,   \'The 
2026-08-02 02:28:34	6	149	36056	149	SELECT             name,             value,             help,             JSONExtract(labels_serialized, \'Map(String, String)\') as labels,             type         FROM merge(system, \'^_custom_metrics_dictionary_.*\')         FORMAT Prometheus
2026-08-02 02:28:34	3	2	6511	1	SELECT count() FROM system.processes WHERE (initial_user NOT IN _CAST([\'backups-internal\', \'management-internal\', \'monitoring-internal\', \'observability-internal\', \'operator-internal\', \'prometheus-exporter\', \'prometheus-internal\', \'operator-cert-internal\', \'availability-monitoring-internal\', \'\'], \'Ar
2026-08-02 02:28:34	3	117	1677	1	SELECT countIf(database = \'system\') as systemParts, countIf(database != \'system\') as nonSystemParts FROM system.parts where active
2026-08-02 02:28:34	2	1	783	1	SELECT countIf(database = \'system\') as systemMerges, countIf(database != \'system\') as nonSystemMerges FROM system.merges
2026-08-02 02:28:38	2	5	10001	1	             SELECT                 name,                 toJSONString(labels) as labels_serialized,                 value,                 help,                 type             FROM (                 SELECT   \'ClickHouse_CustomMetric_TotalMemoryUsedByQueries\' AS name,   toFloat64(SUM(peak_memory_u
2026-08-02 02:28:38	2	13	6340	1	             SELECT                 name,                 toJSONString(labels) as labels_serialized,                 value,                 help,                 type             FROM (                 SELECT   \'ClickHouse_CustomMetric_TotalMemoryUsedByDictionaries\' AS name,   toFloat64(SUM(bytes_al
2026-08-02 02:28:38	3	21	13503	0	             SELECT                 name,                 toJSONString(labels) as labels_serialized,                 value,                 help,                 type             FROM (                 SELECT   \'clickhouse_table_replica_readonly_start_timestamp_seconds\' as name,   toFloat64(toUnixTi
2026-08-02 02:28:38	3	6	213	0	             SELECT                 name,                 toJSONString(labels) as labels_serialized,                 value,                 help,                 type             FROM (                 SELECT   \'ClickHouse_CustomMetric_SharedCatalogRecoveryTime\' as name,   toFloat64(recovery_time) a
2026-08-02 02:28:43	2	15	1013	15	             SELECT                 name,                 toJSONString(labels) as labels_serialized,                 value,                 help,                 type             FROM (                 SELECT     \'ClickHouse_MetricsCollection_CustomMetricsSystemTable\' AS name,     toFloat64(1) AS va
2026-08-02 02:28:43	2	13	6340	1	             SELECT                 name,                 toJSONString(labels) as labels_serialized,                 value,                 help,                 type             FROM (                 SELECT   \'ClickHouse_CustomMetric_TotalMemoryUsedByDictionaries\' AS name,   toFloat64(SUM(bytes_al
2026-08-02 02:28:44	3	3	13907	1	SELECT count() FROM system.processes WHERE (initial_user NOT IN _CAST([\'backups-internal\', \'management-internal\', \'monitoring-internal\', \'observability-internal\', \'operator-internal\', \'prometheus-exporter\', \'prometheus-internal\', \'operator-cert-internal\', \'availability-monitoring-internal\', \'\'], \'Ar
2026-08-02 02:28:44	2	109	1567	1	SELECT countIf(database = \'system\') as systemParts, countIf(database != \'system\') as nonSystemParts FROM system.parts where active
2026-08-02 02:28:44	1	0	0	1	SELECT countIf(database = \'system\') as systemMerges, countIf(database != \'system\') as nonSystemMerges FROM system.merges
2026-08-02 02:28:44	38	3173	594822	127	SELECT CAST(\'0fc3eaab-fbcb-4533-8825-9be9faaea781\', \'UUID\') AS instance_id, CAST(\'c-boneaws-al-46-server-j62zx3k-0\', \'LowCardinality(String)\') AS node_id, CAST(name, \'LowCardinality(String)\') AS metric, CAST(mapFilter((k, v) -> has(_CAST([\'remote\'], \'Array(String)\'), k), labels), \'Map(LowCardinality
2026-08-02 02:28:48	5	149	36056	149	SELECT             name,             value,             help,             JSONExtract(labels_serialized, \'Map(String, String)\') as labels,             type         FROM merge(system, \'^_custom_metrics_dictionary_.*\')         FORMAT Prometheus
2026-08-02 02:28:48	3	6	213	0	             SELECT                 name,                 toJSONString(labels) as labels_serialized,                 value,                 help,                 type             FROM (                 SELECT   \'ClickHouse_CustomMetric_DatabaseReplicatedRecoveryTime\' as name,   toFloat64(recovery_ti
2026-08-02 02:28:53	1	0	0	1	             SELECT                 name,                 toJSONString(labels) as labels_serialized,                 value,                 help,                 type             FROM (                 SELECT   \'ClickHouse_CustomMetric_TotalMemoryUsedByAsynchronousInserts\' AS name,   toFloat64(SUM(t
2026-08-02 02:28:54	3	2	6511	1	SELECT count() FROM system.processes WHERE (initial_user NOT IN _CAST([\'backups-internal\', \'management-internal\', \'monitoring-internal\', \'observability-internal\', \'operator-internal\', \'prometheus-exporter\', \'prometheus-internal\', \'operator-cert-internal\', \'availability-monitoring-internal\', \'\'], \'Ar
2026-08-02 02:28:54	2	106	1522	1	SELECT countIf(database = \'system\') as systemParts, countIf(database != \'system\') as nonSystemParts FROM system.parts where active
2026-08-02 02:28:54	1	0	0	1	SELECT countIf(database = \'system\') as systemMerges, countIf(database != \'system\') as nonSystemMerges FROM system.merges
2026-08-02 02:28:56	3	0	0	0	SELECT now64(6) as scrape_time_microseconds, \'j62zx3k\' AS pod_ident, \'boneaws-al-46\' AS spoken_name, \'cell-1\' AS cell, \'ap-south-1\' AS region, \'aws\' AS cloud_provider, \'?\' AS clickhouse_version, \'0fc3eaab-fbcb-4533-8825-9be9faaea781\' AS control_plane_id, \'?\' AS system_processor, * FROM system."files
2026-08-02 02:28:56	4	0	0	0	SELECT now64(6) as scrape_time_microseconds, \'j62zx3k\' AS pod_ident, \'boneaws-al-46\' AS spoken_name, \'cell-1\' AS cell, \'ap-south-1\' AS region, \'aws\' AS cloud_provider, \'?\' AS clickhouse_version, \'0fc3eaab-fbcb-4533-8825-9be9faaea781\' AS control_plane_id, \'?\' AS system_processor, * FROM system."async
2026-08-02 02:28:56	604	0	0	241527	INSERT INTO sony.stage_raw_events (c0, c1, c2, c3, c4, c5, c6, c7, c8, c9, c10, c11, c12, c13) FORMAT CSV
2026-08-02 02:28:56	31509	241527	65755713	241527	INSERT INTO sony.stage_raw_events FORMAT CSV 
2026-08-02 02:28:57	4	0	0	0	SELECT now64(6) as scrape_time_microseconds, \'j62zx3k\' AS pod_ident, \'boneaws-al-46\' AS spoken_name, \'cell-1\' AS cell, \'ap-south-1\' AS region, \'aws\' AS cloud_provider, \'?\' AS clickhouse_version, \'0fc3eaab-fbcb-4533-8825-9be9faaea781\' AS control_plane_id, \'?\' AS system_processor, * FROM system."crash
2026-08-02 02:28:58	2	0	0	0	SELECT now64(6) as scrape_time_microseconds, \'j62zx3k\' AS pod_ident, \'boneaws-al-46\' AS spoken_name, \'cell-1\' AS cell, \'ap-south-1\' AS region, \'aws\' AS cloud_provider, \'?\' AS clickhouse_version, \'0fc3eaab-fbcb-4533-8825-9be9faaea781\' AS control_plane_id, \'?\' AS system_processor, * FROM system."click
2026-08-02 02:28:58	1	0	0	1	             SELECT                 name,                 toJSONString(labels) as labels_serialized,                 value,                 help,                 type             FROM (                 SELECT   \'ClickHouse_CustomMetric_TotalMemoryUsedByMerges\' AS name,   toFloat64(SUM(memory_usage))
2026-08-02 02:28:58	3	6	213	0	             SELECT                 name,                 toJSONString(labels) as labels_serialized,                 value,                 help,                 type             FROM (                 SELECT   \'ClickHouse_CustomMetric_SharedCatalogRecoveryTime\' as name,   toFloat64(recovery_time) a
2026-08-02 02:28:59	3	0	0	0	SELECT now64(6) as scrape_time_microseconds, \'j62zx3k\' AS pod_ident, \'boneaws-al-46\' AS spoken_name, \'cell-1\' AS cell, \'ap-south-1\' AS region, \'aws\' AS cloud_provider, \'?\' AS clickhouse_version, \'0fc3eaab-fbcb-4533-8825-9be9faaea781\' AS control_plane_id, \'?\' AS system_processor, * FROM system."backu
2026-08-02 02:28:59	2	0	8	1	SELECT count() FROM system.backups where status IN (0,3)
2026-08-02 02:28:59	3	1	5472	1	SELECT count() FROM system.processes WHERE (elapsed > _CAST(0, \'Int64\')) AND (initial_user NOT IN _CAST([\'backups-internal\', \'management-internal\', \'monitoring-internal\', \'observability-internal\', \'operator-internal\', \'prometheus-exporter\', \'prometheus-internal\', \'operator-cert-internal\', \'availabil
2026-08-02 02:29:00	5	0	0	0	SELECT now64(6) as scrape_time_microseconds, \'j62zx3k\' AS pod_ident, \'boneaws-al-46\' AS spoken_name, \'cell-1\' AS cell, \'ap-south-1\' AS region, \'aws\' AS cloud_provider, \'?\' AS clickhouse_version, \'0fc3eaab-fbcb-4533-8825-9be9faaea781\' AS control_plane_id, \'?\' AS system_processor, * FROM system."query
2026-08-02 02:29:01	14	229	3206	1	SELECT avg(ProfileEvent_OSCPUWaitMicroseconds) as cpu_wait FROM  system.metric_log  WHERE event_time > now() - INTERVAL 2 MINUTE AND event_date >= yesterday()
2026-08-02 02:29:01	6	2	10208	2	SELECT count() as count, sum(elapsed) as total_elapsed, \'lh\' as usr FROM system.processes  WHERE user = \'observability-internal\' AND client_hostname LIKE \'loghouse-scraper%\'  UNION ALL SELECT count() as count, sum(elapsed) as total_elapsed, \'other\' as usr FROM system.processes  WHERE user != \'observ
2026-08-02 02:29:01	1	886	368083	1	SELECT value FROM system.asynchronous_metrics WHERE metric = \'OSMemoryAvailable\' ;
2026-08-02 02:29:02	3	0	0	0	SELECT now64(6) as scrape_time_microseconds, \'j62zx3k\' AS pod_ident, \'boneaws-al-46\' AS spoken_name, \'cell-1\' AS cell, \'ap-south-1\' AS region, \'aws\' AS cloud_provider, \'?\' AS clickhouse_version, \'0fc3eaab-fbcb-4533-8825-9be9faaea781\' AS control_plane_id, \'?\' AS system_processor, * FROM system."files
2026-08-02 02:29:03	4	0	0	0	SELECT now64(6) as scrape_time_microseconds, \'j62zx3k\' AS pod_ident, \'boneaws-al-46\' AS spoken_name, \'cell-1\' AS cell, \'ap-south-1\' AS region, \'aws\' AS cloud_provider, \'?\' AS clickhouse_version, \'0fc3eaab-fbcb-4533-8825-9be9faaea781\' AS control_plane_id, \'?\' AS system_processor, * FROM system."zooke
2026-08-02 02:29:03	5	149	36056	149	SELECT             name,             value,             help,             JSONExtract(labels_serialized, \'Map(String, String)\') as labels,             type         FROM merge(system, \'^_custom_metrics_dictionary_.*\')         FORMAT Prometheus
2026-08-02 02:29:03	2	15	1013	15	             SELECT                 name,                 toJSONString(labels) as labels_serialized,                 value,                 help,                 type             FROM (                 SELECT     \'ClickHouse_MetricsCollection_CustomMetricsSystemTable\' AS name,     toFloat64(1) AS va
2026-08-02 02:29:03	3	21	13527	0	             SELECT                 name,                 toJSONString(labels) as labels_serialized,                 value,                 help,                 type             FROM (                 SELECT   \'clickhouse_table_replica_readonly_start_timestamp_seconds\' as name,   toFloat64(toUnixTi
2026-08-02 02:29:04	4	5	20	0	SELECT now64(6) as scrape_time_microseconds, \'j62zx3k\' AS pod_ident, \'boneaws-al-46\' AS spoken_name, \'cell-1\' AS cell, \'ap-south-1\' AS region, \'aws\' AS cloud_provider, \'?\' AS clickhouse_version, \'0fc3eaab-fbcb-4533-8825-9be9faaea781\' AS control_plane_id, \'?\' AS system_processor, * FROM system."error
2026-08-02 02:29:04	6	149	36056	149	SELECT             name,             value,             help,             JSONExtract(labels_serialized, \'Map(String, String)\') as labels,             type         FROM merge(system, \'^_custom_metrics_dictionary_.*\')         FORMAT Prometheus
2026-08-02 02:29:04	2	2	12834	1	SELECT count() FROM system.processes WHERE (initial_user NOT IN _CAST([\'backups-internal\', \'management-internal\', \'monitoring-internal\', \'observability-internal\', \'operator-internal\', \'prometheus-exporter\', \'prometheus-internal\', \'operator-cert-internal\', \'availability-monitoring-internal\', \'\'], \'Ar
2026-08-02 02:29:04	2	185	2545	1	SELECT countIf(database = \'system\') as systemParts, countIf(database != \'system\') as nonSystemParts FROM system.parts where active
2026-08-02 02:29:04	1	0	0	1	SELECT countIf(database = \'system\') as systemMerges, countIf(database != \'system\') as nonSystemMerges FROM system.merges
2026-08-02 02:29:04	25	3172	594680	127	SELECT CAST(\'0fc3eaab-fbcb-4533-8825-9be9faaea781\', \'UUID\') AS instance_id, CAST(\'c-boneaws-al-46-server-j62zx3k-0\', \'LowCardinality(String)\') AS node_id, CAST(name, \'LowCardinality(String)\') AS metric, CAST(mapFilter((k, v) -> has(_CAST([\'remote\'], \'Array(String)\'), k), labels), \'Map(LowCardinality
2026-08-02 02:29:05	3	0	0	0	SELECT now64(6) as scrape_time_microseconds, \'j62zx3k\' AS pod_ident, \'boneaws-al-46\' AS spoken_name, \'cell-1\' AS cell, \'ap-south-1\' AS region, \'aws\' AS cloud_provider, \'?\' AS clickhouse_version, \'0fc3eaab-fbcb-4533-8825-9be9faaea781\' AS control_plane_id, \'?\' AS system_processor, * FROM system."aggre
2026-08-02 02:29:07	4	0	0	0	SELECT now64(6) as scrape_time_microseconds, \'j62zx3k\' AS pod_ident, \'boneaws-al-46\' AS spoken_name, \'cell-1\' AS cell, \'ap-south-1\' AS region, \'aws\' AS cloud_provider, \'?\' AS clickhouse_version, \'0fc3eaab-fbcb-4533-8825-9be9faaea781\' AS control_plane_id, \'?\' AS system_processor, * FROM system."s3que
2026-08-02 02:29:08	4	0	0	0	SELECT now64(6) as scrape_time_microseconds, \'j62zx3k\' AS pod_ident, \'boneaws-al-46\' AS spoken_name, \'cell-1\' AS cell, \'ap-south-1\' AS region, \'aws\' AS cloud_provider, \'?\' AS clickhouse_version, \'0fc3eaab-fbcb-4533-8825-9be9faaea781\' AS control_plane_id, \'?\' AS system_processor, * FROM system."query
2026-08-02 02:29:08	1	9	3184	9	             SELECT                 name,                 toJSONString(labels) as labels_serialized,                 value,                 help,                 type             FROM (                 SELECT   concat(\'clickhouse_\', system.dimensional_metrics.metric) AS name,   toFloat64(system.dime
2026-08-02 02:29:08	2	13	6340	1	             SELECT                 name,                 toJSONString(labels) as labels_serialized,                 value,                 help,                 type             FROM (                 SELECT   \'ClickHouse_CustomMetric_TotalMemoryUsedByDictionaries\' AS name,   toFloat64(SUM(bytes_al
2026-08-02 02:29:12	94	0	0	0	SELECT now64(6) as scrape_time_microseconds, \'j62zx3k\' AS pod_ident, \'boneaws-al-46\' AS spoken_name, \'cell-1\' AS cell, \'ap-south-1\' AS region, \'aws\' AS cloud_provider, \'?\' AS clickhouse_version, \'0fc3eaab-fbcb-4533-8825-9be9faaea781\' AS control_plane_id, \'?\' AS system_processor, * FROM system."query
2026-08-02 02:29:13	2	59	472	1	             SELECT                 name,                 toJSONString(labels) as labels_serialized,                 value,                 help,                 type             FROM (                 SELECT   \'ClickHouse_CustomMetric_TotalMemoryUsedByDataSkippingIndices\' AS name,   toFloat64(SUM(d
2026-08-02 02:29:13	2	2	6302	1	             SELECT                 name,                 toJSONString(labels) as labels_serialized,                 value,                 help,                 type             FROM (                 SELECT   \'ClickHouse_CustomMetric_TotalMemoryUsedByQueries\' AS name,   toFloat64(SUM(peak_memory_u
2026-08-02 02:29:14	3	1	5438	1	SELECT count() FROM system.processes WHERE (initial_user NOT IN _CAST([\'backups-internal\', \'management-internal\', \'monitoring-internal\', \'observability-internal\', \'operator-internal\', \'prometheus-exporter\', \'prometheus-internal\', \'operator-cert-internal\', \'availability-monitoring-internal\', \'\'], \'Ar
2026-08-02 02:29:14	3	317	4253	1	SELECT countIf(database = \'system\') as systemParts, countIf(database != \'system\') as nonSystemParts FROM system.parts where active
2026-08-02 02:29:14	2	0	0	1	SELECT countIf(database = \'system\') as systemMerges, countIf(database != \'system\') as nonSystemMerges FROM system.merges
2026-08-02 02:29:18	6	152	37304	152	SELECT             name,             value,             help,             JSONExtract(labels_serialized, \'Map(String, String)\') as labels,             type         FROM merge(system, \'^_custom_metrics_dictionary_.*\')         FORMAT Prometheus
2026-08-02 02:29:18	3	6	213	0	             SELECT                 name,                 toJSONString(labels) as labels_serialized,                 value,                 help,                 type             FROM (                 SELECT   \'ClickHouse_CustomMetric_DatabaseReplicatedRecoveryTime\' as name,   toFloat64(recovery_ti
2026-08-02 02:29:18	3	21	13503	0	             SELECT                 name,                 toJSONString(labels) as labels_serialized,                 value,                 help,                 type             FROM (                 SELECT   \'clickhouse_table_replica_readonly_start_timestamp_seconds\' as name,   toFloat64(toUnixTi
2026-08-02 02:29:23	1	0	0	1	             SELECT                 name,                 toJSONString(labels) as labels_serialized,                 value,                 help,                 type             FROM (                 SELECT   \'ClickHouse_CustomMetric_TotalMemoryUsedByAsynchronousInserts\' AS name,   toFloat64(SUM(t
2026-08-02 02:29:23	2	0	0	0	             SELECT                 name,                 toJSONString(labels) as labels_serialized,                 value,                 help,                 type             FROM (                 SELECT   \'ClickHouse_CustomMetric_FailedMutations\' as name,   toFloat64(count()) as value,   \'The 
2026-08-02 02:29:23	3	6	213	0	             SELECT                 name,                 toJSONString(labels) as labels_serialized,                 value,                 help,                 type             FROM (                 SELECT   \'ClickHouse_CustomMetric_SharedCatalogRecoveryTime\' as name,   toFloat64(recovery_time) a
2026-08-02 02:29:24	2	2	12834	1	SELECT count() FROM system.processes WHERE (initial_user NOT IN _CAST([\'backups-internal\', \'management-internal\', \'monitoring-internal\', \'observability-internal\', \'operator-internal\', \'prometheus-exporter\', \'prometheus-internal\', \'operator-cert-internal\', \'availability-monitoring-internal\', \'\'], \'Ar
2026-08-02 02:29:24	2	400	5338	1	SELECT countIf(database = \'system\') as systemParts, countIf(database != \'system\') as nonSystemParts FROM system.parts where active
2026-08-02 02:29:24	1	0	0	1	SELECT countIf(database = \'system\') as systemMerges, countIf(database != \'system\') as nonSystemMerges FROM system.merges
2026-08-02 02:29:24	24	3176	595419	127	SELECT CAST(\'0fc3eaab-fbcb-4533-8825-9be9faaea781\', \'UUID\') AS instance_id, CAST(\'c-boneaws-al-46-server-j62zx3k-0\', \'LowCardinality(String)\') AS node_id, CAST(name, \'LowCardinality(String)\') AS metric, CAST(mapFilter((k, v) -> has(_CAST([\'remote\'], \'Array(String)\'), k), labels), \'Map(LowCardinality
2026-08-02 02:29:24	27	0	0	0	DROP TABLE IF EXISTS sony.stage_raw_events
2026-08-02 02:29:24	34	0	0	0	DROP TABLE IF EXISTS sony.stage_raw_events 
2026-08-02 02:29:25	171	7000000	56000000	1	SELECT round(dateDiff(\'second\', max(event_time), now64(3, \'UTC\')), 1) FROM sony.raw_events FORMAT TabSeparated 
2026-08-02 02:29:26	215	7000000	469115259	1	SELECT uniqExact(user_id) FROM sony.raw_events FORMAT TabSeparated 
2026-08-02 02:29:26	41	7000000	56000000	1	SELECT concat(toString(min(event_time)),\' .. \',toString(max(event_time))) FROM sony.raw_events FORMAT TabSeparated 
2026-08-02 02:29:28	1	9	3184	9	             SELECT                 name,                 toJSONString(labels) as labels_serialized,                 value,                 help,                 type             FROM (                 SELECT   concat(\'clickhouse_\', system.dimensional_metrics.metric) AS name,   toFloat64(system.dime
2026-08-02 02:29:28	1	0	0	1	             SELECT                 name,                 toJSONString(labels) as labels_serialized,                 value,                 help,                 type             FROM (                 SELECT   \'ClickHouse_CustomMetric_TotalMemoryUsedByMerges\' AS name,   toFloat64(SUM(memory_usage))
2026-08-02 02:29:28	2	4	19351	1	             SELECT                 name,                 toJSONString(labels) as labels_serialized,                 value,                 help,                 type             FROM (                 SELECT   \'ClickHouse_CustomMetric_TotalMemoryUsedByQueries\' AS name,   toFloat64(SUM(peak_memory_u
2026-08-02 02:29:30	3420	7033326	1093686947	149500	INSERT INTO sony.session_active_intervals WITH                    toInt64(120000) AS gap_timeout,     toInt64(0)   AS gap_grace,     toInt64(1785756375032)   AS watermark SELECT     video_session_id,     (iv.1) AS interval_seq,     fromUnixTimestamp64Milli(iv.2, \'UTC\')  AS active_start,     fromUni
2026-08-02 02:29:31	1	1	16	1	SELECT count() FROM sony.session_active_intervals FORMAT TabSeparated 
2026-08-02 02:29:31	15	121	1694	1	SELECT avg(ProfileEvent_OSCPUWaitMicroseconds) as cpu_wait FROM  system.metric_log  WHERE event_time > now() - INTERVAL 2 MINUTE AND event_date >= yesterday()
2026-08-02 02:29:31	4	2	10208	2	SELECT count() as count, sum(elapsed) as total_elapsed, \'lh\' as usr FROM system.processes  WHERE user = \'observability-internal\' AND client_hostname LIKE \'loghouse-scraper%\'  UNION ALL SELECT count() as count, sum(elapsed) as total_elapsed, \'other\' as usr FROM system.processes  WHERE user != \'observ
2026-08-02 02:29:31	1	887	368225	1	SELECT value FROM system.asynchronous_metrics WHERE metric = \'OSMemoryAvailable\' ;
2026-08-02 02:29:31	27	0	0	0	DROP TABLE IF EXISTS sony.concurrency_hourly_checkpoint
2026-08-02 02:29:31	34	0	0	0	DROP TABLE IF EXISTS sony.concurrency_hourly_checkpoint 
2026-08-02 02:29:33	6	152	37304	152	SELECT             name,             value,             help,             JSONExtract(labels_serialized, \'Map(String, String)\') as labels,             type         FROM merge(system, \'^_custom_metrics_dictionary_.*\')         FORMAT Prometheus
2026-08-02 02:29:34	6	152	37304	152	SELECT             name,             value,             help,             JSONExtract(labels_serialized, \'Map(String, String)\') as labels,             type         FROM merge(system, \'^_custom_metrics_dictionary_.*\')         FORMAT Prometheus
2026-08-02 02:29:34	3	2	13964	1	SELECT count() FROM system.processes WHERE (initial_user NOT IN _CAST([\'backups-internal\', \'management-internal\', \'monitoring-internal\', \'observability-internal\', \'operator-internal\', \'prometheus-exporter\', \'prometheus-internal\', \'operator-cert-internal\', \'availability-monitoring-internal\', \'\'], \'Ar
2026-08-02 02:29:34	3	449	5979	1	SELECT countIf(database = \'system\') as systemParts, countIf(database != \'system\') as nonSystemParts FROM system.parts where active
2026-08-02 02:29:34	1	0	0	1	SELECT countIf(database = \'system\') as systemMerges, countIf(database != \'system\') as nonSystemMerges FROM system.merges
2026-08-02 02:29:35	2908	336496	32324244	119437	INSERT INTO sony.concurrency_minute_delta SELECT platform, country, video_type, content_id, minute, sum(d) AS delta FROM (     SELECT platform, country, video_type, content_id,            toDateTime(intDiv(active_start_ms, 60000) * 60, \'UTC\') AS minute,            1 AS d     FROM sony.session_active
2026-08-02 02:29:35	12	0	0	0	CREATE OR REPLACE VIEW sony.concurrency_delta_all UUID \'bdefc566-c46e-4dfa-9abb-883b3ba48b9a\' (`platform` LowCardinality(String), `country` LowCardinality(String), `video_type` LowCardinality(String), `content_id` Int64, `minute` DateTime(\'UTC\'), `delta` Int32) AS SELECT platform, country, video_typ
2026-08-02 02:29:35	72	0	0	0	CREATE OR REPLACE VIEW sony.concurrency_delta_all AS SELECT platform, country, video_type, content_id, minute, delta FROM sony.concurrency_minute_delta UNION ALL SELECT platform, country, video_type, content_id, minute, delta FROM sony.open_minute_delta 
2026-08-02 02:29:36	26	168248	15744926	1	SELECT sum(intDiv(active_end_ms,60000)-intDiv(active_start_ms,60000)+1) FROM sony.session_active_intervals FINAL FORMAT TabSeparated 
2026-08-02 02:29:37	6	110181	881448	1	SELECT toString(toDate(argMax(minute, delta))) FROM sony.concurrency_minute_delta FORMAT TabSeparated 
2026-08-02 02:29:37	7	33326	299965	33326	SELECT toString(content_id), video_type FROM sony.content_dim FINAL FORMAT TabSeparated 
2026-08-02 02:29:38	15	16949	4036411	4635	SELECT now64(6) as scrape_time_microseconds, \'j62zx3k\' AS pod_ident, \'boneaws-al-46\' AS spoken_name, \'cell-1\' AS cell, \'ap-south-1\' AS region, \'aws\' AS cloud_provider, \'?\' AS clickhouse_version, \'0fc3eaab-fbcb-4533-8825-9be9faaea781\' AS control_plane_id, \'?\' AS system_processor, * FROM system."proce
2026-08-02 02:29:39	15	15873	3881002	10611	SELECT now64(6) as scrape_time_microseconds, \'j62zx3k\' AS pod_ident, \'boneaws-al-46\' AS spoken_name, \'cell-1\' AS cell, \'ap-south-1\' AS region, \'aws\' AS cloud_provider, \'?\' AS clickhouse_version, \'0fc3eaab-fbcb-4533-8825-9be9faaea781\' AS control_plane_id, \'?\' AS system_processor, * FROM system."trace
2026-08-02 02:29:40	33	4486	9406306	322	SELECT now64(6) as scrape_time_microseconds, \'j62zx3k\' AS pod_ident, \'boneaws-al-46\' AS spoken_name, \'cell-1\' AS cell, \'ap-south-1\' AS region, \'aws\' AS cloud_provider, \'?\' AS clickhouse_version, \'0fc3eaab-fbcb-4533-8825-9be9faaea781\' AS control_plane_id, \'?\' AS system_processor, * FROM system."query
2026-08-02 02:29:41	171	784	2123535	120	SELECT now64(6) as scrape_time_microseconds, \'j62zx3k\' AS pod_ident, \'boneaws-al-46\' AS spoken_name, \'cell-1\' AS cell, \'ap-south-1\' AS region, \'aws\' AS cloud_provider, \'?\' AS clickhouse_version, \'0fc3eaab-fbcb-4533-8825-9be9faaea781\' AS control_plane_id, \'?\' AS system_processor, * FROM system."metri
2026-08-02 02:29:44	5	0	0	0	WITH source AS (SELECT [\'matview_execution_total\', if(exception_code != 0, \'matview_execution_fail\', \'\')] AS metrics, event_time AS ts FROM system.query_views_log WHERE (status != \'QueryStart\') AND (event_date >= toDate(_CAST(\'1785637629.333\', \'DateTime64\'))) AND (event_time >= toDateTime(_CAST(\'178
2026-08-02 02:29:44	5	378	114440	5	WITH metrics AS (SELECT name AS metric, toFloat64(value) AS val, now() AS ts FROM system.server_settings WHERE multiMatchAny(name, _CAST([\'^max_database_num_to_throw$\', \'^max_database_num_to_warn$\', \'^max_table_num_to_throw$\', \'^max_table_num_to_warn$\', \'^max_concurrent_queries$\'], \'Array(String)\'))
2026-08-02 02:29:44	11	5632	53128	15	WITH metrics AS (SELECT multiIf((event_type = \'MergeParts\') AND (error = 0), \'merges_finished\', (event_type = \'MergeParts\') AND (error != 0), \'merges_failed\', (event_type = \'MutatePart\') AND (error = 0), \'mutate_part_finished\', (event_type = \'MutatePart\') AND (error != 0), \'mutate_part_failed\', NULL
2026-08-02 02:29:44	3	8	40171	1	SELECT count() FROM system.processes WHERE (initial_user NOT IN _CAST([\'backups-internal\', \'management-internal\', \'monitoring-internal\', \'observability-internal\', \'operator-internal\', \'prometheus-exporter\', \'prometheus-internal\', \'operator-cert-internal\', \'availability-monitoring-internal\', \'\'], \'Ar
2026-08-02 02:29:44	9	51173	809459	1560	SELECT CAST(\'0fc3eaab-fbcb-4533-8825-9be9faaea781\', \'UUID\') AS control_plane_id, CAST(\'c-boneaws-al-46-server-j62zx3k-0\', \'LowCardinality(String)\') AS pod_id, CAST(now64(), \'DateTime64(6)\') AS scrape_ts_microseconds, CAST(event_date, \'Date\') AS event_date, CAST(event_time, \'DateTime\') AS event_time,
2026-08-02 02:29:44	11	0	0	1	WITH failed_mutations AS (SELECT toDateTime(create_time) AS ts, count() AS val FROM system.mutations WHERE (ts > toDateTime(_CAST(\'1785637629.333\', \'DateTime64\'))) AND (ts <= toDateTime(_CAST(\'1785637749.333\', \'DateTime64\'))) AND (latest_failed_part != \'\') AND (is_done = 0) GROUP BY ts), failed_muta
2026-08-02 02:29:44	2	440	5858	1	SELECT countIf(database = \'system\') as systemParts, countIf(database != \'system\') as nonSystemParts FROM system.parts where active
2026-08-02 02:29:44	2	0	0	1	SELECT countIf(database = \'system\') as systemMerges, countIf(database != \'system\') as nonSystemMerges FROM system.merges
2026-08-02 02:29:44	27	3182	597060	129	SELECT CAST(\'0fc3eaab-fbcb-4533-8825-9be9faaea781\', \'UUID\') AS instance_id, CAST(\'c-boneaws-al-46-server-j62zx3k-0\', \'LowCardinality(String)\') AS node_id, CAST(name, \'LowCardinality(String)\') AS metric, CAST(mapFilter((k, v) -> has(_CAST([\'remote\'], \'Array(String)\'), k), labels), \'Map(LowCardinality
2026-08-02 02:29:44	56	259	93545	120	SELECT CAST(\'0fc3eaab-fbcb-4533-8825-9be9faaea781\', \'UUID\') AS control_plane_id, CAST(\'c-boneaws-al-46-server-j62zx3k-0\', \'LowCardinality(String)\') AS pod_id, CAST(now64(), \'DateTime64(6)\') AS scrape_ts_microseconds, CAST(event_date, \'Date\') AS event_date, CAST(event_time, \'DateTime\') AS event_time,
2026-08-02 02:29:44	155	1171	247399	24	WITH parts_agg AS (SELECT database AS agg_database, `table` AS agg_table, SUM(primary_key_size) AS primary_index_size, SUM(secondary_indices_compressed_bytes) AS secondary_index_size FROM system.parts WHERE active AND (database != \'system\') GROUP BY database, `table`), proj_agg AS (SELECT database A
2026-08-02 02:29:45	143	2244439	35975206	106324	SELECT now64(6) as scrape_time_microseconds, \'j62zx3k\' AS pod_ident, \'boneaws-al-46\' AS spoken_name, \'cell-1\' AS cell, \'ap-south-1\' AS region, \'aws\' AS cloud_provider, \'?\' AS clickhouse_version, \'0fc3eaab-fbcb-4533-8825-9be9faaea781\' AS control_plane_id, \'?\' AS system_processor, * FROM system."async
2026-08-02 02:29:46	19	25793	5500745	17483	SELECT now64(6) as scrape_time_microseconds, \'j62zx3k\' AS pod_ident, \'boneaws-al-46\' AS spoken_name, \'cell-1\' AS cell, \'ap-south-1\' AS region, \'aws\' AS cloud_provider, \'?\' AS clickhouse_version, \'0fc3eaab-fbcb-4533-8825-9be9faaea781\' AS control_plane_id, \'?\' AS system_processor, * FROM system."text_
2026-08-02 02:29:48	2	0	0	0	             SELECT                 name,                 toJSONString(labels) as labels_serialized,                 value,                 help,                 type             FROM (                 SELECT   \'ClickHouse_CustomMetric_FailedMutations\' as name,   toFloat64(count()) as value,   \'The 
2026-08-02 02:29:48	1	0	0	1	             SELECT                 name,                 toJSONString(labels) as labels_serialized,                 value,                 help,                 type             FROM (                 SELECT   \'ClickHouse_CustomMetric_TotalMemoryUsedByMerges\' AS name,   toFloat64(SUM(memory_usage))
2026-08-02 02:29:48	5	145	35831	145	SELECT             name,             value,             help,             JSONExtract(labels_serialized, \'Map(String, String)\') as labels,             type         FROM merge(system, \'^_custom_metrics_dictionary_.*\')         FORMAT Prometheus
2026-08-02 02:29:48	3	20	12866	0	             SELECT                 name,                 toJSONString(labels) as labels_serialized,                 value,                 help,                 type             FROM (                 SELECT   \'clickhouse_table_replica_readonly_start_timestamp_seconds\' as name,   toFloat64(toUnixTi
2026-08-02 02:29:52	15	5901	3296783	184	SELECT now64(6) as scrape_time_microseconds, \'j62zx3k\' AS pod_ident, \'boneaws-al-46\' AS spoken_name, \'cell-1\' AS cell, \'ap-south-1\' AS region, \'aws\' AS cloud_provider, \'?\' AS clickhouse_version, \'0fc3eaab-fbcb-4533-8825-9be9faaea781\' AS control_plane_id, \'?\' AS system_processor, * FROM system."part_
2026-08-02 02:29:53	3	6	213	0	             SELECT                 name,                 toJSONString(labels) as labels_serialized,                 value,                 help,                 type             FROM (                 SELECT   \'ClickHouse_CustomMetric_DatabaseReplicatedRecoveryTime\' as name,   toFloat64(recovery_ti
2026-08-02 02:29:54	3	1	5438	1	SELECT count() FROM system.processes WHERE (initial_user NOT IN _CAST([\'backups-internal\', \'management-internal\', \'monitoring-internal\', \'observability-internal\', \'operator-internal\', \'prometheus-exporter\', \'prometheus-internal\', \'operator-cert-internal\', \'availability-monitoring-internal\', \'\'], \'Ar
2026-08-02 02:29:54	3	433	5753	1	SELECT countIf(database = \'system\') as systemParts, countIf(database != \'system\') as nonSystemParts FROM system.parts where active
2026-08-02 02:29:54	2	0	0	1	SELECT countIf(database = \'system\') as systemMerges, countIf(database != \'system\') as nonSystemMerges FROM system.merges
2026-08-02 02:29:58	1	9	3184	9	             SELECT                 name,                 toJSONString(labels) as labels_serialized,                 value,                 help,                 type             FROM (                 SELECT   concat(\'clickhouse_\', system.dimensional_metrics.metric) AS name,   toFloat64(system.dime
2026-08-02 02:29:59	8	5080	1505067	440	SELECT now64(6) as scrape_time_microseconds, \'j62zx3k\' AS pod_ident, \'boneaws-al-46\' AS spoken_name, \'cell-1\' AS cell, \'ap-south-1\' AS region, \'aws\' AS cloud_provider, \'?\' AS clickhouse_version, \'0fc3eaab-fbcb-4533-8825-9be9faaea781\' AS control_plane_id, \'?\' AS system_processor, * FROM system."blob_
2026-08-02 02:29:59	1	316	114923	1	SELECT count(*) FROM system.shared_merge_tree_settings
2026-08-02 02:30:01	14	289	4046	1	SELECT avg(ProfileEvent_OSCPUWaitMicroseconds) as cpu_wait FROM  system.metric_log  WHERE event_time > now() - INTERVAL 2 MINUTE AND event_date >= yesterday()
2026-08-02 02:30:01	4	2	10208	2	SELECT count() as count, sum(elapsed) as total_elapsed, \'lh\' as usr FROM system.processes  WHERE user = \'observability-internal\' AND client_hostname LIKE \'loghouse-scraper%\'  UNION ALL SELECT count() as count, sum(elapsed) as total_elapsed, \'other\' as usr FROM system.processes  WHERE user != \'observ
2026-08-02 02:30:01	1	887	368225	1	SELECT value FROM system.asynchronous_metrics WHERE metric = \'OSMemoryAvailable\' ;
2026-08-02 02:30:03	6	145	35831	145	SELECT             name,             value,             help,             JSONExtract(labels_serialized, \'Map(String, String)\') as labels,             type         FROM merge(system, \'^_custom_metrics_dictionary_.*\')         FORMAT Prometheus
2026-08-02 02:30:03	2	15	1013	15	             SELECT                 name,                 toJSONString(labels) as labels_serialized,                 value,                 help,                 type             FROM (                 SELECT     \'ClickHouse_MetricsCollection_CustomMetricsSystemTable\' AS name,     toFloat64(1) AS va
2026-08-02 02:30:03	2	59	472	1	             SELECT                 name,                 toJSONString(labels) as labels_serialized,                 value,                 help,                 type             FROM (                 SELECT   \'ClickHouse_CustomMetric_TotalMemoryUsedByDataSkippingIndices\' AS name,   toFloat64(SUM(d
2026-08-02 02:30:04	3	2	12834	1	SELECT count() FROM system.processes WHERE (initial_user NOT IN _CAST([\'backups-internal\', \'management-internal\', \'monitoring-internal\', \'observability-internal\', \'operator-internal\', \'prometheus-exporter\', \'prometheus-internal\', \'operator-cert-internal\', \'availability-monitoring-internal\', \'\'], \'Ar
2026-08-02 02:30:04	6	145	35831	145	SELECT             name,             value,             help,             JSONExtract(labels_serialized, \'Map(String, String)\') as labels,             type         FROM merge(system, \'^_custom_metrics_dictionary_.*\')         FORMAT Prometheus
2026-08-02 02:30:04	3	430	5708	1	SELECT countIf(database = \'system\') as systemParts, countIf(database != \'system\') as nonSystemParts FROM system.parts where active
2026-08-02 02:30:04	2	0	0	1	SELECT countIf(database = \'system\') as systemMerges, countIf(database != \'system\') as nonSystemMerges FROM system.merges
2026-08-02 02:30:04	24	3185	597487	129	SELECT CAST(\'0fc3eaab-fbcb-4533-8825-9be9faaea781\', \'UUID\') AS instance_id, CAST(\'c-boneaws-al-46-server-j62zx3k-0\', \'LowCardinality(String)\') AS node_id, CAST(name, \'LowCardinality(String)\') AS metric, CAST(mapFilter((k, v) -> has(_CAST([\'remote\'], \'Array(String)\'), k), labels), \'Map(LowCardinality
2026-08-02 02:30:08	2	13	6340	1	             SELECT                 name,                 toJSONString(labels) as labels_serialized,                 value,                 help,                 type             FROM (                 SELECT   \'ClickHouse_CustomMetric_TotalMemoryUsedByDictionaries\' AS name,   toFloat64(SUM(bytes_al
2026-08-02 02:30:13	1	9	3184	9	             SELECT                 name,                 toJSONString(labels) as labels_serialized,                 value,                 help,                 type             FROM (                 SELECT   concat(\'clickhouse_\', system.dimensional_metrics.metric) AS name,   toFloat64(system.dime
2026-08-02 02:30:13	1	0	0	1	             SELECT                 name,                 toJSONString(labels) as labels_serialized,                 value,                 help,                 type             FROM (                 SELECT   \'ClickHouse_CustomMetric_TotalMemoryUsedByAsynchronousInserts\' AS name,   toFloat64(SUM(t
2026-08-02 02:30:13	2	4	8881	1	             SELECT                 name,                 toJSONString(labels) as labels_serialized,                 value,                 help,                 type             FROM (                 SELECT   \'ClickHouse_CustomMetric_TotalMemoryUsedByQueries\' AS name,   toFloat64(SUM(peak_memory_u
2026-08-02 02:30:13	3	6	213	0	             SELECT                 name,                 toJSONString(labels) as labels_serialized,                 value,                 help,                 type             FROM (                 SELECT   \'ClickHouse_CustomMetric_SharedCatalogRecoveryTime\' as name,   toFloat64(recovery_time) a
2026-08-02 02:30:14	3	1	5438	1	SELECT count() FROM system.processes WHERE (initial_user NOT IN _CAST([\'backups-internal\', \'management-internal\', \'monitoring-internal\', \'observability-internal\', \'operator-internal\', \'prometheus-exporter\', \'prometheus-internal\', \'operator-cert-internal\', \'availability-monitoring-internal\', \'\'], \'Ar
2026-08-02 02:30:14	2	428	5678	1	SELECT countIf(database = \'system\') as systemParts, countIf(database != \'system\') as nonSystemParts FROM system.parts where active
2026-08-02 02:30:14	2	0	0	1	SELECT countIf(database = \'system\') as systemMerges, countIf(database != \'system\') as nonSystemMerges FROM system.merges
2026-08-02 02:30:17	8	2122	1273407	36	SELECT now64(6) as scrape_time_microseconds, \'j62zx3k\' AS pod_ident, \'boneaws-al-46\' AS spoken_name, \'cell-1\' AS cell, \'ap-south-1\' AS region, \'aws\' AS cloud_provider, \'?\' AS clickhouse_version, \'0fc3eaab-fbcb-4533-8825-9be9faaea781\' AS control_plane_id, \'?\' AS system_processor, * FROM system."sessi
2026-08-02 02:30:18	6	145	35831	145	SELECT             name,             value,             help,             JSONExtract(labels_serialized, \'Map(String, String)\') as labels,             type         FROM merge(system, \'^_custom_metrics_dictionary_.*\')         FORMAT Prometheus
2026-08-02 02:30:24	2	2	12834	1	SELECT count() FROM system.processes WHERE (initial_user NOT IN _CAST([\'backups-internal\', \'management-internal\', \'monitoring-internal\', \'observability-internal\', \'operator-internal\', \'prometheus-exporter\', \'prometheus-internal\', \'operator-cert-internal\', \'availability-monitoring-internal\', \'\'], \'Ar
2026-08-02 02:30:24	2	437	5813	1	SELECT countIf(database = \'system\') as systemParts, countIf(database != \'system\') as nonSystemParts FROM system.parts where active
2026-08-02 02:30:24	23	3185	597487	129	SELECT CAST(\'0fc3eaab-fbcb-4533-8825-9be9faaea781\', \'UUID\') AS instance_id, CAST(\'c-boneaws-al-46-server-j62zx3k-0\', \'LowCardinality(String)\') AS node_id, CAST(name, \'LowCardinality(String)\') AS metric, CAST(mapFilter((k, v) -> has(_CAST([\'remote\'], \'Array(String)\'), k), labels), \'Map(LowCardinality
2026-08-02 02:30:24	1	0	0	1	SELECT countIf(database = \'system\') as systemMerges, countIf(database != \'system\') as nonSystemMerges FROM system.merges
2026-08-02 02:30:28	3	6	213	0	             SELECT                 name,                 toJSONString(labels) as labels_serialized,                 value,                 help,                 type             FROM (                 SELECT   \'ClickHouse_CustomMetric_SharedCatalogRecoveryTime\' as name,   toFloat64(recovery_time) a
2026-08-02 02:30:28	3	6	213	0	             SELECT                 name,                 toJSONString(labels) as labels_serialized,                 value,                 help,                 type             FROM (                 SELECT   \'ClickHouse_CustomMetric_DatabaseReplicatedRecoveryTime\' as name,   toFloat64(recovery_ti
2026-08-02 02:30:28	2	59	472	1	             SELECT                 name,                 toJSONString(labels) as labels_serialized,                 value,                 help,                 type             FROM (                 SELECT   \'ClickHouse_CustomMetric_TotalMemoryUsedByDataSkippingIndices\' AS name,   toFloat64(SUM(d
2026-08-02 02:30:31	19	319	4466	1	SELECT avg(ProfileEvent_OSCPUWaitMicroseconds) as cpu_wait FROM  system.metric_log  WHERE event_time > now() - INTERVAL 2 MINUTE AND event_date >= yesterday()
2026-08-02 02:30:31	3	2	10208	2	SELECT count() as count, sum(elapsed) as total_elapsed, \'lh\' as usr FROM system.processes  WHERE user = \'observability-internal\' AND client_hostname LIKE \'loghouse-scraper%\'  UNION ALL SELECT count() as count, sum(elapsed) as total_elapsed, \'other\' as usr FROM system.processes  WHERE user != \'observ
2026-08-02 02:30:31	2	887	368225	1	SELECT value FROM system.asynchronous_metrics WHERE metric = \'OSMemoryAvailable\' ;
2026-08-02 02:30:33	5	145	35831	145	SELECT             name,             value,             help,             JSONExtract(labels_serialized, \'Map(String, String)\') as labels,             type         FROM merge(system, \'^_custom_metrics_dictionary_.*\')         FORMAT Prometheus
2026-08-02 02:30:33	2	0	0	0	             SELECT                 name,                 toJSONString(labels) as labels_serialized,                 value,                 help,                 type             FROM (                 SELECT   \'ClickHouse_CustomMetric_FailedMutations\' as name,   toFloat64(count()) as value,   \'The 
2026-08-02 02:30:33	2	2	6302	1	             SELECT                 name,                 toJSONString(labels) as labels_serialized,                 value,                 help,                 type             FROM (                 SELECT   \'ClickHouse_CustomMetric_TotalMemoryUsedByQueries\' AS name,   toFloat64(SUM(peak_memory_u
2026-08-02 02:30:34	6	145	35831	145	SELECT             name,             value,             help,             JSONExtract(labels_serialized, \'Map(String, String)\') as labels,             type         FROM merge(system, \'^_custom_metrics_dictionary_.*\')         FORMAT Prometheus
2026-08-02 02:30:34	3	1	5438	1	SELECT count() FROM system.processes WHERE (initial_user NOT IN _CAST([\'backups-internal\', \'management-internal\', \'monitoring-internal\', \'observability-internal\', \'operator-internal\', \'prometheus-exporter\', \'prometheus-internal\', \'operator-cert-internal\', \'availability-monitoring-internal\', \'\'], \'Ar
2026-08-02 02:30:34	3	433	5753	1	SELECT countIf(database = \'system\') as systemParts, countIf(database != \'system\') as nonSystemParts FROM system.parts where active
2026-08-02 02:30:34	2	0	0	1	SELECT countIf(database = \'system\') as systemMerges, countIf(database != \'system\') as nonSystemMerges FROM system.merges
2026-08-02 02:30:38	2	0	0	1	             SELECT                 name,                 toJSONString(labels) as labels_serialized,                 value,                 help,                 type             FROM (                 SELECT   \'ClickHouse_CustomMetric_TotalMemoryUsedByMerges\' AS name,   toFloat64(SUM(memory_usage))
2026-08-02 02:30:38	2	15	1013	15	             SELECT                 name,                 toJSONString(labels) as labels_serialized,                 value,                 help,                 type             FROM (                 SELECT     \'ClickHouse_MetricsCollection_CustomMetricsSystemTable\' AS name,     toFloat64(1) AS va
2026-08-02 02:30:38	3	6	213	0	             SELECT                 name,                 toJSONString(labels) as labels_serialized,                 value,                 help,                 type             FROM (                 SELECT   \'ClickHouse_CustomMetric_SharedCatalogRecoveryTime\' as name,   toFloat64(recovery_time) a
2026-08-02 02:30:43	1	9	3184	9	             SELECT                 name,                 toJSONString(labels) as labels_serialized,                 value,                 help,                 type             FROM (                 SELECT   concat(\'clickhouse_\', system.dimensional_metrics.metric) AS name,   toFloat64(system.dime
2026-08-02 02:30:43	3	20	12866	0	             SELECT                 name,                 toJSONString(labels) as labels_serialized,                 value,                 help,                 type             FROM (                 SELECT   \'clickhouse_table_replica_readonly_start_timestamp_seconds\' as name,   toFloat64(toUnixTi
2026-08-02 02:30:44	2	0	0	1	SELECT countIf(database = \'system\') as systemMerges, countIf(database != \'system\') as nonSystemMerges FROM system.merges
2026-08-02 02:30:44	2	437	5813	1	SELECT countIf(database = \'system\') as systemParts, countIf(database != \'system\') as nonSystemParts FROM system.parts where active
2026-08-02 02:30:44	3	2	12834	1	SELECT count() FROM system.processes WHERE (initial_user NOT IN _CAST([\'backups-internal\', \'management-internal\', \'monitoring-internal\', \'observability-internal\', \'operator-internal\', \'prometheus-exporter\', \'prometheus-internal\', \'operator-cert-internal\', \'availability-monitoring-internal\', \'\'], \'Ar
2026-08-02 02:30:44	24	3186	597626	129	SELECT CAST(\'0fc3eaab-fbcb-4533-8825-9be9faaea781\', \'UUID\') AS instance_id, CAST(\'c-boneaws-al-46-server-j62zx3k-0\', \'LowCardinality(String)\') AS node_id, CAST(name, \'LowCardinality(String)\') AS metric, CAST(mapFilter((k, v) -> has(_CAST([\'remote\'], \'Array(String)\'), k), labels), \'Map(LowCardinality
2026-08-02 02:30:48	5	145	35831	145	SELECT             name,             value,             help,             JSONExtract(labels_serialized, \'Map(String, String)\') as labels,             type         FROM merge(system, \'^_custom_metrics_dictionary_.*\')         FORMAT Prometheus
2026-08-02 02:30:53	2	0	0	1	             SELECT                 name,                 toJSONString(labels) as labels_serialized,                 value,                 help,                 type             FROM (                 SELECT   \'ClickHouse_CustomMetric_TotalMemoryUsedByAsynchronousInserts\' AS name,   toFloat64(SUM(t
2026-08-02 02:30:53	2	13	6340	1	             SELECT                 name,                 toJSONString(labels) as labels_serialized,                 value,                 help,                 type             FROM (                 SELECT   \'ClickHouse_CustomMetric_TotalMemoryUsedByDictionaries\' AS name,   toFloat64(SUM(bytes_al
2026-08-02 02:30:53	3	20	12866	0	             SELECT                 name,                 toJSONString(labels) as labels_serialized,                 value,                 help,                 type             FROM (                 SELECT   \'clickhouse_table_replica_readonly_start_timestamp_seconds\' as name,   toFloat64(toUnixTi
2026-08-02 02:30:53	3	6	213	0	             SELECT                 name,                 toJSONString(labels) as labels_serialized,                 value,                 help,                 type             FROM (                 SELECT   \'ClickHouse_CustomMetric_SharedCatalogRecoveryTime\' as name,   toFloat64(recovery_time) a
2026-08-02 02:30:54	3	1	5438	1	SELECT count() FROM system.processes WHERE (initial_user NOT IN _CAST([\'backups-internal\', \'management-internal\', \'monitoring-internal\', \'observability-internal\', \'operator-internal\', \'prometheus-exporter\', \'prometheus-internal\', \'operator-cert-internal\', \'availability-monitoring-internal\', \'\'], \'Ar
2026-08-02 02:30:54	2	441	5873	1	SELECT countIf(database = \'system\') as systemParts, countIf(database != \'system\') as nonSystemParts FROM system.parts where active
2026-08-02 02:30:54	1	0	0	1	SELECT countIf(database = \'system\') as systemMerges, countIf(database != \'system\') as nonSystemMerges FROM system.merges
2026-08-02 02:30:56	3	0	0	0	SELECT now64(6) as scrape_time_microseconds, \'j62zx3k\' AS pod_ident, \'boneaws-al-46\' AS spoken_name, \'cell-1\' AS cell, \'ap-south-1\' AS region, \'aws\' AS cloud_provider, \'?\' AS clickhouse_version, \'0fc3eaab-fbcb-4533-8825-9be9faaea781\' AS control_plane_id, \'?\' AS system_processor, * FROM system."files
2026-08-02 02:30:56	5	627	2508	0	SELECT now64(6) as scrape_time_microseconds, \'j62zx3k\' AS pod_ident, \'boneaws-al-46\' AS spoken_name, \'cell-1\' AS cell, \'ap-south-1\' AS region, \'aws\' AS cloud_provider, \'?\' AS clickhouse_version, \'0fc3eaab-fbcb-4533-8825-9be9faaea781\' AS control_plane_id, \'?\' AS system_processor, * FROM system."async
2026-08-02 02:30:57	3	0	0	0	SELECT now64(6) as scrape_time_microseconds, \'j62zx3k\' AS pod_ident, \'boneaws-al-46\' AS spoken_name, \'cell-1\' AS cell, \'ap-south-1\' AS region, \'aws\' AS cloud_provider, \'?\' AS clickhouse_version, \'0fc3eaab-fbcb-4533-8825-9be9faaea781\' AS control_plane_id, \'?\' AS system_processor, * FROM system."crash
2026-08-02 02:30:58	3	0	0	0	SELECT now64(6) as scrape_time_microseconds, \'j62zx3k\' AS pod_ident, \'boneaws-al-46\' AS spoken_name, \'cell-1\' AS cell, \'ap-south-1\' AS region, \'aws\' AS cloud_provider, \'?\' AS clickhouse_version, \'0fc3eaab-fbcb-4533-8825-9be9faaea781\' AS control_plane_id, \'?\' AS system_processor, * FROM system."click
2026-08-02 02:30:59	3	0	0	0	SELECT now64(6) as scrape_time_microseconds, \'j62zx3k\' AS pod_ident, \'boneaws-al-46\' AS spoken_name, \'cell-1\' AS cell, \'ap-south-1\' AS region, \'aws\' AS cloud_provider, \'?\' AS clickhouse_version, \'0fc3eaab-fbcb-4533-8825-9be9faaea781\' AS control_plane_id, \'?\' AS system_processor, * FROM system."backu
2026-08-02 02:31:00	5	0	0	0	SELECT now64(6) as scrape_time_microseconds, \'j62zx3k\' AS pod_ident, \'boneaws-al-46\' AS spoken_name, \'cell-1\' AS cell, \'ap-south-1\' AS region, \'aws\' AS cloud_provider, \'?\' AS clickhouse_version, \'0fc3eaab-fbcb-4533-8825-9be9faaea781\' AS control_plane_id, \'?\' AS system_processor, * FROM system."query
2026-08-02 02:31:01	14	349	4886	1	SELECT avg(ProfileEvent_OSCPUWaitMicroseconds) as cpu_wait FROM  system.metric_log  WHERE event_time > now() - INTERVAL 2 MINUTE AND event_date >= yesterday()
2026-08-02 02:31:01	4	2	10208	2	SELECT count() as count, sum(elapsed) as total_elapsed, \'lh\' as usr FROM system.processes  WHERE user = \'observability-internal\' AND client_hostname LIKE \'loghouse-scraper%\'  UNION ALL SELECT count() as count, sum(elapsed) as total_elapsed, \'other\' as usr FROM system.processes  WHERE user != \'observ
2026-08-02 02:31:01	1	887	368225	1	SELECT value FROM system.asynchronous_metrics WHERE metric = \'OSMemoryAvailable\' ;
2026-08-02 02:31:02	3	0	0	0	SELECT now64(6) as scrape_time_microseconds, \'j62zx3k\' AS pod_ident, \'boneaws-al-46\' AS spoken_name, \'cell-1\' AS cell, \'ap-south-1\' AS region, \'aws\' AS cloud_provider, \'?\' AS clickhouse_version, \'0fc3eaab-fbcb-4533-8825-9be9faaea781\' AS control_plane_id, \'?\' AS system_processor, * FROM system."files
2026-08-02 02:31:03	2	1	5022	1	             SELECT                 name,                 toJSONString(labels) as labels_serialized,                 value,                 help,                 type             FROM (                 SELECT   \'ClickHouse_CustomMetric_TotalMemoryUsedByQueries\' AS name,   toFloat64(SUM(peak_memory_u
2026-08-02 02:31:03	5	145	35831	145	SELECT             name,             value,             help,             JSONExtract(labels_serialized, \'Map(String, String)\') as labels,             type         FROM merge(system, \'^_custom_metrics_dictionary_.*\')         FORMAT Prometheus
2026-08-02 02:31:03	3	0	0	0	SELECT now64(6) as scrape_time_microseconds, \'j62zx3k\' AS pod_ident, \'boneaws-al-46\' AS spoken_name, \'cell-1\' AS cell, \'ap-south-1\' AS region, \'aws\' AS cloud_provider, \'?\' AS clickhouse_version, \'0fc3eaab-fbcb-4533-8825-9be9faaea781\' AS control_plane_id, \'?\' AS system_processor, * FROM system."zooke
2026-08-02 02:31:04	4	131	524	0	SELECT now64(6) as scrape_time_microseconds, \'j62zx3k\' AS pod_ident, \'boneaws-al-46\' AS spoken_name, \'cell-1\' AS cell, \'ap-south-1\' AS region, \'aws\' AS cloud_provider, \'?\' AS clickhouse_version, \'0fc3eaab-fbcb-4533-8825-9be9faaea781\' AS control_plane_id, \'?\' AS system_processor, * FROM system."error
2026-08-02 02:31:04	6	131	32558	131	SELECT             name,             value,             help,             JSONExtract(labels_serialized, \'Map(String, String)\') as labels,             type         FROM merge(system, \'^_custom_metrics_dictionary_.*\')         FORMAT Prometheus
2026-08-02 02:31:04	3	2	12834	1	SELECT count() FROM system.processes WHERE (initial_user NOT IN _CAST([\'backups-internal\', \'management-internal\', \'monitoring-internal\', \'observability-internal\', \'operator-internal\', \'prometheus-exporter\', \'prometheus-internal\', \'operator-cert-internal\', \'availability-monitoring-internal\', \'\'], \'Ar
2026-08-02 02:31:04	2	442	5888	1	SELECT countIf(database = \'system\') as systemParts, countIf(database != \'system\') as nonSystemParts FROM system.parts where active
2026-08-02 02:31:04	23	3172	595736	129	SELECT CAST(\'0fc3eaab-fbcb-4533-8825-9be9faaea781\', \'UUID\') AS instance_id, CAST(\'c-boneaws-al-46-server-j62zx3k-0\', \'LowCardinality(String)\') AS node_id, CAST(name, \'LowCardinality(String)\') AS metric, CAST(mapFilter((k, v) -> has(_CAST([\'remote\'], \'Array(String)\'), k), labels), \'Map(LowCardinality
2026-08-02 02:31:04	2	0	0	1	SELECT countIf(database = \'system\') as systemMerges, countIf(database != \'system\') as nonSystemMerges FROM system.merges
2026-08-02 02:31:05	3	0	0	0	SELECT now64(6) as scrape_time_microseconds, \'j62zx3k\' AS pod_ident, \'boneaws-al-46\' AS spoken_name, \'cell-1\' AS cell, \'ap-south-1\' AS region, \'aws\' AS cloud_provider, \'?\' AS clickhouse_version, \'0fc3eaab-fbcb-4533-8825-9be9faaea781\' AS control_plane_id, \'?\' AS system_processor, * FROM system."aggre
2026-08-02 02:31:07	3	0	0	0	SELECT now64(6) as scrape_time_microseconds, \'j62zx3k\' AS pod_ident, \'boneaws-al-46\' AS spoken_name, \'cell-1\' AS cell, \'ap-south-1\' AS region, \'aws\' AS cloud_provider, \'?\' AS clickhouse_version, \'0fc3eaab-fbcb-4533-8825-9be9faaea781\' AS control_plane_id, \'?\' AS system_processor, * FROM system."s3que
2026-08-02 02:31:08	4	0	0	0	SELECT now64(6) as scrape_time_microseconds, \'j62zx3k\' AS pod_ident, \'boneaws-al-46\' AS spoken_name, \'cell-1\' AS cell, \'ap-south-1\' AS region, \'aws\' AS cloud_provider, \'?\' AS clickhouse_version, \'0fc3eaab-fbcb-4533-8825-9be9faaea781\' AS control_plane_id, \'?\' AS system_processor, * FROM system."query
2026-08-02 02:31:08	301	446677	33205692	1	 WITH toDateTime(\'2023-05-17 05:23:00\', \'UTC\') AS t0, toDateTime(\'2026-08-01 11:06:00\', \'UTC\') AS t1 SELECT max(c) AS peak, toString(argMax(minute, c)) AS peak_minute, round(avg(c), 4) AS avg_c FROM (     SELECT minute, sum(d) OVER (ORDER BY minute) AS c     FROM (         SELECT minute, sum(delta) 
2026-08-02 02:31:08	2	0	0	1	             SELECT                 name,                 toJSONString(labels) as labels_serialized,                 value,                 help,                 type             FROM (                 SELECT   \'ClickHouse_CustomMetric_TotalMemoryUsedByAsynchronousInserts\' AS name,   toFloat64(SUM(t
2026-08-02 02:31:10	1	1	1	1	SELECT toString(toDateTime(\'2023-05-17 05:23:00\', \'UTC\') - INTERVAL 1 MINUTE) FORMAT TabSeparated 
2026-08-02 02:31:11	315	446677	33205692	1	 WITH toDateTime(\'2023-05-17 05:23:00\', \'UTC\') AS t0 SELECT max(c) AS peak, toString(argMax(minute, c)) AS peak_minute, round(avg(c), 4) AS avg_c FROM (     SELECT minute, 0 + sum(d) OVER (ORDER BY minute) AS c     FROM (         SELECT minute, sum(delta) AS d         FROM sony.concurrency_delta_all
2026-08-02 02:31:12	77	0	0	0	SELECT now64(6) as scrape_time_microseconds, \'j62zx3k\' AS pod_ident, \'boneaws-al-46\' AS spoken_name, \'cell-1\' AS cell, \'ap-south-1\' AS region, \'aws\' AS cloud_provider, \'?\' AS clickhouse_version, \'0fc3eaab-fbcb-4533-8825-9be9faaea781\' AS control_plane_id, \'?\' AS system_processor, * FROM system."query
2026-08-02 02:31:13	3	6	213	0	             SELECT                 name,                 toJSONString(labels) as labels_serialized,                 value,                 help,                 type             FROM (                 SELECT   \'ClickHouse_CustomMetric_DatabaseReplicatedRecoveryTime\' as name,   toFloat64(recovery_ti
2026-08-02 02:31:13	1	9	3184	9	             SELECT                 name,                 toJSONString(labels) as labels_serialized,                 value,                 help,                 type             FROM (                 SELECT   concat(\'clickhouse_\', system.dimensional_metrics.metric) AS name,   toFloat64(system.dime
2026-08-02 02:31:13	2	59	472	1	             SELECT                 name,                 toJSONString(labels) as labels_serialized,                 value,                 help,                 type             FROM (                 SELECT   \'ClickHouse_CustomMetric_TotalMemoryUsedByDataSkippingIndices\' AS name,   toFloat64(SUM(d
2026-08-02 02:31:13	339	371009	32635675	1	 WITH toDateTime(\'2023-05-17 05:23:00\', \'UTC\') AS t0, toDateTime(\'2026-08-01 11:06:00\', \'UTC\') AS t1 SELECT max(c) AS peak, toString(argMax(minute, c)) AS peak_minute, round(avg(c), 4) AS avg_c FROM (     SELECT minute, sum(d) OVER (ORDER BY minute) AS c     FROM (         SELECT minute, sum(delta) 
2026-08-02 02:31:13	352	371009	32635675	1	 WITH toDateTime(\'2023-05-17 05:23:00\', \'UTC\') AS t0, toDateTime(\'2026-08-01 11:06:00\', \'UTC\') AS t1 SELECT max(c) AS peak, toString(argMax(minute, c)) AS peak_minute, round(avg(c), 4) AS avg_c FROM (     SELECT minute, sum(d) OVER (ORDER BY minute) AS c     FROM (         SELECT minute, sum(delta) 
2026-08-02 02:31:14	63	336496	32324244	1	SELECT ifNull(sum(delta), 0) FROM sony.concurrency_delta_all WHERE minute < toDateTime(\'2023-05-17 05:23:00\', \'UTC\')  AND platform = \'ANDROID_PHONE\' FORMAT TabSeparated 
2026-08-02 02:31:14	3	1	5438	1	SELECT count() FROM system.processes WHERE (initial_user NOT IN _CAST([\'backups-internal\', \'management-internal\', \'monitoring-internal\', \'observability-internal\', \'operator-internal\', \'prometheus-exporter\', \'prometheus-internal\', \'operator-cert-internal\', \'availability-monitoring-internal\', \'\'], \'Ar
2026-08-02 02:31:14	2	438	5828	1	SELECT countIf(database = \'system\') as systemParts, countIf(database != \'system\') as nonSystemParts FROM system.parts where active
2026-08-02 02:31:14	2	0	0	1	SELECT countIf(database = \'system\') as systemMerges, countIf(database != \'system\') as nonSystemMerges FROM system.merges
2026-08-02 02:31:16	39	168249	15821691	1	 WITH toDateTime(\'2023-05-17 05:23:00\', \'UTC\') AS t0,      (SELECT max(hour_boundary) FROM sony.concurrency_hourly_checkpoint        WHERE hour_boundary <= t0  AND platform = \'ANDROID_PHONE\') AS anchor SELECT     toString(ifNull(anchor, toDateTime(0, \'UTC\'))) AS anchor_ts,     ifNull((SELECT sum(con
2026-08-02 02:31:16	1	1	1	1	SELECT toString(toDateTime(\'2023-05-17 05:23:00\', \'UTC\') - INTERVAL 1 MINUTE) FORMAT TabSeparated 
2026-08-02 02:31:18	5	131	32558	131	SELECT             name,             value,             help,             JSONExtract(labels_serialized, \'Map(String, String)\') as labels,             type         FROM merge(system, \'^_custom_metrics_dictionary_.*\')         FORMAT Prometheus
2026-08-02 02:31:18	2	59	472	1	             SELECT                 name,                 toJSONString(labels) as labels_serialized,                 value,                 help,                 type             FROM (                 SELECT   \'ClickHouse_CustomMetric_TotalMemoryUsedByDataSkippingIndices\' AS name,   toFloat64(SUM(d
2026-08-02 02:31:19	322	346479	32415059	1	 WITH toDateTime(\'2023-05-17 05:23:00\', \'UTC\') AS t0, toDateTime(\'2026-08-01 11:06:00\', \'UTC\') AS t1 SELECT max(c) AS peak, toString(argMax(minute, c)) AS peak_minute, round(avg(c), 4) AS avg_c FROM (     SELECT minute, sum(d) OVER (ORDER BY minute) AS c     FROM (         SELECT minute, sum(delta) 
2026-08-02 02:31:19	312	346479	32415059	1	 WITH toDateTime(\'2023-05-17 05:23:00\', \'UTC\') AS t0, toDateTime(\'2026-08-01 11:06:00\', \'UTC\') AS t1 SELECT max(c) AS peak, toString(argMax(minute, c)) AS peak_minute, round(avg(c), 4) AS avg_c FROM (     SELECT minute, sum(d) OVER (ORDER BY minute) AS c     FROM (         SELECT minute, sum(delta) 
2026-08-02 02:31:19	38	168249	15821691	1	 WITH toDateTime(\'2023-05-17 05:23:00\', \'UTC\') AS t0,      (SELECT max(hour_boundary) FROM sony.concurrency_hourly_checkpoint        WHERE hour_boundary <= t0  AND platform = \'IPHONE\') AS anchor SELECT     toString(ifNull(anchor, toDateTime(0, \'UTC\'))) AS anchor_ts,     ifNull((SELECT sum(concurrenc
2026-08-02 02:31:20	316	346479	32415059	1	 WITH toDateTime(\'2023-05-17 05:23:00\', \'UTC\') AS t0 SELECT max(c) AS peak, toString(argMax(minute, c)) AS peak_minute, round(avg(c), 4) AS avg_c FROM (     SELECT minute, 0 + sum(d) OVER (ORDER BY minute) AS c     FROM (         SELECT minute, sum(delta) AS d         FROM sony.concurrency_delta_all
2026-08-02 02:31:20	1	1	1	1	SELECT toString(toDateTime(\'2023-05-17 05:23:00\', \'UTC\') - INTERVAL 1 MINUTE) FORMAT TabSeparated 
2026-08-02 02:31:21	37	168249	15821691	1	 WITH toDateTime(\'2023-05-17 05:23:00\', \'UTC\') AS t0,      (SELECT max(hour_boundary) FROM sony.concurrency_hourly_checkpoint        WHERE hour_boundary <= t0  AND platform = \'IPHONE\') AS anchor SELECT     toString(ifNull(anchor, toDateTime(0, \'UTC\'))) AS anchor_ts,     ifNull((SELECT sum(concurrenc
2026-08-02 02:31:21	1	1	1	1	SELECT toString(toDateTime(\'2023-05-17 05:23:00\', \'UTC\') - INTERVAL 1 MINUTE) FORMAT TabSeparated 
2026-08-02 02:31:23	1	0	0	1	             SELECT                 name,                 toJSONString(labels) as labels_serialized,                 value,                 help,                 type             FROM (                 SELECT   \'ClickHouse_CustomMetric_TotalMemoryUsedByMerges\' AS name,   toFloat64(SUM(memory_usage))
2026-08-02 02:31:23	316	362819	32561681	1	 WITH toDateTime(\'2023-05-17 05:23:00\', \'UTC\') AS t0, toDateTime(\'2026-08-01 11:06:00\', \'UTC\') AS t1 SELECT max(c) AS peak, toString(argMax(minute, c)) AS peak_minute, round(avg(c), 4) AS avg_c FROM (     SELECT minute, sum(d) OVER (ORDER BY minute) AS c     FROM (         SELECT minute, sum(delta) 
2026-08-02 02:31:24	25	3173	595867	129	SELECT CAST(\'0fc3eaab-fbcb-4533-8825-9be9faaea781\', \'UUID\') AS instance_id, CAST(\'c-boneaws-al-46-server-j62zx3k-0\', \'LowCardinality(String)\') AS node_id, CAST(name, \'LowCardinality(String)\') AS metric, CAST(mapFilter((k, v) -> has(_CAST([\'remote\'], \'Array(String)\'), k), labels), \'Map(LowCardinality
2026-08-02 02:31:24	2	432	5738	1	SELECT countIf(database = \'system\') as systemParts, countIf(database != \'system\') as nonSystemParts FROM system.parts where active
2026-08-02 02:31:24	3	2	12834	1	SELECT count() FROM system.processes WHERE (initial_user NOT IN _CAST([\'backups-internal\', \'management-internal\', \'monitoring-internal\', \'observability-internal\', \'operator-internal\', \'prometheus-exporter\', \'prometheus-internal\', \'operator-cert-internal\', \'availability-monitoring-internal\', \'\'], \'Ar
2026-08-02 02:31:24	2	0	0	1	SELECT countIf(database = \'system\') as systemMerges, countIf(database != \'system\') as nonSystemMerges FROM system.merges
2026-08-02 02:31:24	69	168249	15821691	1	 WITH toDateTime(\'2023-05-17 05:23:00\', \'UTC\') AS t0,      (SELECT max(hour_boundary) FROM sony.concurrency_hourly_checkpoint        WHERE hour_boundary <= t0  AND platform = \'SONY_ANDROID_TV\') AS anchor SELECT     toString(ifNull(anchor, toDateTime(0, \'UTC\'))) AS anchor_ts,     ifNull((SELECT sum(c
2026-08-02 02:31:24	62	336496	32324244	1	SELECT ifNull(sum(delta), 0) FROM sony.concurrency_delta_all WHERE minute < toDateTime(\'2023-05-17 05:23:00\', \'UTC\')  AND platform = \'SONY_ANDROID_TV\' FORMAT TabSeparated 
2026-08-02 02:31:25	1	1	1	1	SELECT toString(toDateTime(\'2023-05-17 05:23:00\', \'UTC\') - INTERVAL 1 MINUTE) FORMAT TabSeparated 
2026-08-02 02:31:25	36	168249	15821691	1	 WITH toDateTime(\'2023-05-17 05:23:00\', \'UTC\') AS t0,      (SELECT max(hour_boundary) FROM sony.concurrency_hourly_checkpoint        WHERE hour_boundary <= t0  AND platform = \'SONY_ANDROID_TV\') AS anchor SELECT     toString(ifNull(anchor, toDateTime(0, \'UTC\'))) AS anchor_ts,     ifNull((SELECT sum(c
2026-08-02 02:31:25	1	0	0	1	SELECT count(*) FROM system.row_policies
2026-08-02 02:31:26	38	168249	15821691	1	 WITH toDateTime(\'2023-05-17 05:23:00\', \'UTC\') AS t0,      (SELECT max(hour_boundary) FROM sony.concurrency_hourly_checkpoint        WHERE hour_boundary <= t0  AND platform = \'SONY_ANDROID_TV\') AS anchor SELECT     toString(ifNull(anchor, toDateTime(0, \'UTC\'))) AS anchor_ts,     ifNull((SELECT sum(c
2026-08-02 02:31:26	1	1	1	1	SELECT toString(toDateTime(\'2023-05-17 05:23:00\', \'UTC\') - INTERVAL 1 MINUTE) FORMAT TabSeparated 
2026-08-02 02:31:28	1	1	1	1	SELECT displayName(), version(), revision(), timezone()
2026-08-02 02:31:28	3	6	213	0	             SELECT                 name,                 toJSONString(labels) as labels_serialized,                 value,                 help,                 type             FROM (                 SELECT   \'ClickHouse_CustomMetric_SharedCatalogRecoveryTime\' as name,   toFloat64(recovery_time) a
2026-08-02 02:31:28	323	405668	32946643	1	 WITH toDateTime(\'2023-05-17 05:23:00\', \'UTC\') AS t0, toDateTime(\'2026-08-01 11:06:00\', \'UTC\') AS t1 SELECT max(c) AS peak, toString(argMax(minute, c)) AS peak_minute, round(avg(c), 4) AS avg_c FROM (     SELECT minute, sum(d) OVER (ORDER BY minute) AS c     FROM (         SELECT minute, sum(delta) 
2026-08-02 02:31:28	300	405668	32946643	1	 WITH toDateTime(\'2023-05-17 05:23:00\', \'UTC\') AS t0, toDateTime(\'2026-08-01 11:06:00\', \'UTC\') AS t1 SELECT max(c) AS peak, toString(argMax(minute, c)) AS peak_minute, round(avg(c), 4) AS avg_c FROM (     SELECT minute, sum(d) OVER (ORDER BY minute) AS c     FROM (         SELECT minute, sum(delta) 
2026-08-02 02:31:29	318	405668	32946643	1	 WITH toDateTime(\'2023-05-17 05:23:00\', \'UTC\') AS t0, toDateTime(\'2026-08-01 11:06:00\', \'UTC\') AS t1 SELECT max(c) AS peak, toString(argMax(minute, c)) AS peak_minute, round(avg(c), 4) AS avg_c FROM (     SELECT minute, sum(d) OVER (ORDER BY minute) AS c     FROM (         SELECT minute, sum(delta) 
2026-08-02 02:31:29	46	168249	15815524	1	 WITH toDateTime(\'2023-05-17 05:23:00\', \'UTC\') AS t0,      (SELECT max(hour_boundary) FROM sony.concurrency_hourly_checkpoint        WHERE hour_boundary <= t0  AND video_type = \'live\') AS anchor SELECT     toString(ifNull(anchor, toDateTime(0, \'UTC\'))) AS anchor_ts,     ifNull((SELECT sum(concurrenc
2026-08-02 02:31:29	61	336496	32324244	1	SELECT ifNull(sum(delta), 0) FROM sony.concurrency_delta_all WHERE minute < toDateTime(\'2023-05-17 05:23:00\', \'UTC\')  AND video_type = \'live\' FORMAT TabSeparated 
2026-08-02 02:31:29	1	1	1	1	SELECT toString(toDateTime(\'2023-05-17 05:23:00\', \'UTC\') - INTERVAL 1 MINUTE) FORMAT TabSeparated 
2026-08-02 02:31:30	1	1	1	1	SELECT 1;
2026-08-02 02:31:30	47	168249	15815524	1	 WITH toDateTime(\'2023-05-17 05:23:00\', \'UTC\') AS t0,      (SELECT max(hour_boundary) FROM sony.concurrency_hourly_checkpoint        WHERE hour_boundary <= t0  AND video_type = \'live\') AS anchor SELECT     toString(ifNull(anchor, toDateTime(0, \'UTC\'))) AS anchor_ts,     ifNull((SELECT sum(concurrenc
2026-08-02 02:31:30	306	405668	32946643	1	 WITH toDateTime(\'2023-05-17 05:23:00\', \'UTC\') AS t0 SELECT max(c) AS peak, toString(argMax(minute, c)) AS peak_minute, round(avg(c), 4) AS avg_c FROM (     SELECT minute, 0 + sum(d) OVER (ORDER BY minute) AS c     FROM (         SELECT minute, sum(delta) AS d         FROM sony.concurrency_delta_all
2026-08-02 02:31:30	83	336496	32324244	1	SELECT ifNull(sum(delta), 0) FROM sony.concurrency_delta_all WHERE minute < toDateTime(\'2023-05-17 05:23:00\', \'UTC\')  AND video_type = \'live\' FORMAT TabSeparated 
2026-08-02 02:31:31	324	405668	32946643	1	 WITH toDateTime(\'2023-05-17 05:23:00\', \'UTC\') AS t0 SELECT max(c) AS peak, toString(argMax(minute, c)) AS peak_minute, round(avg(c), 4) AS avg_c FROM (     SELECT minute, 0 + sum(d) OVER (ORDER BY minute) AS c     FROM (         SELECT minute, sum(delta) AS d         FROM sony.concurrency_delta_all
2026-08-02 02:31:31	15	380	5320	1	SELECT avg(ProfileEvent_OSCPUWaitMicroseconds) as cpu_wait FROM  system.metric_log  WHERE event_time > now() - INTERVAL 2 MINUTE AND event_date >= yesterday()
2026-08-02 02:31:31	3	2	10208	2	SELECT count() as count, sum(elapsed) as total_elapsed, \'lh\' as usr FROM system.processes  WHERE user = \'observability-internal\' AND client_hostname LIKE \'loghouse-scraper%\'  UNION ALL SELECT count() as count, sum(elapsed) as total_elapsed, \'other\' as usr FROM system.processes  WHERE user != \'observ
2026-08-02 02:31:31	1	887	368225	1	SELECT value FROM system.asynchronous_metrics WHERE metric = \'OSMemoryAvailable\' ;
2026-08-02 02:31:31	63	336496	32324244	1	SELECT ifNull(sum(delta), 0) FROM sony.concurrency_delta_all WHERE minute < toDateTime(\'2023-05-17 05:23:00\', \'UTC\')  AND video_type = \'live\' FORMAT TabSeparated 
2026-08-02 02:31:32	332	405668	32946643	1	 WITH toDateTime(\'2023-05-17 05:23:00\', \'UTC\') AS t0 SELECT max(c) AS peak, toString(argMax(minute, c)) AS peak_minute, round(avg(c), 4) AS avg_c FROM (     SELECT minute, 0 + sum(d) OVER (ORDER BY minute) AS c     FROM (         SELECT minute, sum(delta) AS d         FROM sony.concurrency_delta_all
2026-08-02 02:31:33	5	131	32558	131	SELECT             name,             value,             help,             JSONExtract(labels_serialized, \'Map(String, String)\') as labels,             type         FROM merge(system, \'^_custom_metrics_dictionary_.*\')         FORMAT Prometheus
2026-08-02 02:31:33	2	0	0	0	             SELECT                 name,                 toJSONString(labels) as labels_serialized,                 value,                 help,                 type             FROM (                 SELECT   \'ClickHouse_CustomMetric_FailedMutations\' as name,   toFloat64(count()) as value,   \'The 
2026-08-02 02:31:34	6	131	32558	131	SELECT             name,             value,             help,             JSONExtract(labels_serialized, \'Map(String, String)\') as labels,             type         FROM merge(system, \'^_custom_metrics_dictionary_.*\')         FORMAT Prometheus
2026-08-02 02:31:34	3	1	5438	1	SELECT count() FROM system.processes WHERE (initial_user NOT IN _CAST([\'backups-internal\', \'management-internal\', \'monitoring-internal\', \'observability-internal\', \'operator-internal\', \'prometheus-exporter\', \'prometheus-internal\', \'operator-cert-internal\', \'availability-monitoring-internal\', \'\'], \'Ar
2026-08-02 02:31:34	2	433	5753	1	SELECT countIf(database = \'system\') as systemParts, countIf(database != \'system\') as nonSystemParts FROM system.parts where active
2026-08-02 02:31:34	2	0	0	1	SELECT countIf(database = \'system\') as systemMerges, countIf(database != \'system\') as nonSystemMerges FROM system.merges
2026-08-02 02:31:34	1	1	1	1	SELECT toString(toDateTime(\'2023-05-17 05:23:00\', \'UTC\') - INTERVAL 1 MINUTE) FORMAT TabSeparated 
2026-08-02 02:31:35	1	1	1	1	SELECT toString(toDateTime(\'2023-05-17 05:23:00\', \'UTC\') - INTERVAL 1 MINUTE) FORMAT TabSeparated 
2026-08-02 02:31:36	1	1	1	1	SELECT toString(toDateTime(\'2023-05-17 05:23:00\', \'UTC\') - INTERVAL 1 MINUTE) FORMAT TabSeparated 
2026-08-02 02:31:38	12	8548	2037478	4608	SELECT now64(6) as scrape_time_microseconds, \'j62zx3k\' AS pod_ident, \'boneaws-al-46\' AS spoken_name, \'cell-1\' AS cell, \'ap-south-1\' AS region, \'aws\' AS cloud_provider, \'?\' AS clickhouse_version, \'0fc3eaab-fbcb-4533-8825-9be9faaea781\' AS control_plane_id, \'?\' AS system_processor, * FROM system."proce
2026-08-02 02:31:38	1	0	0	1	             SELECT                 name,                 toJSONString(labels) as labels_serialized,                 value,                 help,                 type             FROM (                 SELECT   \'ClickHouse_CustomMetric_TotalMemoryUsedByMerges\' AS name,   toFloat64(SUM(memory_usage))
2026-08-02 02:31:38	2	15	1013	15	             SELECT                 name,                 toJSONString(labels) as labels_serialized,                 value,                 help,                 type             FROM (                 SELECT     \'ClickHouse_MetricsCollection_CustomMetricsSystemTable\' AS name,     toFloat64(1) AS va
2026-08-02 02:31:38	3	6	213	0	             SELECT                 name,                 toJSONString(labels) as labels_serialized,                 value,                 help,                 type             FROM (                 SELECT   \'ClickHouse_CustomMetric_DatabaseReplicatedRecoveryTime\' as name,   toFloat64(recovery_ti
2026-08-02 02:31:39	301	371009	32670335	1	 WITH toDateTime(\'2023-05-17 05:23:00\', \'UTC\') AS t0, toDateTime(\'2026-08-01 11:06:00\', \'UTC\') AS t1 SELECT max(c) AS peak, toString(argMax(minute, c)) AS peak_minute, round(avg(c), 4) AS avg_c FROM (     SELECT minute, sum(d) OVER (ORDER BY minute) AS c     FROM (         SELECT minute, sum(delta) 
2026-08-02 02:31:39	332	371009	32670335	1	 WITH toDateTime(\'2023-05-17 05:23:00\', \'UTC\') AS t0, toDateTime(\'2026-08-01 11:06:00\', \'UTC\') AS t1 SELECT max(c) AS peak, toString(argMax(minute, c)) AS peak_minute, round(avg(c), 4) AS avg_c FROM (     SELECT minute, sum(d) OVER (ORDER BY minute) AS c     FROM (         SELECT minute, sum(delta) 
2026-08-02 02:31:39	21	15912	3888251	10586	SELECT now64(6) as scrape_time_microseconds, \'j62zx3k\' AS pod_ident, \'boneaws-al-46\' AS spoken_name, \'cell-1\' AS cell, \'ap-south-1\' AS region, \'aws\' AS cloud_provider, \'?\' AS clickhouse_version, \'0fc3eaab-fbcb-4533-8825-9be9faaea781\' AS control_plane_id, \'?\' AS system_processor, * FROM system."trace
2026-08-02 02:31:39	37	168249	15992301	1	 WITH toDateTime(\'2023-05-17 05:23:00\', \'UTC\') AS t0,      (SELECT max(hour_boundary) FROM sony.concurrency_hourly_checkpoint        WHERE hour_boundary <= t0  AND platform = \'ANDROID_PHONE\' AND country = \'india\') AS anchor SELECT     toString(ifNull(anchor, toDateTime(0, \'UTC\'))) AS anchor_ts,     
2026-08-02 02:31:39	63	336496	32324244	1	SELECT ifNull(sum(delta), 0) FROM sony.concurrency_delta_all WHERE minute < toDateTime(\'2023-05-17 05:23:00\', \'UTC\')  AND platform = \'ANDROID_PHONE\' AND country = \'india\' FORMAT TabSeparated 
2026-08-02 02:31:39	1	1	1	1	SELECT toString(toDateTime(\'2023-05-17 05:23:00\', \'UTC\') - INTERVAL 1 MINUTE) FORMAT TabSeparated 
2026-08-02 02:31:40	29	4486	9406306	292	SELECT now64(6) as scrape_time_microseconds, \'j62zx3k\' AS pod_ident, \'boneaws-al-46\' AS spoken_name, \'cell-1\' AS cell, \'ap-south-1\' AS region, \'aws\' AS cloud_provider, \'?\' AS clickhouse_version, \'0fc3eaab-fbcb-4533-8825-9be9faaea781\' AS control_plane_id, \'?\' AS system_processor, * FROM system."query
2026-08-02 02:31:40	38	168249	15992301	1	 WITH toDateTime(\'2023-05-17 05:23:00\', \'UTC\') AS t0,      (SELECT max(hour_boundary) FROM sony.concurrency_hourly_checkpoint        WHERE hour_boundary <= t0  AND platform = \'ANDROID_PHONE\' AND country = \'india\') AS anchor SELECT     toString(ifNull(anchor, toDateTime(0, \'UTC\'))) AS anchor_ts,     
2026-08-02 02:31:41	172	784	2154261	120	SELECT now64(6) as scrape_time_microseconds, \'j62zx3k\' AS pod_ident, \'boneaws-al-46\' AS spoken_name, \'cell-1\' AS cell, \'ap-south-1\' AS region, \'aws\' AS cloud_provider, \'?\' AS clickhouse_version, \'0fc3eaab-fbcb-4533-8825-9be9faaea781\' AS control_plane_id, \'?\' AS system_processor, * FROM system."metri
2026-08-02 02:31:41	1	1	1	1	SELECT toString(toDateTime(\'2023-05-17 05:23:00\', \'UTC\') - INTERVAL 1 MINUTE) FORMAT TabSeparated 
2026-08-02 02:31:43	301	446668	33205620	1	 WITH toDateTime(\'2026-07-31 00:00:00\', \'UTC\') AS t0, toDateTime(\'2026-07-31 23:59:00\', \'UTC\') AS t1 SELECT max(c) AS peak, toString(argMax(minute, c)) AS peak_minute, round(avg(c), 4) AS avg_c FROM (     SELECT minute, sum(d) OVER (ORDER BY minute) AS c     FROM (         SELECT minute, sum(delta) 
2026-08-02 02:31:43	2	1	5022	1	             SELECT                 name,                 toJSONString(labels) as labels_serialized,                 value,                 help,                 type             FROM (                 SELECT   \'ClickHouse_CustomMetric_TotalMemoryUsedByQueries\' AS name,   toFloat64(SUM(peak_memory_u
2026-08-02 02:31:43	317	446668	33205620	1	 WITH toDateTime(\'2026-07-31 00:00:00\', \'UTC\') AS t0, toDateTime(\'2026-07-31 23:59:00\', \'UTC\') AS t1 SELECT max(c) AS peak, toString(argMax(minute, c)) AS peak_minute, round(avg(c), 4) AS avg_c FROM (     SELECT minute, sum(d) OVER (ORDER BY minute) AS c     FROM (         SELECT minute, sum(delta) 
2026-08-02 02:31:44	290	446668	33205620	1	 WITH toDateTime(\'2026-07-31 00:00:00\', \'UTC\') AS t0, toDateTime(\'2026-07-31 23:59:00\', \'UTC\') AS t1 SELECT max(c) AS peak, toString(argMax(minute, c)) AS peak_minute, round(avg(c), 4) AS avg_c FROM (     SELECT minute, sum(d) OVER (ORDER BY minute) AS c     FROM (         SELECT minute, sum(delta) 
2026-08-02 02:31:44	5	0	0	0	WITH source AS (SELECT [\'matview_execution_total\', if(exception_code != 0, \'matview_execution_fail\', \'\')] AS metrics, event_time AS ts FROM system.query_views_log WHERE (status != \'QueryStart\') AND (event_date >= toDate(_CAST(\'1785637749.333\', \'DateTime64\'))) AND (event_time >= toDateTime(_CAST(\'178
2026-08-02 02:31:44	4	378	114440	5	WITH metrics AS (SELECT name AS metric, toFloat64(value) AS val, now() AS ts FROM system.server_settings WHERE multiMatchAny(name, _CAST([\'^max_database_num_to_throw$\', \'^max_database_num_to_warn$\', \'^max_table_num_to_throw$\', \'^max_table_num_to_warn$\', \'^max_concurrent_queries$\'], \'Array(String)\'))
2026-08-02 02:31:44	9	114688	1721643	1560	SELECT CAST(\'0fc3eaab-fbcb-4533-8825-9be9faaea781\', \'UUID\') AS control_plane_id, CAST(\'c-boneaws-al-46-server-j62zx3k-0\', \'LowCardinality(String)\') AS pod_id, CAST(now64(), \'DateTime64(6)\') AS scrape_ts_microseconds, CAST(event_date, \'Date\') AS event_date, CAST(event_time, \'DateTime\') AS event_time,
2026-08-02 02:31:44	10	6118	91756	15	WITH metrics AS (SELECT multiIf((event_type = \'MergeParts\') AND (error = 0), \'merges_finished\', (event_type = \'MergeParts\') AND (error != 0), \'merges_failed\', (event_type = \'MutatePart\') AND (error = 0), \'mutate_part_finished\', (event_type = \'MutatePart\') AND (error != 0), \'mutate_part_failed\', NULL
2026-08-02 02:31:44	3	7	34429	1	SELECT count() FROM system.processes WHERE (initial_user NOT IN _CAST([\'backups-internal\', \'management-internal\', \'monitoring-internal\', \'observability-internal\', \'operator-internal\', \'prometheus-exporter\', \'prometheus-internal\', \'operator-cert-internal\', \'availability-monitoring-internal\', \'\'], \'Ar
2026-08-02 02:31:44	10	0	0	1	WITH failed_mutations AS (SELECT toDateTime(create_time) AS ts, count() AS val FROM system.mutations WHERE (ts > toDateTime(_CAST(\'1785637749.333\', \'DateTime64\'))) AND (ts <= toDateTime(_CAST(\'1785637869.333\', \'DateTime64\'))) AND (latest_failed_part != \'\') AND (is_done = 0) GROUP BY ts), failed_muta
2026-08-02 02:31:44	2	431	5723	1	SELECT countIf(database = \'system\') as systemParts, countIf(database != \'system\') as nonSystemParts FROM system.parts where active
2026-08-02 02:31:44	25	3174	595968	129	SELECT CAST(\'0fc3eaab-fbcb-4533-8825-9be9faaea781\', \'UUID\') AS instance_id, CAST(\'c-boneaws-al-46-server-j62zx3k-0\', \'LowCardinality(String)\') AS node_id, CAST(name, \'LowCardinality(String)\') AS metric, CAST(mapFilter((k, v) -> has(_CAST([\'remote\'], \'Array(String)\'), k), labels), \'Map(LowCardinality
2026-08-02 02:31:44	2	0	0	1	SELECT countIf(database = \'system\') as systemMerges, countIf(database != \'system\') as nonSystemMerges FROM system.merges
2026-08-02 02:31:44	56	380	125531	120	SELECT CAST(\'0fc3eaab-fbcb-4533-8825-9be9faaea781\', \'UUID\') AS control_plane_id, CAST(\'c-boneaws-al-46-server-j62zx3k-0\', \'LowCardinality(String)\') AS pod_id, CAST(now64(), \'DateTime64(6)\') AS scrape_ts_microseconds, CAST(event_date, \'Date\') AS event_date, CAST(event_time, \'DateTime\') AS event_time,
2026-08-02 02:31:44	201	1171	247399	24	WITH parts_agg AS (SELECT database AS agg_database, `table` AS agg_table, SUM(primary_key_size) AS primary_index_size, SUM(secondary_indices_compressed_bytes) AS secondary_index_size FROM system.parts WHERE active AND (database != \'system\') GROUP BY database, `table`), proj_agg AS (SELECT database A
2026-08-02 02:31:44	73	444841	33191004	1	 WITH toDateTime(\'2026-07-31 00:00:00\', \'UTC\') AS t0 SELECT max(c) AS peak, toString(argMax(minute, c)) AS peak_minute, round(avg(c), 4) AS avg_c FROM (     SELECT minute, 2 + sum(d) OVER (ORDER BY minute) AS c     FROM (         SELECT minute, sum(delta) AS d         FROM sony.concurrency_delta_all
2026-08-02 02:31:45	185	2511381	40251215	105411	SELECT now64(6) as scrape_time_microseconds, \'j62zx3k\' AS pod_ident, \'boneaws-al-46\' AS spoken_name, \'cell-1\' AS cell, \'ap-south-1\' AS region, \'aws\' AS cloud_provider, \'?\' AS clickhouse_version, \'0fc3eaab-fbcb-4533-8825-9be9faaea781\' AS control_plane_id, \'?\' AS system_processor, * FROM system."async
2026-08-02 02:31:46	19	25810	5472139	17408	SELECT now64(6) as scrape_time_microseconds, \'j62zx3k\' AS pod_ident, \'boneaws-al-46\' AS spoken_name, \'cell-1\' AS cell, \'ap-south-1\' AS region, \'aws\' AS cloud_provider, \'?\' AS clickhouse_version, \'0fc3eaab-fbcb-4533-8825-9be9faaea781\' AS control_plane_id, \'?\' AS system_processor, * FROM system."text_
2026-08-02 02:31:46	322	371000	32635540	1	 WITH toDateTime(\'2026-07-31 00:00:00\', \'UTC\') AS t0, toDateTime(\'2026-07-31 23:59:00\', \'UTC\') AS t1 SELECT max(c) AS peak, toString(argMax(minute, c)) AS peak_minute, round(avg(c), 4) AS avg_c FROM (     SELECT minute, sum(d) OVER (ORDER BY minute) AS c     FROM (         SELECT minute, sum(delta) 
2026-08-02 02:31:47	66	369264	32619247	1	 WITH toDateTime(\'2026-07-31 00:00:00\', \'UTC\') AS t0 SELECT max(c) AS peak, toString(argMax(minute, c)) AS peak_minute, round(avg(c), 4) AS avg_c FROM (     SELECT minute, 1 + sum(d) OVER (ORDER BY minute) AS c     FROM (         SELECT minute, sum(delta) AS d         FROM sony.concurrency_delta_all
2026-08-02 02:31:48	5	131	32558	131	SELECT             name,             value,             help,             JSONExtract(labels_serialized, \'Map(String, String)\') as labels,             type         FROM merge(system, \'^_custom_metrics_dictionary_.*\')         FORMAT Prometheus
2026-08-02 02:31:48	2	2	6334	1	             SELECT                 name,                 toJSONString(labels) as labels_serialized,                 value,                 help,                 type             FROM (                 SELECT   \'ClickHouse_CustomMetric_TotalMemoryUsedByQueries\' AS name,   toFloat64(SUM(peak_memory_u
2026-08-02 02:31:48	3	20	12866	0	             SELECT                 name,                 toJSONString(labels) as labels_serialized,                 value,                 help,                 type             FROM (                 SELECT   \'clickhouse_table_replica_readonly_start_timestamp_seconds\' as name,   toFloat64(toUnixTi
2026-08-02 02:31:48	296	395667	32797612	1	 WITH toDateTime(\'2026-07-31 10:00:00\', \'UTC\') AS t0, toDateTime(\'2026-07-31 11:00:00\', \'UTC\') AS t1 SELECT max(c) AS peak, toString(argMax(minute, c)) AS peak_minute, round(avg(c), 4) AS avg_c FROM (     SELECT minute, sum(d) OVER (ORDER BY minute) AS c     FROM (         SELECT minute, sum(delta) 
2026-08-02 02:31:52	14	5901	3296783	170	SELECT now64(6) as scrape_time_microseconds, \'j62zx3k\' AS pod_ident, \'boneaws-al-46\' AS spoken_name, \'cell-1\' AS cell, \'ap-south-1\' AS region, \'aws\' AS cloud_provider, \'?\' AS clickhouse_version, \'0fc3eaab-fbcb-4533-8825-9be9faaea781\' AS control_plane_id, \'?\' AS system_processor, * FROM system."part_
2026-08-02 02:31:53	2	13	6340	1	             SELECT                 name,                 toJSONString(labels) as labels_serialized,                 value,                 help,                 type             FROM (                 SELECT   \'ClickHouse_CustomMetric_TotalMemoryUsedByDictionaries\' AS name,   toFloat64(SUM(bytes_al
2026-08-02 02:31:54	3	1	5438	1	SELECT count() FROM system.processes WHERE (initial_user NOT IN _CAST([\'backups-internal\', \'management-internal\', \'monitoring-internal\', \'observability-internal\', \'operator-internal\', \'prometheus-exporter\', \'prometheus-internal\', \'operator-cert-internal\', \'availability-monitoring-internal\', \'\'], \'Ar
2026-08-02 02:31:54	3	424	5618	1	SELECT countIf(database = \'system\') as systemParts, countIf(database != \'system\') as nonSystemParts FROM system.parts where active
2026-08-02 02:31:54	1	0	0	1	SELECT countIf(database = \'system\') as systemMerges, countIf(database != \'system\') as nonSystemMerges FROM system.merges
2026-08-02 02:31:58	1	0	0	1	             SELECT                 name,                 toJSONString(labels) as labels_serialized,                 value,                 help,                 type             FROM (                 SELECT   \'ClickHouse_CustomMetric_TotalMemoryUsedByMerges\' AS name,   toFloat64(SUM(memory_usage))
2026-08-02 02:31:58	2	59	472	1	             SELECT                 name,                 toJSONString(labels) as labels_serialized,                 value,                 help,                 type             FROM (                 SELECT   \'ClickHouse_CustomMetric_TotalMemoryUsedByDataSkippingIndices\' AS name,   toFloat64(SUM(d
2026-08-02 02:31:59	8	5619	1670752	401	SELECT now64(6) as scrape_time_microseconds, \'j62zx3k\' AS pod_ident, \'boneaws-al-46\' AS spoken_name, \'cell-1\' AS cell, \'ap-south-1\' AS region, \'aws\' AS cloud_provider, \'?\' AS clickhouse_version, \'0fc3eaab-fbcb-4533-8825-9be9faaea781\' AS control_plane_id, \'?\' AS system_processor, * FROM system."blob_
2026-08-02 02:31:59	2	0	8	1	SELECT count() FROM system.backups where status IN (0,3)
2026-08-02 02:31:59	3	1	5472	1	SELECT count() FROM system.processes WHERE (elapsed > _CAST(0, \'Int64\')) AND (initial_user NOT IN _CAST([\'backups-internal\', \'management-internal\', \'monitoring-internal\', \'observability-internal\', \'operator-internal\', \'prometheus-exporter\', \'prometheus-internal\', \'operator-cert-internal\', \'availabil
2026-08-02 02:32:01	15	121	1694	1	SELECT avg(ProfileEvent_OSCPUWaitMicroseconds) as cpu_wait FROM  system.metric_log  WHERE event_time > now() - INTERVAL 2 MINUTE AND event_date >= yesterday()
2026-08-02 02:32:01	4	2	10208	2	SELECT count() as count, sum(elapsed) as total_elapsed, \'lh\' as usr FROM system.processes  WHERE user = \'observability-internal\' AND client_hostname LIKE \'loghouse-scraper%\'  UNION ALL SELECT count() as count, sum(elapsed) as total_elapsed, \'other\' as usr FROM system.processes  WHERE user != \'observ
2026-08-02 02:32:01	1	886	368083	1	SELECT value FROM system.asynchronous_metrics WHERE metric = \'OSMemoryAvailable\' ;
2026-08-02 02:32:03	6	131	32558	131	SELECT             name,             value,             help,             JSONExtract(labels_serialized, \'Map(String, String)\') as labels,             type         FROM merge(system, \'^_custom_metrics_dictionary_.*\')         FORMAT Prometheus
2026-08-02 02:32:03	2	0	0	1	             SELECT                 name,                 toJSONString(labels) as labels_serialized,                 value,                 help,                 type             FROM (                 SELECT   \'ClickHouse_CustomMetric_TotalMemoryUsedByMerges\' AS name,   toFloat64(SUM(memory_usage))
2026-08-02 02:32:04	6	131	32558	131	SELECT             name,             value,             help,             JSONExtract(labels_serialized, \'Map(String, String)\') as labels,             type         FROM merge(system, \'^_custom_metrics_dictionary_.*\')         FORMAT Prometheus
2026-08-02 02:32:04	3	2	12834	1	SELECT count() FROM system.processes WHERE (initial_user NOT IN _CAST([\'backups-internal\', \'management-internal\', \'monitoring-internal\', \'observability-internal\', \'operator-internal\', \'prometheus-exporter\', \'prometheus-internal\', \'operator-cert-internal\', \'availability-monitoring-internal\', \'\'], \'Ar
2026-08-02 02:32:04	2	425	5633	1	SELECT countIf(database = \'system\') as systemParts, countIf(database != \'system\') as nonSystemParts FROM system.parts where active
2026-08-02 02:32:04	1	0	0	1	SELECT countIf(database = \'system\') as systemMerges, countIf(database != \'system\') as nonSystemMerges FROM system.merges
2026-08-02 02:32:04	25	3173	595826	129	SELECT CAST(\'0fc3eaab-fbcb-4533-8825-9be9faaea781\', \'UUID\') AS instance_id, CAST(\'c-boneaws-al-46-server-j62zx3k-0\', \'LowCardinality(String)\') AS node_id, CAST(name, \'LowCardinality(String)\') AS metric, CAST(mapFilter((k, v) -> has(_CAST([\'remote\'], \'Array(String)\'), k), labels), \'Map(LowCardinality
2026-08-02 02:32:08	1	9	3184	9	             SELECT                 name,                 toJSONString(labels) as labels_serialized,                 value,                 help,                 type             FROM (                 SELECT   concat(\'clickhouse_\', system.dimensional_metrics.metric) AS name,   toFloat64(system.dime
2026-08-02 02:32:08	1	0	0	1	             SELECT                 name,                 toJSONString(labels) as labels_serialized,                 value,                 help,                 type             FROM (                 SELECT   \'ClickHouse_CustomMetric_TotalMemoryUsedByAsynchronousInserts\' AS name,   toFloat64(SUM(t
2026-08-02 02:32:13	2	59	472	1	             SELECT                 name,                 toJSONString(labels) as labels_serialized,                 value,                 help,                 type             FROM (                 SELECT   \'ClickHouse_CustomMetric_TotalMemoryUsedByDataSkippingIndices\' AS name,   toFloat64(SUM(d
2026-08-02 02:32:13	2	15	1013	15	             SELECT                 name,                 toJSONString(labels) as labels_serialized,                 value,                 help,                 type             FROM (                 SELECT     \'ClickHouse_MetricsCollection_CustomMetricsSystemTable\' AS name,     toFloat64(1) AS va
2026-08-02 02:32:13	3	6	213	0	             SELECT                 name,                 toJSONString(labels) as labels_serialized,                 value,                 help,                 type             FROM (                 SELECT   \'ClickHouse_CustomMetric_DatabaseReplicatedRecoveryTime\' as name,   toFloat64(recovery_ti
2026-08-02 02:32:14	3	1	5438	1	SELECT count() FROM system.processes WHERE (initial_user NOT IN _CAST([\'backups-internal\', \'management-internal\', \'monitoring-internal\', \'observability-internal\', \'operator-internal\', \'prometheus-exporter\', \'prometheus-internal\', \'operator-cert-internal\', \'availability-monitoring-internal\', \'\'], \'Ar
2026-08-02 02:32:14	3	427	5663	1	SELECT countIf(database = \'system\') as systemParts, countIf(database != \'system\') as nonSystemParts FROM system.parts where active
2026-08-02 02:32:14	2	0	0	1	SELECT countIf(database = \'system\') as systemMerges, countIf(database != \'system\') as nonSystemMerges FROM system.merges
2026-08-02 02:32:17	8	2333	1396917	42	SELECT now64(6) as scrape_time_microseconds, \'j62zx3k\' AS pod_ident, \'boneaws-al-46\' AS spoken_name, \'cell-1\' AS cell, \'ap-south-1\' AS region, \'aws\' AS cloud_provider, \'?\' AS clickhouse_version, \'0fc3eaab-fbcb-4533-8825-9be9faaea781\' AS control_plane_id, \'?\' AS system_processor, * FROM system."sessi
2026-08-02 02:32:18	6	147	36524	147	SELECT             name,             value,             help,             JSONExtract(labels_serialized, \'Map(String, String)\') as labels,             type         FROM merge(system, \'^_custom_metrics_dictionary_.*\')         FORMAT Prometheus
2026-08-02 02:32:18	2	13	6340	1	             SELECT                 name,                 toJSONString(labels) as labels_serialized,                 value,                 help,                 type             FROM (                 SELECT   \'ClickHouse_CustomMetric_TotalMemoryUsedByDictionaries\' AS name,   toFloat64(SUM(bytes_al
2026-08-02 02:32:18	3	6	213	0	             SELECT                 name,                 toJSONString(labels) as labels_serialized,                 value,                 help,                 type             FROM (                 SELECT   \'ClickHouse_CustomMetric_SharedCatalogRecoveryTime\' as name,   toFloat64(recovery_time) a
2026-08-02 02:32:23	2	0	0	1	             SELECT                 name,                 toJSONString(labels) as labels_serialized,                 value,                 help,                 type             FROM (                 SELECT   \'ClickHouse_CustomMetric_TotalMemoryUsedByMerges\' AS name,   toFloat64(SUM(memory_usage))
2026-08-02 02:32:23	2	0	0	0	             SELECT                 name,                 toJSONString(labels) as labels_serialized,                 value,                 help,                 type             FROM (                 SELECT   \'ClickHouse_CustomMetric_FailedMutations\' as name,   toFloat64(count()) as value,   \'The 
2026-08-02 02:32:24	2	2	12834	1	SELECT count() FROM system.processes WHERE (initial_user NOT IN _CAST([\'backups-internal\', \'management-internal\', \'monitoring-internal\', \'observability-internal\', \'operator-internal\', \'prometheus-exporter\', \'prometheus-internal\', \'operator-cert-internal\', \'availability-monitoring-internal\', \'\'], \'Ar
2026-08-02 02:32:24	2	426	5648	1	SELECT countIf(database = \'system\') as systemParts, countIf(database != \'system\') as nonSystemParts FROM system.parts where active
2026-08-02 02:32:24	1	0	0	1	SELECT countIf(database = \'system\') as systemMerges, countIf(database != \'system\') as nonSystemMerges FROM system.merges
2026-08-02 02:32:24	24	3189	598085	129	SELECT CAST(\'0fc3eaab-fbcb-4533-8825-9be9faaea781\', \'UUID\') AS instance_id, CAST(\'c-boneaws-al-46-server-j62zx3k-0\', \'LowCardinality(String)\') AS node_id, CAST(name, \'LowCardinality(String)\') AS metric, CAST(mapFilter((k, v) -> has(_CAST([\'remote\'], \'Array(String)\'), k), labels), \'Map(LowCardinality
2026-08-02 02:32:28	1	0	0	1	             SELECT                 name,                 toJSONString(labels) as labels_serialized,                 value,                 help,                 type             FROM (                 SELECT   \'ClickHouse_CustomMetric_TotalMemoryUsedByAsynchronousInserts\' AS name,   toFloat64(SUM(t
2026-08-02 02:32:31	13	440	6160	1	SELECT avg(ProfileEvent_OSCPUWaitMicroseconds) as cpu_wait FROM  system.metric_log  WHERE event_time > now() - INTERVAL 2 MINUTE AND event_date >= yesterday()
2026-08-02 02:32:31	4	2	10208	2	SELECT count() as count, sum(elapsed) as total_elapsed, \'lh\' as usr FROM system.processes  WHERE user = \'observability-internal\' AND client_hostname LIKE \'loghouse-scraper%\'  UNION ALL SELECT count() as count, sum(elapsed) as total_elapsed, \'other\' as usr FROM system.processes  WHERE user != \'observ
2026-08-02 02:32:31	1	886	368083	1	SELECT value FROM system.asynchronous_metrics WHERE metric = \'OSMemoryAvailable\' ;
2026-08-02 02:32:33	5	147	36524	147	SELECT             name,             value,             help,             JSONExtract(labels_serialized, \'Map(String, String)\') as labels,             type         FROM merge(system, \'^_custom_metrics_dictionary_.*\')         FORMAT Prometheus
2026-08-02 02:32:33	3	20	12866	0	             SELECT                 name,                 toJSONString(labels) as labels_serialized,                 value,                 help,                 type             FROM (                 SELECT   \'clickhouse_table_replica_readonly_start_timestamp_seconds\' as name,   toFloat64(toUnixTi
2026-08-02 02:32:34	2	0	0	1	SELECT countIf(database = \'system\') as systemMerges, countIf(database != \'system\') as nonSystemMerges FROM system.merges
2026-08-02 02:32:34	3	1	5438	1	SELECT count() FROM system.processes WHERE (initial_user NOT IN _CAST([\'backups-internal\', \'management-internal\', \'monitoring-internal\', \'observability-internal\', \'operator-internal\', \'prometheus-exporter\', \'prometheus-internal\', \'operator-cert-internal\', \'availability-monitoring-internal\', \'\'], \'Ar
2026-08-02 02:32:34	2	427	5663	1	SELECT countIf(database = \'system\') as systemParts, countIf(database != \'system\') as nonSystemParts FROM system.parts where active
2026-08-02 02:32:34	6	147	36524	147	SELECT             name,             value,             help,             JSONExtract(labels_serialized, \'Map(String, String)\') as labels,             type         FROM merge(system, \'^_custom_metrics_dictionary_.*\')         FORMAT Prometheus
2026-08-02 02:32:38	2	15	1013	15	             SELECT                 name,                 toJSONString(labels) as labels_serialized,                 value,                 help,                 type             FROM (                 SELECT     \'ClickHouse_MetricsCollection_CustomMetricsSystemTable\' AS name,     toFloat64(1) AS va
2026-08-02 02:32:43	2	2	8100	1	             SELECT                 name,                 toJSONString(labels) as labels_serialized,                 value,                 help,                 type             FROM (                 SELECT   \'ClickHouse_CustomMetric_TotalMemoryUsedByQueries\' AS name,   toFloat64(SUM(peak_memory_u
2026-08-02 02:32:43	23	33326	734303	33326	SELECT `content_id`, `title`, `video_type`, `category` FROM `sony`.`content_dim`;
2026-08-02 02:32:44	2	2	12834	1	SELECT count() FROM system.processes WHERE (initial_user NOT IN _CAST([\'backups-internal\', \'management-internal\', \'monitoring-internal\', \'observability-internal\', \'operator-internal\', \'prometheus-exporter\', \'prometheus-internal\', \'operator-cert-internal\', \'availability-monitoring-internal\', \'\'], \'Ar
2026-08-02 02:32:44	2	430	5708	1	SELECT countIf(database = \'system\') as systemParts, countIf(database != \'system\') as nonSystemParts FROM system.parts where active
2026-08-02 02:32:44	1	0	0	1	SELECT countIf(database = \'system\') as systemMerges, countIf(database != \'system\') as nonSystemMerges FROM system.merges
2026-08-02 02:32:44	24	3189	598085	129	SELECT CAST(\'0fc3eaab-fbcb-4533-8825-9be9faaea781\', \'UUID\') AS instance_id, CAST(\'c-boneaws-al-46-server-j62zx3k-0\', \'LowCardinality(String)\') AS node_id, CAST(name, \'LowCardinality(String)\') AS metric, CAST(mapFilter((k, v) -> has(_CAST([\'remote\'], \'Array(String)\'), k), labels), \'Map(LowCardinality
2026-08-02 02:32:44	70	168248	13102110	1	SELECT countIf(is_open) FROM sony.session_active_intervals FINAL FORMAT TabSeparated 
2026-08-02 02:32:44	1	1	16	1	SELECT count() FROM sony.concurrency_minute_delta FORMAT TabSeparated 
2026-08-02 02:32:44	227	7000000	469115268	1	SELECT uniqExact(video_session_id) FROM sony.raw_events FORMAT TabSeparated 
2026-08-02 02:32:44	60	446677	32764968	1	SELECT toString(min(minute)), toString(max(minute)) FROM sony.concurrency_delta_all FORMAT TabSeparated 
2026-08-02 02:32:45	34	168248	13255238	2	SELECT video_type, uniqExact(video_session_id) AS sessions FROM sony.session_active_intervals FINAL WHERE video_type != \'\'  GROUP BY video_type ORDER BY sessions DESC FORMAT TabSeparated 
2026-08-02 02:32:45	37	168248	13255192	1	SELECT country, uniqExact(video_session_id) AS sessions FROM sony.session_active_intervals FINAL WHERE country != \'\'  GROUP BY country ORDER BY sessions DESC FORMAT TabSeparated 
2026-08-02 02:32:47	33	168248	13255238	2	SELECT video_type, uniqExact(video_session_id) AS sessions FROM sony.session_active_intervals FINAL WHERE video_type != \'\'  GROUP BY video_type ORDER BY sessions DESC FORMAT TabSeparated 
2026-08-02 02:32:47	3	38	2204	1	SELECT toString(ts), events_sent, events_stored, open_sessions, peak, watermark, running, speed FROM sony.replay_state ORDER BY ts DESC LIMIT 1 FORMAT TabSeparated 
2026-08-02 02:32:48	5	147	36524	147	SELECT             name,             value,             help,             JSONExtract(labels_serialized, \'Map(String, String)\') as labels,             type         FROM merge(system, \'^_custom_metrics_dictionary_.*\')         FORMAT Prometheus
2026-08-02 02:32:48	4	53	520	2	 SELECT platform, max(c) AS peak FROM (   SELECT platform, minute,          sum(sum(delta)) OVER (PARTITION BY platform ORDER BY minute) AS c   FROM sony.replay_delta WHERE 1=1  GROUP BY platform, minute) GROUP BY platform ORDER BY peak DESC LIMIT 12 FORMAT TabSeparated 
2026-08-02 02:32:48	3	36	0	1	SELECT countIf(is_open) FROM sony.replay_intervals FORMAT TabSeparated 
2026-08-02 02:32:48	1	9	3184	9	             SELECT                 name,                 toJSONString(labels) as labels_serialized,                 value,                 help,                 type             FROM (                 SELECT   concat(\'clickhouse_\', system.dimensional_metrics.metric) AS name,   toFloat64(system.dime
2026-08-02 02:32:48	3	6	213	0	             SELECT                 name,                 toJSONString(labels) as labels_serialized,                 value,                 help,                 type             FROM (                 SELECT   \'ClickHouse_CustomMetric_SharedCatalogRecoveryTime\' as name,   toFloat64(recovery_time) a
2026-08-02 02:32:53	2	15	1013	15	             SELECT                 name,                 toJSONString(labels) as labels_serialized,                 value,                 help,                 type             FROM (                 SELECT     \'ClickHouse_MetricsCollection_CustomMetricsSystemTable\' AS name,     toFloat64(1) AS va
2026-08-02 02:32:54	3	1	5438	1	SELECT count() FROM system.processes WHERE (initial_user NOT IN _CAST([\'backups-internal\', \'management-internal\', \'monitoring-internal\', \'observability-internal\', \'operator-internal\', \'prometheus-exporter\', \'prometheus-internal\', \'operator-cert-internal\', \'availability-monitoring-internal\', \'\'], \'Ar
2026-08-02 02:32:54	2	439	5843	1	SELECT countIf(database = \'system\') as systemParts, countIf(database != \'system\') as nonSystemParts FROM system.parts where active
2026-08-02 02:32:54	1	0	0	1	SELECT countIf(database = \'system\') as systemMerges, countIf(database != \'system\') as nonSystemMerges FROM system.merges
2026-08-02 02:32:55	1	1	1	1	SELECT count(*) FROM system.projections
2026-08-02 02:32:56	3	0	0	0	SELECT now64(6) as scrape_time_microseconds, \'j62zx3k\' AS pod_ident, \'boneaws-al-46\' AS spoken_name, \'cell-1\' AS cell, \'ap-south-1\' AS region, \'aws\' AS cloud_provider, \'?\' AS clickhouse_version, \'0fc3eaab-fbcb-4533-8825-9be9faaea781\' AS control_plane_id, \'?\' AS system_processor, * FROM system."files
2026-08-02 02:32:56	4	627	2508	0	SELECT now64(6) as scrape_time_microseconds, \'j62zx3k\' AS pod_ident, \'boneaws-al-46\' AS spoken_name, \'cell-1\' AS cell, \'ap-south-1\' AS region, \'aws\' AS cloud_provider, \'?\' AS clickhouse_version, \'0fc3eaab-fbcb-4533-8825-9be9faaea781\' AS control_plane_id, \'?\' AS system_processor, * FROM system."async
2026-08-02 02:32:56	2	59	59	1	SELECT count(*) FROM system.data_skipping_indices
2026-08-02 02:32:57	3	0	0	0	SELECT now64(6) as scrape_time_microseconds, \'j62zx3k\' AS pod_ident, \'boneaws-al-46\' AS spoken_name, \'cell-1\' AS cell, \'ap-south-1\' AS region, \'aws\' AS cloud_provider, \'?\' AS clickhouse_version, \'0fc3eaab-fbcb-4533-8825-9be9faaea781\' AS control_plane_id, \'?\' AS system_processor, * FROM system."crash
2026-08-02 02:32:58	3	0	0	0	SELECT now64(6) as scrape_time_microseconds, \'j62zx3k\' AS pod_ident, \'boneaws-al-46\' AS spoken_name, \'cell-1\' AS cell, \'ap-south-1\' AS region, \'aws\' AS cloud_provider, \'?\' AS clickhouse_version, \'0fc3eaab-fbcb-4533-8825-9be9faaea781\' AS control_plane_id, \'?\' AS system_processor, * FROM system."click
2026-08-02 02:32:58	2	15	1013	15	             SELECT                 name,                 toJSONString(labels) as labels_serialized,                 value,                 help,                 type             FROM (                 SELECT     \'ClickHouse_MetricsCollection_CustomMetricsSystemTable\' AS name,     toFloat64(1) AS va
2026-08-02 02:32:59	3	0	0	0	SELECT now64(6) as scrape_time_microseconds, \'j62zx3k\' AS pod_ident, \'boneaws-al-46\' AS spoken_name, \'cell-1\' AS cell, \'ap-south-1\' AS region, \'aws\' AS cloud_provider, \'?\' AS clickhouse_version, \'0fc3eaab-fbcb-4533-8825-9be9faaea781\' AS control_plane_id, \'?\' AS system_processor, * FROM system."backu
2026-08-02 02:33:00	5	0	0	0	SELECT now64(6) as scrape_time_microseconds, \'j62zx3k\' AS pod_ident, \'boneaws-al-46\' AS spoken_name, \'cell-1\' AS cell, \'ap-south-1\' AS region, \'aws\' AS cloud_provider, \'?\' AS clickhouse_version, \'0fc3eaab-fbcb-4533-8825-9be9faaea781\' AS control_plane_id, \'?\' AS system_processor, * FROM system."query
2026-08-02 02:33:01	13	470	6580	1	SELECT avg(ProfileEvent_OSCPUWaitMicroseconds) as cpu_wait FROM  system.metric_log  WHERE event_time > now() - INTERVAL 2 MINUTE AND event_date >= yesterday()
2026-08-02 02:33:01	3	2	10208	2	SELECT count() as count, sum(elapsed) as total_elapsed, \'lh\' as usr FROM system.processes  WHERE user = \'observability-internal\' AND client_hostname LIKE \'loghouse-scraper%\'  UNION ALL SELECT count() as count, sum(elapsed) as total_elapsed, \'other\' as usr FROM system.processes  WHERE user != \'observ
2026-08-02 02:33:01	1	886	368083	1	SELECT value FROM system.asynchronous_metrics WHERE metric = \'OSMemoryAvailable\' ;
2026-08-02 02:33:02	3	0	0	0	SELECT now64(6) as scrape_time_microseconds, \'j62zx3k\' AS pod_ident, \'boneaws-al-46\' AS spoken_name, \'cell-1\' AS cell, \'ap-south-1\' AS region, \'aws\' AS cloud_provider, \'?\' AS clickhouse_version, \'0fc3eaab-fbcb-4533-8825-9be9faaea781\' AS control_plane_id, \'?\' AS system_processor, * FROM system."files
2026-08-02 02:33:03	5	147	36524	147	SELECT             name,             value,             help,             JSONExtract(labels_serialized, \'Map(String, String)\') as labels,             type         FROM merge(system, \'^_custom_metrics_dictionary_.*\')         FORMAT Prometheus
2026-08-02 02:33:03	3	0	0	0	SELECT now64(6) as scrape_time_microseconds, \'j62zx3k\' AS pod_ident, \'boneaws-al-46\' AS spoken_name, \'cell-1\' AS cell, \'ap-south-1\' AS region, \'aws\' AS cloud_provider, \'?\' AS clickhouse_version, \'0fc3eaab-fbcb-4533-8825-9be9faaea781\' AS control_plane_id, \'?\' AS system_processor, * FROM system."zooke
2026-08-02 02:33:03	1	0	0	1	             SELECT                 name,                 toJSONString(labels) as labels_serialized,                 value,                 help,                 type             FROM (                 SELECT   \'ClickHouse_CustomMetric_TotalMemoryUsedByAsynchronousInserts\' AS name,   toFloat64(SUM(t
2026-08-02 02:33:03	2	59	472	1	             SELECT                 name,                 toJSONString(labels) as labels_serialized,                 value,                 help,                 type             FROM (                 SELECT   \'ClickHouse_CustomMetric_TotalMemoryUsedByDataSkippingIndices\' AS name,   toFloat64(SUM(d
2026-08-02 02:33:04	4	131	524	0	SELECT now64(6) as scrape_time_microseconds, \'j62zx3k\' AS pod_ident, \'boneaws-al-46\' AS spoken_name, \'cell-1\' AS cell, \'ap-south-1\' AS region, \'aws\' AS cloud_provider, \'?\' AS clickhouse_version, \'0fc3eaab-fbcb-4533-8825-9be9faaea781\' AS control_plane_id, \'?\' AS system_processor, * FROM system."error
2026-08-02 02:33:04	5	147	36524	147	SELECT             name,             value,             help,             JSONExtract(labels_serialized, \'Map(String, String)\') as labels,             type         FROM merge(system, \'^_custom_metrics_dictionary_.*\')         FORMAT Prometheus
2026-08-02 02:33:04	3	2	12834	1	SELECT count() FROM system.processes WHERE (initial_user NOT IN _CAST([\'backups-internal\', \'management-internal\', \'monitoring-internal\', \'observability-internal\', \'operator-internal\', \'prometheus-exporter\', \'prometheus-internal\', \'operator-cert-internal\', \'availability-monitoring-internal\', \'\'], \'Ar
2026-08-02 02:33:04	2	435	5783	1	SELECT countIf(database = \'system\') as systemParts, countIf(database != \'system\') as nonSystemParts FROM system.parts where active
2026-08-02 02:33:04	2	0	0	1	SELECT countIf(database = \'system\') as systemMerges, countIf(database != \'system\') as nonSystemMerges FROM system.merges
2026-08-02 02:33:04	26	3190	598301	129	SELECT CAST(\'0fc3eaab-fbcb-4533-8825-9be9faaea781\', \'UUID\') AS instance_id, CAST(\'c-boneaws-al-46-server-j62zx3k-0\', \'LowCardinality(String)\') AS node_id, CAST(name, \'LowCardinality(String)\') AS metric, CAST(mapFilter((k, v) -> has(_CAST([\'remote\'], \'Array(String)\'), k), labels), \'Map(LowCardinality
2026-08-02 02:33:05	3	0	0	0	SELECT now64(6) as scrape_time_microseconds, \'j62zx3k\' AS pod_ident, \'boneaws-al-46\' AS spoken_name, \'cell-1\' AS cell, \'ap-south-1\' AS region, \'aws\' AS cloud_provider, \'?\' AS clickhouse_version, \'0fc3eaab-fbcb-4533-8825-9be9faaea781\' AS control_plane_id, \'?\' AS system_processor, * FROM system."aggre
2026-08-02 02:33:06	37	168248	13255192	1	SELECT country, uniqExact(video_session_id) AS sessions FROM sony.session_active_intervals FINAL WHERE country != \'\'  GROUP BY country ORDER BY sessions DESC FORMAT TabSeparated 
2026-08-02 02:33:06	70	446677	33205692	1	 SELECT max(c) AS peak, argMax(toString(minute), c) AS peak_at, anyLast(c) AS current FROM (SELECT minute, sum(sum(delta)) OVER (ORDER BY minute) AS c       FROM sony.concurrency_delta_all       WHERE minute <= toDateTime(\'2026-08-01 11:07:00\',\'UTC\')        GROUP BY minute ORDER BY minute) WHERE min
2026-08-02 02:33:07	29	168248	15817553	4	 SELECT close_reason, count() AS n FROM sony.session_active_intervals FINAL WHERE active_start <= toDateTime(\'2026-08-01 11:07:00\',\'UTC\')   AND active_end   >= toDateTime(\'2026-07-31 11:07:00\',\'UTC\')  GROUP BY close_reason FORMAT TabSeparated 
2026-08-02 02:33:07	2	0	0	0	SELECT now64(6) as scrape_time_microseconds, \'j62zx3k\' AS pod_ident, \'boneaws-al-46\' AS spoken_name, \'cell-1\' AS cell, \'ap-south-1\' AS region, \'aws\' AS cloud_provider, \'?\' AS clickhouse_version, \'0fc3eaab-fbcb-4533-8825-9be9faaea781\' AS control_plane_id, \'?\' AS system_processor, * FROM system."s3que
2026-08-02 02:33:07	74	7000000	70012668	60	 SELECT toString(toStartOfMinute(event_time)) AS m,        countIf(event_type = \'VideoError\') AS errors,        countIf(event = \'BufferStart\')     AS rebuffers FROM sony.raw_events WHERE event_time BETWEEN toDateTime(\'2026-07-31 11:07:00\',\'UTC\') AND toDateTime(\'2026-08-01 11:07:00\',\'UTC\')  GROUP BY 
2026-08-02 02:33:07	3	336	18032	40	 SELECT toString(p.modification_time) AS at, p.table AS stage, p.rows AS rows,        p.bytes_on_disk AS bytes FROM system.parts AS p WHERE p.database = \'sony\' AND p.active   AND p.table IN (\'raw_events\',\'session_active_intervals\',\'concurrency_minute_delta\') ORDER BY p.modification_time DESC LIMIT 4
2026-08-02 02:33:07	4	4330	91164	40	SELECT toString(ingested_at), reason, detail, topic, toString(partition), toString(offset), payload FROM sony.stream_dlq ORDER BY ingested_at DESC LIMIT 40 FORMAT TabSeparated 
2026-08-02 02:33:07	44	7000000	56000000	1	SELECT round(dateDiff(\'second\', max(event_time), now64(3,\'UTC\')), 1) FROM sony.raw_events FORMAT TabSeparated 
2026-08-02 02:33:08	35	168248	13255238	2	SELECT video_type, uniqExact(video_session_id) AS sessions FROM sony.session_active_intervals FINAL WHERE video_type != \'\'  GROUP BY video_type ORDER BY sessions DESC FORMAT TabSeparated 
2026-08-02 02:33:08	3	4	1420	4	SELECT fingerprint, compatible, length(fields), arrayStringConcat(unmapped, \', \'), arrayStringConcat(missing, \', \') FROM sony.schema_registry GROUP BY fingerprint, compatible, fields, unmapped, missing ORDER BY compatible ASC LIMIT 10 FORMAT TabSeparated 
2026-08-02 02:33:08	4	0	0	0	SELECT now64(6) as scrape_time_microseconds, \'j62zx3k\' AS pod_ident, \'boneaws-al-46\' AS spoken_name, \'cell-1\' AS cell, \'ap-south-1\' AS region, \'aws\' AS cloud_provider, \'?\' AS clickhouse_version, \'0fc3eaab-fbcb-4533-8825-9be9faaea781\' AS control_plane_id, \'?\' AS system_processor, * FROM system."query
2026-08-02 02:33:08	40	168248	13270454	84	SELECT category, uniqExact(video_session_id) AS sessions FROM sony.session_active_intervals FINAL WHERE category != \'\'  GROUP BY category ORDER BY sessions DESC FORMAT TabSeparated 
2026-08-02 02:33:08	40	168248	13256925	4	SELECT close_reason, uniqExact(video_session_id) AS sessions FROM sony.session_active_intervals FINAL WHERE close_reason != \'\'  GROUP BY close_reason ORDER BY sessions DESC FORMAT TabSeparated 
2026-08-02 02:33:08	2	0	0	0	             SELECT                 name,                 toJSONString(labels) as labels_serialized,                 value,                 help,                 type             FROM (                 SELECT   \'ClickHouse_CustomMetric_FailedMutations\' as name,   toFloat64(count()) as value,   \'The 
2026-08-02 02:33:08	2	3	7522	1	             SELECT                 name,                 toJSONString(labels) as labels_serialized,                 value,                 help,                 type             FROM (                 SELECT   \'ClickHouse_CustomMetric_TotalMemoryUsedByQueries\' AS name,   toFloat64(SUM(peak_memory_u
2026-08-02 02:33:08	2	13	6340	1	             SELECT                 name,                 toJSONString(labels) as labels_serialized,                 value,                 help,                 type             FROM (                 SELECT   \'ClickHouse_CustomMetric_TotalMemoryUsedByDictionaries\' AS name,   toFloat64(SUM(bytes_al
2026-08-02 02:33:12	79	0	0	0	SELECT now64(6) as scrape_time_microseconds, \'j62zx3k\' AS pod_ident, \'boneaws-al-46\' AS spoken_name, \'cell-1\' AS cell, \'ap-south-1\' AS region, \'aws\' AS cloud_provider, \'?\' AS clickhouse_version, \'0fc3eaab-fbcb-4533-8825-9be9faaea781\' AS control_plane_id, \'?\' AS system_processor, * FROM system."query
2026-08-02 02:33:13	1	0	0	1	             SELECT                 name,                 toJSONString(labels) as labels_serialized,                 value,                 help,                 type             FROM (                 SELECT   \'ClickHouse_CustomMetric_TotalMemoryUsedByMerges\' AS name,   toFloat64(SUM(memory_usage))
2026-08-02 02:33:13	2	6	213	0	             SELECT                 name,                 toJSONString(labels) as labels_serialized,                 value,                 help,                 type             FROM (                 SELECT   \'ClickHouse_CustomMetric_DatabaseReplicatedRecoveryTime\' as name,   toFloat64(recovery_ti
2026-08-02 02:33:14	3	1	5438	1	SELECT count() FROM system.processes WHERE (initial_user NOT IN _CAST([\'backups-internal\', \'management-internal\', \'monitoring-internal\', \'observability-internal\', \'operator-internal\', \'prometheus-exporter\', \'prometheus-internal\', \'operator-cert-internal\', \'availability-monitoring-internal\', \'\'], \'Ar
2026-08-02 02:33:14	3	437	5813	1	SELECT countIf(database = \'system\') as systemParts, countIf(database != \'system\') as nonSystemParts FROM system.parts where active
2026-08-02 02:33:14	2	0	0	1	SELECT countIf(database = \'system\') as systemMerges, countIf(database != \'system\') as nonSystemMerges FROM system.merges
2026-08-02 02:33:18	5	144	35703	144	SELECT             name,             value,             help,             JSONExtract(labels_serialized, \'Map(String, String)\') as labels,             type         FROM merge(system, \'^_custom_metrics_dictionary_.*\')         FORMAT Prometheus
2026-08-02 02:33:18	2	13	6340	1	             SELECT                 name,                 toJSONString(labels) as labels_serialized,                 value,                 help,                 type             FROM (                 SELECT   \'ClickHouse_CustomMetric_TotalMemoryUsedByDictionaries\' AS name,   toFloat64(SUM(bytes_al
2026-08-02 02:33:18	3	6	213	0	             SELECT                 name,                 toJSONString(labels) as labels_serialized,                 value,                 help,                 type             FROM (                 SELECT   \'ClickHouse_CustomMetric_SharedCatalogRecoveryTime\' as name,   toFloat64(recovery_time) a
2026-08-02 02:33:24	3	2	12834	1	SELECT count() FROM system.processes WHERE (initial_user NOT IN _CAST([\'backups-internal\', \'management-internal\', \'monitoring-internal\', \'observability-internal\', \'operator-internal\', \'prometheus-exporter\', \'prometheus-internal\', \'operator-cert-internal\', \'availability-monitoring-internal\', \'\'], \'Ar
2026-08-02 02:33:24	2	441	5873	1	SELECT countIf(database = \'system\') as systemParts, countIf(database != \'system\') as nonSystemParts FROM system.parts where active
2026-08-02 02:33:24	23	3190	598287	129	SELECT CAST(\'0fc3eaab-fbcb-4533-8825-9be9faaea781\', \'UUID\') AS instance_id, CAST(\'c-boneaws-al-46-server-j62zx3k-0\', \'LowCardinality(String)\') AS node_id, CAST(name, \'LowCardinality(String)\') AS metric, CAST(mapFilter((k, v) -> has(_CAST([\'remote\'], \'Array(String)\'), k), labels), \'Map(LowCardinality
2026-08-02 02:33:24	1	0	0	1	SELECT countIf(database = \'system\') as systemMerges, countIf(database != \'system\') as nonSystemMerges FROM system.merges
2026-08-02 02:33:28	1	9	3184	9	             SELECT                 name,                 toJSONString(labels) as labels_serialized,                 value,                 help,                 type             FROM (                 SELECT   concat(\'clickhouse_\', system.dimensional_metrics.metric) AS name,   toFloat64(system.dime
2026-08-02 02:33:28	2	0	0	0	             SELECT                 name,                 toJSONString(labels) as labels_serialized,                 value,                 help,                 type             FROM (                 SELECT   \'ClickHouse_CustomMetric_FailedMutations\' as name,   toFloat64(count()) as value,   \'The 
2026-08-02 02:33:31	1	886	368083	1	SELECT value FROM system.asynchronous_metrics WHERE metric = \'OSMemoryAvailable\' ;
2026-08-02 02:33:31	4	2	10208	2	SELECT count() as count, sum(elapsed) as total_elapsed, \'lh\' as usr FROM system.processes  WHERE user = \'observability-internal\' AND client_hostname LIKE \'loghouse-scraper%\'  UNION ALL SELECT count() as count, sum(elapsed) as total_elapsed, \'other\' as usr FROM system.processes  WHERE user != \'observ
2026-08-02 02:33:31	14	500	7000	1	SELECT avg(ProfileEvent_OSCPUWaitMicroseconds) as cpu_wait FROM  system.metric_log  WHERE event_time > now() - INTERVAL 2 MINUTE AND event_date >= yesterday()
2026-08-02 02:33:33	5	144	35703	144	SELECT             name,             value,             help,             JSONExtract(labels_serialized, \'Map(String, String)\') as labels,             type         FROM merge(system, \'^_custom_metrics_dictionary_.*\')         FORMAT Prometheus
2026-08-02 02:33:33	3	20	12866	0	             SELECT                 name,                 toJSONString(labels) as labels_serialized,                 value,                 help,                 type             FROM (                 SELECT   \'clickhouse_table_replica_readonly_start_timestamp_seconds\' as name,   toFloat64(toUnixTi
2026-08-02 02:33:33	3	6	213	0	             SELECT                 name,                 toJSONString(labels) as labels_serialized,                 value,                 help,                 type             FROM (                 SELECT   \'ClickHouse_CustomMetric_DatabaseReplicatedRecoveryTime\' as name,   toFloat64(recovery_ti
2026-08-02 02:33:34	6	144	35703	144	SELECT             name,             value,             help,             JSONExtract(labels_serialized, \'Map(String, String)\') as labels,             type         FROM merge(system, \'^_custom_metrics_dictionary_.*\')         FORMAT Prometheus
2026-08-02 02:33:34	3	1	5438	1	SELECT count() FROM system.processes WHERE (initial_user NOT IN _CAST([\'backups-internal\', \'management-internal\', \'monitoring-internal\', \'observability-internal\', \'operator-internal\', \'prometheus-exporter\', \'prometheus-internal\', \'operator-cert-internal\', \'availability-monitoring-internal\', \'\'], \'Ar
2026-08-02 02:33:34	2	442	5888	1	SELECT countIf(database = \'system\') as systemParts, countIf(database != \'system\') as nonSystemParts FROM system.parts where active
2026-08-02 02:33:34	2	0	0	1	SELECT countIf(database = \'system\') as systemMerges, countIf(database != \'system\') as nonSystemMerges FROM system.merges
2026-08-02 02:33:38	15	16809	4012804	4801	SELECT now64(6) as scrape_time_microseconds, \'j62zx3k\' AS pod_ident, \'boneaws-al-46\' AS spoken_name, \'cell-1\' AS cell, \'ap-south-1\' AS region, \'aws\' AS cloud_provider, \'?\' AS clickhouse_version, \'0fc3eaab-fbcb-4533-8825-9be9faaea781\' AS control_plane_id, \'?\' AS system_processor, * FROM system."proce
2026-08-02 02:33:39	20	21401	5266460	10629	SELECT now64(6) as scrape_time_microseconds, \'j62zx3k\' AS pod_ident, \'boneaws-al-46\' AS spoken_name, \'cell-1\' AS cell, \'ap-south-1\' AS region, \'aws\' AS cloud_provider, \'?\' AS clickhouse_version, \'0fc3eaab-fbcb-4533-8825-9be9faaea781\' AS control_plane_id, \'?\' AS system_processor, * FROM system."trace
2026-08-02 02:33:40	30	4730	10025272	334	SELECT now64(6) as scrape_time_microseconds, \'j62zx3k\' AS pod_ident, \'boneaws-al-46\' AS spoken_name, \'cell-1\' AS cell, \'ap-south-1\' AS region, \'aws\' AS cloud_provider, \'?\' AS clickhouse_version, \'0fc3eaab-fbcb-4533-8825-9be9faaea781\' AS control_plane_id, \'?\' AS system_processor, * FROM system."query
2026-08-02 02:33:41	214	784	2172451	120	SELECT now64(6) as scrape_time_microseconds, \'j62zx3k\' AS pod_ident, \'boneaws-al-46\' AS spoken_name, \'cell-1\' AS cell, \'ap-south-1\' AS region, \'aws\' AS cloud_provider, \'?\' AS clickhouse_version, \'0fc3eaab-fbcb-4533-8825-9be9faaea781\' AS control_plane_id, \'?\' AS system_processor, * FROM system."metri
2026-08-02 02:33:43	2	59	472	1	             SELECT                 name,                 toJSONString(labels) as labels_serialized,                 value,                 help,                 type             FROM (                 SELECT   \'ClickHouse_CustomMetric_TotalMemoryUsedByDataSkippingIndices\' AS name,   toFloat64(SUM(d
2026-08-02 02:33:44	5	378	114440	5	WITH metrics AS (SELECT name AS metric, toFloat64(value) AS val, now() AS ts FROM system.server_settings WHERE multiMatchAny(name, _CAST([\'^max_database_num_to_throw$\', \'^max_database_num_to_warn$\', \'^max_table_num_to_throw$\', \'^max_table_num_to_warn$\', \'^max_concurrent_queries$\'], \'Array(String)\'))
2026-08-02 02:33:44	6	0	0	0	WITH source AS (SELECT [\'matview_execution_total\', if(exception_code != 0, \'matview_execution_fail\', \'\')] AS metrics, event_time AS ts FROM system.query_views_log WHERE (status != \'QueryStart\') AND (event_date >= toDate(_CAST(\'1785637869.333\', \'DateTime64\'))) AND (event_time >= toDateTime(_CAST(\'178
2026-08-02 02:33:44	10	189179	2981439	1560	SELECT CAST(\'0fc3eaab-fbcb-4533-8825-9be9faaea781\', \'UUID\') AS control_plane_id, CAST(\'c-boneaws-al-46-server-j62zx3k-0\', \'LowCardinality(String)\') AS pod_id, CAST(now64(), \'DateTime64(6)\') AS scrape_ts_microseconds, CAST(event_date, \'Date\') AS event_date, CAST(event_time, \'DateTime\') AS event_time,
2026-08-02 02:33:44	3	8	39490	1	SELECT count() FROM system.processes WHERE (initial_user NOT IN _CAST([\'backups-internal\', \'management-internal\', \'monitoring-internal\', \'observability-internal\', \'operator-internal\', \'prometheus-exporter\', \'prometheus-internal\', \'operator-cert-internal\', \'availability-monitoring-internal\', \'\'], \'Ar
2026-08-02 02:33:44	12	0	0	1	WITH failed_mutations AS (SELECT toDateTime(create_time) AS ts, count() AS val FROM system.mutations WHERE (ts > toDateTime(_CAST(\'1785637869.333\', \'DateTime64\'))) AND (ts <= toDateTime(_CAST(\'1785637989.333\', \'DateTime64\'))) AND (latest_failed_part != \'\') AND (is_done = 0) GROUP BY ts), failed_muta
2026-08-02 02:33:44	12	6296	94426	13	WITH metrics AS (SELECT multiIf((event_type = \'MergeParts\') AND (error = 0), \'merges_finished\', (event_type = \'MergeParts\') AND (error != 0), \'merges_failed\', (event_type = \'MutatePart\') AND (error = 0), \'mutate_part_finished\', (event_type = \'MutatePart\') AND (error != 0), \'mutate_part_failed\', NULL
2026-08-02 02:33:44	2	439	5843	1	SELECT countIf(database = \'system\') as systemParts, countIf(database != \'system\') as nonSystemParts FROM system.parts where active
2026-08-02 02:33:44	25	3188	597925	129	SELECT CAST(\'0fc3eaab-fbcb-4533-8825-9be9faaea781\', \'UUID\') AS instance_id, CAST(\'c-boneaws-al-46-server-j62zx3k-0\', \'LowCardinality(String)\') AS node_id, CAST(name, \'LowCardinality(String)\') AS metric, CAST(mapFilter((k, v) -> has(_CAST([\'remote\'], \'Array(String)\'), k), labels), \'Map(LowCardinality
2026-08-02 02:33:44	1	0	0	1	SELECT countIf(database = \'system\') as systemMerges, countIf(database != \'system\') as nonSystemMerges FROM system.merges
2026-08-02 02:33:44	55	500	164259	120	SELECT CAST(\'0fc3eaab-fbcb-4533-8825-9be9faaea781\', \'UUID\') AS control_plane_id, CAST(\'c-boneaws-al-46-server-j62zx3k-0\', \'LowCardinality(String)\') AS pod_id, CAST(now64(), \'DateTime64(6)\') AS scrape_ts_microseconds, CAST(event_date, \'Date\') AS event_date, CAST(event_time, \'DateTime\') AS event_time,
2026-08-02 02:33:44	154	1171	247399	24	WITH parts_agg AS (SELECT database AS agg_database, `table` AS agg_table, SUM(primary_key_size) AS primary_index_size, SUM(secondary_indices_compressed_bytes) AS secondary_index_size FROM system.parts WHERE active AND (database != \'system\') GROUP BY database, `table`), proj_agg AS (SELECT database A
2026-08-02 02:33:45	154	2511381	40152403	105006	SELECT now64(6) as scrape_time_microseconds, \'j62zx3k\' AS pod_ident, \'boneaws-al-46\' AS spoken_name, \'cell-1\' AS cell, \'ap-south-1\' AS region, \'aws\' AS cloud_provider, \'?\' AS clickhouse_version, \'0fc3eaab-fbcb-4533-8825-9be9faaea781\' AS control_plane_id, \'?\' AS system_processor, * FROM system."async
2026-08-02 02:33:46	20	24732	5401907	17464	SELECT now64(6) as scrape_time_microseconds, \'j62zx3k\' AS pod_ident, \'boneaws-al-46\' AS spoken_name, \'cell-1\' AS cell, \'ap-south-1\' AS region, \'aws\' AS cloud_provider, \'?\' AS clickhouse_version, \'0fc3eaab-fbcb-4533-8825-9be9faaea781\' AS control_plane_id, \'?\' AS system_processor, * FROM system."text_
2026-08-02 02:33:48	5	144	35703	144	SELECT             name,             value,             help,             JSONExtract(labels_serialized, \'Map(String, String)\') as labels,             type         FROM merge(system, \'^_custom_metrics_dictionary_.*\')         FORMAT Prometheus
2026-08-02 02:33:48	2	2	6348	1	             SELECT                 name,                 toJSONString(labels) as labels_serialized,                 value,                 help,                 type             FROM (                 SELECT   \'ClickHouse_CustomMetric_TotalMemoryUsedByQueries\' AS name,   toFloat64(SUM(peak_memory_u
2026-08-02 02:33:48	3	6	213	0	             SELECT                 name,                 toJSONString(labels) as labels_serialized,                 value,                 help,                 type             FROM (                 SELECT   \'ClickHouse_CustomMetric_SharedCatalogRecoveryTime\' as name,   toFloat64(recovery_time) a
2026-08-02 02:33:52	15	6151	3394760	173	SELECT now64(6) as scrape_time_microseconds, \'j62zx3k\' AS pod_ident, \'boneaws-al-46\' AS spoken_name, \'cell-1\' AS cell, \'ap-south-1\' AS region, \'aws\' AS cloud_provider, \'?\' AS clickhouse_version, \'0fc3eaab-fbcb-4533-8825-9be9faaea781\' AS control_plane_id, \'?\' AS system_processor, * FROM system."part_
2026-08-02 02:33:53	3	6	213	0	             SELECT                 name,                 toJSONString(labels) as labels_serialized,                 value,                 help,                 type             FROM (                 SELECT   \'ClickHouse_CustomMetric_SharedCatalogRecoveryTime\' as name,   toFloat64(recovery_time) a
2026-08-02 02:33:54	3	1	5438	1	SELECT count() FROM system.processes WHERE (initial_user NOT IN _CAST([\'backups-internal\', \'management-internal\', \'monitoring-internal\', \'observability-internal\', \'operator-internal\', \'prometheus-exporter\', \'prometheus-internal\', \'operator-cert-internal\', \'availability-monitoring-internal\', \'\'], \'Ar
2026-08-02 02:33:54	2	438	5828	1	SELECT countIf(database = \'system\') as systemParts, countIf(database != \'system\') as nonSystemParts FROM system.parts where active
2026-08-02 02:33:54	1	0	0	1	SELECT countIf(database = \'system\') as systemMerges, countIf(database != \'system\') as nonSystemMerges FROM system.merges
2026-08-02 02:33:58	1	9	3184	9	             SELECT                 name,                 toJSONString(labels) as labels_serialized,                 value,                 help,                 type             FROM (                 SELECT   concat(\'clickhouse_\', system.dimensional_metrics.metric) AS name,   toFloat64(system.dime
2026-08-02 02:33:58	2	15	1013	15	             SELECT                 name,                 toJSONString(labels) as labels_serialized,                 value,                 help,                 type             FROM (                 SELECT     \'ClickHouse_MetricsCollection_CustomMetricsSystemTable\' AS name,     toFloat64(1) AS va
2026-08-02 02:33:58	2	0	0	0	             SELECT                 name,                 toJSONString(labels) as labels_serialized,                 value,                 help,                 type             FROM (                 SELECT   \'ClickHouse_CustomMetric_FailedMutations\' as name,   toFloat64(count()) as value,   \'The 
2026-08-02 02:33:58	3	20	12866	0	             SELECT                 name,                 toJSONString(labels) as labels_serialized,                 value,                 help,                 type             FROM (                 SELECT   \'clickhouse_table_replica_readonly_start_timestamp_seconds\' as name,   toFloat64(toUnixTi
2026-08-02 02:33:59	9	6311	1869215	417	SELECT now64(6) as scrape_time_microseconds, \'j62zx3k\' AS pod_ident, \'boneaws-al-46\' AS spoken_name, \'cell-1\' AS cell, \'ap-south-1\' AS region, \'aws\' AS cloud_provider, \'?\' AS clickhouse_version, \'0fc3eaab-fbcb-4533-8825-9be9faaea781\' AS control_plane_id, \'?\' AS system_processor, * FROM system."blob_
2026-08-02 02:34:01	15	530	7420	1	SELECT avg(ProfileEvent_OSCPUWaitMicroseconds) as cpu_wait FROM  system.metric_log  WHERE event_time > now() - INTERVAL 2 MINUTE AND event_date >= yesterday()
2026-08-02 02:34:01	4	2	10208	2	SELECT count() as count, sum(elapsed) as total_elapsed, \'lh\' as usr FROM system.processes  WHERE user = \'observability-internal\' AND client_hostname LIKE \'loghouse-scraper%\'  UNION ALL SELECT count() as count, sum(elapsed) as total_elapsed, \'other\' as usr FROM system.processes  WHERE user != \'observ
2026-08-02 02:34:01	1	886	368083	1	SELECT value FROM system.asynchronous_metrics WHERE metric = \'OSMemoryAvailable\' ;
2026-08-02 02:34:03	6	144	35703	144	SELECT             name,             value,             help,             JSONExtract(labels_serialized, \'Map(String, String)\') as labels,             type         FROM merge(system, \'^_custom_metrics_dictionary_.*\')         FORMAT Prometheus
2026-08-02 02:34:03	2	0	0	1	             SELECT                 name,                 toJSONString(labels) as labels_serialized,                 value,                 help,                 type             FROM (                 SELECT   \'ClickHouse_CustomMetric_TotalMemoryUsedByMerges\' AS name,   toFloat64(SUM(memory_usage))
2026-08-02 02:34:03	2	0	0	1	             SELECT                 name,                 toJSONString(labels) as labels_serialized,                 value,                 help,                 type             FROM (                 SELECT   \'ClickHouse_CustomMetric_TotalMemoryUsedByAsynchronousInserts\' AS name,   toFloat64(SUM(t
2026-08-02 02:34:03	2	0	0	0	             SELECT                 name,                 toJSONString(labels) as labels_serialized,                 value,                 help,                 type             FROM (                 SELECT   \'ClickHouse_CustomMetric_FailedMutations\' as name,   toFloat64(count()) as value,   \'The 
2026-08-02 02:34:04	6	144	35703	144	SELECT             name,             value,             help,             JSONExtract(labels_serialized, \'Map(String, String)\') as labels,             type         FROM merge(system, \'^_custom_metrics_dictionary_.*\')         FORMAT Prometheus
2026-08-02 02:34:04	2	2	12834	1	SELECT count() FROM system.processes WHERE (initial_user NOT IN _CAST([\'backups-internal\', \'management-internal\', \'monitoring-internal\', \'observability-internal\', \'operator-internal\', \'prometheus-exporter\', \'prometheus-internal\', \'operator-cert-internal\', \'availability-monitoring-internal\', \'\'], \'Ar
2026-08-02 02:34:04	2	435	5783	1	SELECT countIf(database = \'system\') as systemParts, countIf(database != \'system\') as nonSystemParts FROM system.parts where active
2026-08-02 02:34:04	23	3188	597925	129	SELECT CAST(\'0fc3eaab-fbcb-4533-8825-9be9faaea781\', \'UUID\') AS instance_id, CAST(\'c-boneaws-al-46-server-j62zx3k-0\', \'LowCardinality(String)\') AS node_id, CAST(name, \'LowCardinality(String)\') AS metric, CAST(mapFilter((k, v) -> has(_CAST([\'remote\'], \'Array(String)\'), k), labels), \'Map(LowCardinality
2026-08-02 02:34:04	1	0	0	1	SELECT countIf(database = \'system\') as systemMerges, countIf(database != \'system\') as nonSystemMerges FROM system.merges
2026-08-02 02:34:06	1	5	5	1	SELECT count(*) FROM system.databases
2026-08-02 02:34:08	3	20	12866	0	             SELECT                 name,                 toJSONString(labels) as labels_serialized,                 value,                 help,                 type             FROM (                 SELECT   \'clickhouse_table_replica_readonly_start_timestamp_seconds\' as name,   toFloat64(toUnixTi
2026-08-02 02:34:08	1	1	1	1	SELECT displayName(), version(), revision(), timezone()
2026-08-02 02:34:10	1	1	1	1	SELECT 1;
2026-08-02 02:34:13	2	1	5022	1	             SELECT                 name,                 toJSONString(labels) as labels_serialized,                 value,                 help,                 type             FROM (                 SELECT   \'ClickHouse_CustomMetric_TotalMemoryUsedByQueries\' AS name,   toFloat64(SUM(peak_memory_u
2026-08-02 02:34:14	3	1	5438	1	SELECT count() FROM system.processes WHERE (initial_user NOT IN _CAST([\'backups-internal\', \'management-internal\', \'monitoring-internal\', \'observability-internal\', \'operator-internal\', \'prometheus-exporter\', \'prometheus-internal\', \'operator-cert-internal\', \'availability-monitoring-internal\', \'\'], \'Ar
2026-08-02 02:34:14	2	432	5738	1	SELECT countIf(database = \'system\') as systemParts, countIf(database != \'system\') as nonSystemParts FROM system.parts where active
2026-08-02 02:34:14	2	0	0	1	SELECT countIf(database = \'system\') as systemMerges, countIf(database != \'system\') as nonSystemMerges FROM system.merges
2026-08-02 02:34:17	8	2333	1396917	101	SELECT now64(6) as scrape_time_microseconds, \'j62zx3k\' AS pod_ident, \'boneaws-al-46\' AS spoken_name, \'cell-1\' AS cell, \'ap-south-1\' AS region, \'aws\' AS cloud_provider, \'?\' AS clickhouse_version, \'0fc3eaab-fbcb-4533-8825-9be9faaea781\' AS control_plane_id, \'?\' AS system_processor, * FROM system."sessi
2026-08-02 02:34:18	5	142	35241	142	SELECT             name,             value,             help,             JSONExtract(labels_serialized, \'Map(String, String)\') as labels,             type         FROM merge(system, \'^_custom_metrics_dictionary_.*\')         FORMAT Prometheus
2026-08-02 02:34:18	2	13	6340	1	             SELECT                 name,                 toJSONString(labels) as labels_serialized,                 value,                 help,                 type             FROM (                 SELECT   \'ClickHouse_CustomMetric_TotalMemoryUsedByDictionaries\' AS name,   toFloat64(SUM(bytes_al
2026-08-02 02:34:18	2	59	472	1	             SELECT                 name,                 toJSONString(labels) as labels_serialized,                 value,                 help,                 type             FROM (                 SELECT   \'ClickHouse_CustomMetric_TotalMemoryUsedByDataSkippingIndices\' AS name,   toFloat64(SUM(d
2026-08-02 02:34:24	2	2	12834	1	SELECT count() FROM system.processes WHERE (initial_user NOT IN _CAST([\'backups-internal\', \'management-internal\', \'monitoring-internal\', \'observability-internal\', \'operator-internal\', \'prometheus-exporter\', \'prometheus-internal\', \'operator-cert-internal\', \'availability-monitoring-internal\', \'\'], \'Ar
2026-08-02 02:34:24	2	437	5813	1	SELECT countIf(database = \'system\') as systemParts, countIf(database != \'system\') as nonSystemParts FROM system.parts where active
2026-08-02 02:34:24	23	3186	597653	129	SELECT CAST(\'0fc3eaab-fbcb-4533-8825-9be9faaea781\', \'UUID\') AS instance_id, CAST(\'c-boneaws-al-46-server-j62zx3k-0\', \'LowCardinality(String)\') AS node_id, CAST(name, \'LowCardinality(String)\') AS metric, CAST(mapFilter((k, v) -> has(_CAST([\'remote\'], \'Array(String)\'), k), labels), \'Map(LowCardinality
2026-08-02 02:34:24	2	0	0	1	SELECT countIf(database = \'system\') as systemMerges, countIf(database != \'system\') as nonSystemMerges FROM system.merges
2026-08-02 02:34:28	1	0	0	1	             SELECT                 name,                 toJSONString(labels) as labels_serialized,                 value,                 help,                 type             FROM (                 SELECT   \'ClickHouse_CustomMetric_TotalMemoryUsedByMerges\' AS name,   toFloat64(SUM(memory_usage))
2026-08-02 02:34:28	3	6	213	0	             SELECT                 name,                 toJSONString(labels) as labels_serialized,                 value,                 help,                 type             FROM (                 SELECT   \'ClickHouse_CustomMetric_DatabaseReplicatedRecoveryTime\' as name,   toFloat64(recovery_ti
2026-08-02 02:34:31	14	121	1694	1	SELECT avg(ProfileEvent_OSCPUWaitMicroseconds) as cpu_wait FROM  system.metric_log  WHERE event_time > now() - INTERVAL 2 MINUTE AND event_date >= yesterday()
2026-08-02 02:34:31	4	2	10208	2	SELECT count() as count, sum(elapsed) as total_elapsed, \'lh\' as usr FROM system.processes  WHERE user = \'observability-internal\' AND client_hostname LIKE \'loghouse-scraper%\'  UNION ALL SELECT count() as count, sum(elapsed) as total_elapsed, \'other\' as usr FROM system.processes  WHERE user != \'observ
2026-08-02 02:34:31	1	886	368083	1	SELECT value FROM system.asynchronous_metrics WHERE metric = \'OSMemoryAvailable\' ;
2026-08-02 02:34:33	5	142	35241	142	SELECT             name,             value,             help,             JSONExtract(labels_serialized, \'Map(String, String)\') as labels,             type         FROM merge(system, \'^_custom_metrics_dictionary_.*\')         FORMAT Prometheus
2026-08-02 02:34:33	2	15	1013	15	             SELECT                 name,                 toJSONString(labels) as labels_serialized,                 value,                 help,                 type             FROM (                 SELECT     \'ClickHouse_MetricsCollection_CustomMetricsSystemTable\' AS name,     toFloat64(1) AS va
2026-08-02 02:34:33	2	0	0	0	             SELECT                 name,                 toJSONString(labels) as labels_serialized,                 value,                 help,                 type             FROM (                 SELECT   \'ClickHouse_CustomMetric_FailedMutations\' as name,   toFloat64(count()) as value,   \'The 
2026-08-02 02:34:34	6	142	35241	142	SELECT             name,             value,             help,             JSONExtract(labels_serialized, \'Map(String, String)\') as labels,             type         FROM merge(system, \'^_custom_metrics_dictionary_.*\')         FORMAT Prometheus
2026-08-02 02:34:34	3	1	5438	1	SELECT count() FROM system.processes WHERE (initial_user NOT IN _CAST([\'backups-internal\', \'management-internal\', \'monitoring-internal\', \'observability-internal\', \'operator-internal\', \'prometheus-exporter\', \'prometheus-internal\', \'operator-cert-internal\', \'availability-monitoring-internal\', \'\'], \'Ar
2026-08-02 02:34:34	2	439	5841	1	SELECT countIf(database = \'system\') as systemParts, countIf(database != \'system\') as nonSystemParts FROM system.parts where active
2026-08-02 02:34:34	2	0	0	1	SELECT countIf(database = \'system\') as systemMerges, countIf(database != \'system\') as nonSystemMerges FROM system.merges
2026-08-02 02:34:43	2	0	0	1	             SELECT                 name,                 toJSONString(labels) as labels_serialized,                 value,                 help,                 type             FROM (                 SELECT   \'ClickHouse_CustomMetric_TotalMemoryUsedByMerges\' AS name,   toFloat64(SUM(memory_usage))
2026-08-02 02:34:43	2	0	0	1	             SELECT                 name,                 toJSONString(labels) as labels_serialized,                 value,                 help,                 type             FROM (                 SELECT   \'ClickHouse_CustomMetric_TotalMemoryUsedByAsynchronousInserts\' AS name,   toFloat64(SUM(t
2026-08-02 02:34:43	2	0	0	0	             SELECT                 name,                 toJSONString(labels) as labels_serialized,                 value,                 help,                 type             FROM (                 SELECT   \'ClickHouse_CustomMetric_FailedMutations\' as name,   toFloat64(count()) as value,   \'The 
2026-08-02 02:34:43	2	15	1013	15	             SELECT                 name,                 toJSONString(labels) as labels_serialized,                 value,                 help,                 type             FROM (                 SELECT     \'ClickHouse_MetricsCollection_CustomMetricsSystemTable\' AS name,     toFloat64(1) AS va
2026-08-02 02:34:43	2	7	12663	1	             SELECT                 name,                 toJSONString(labels) as labels_serialized,                 value,                 help,                 type             FROM (                 SELECT   \'ClickHouse_CustomMetric_TotalMemoryUsedByQueries\' AS name,   toFloat64(SUM(peak_memory_u
2026-08-02 02:34:43	3	6	213	0	             SELECT                 name,                 toJSONString(labels) as labels_serialized,                 value,                 help,                 type             FROM (                 SELECT   \'ClickHouse_CustomMetric_DatabaseReplicatedRecoveryTime\' as name,   toFloat64(recovery_ti
2026-08-02 02:34:43	3	6	213	0	             SELECT                 name,                 toJSONString(labels) as labels_serialized,                 value,                 help,                 type             FROM (                 SELECT   \'ClickHouse_CustomMetric_SharedCatalogRecoveryTime\' as name,   toFloat64(recovery_time) a
2026-08-02 02:34:44	3	2	12834	1	SELECT count() FROM system.processes WHERE (initial_user NOT IN _CAST([\'backups-internal\', \'management-internal\', \'monitoring-internal\', \'observability-internal\', \'operator-internal\', \'prometheus-exporter\', \'prometheus-internal\', \'operator-cert-internal\', \'availability-monitoring-internal\', \'\'], \'Ar
2026-08-02 02:34:44	2	441	5871	1	SELECT countIf(database = \'system\') as systemParts, countIf(database != \'system\') as nonSystemParts FROM system.parts where active
2026-08-02 02:34:44	23	3186	597653	129	SELECT CAST(\'0fc3eaab-fbcb-4533-8825-9be9faaea781\', \'UUID\') AS instance_id, CAST(\'c-boneaws-al-46-server-j62zx3k-0\', \'LowCardinality(String)\') AS node_id, CAST(name, \'LowCardinality(String)\') AS metric, CAST(mapFilter((k, v) -> has(_CAST([\'remote\'], \'Array(String)\'), k), labels), \'Map(LowCardinality
2026-08-02 02:34:44	2	0	0	1	SELECT countIf(database = \'system\') as systemMerges, countIf(database != \'system\') as nonSystemMerges FROM system.merges
2026-08-02 02:34:48	5	142	35241	142	SELECT             name,             value,             help,             JSONExtract(labels_serialized, \'Map(String, String)\') as labels,             type         FROM merge(system, \'^_custom_metrics_dictionary_.*\')         FORMAT Prometheus
2026-08-02 02:34:48	1	9	3184	9	             SELECT                 name,                 toJSONString(labels) as labels_serialized,                 value,                 help,                 type             FROM (                 SELECT   concat(\'clickhouse_\', system.dimensional_metrics.metric) AS name,   toFloat64(system.dime
2026-08-02 02:34:48	2	2	6298	1	             SELECT                 name,                 toJSONString(labels) as labels_serialized,                 value,                 help,                 type             FROM (                 SELECT   \'ClickHouse_CustomMetric_TotalMemoryUsedByQueries\' AS name,   toFloat64(SUM(peak_memory_u
2026-08-02 02:34:53	2	0	0	0	             SELECT                 name,                 toJSONString(labels) as labels_serialized,                 value,                 help,                 type             FROM (                 SELECT   \'ClickHouse_CustomMetric_FailedMutations\' as name,   toFloat64(count()) as value,   \'The 
2026-08-02 02:34:54	3	1	5438	1	SELECT count() FROM system.processes WHERE (initial_user NOT IN _CAST([\'backups-internal\', \'management-internal\', \'monitoring-internal\', \'observability-internal\', \'operator-internal\', \'prometheus-exporter\', \'prometheus-internal\', \'operator-cert-internal\', \'availability-monitoring-internal\', \'\'], \'Ar
2026-08-02 02:34:54	2	431	5721	1	SELECT countIf(database = \'system\') as systemParts, countIf(database != \'system\') as nonSystemParts FROM system.parts where active
2026-08-02 02:34:54	1	0	0	1	SELECT countIf(database = \'system\') as systemMerges, countIf(database != \'system\') as nonSystemMerges FROM system.merges
2026-08-02 02:34:56	4	0	0	0	SELECT now64(6) as scrape_time_microseconds, \'j62zx3k\' AS pod_ident, \'boneaws-al-46\' AS spoken_name, \'cell-1\' AS cell, \'ap-south-1\' AS region, \'aws\' AS cloud_provider, \'?\' AS clickhouse_version, \'0fc3eaab-fbcb-4533-8825-9be9faaea781\' AS control_plane_id, \'?\' AS system_processor, * FROM system."files
2026-08-02 02:34:56	5	627	2508	0	SELECT now64(6) as scrape_time_microseconds, \'j62zx3k\' AS pod_ident, \'boneaws-al-46\' AS spoken_name, \'cell-1\' AS cell, \'ap-south-1\' AS region, \'aws\' AS cloud_provider, \'?\' AS clickhouse_version, \'0fc3eaab-fbcb-4533-8825-9be9faaea781\' AS control_plane_id, \'?\' AS system_processor, * FROM system."async
2026-08-02 02:34:57	3	0	0	0	SELECT now64(6) as scrape_time_microseconds, \'j62zx3k\' AS pod_ident, \'boneaws-al-46\' AS spoken_name, \'cell-1\' AS cell, \'ap-south-1\' AS region, \'aws\' AS cloud_provider, \'?\' AS clickhouse_version, \'0fc3eaab-fbcb-4533-8825-9be9faaea781\' AS control_plane_id, \'?\' AS system_processor, * FROM system."crash
2026-08-02 02:34:58	4	0	0	0	SELECT now64(6) as scrape_time_microseconds, \'j62zx3k\' AS pod_ident, \'boneaws-al-46\' AS spoken_name, \'cell-1\' AS cell, \'ap-south-1\' AS region, \'aws\' AS cloud_provider, \'?\' AS clickhouse_version, \'0fc3eaab-fbcb-4533-8825-9be9faaea781\' AS control_plane_id, \'?\' AS system_processor, * FROM system."click
2026-08-02 02:34:58	1	9	3184	9	             SELECT                 name,                 toJSONString(labels) as labels_serialized,                 value,                 help,                 type             FROM (                 SELECT   concat(\'clickhouse_\', system.dimensional_metrics.metric) AS name,   toFloat64(system.dime
2026-08-02 02:34:58	2	59	472	1	             SELECT                 name,                 toJSONString(labels) as labels_serialized,                 value,                 help,                 type             FROM (                 SELECT   \'ClickHouse_CustomMetric_TotalMemoryUsedByDataSkippingIndices\' AS name,   toFloat64(SUM(d
2026-08-02 02:34:59	5	0	0	0	SELECT now64(6) as scrape_time_microseconds, \'j62zx3k\' AS pod_ident, \'boneaws-al-46\' AS spoken_name, \'cell-1\' AS cell, \'ap-south-1\' AS region, \'aws\' AS cloud_provider, \'?\' AS clickhouse_version, \'0fc3eaab-fbcb-4533-8825-9be9faaea781\' AS control_plane_id, \'?\' AS system_processor, * FROM system."backu
2026-08-02 02:34:59	2	0	8	1	SELECT count() FROM system.backups where status IN (0,3)
2026-08-02 02:34:59	11	1	5472	1	SELECT count() FROM system.processes WHERE (elapsed > _CAST(0, \'Int64\')) AND (initial_user NOT IN _CAST([\'backups-internal\', \'management-internal\', \'monitoring-internal\', \'observability-internal\', \'operator-internal\', \'prometheus-exporter\', \'prometheus-internal\', \'operator-cert-internal\', \'availabil
2026-08-02 02:35:00	7	0	0	0	SELECT now64(6) as scrape_time_microseconds, \'j62zx3k\' AS pod_ident, \'boneaws-al-46\' AS spoken_name, \'cell-1\' AS cell, \'ap-south-1\' AS region, \'aws\' AS cloud_provider, \'?\' AS clickhouse_version, \'0fc3eaab-fbcb-4533-8825-9be9faaea781\' AS control_plane_id, \'?\' AS system_processor, * FROM system."query
2026-08-02 02:35:01	19	591	8274	1	SELECT avg(ProfileEvent_OSCPUWaitMicroseconds) as cpu_wait FROM  system.metric_log  WHERE event_time > now() - INTERVAL 2 MINUTE AND event_date >= yesterday()
2026-08-02 02:35:01	6	2	10208	2	SELECT count() as count, sum(elapsed) as total_elapsed, \'lh\' as usr FROM system.processes  WHERE user = \'observability-internal\' AND client_hostname LIKE \'loghouse-scraper%\'  UNION ALL SELECT count() as count, sum(elapsed) as total_elapsed, \'other\' as usr FROM system.processes  WHERE user != \'observ
2026-08-02 02:35:01	2	886	368083	1	SELECT value FROM system.asynchronous_metrics WHERE metric = \'OSMemoryAvailable\' ;
2026-08-02 02:35:02	3	0	0	0	SELECT now64(6) as scrape_time_microseconds, \'j62zx3k\' AS pod_ident, \'boneaws-al-46\' AS spoken_name, \'cell-1\' AS cell, \'ap-south-1\' AS region, \'aws\' AS cloud_provider, \'?\' AS clickhouse_version, \'0fc3eaab-fbcb-4533-8825-9be9faaea781\' AS control_plane_id, \'?\' AS system_processor, * FROM system."files
2026-08-02 02:35:03	5	0	0	0	SELECT now64(6) as scrape_time_microseconds, \'j62zx3k\' AS pod_ident, \'boneaws-al-46\' AS spoken_name, \'cell-1\' AS cell, \'ap-south-1\' AS region, \'aws\' AS cloud_provider, \'?\' AS clickhouse_version, \'0fc3eaab-fbcb-4533-8825-9be9faaea781\' AS control_plane_id, \'?\' AS system_processor, * FROM system."zooke
2026-08-02 02:35:03	6	142	35241	142	SELECT             name,             value,             help,             JSONExtract(labels_serialized, \'Map(String, String)\') as labels,             type         FROM merge(system, \'^_custom_metrics_dictionary_.*\')         FORMAT Prometheus
2026-08-02 02:35:03	2	15	1195	1	SELECT count(*) FROM system.settings_profiles
2026-08-02 02:35:04	7	131	47320	4	SELECT now64(6) as scrape_time_microseconds, \'j62zx3k\' AS pod_ident, \'boneaws-al-46\' AS spoken_name, \'cell-1\' AS cell, \'ap-south-1\' AS region, \'aws\' AS cloud_provider, \'?\' AS clickhouse_version, \'0fc3eaab-fbcb-4533-8825-9be9faaea781\' AS control_plane_id, \'?\' AS system_processor, * FROM system."error
2026-08-02 02:35:04	5	142	35241	142	SELECT             name,             value,             help,             JSONExtract(labels_serialized, \'Map(String, String)\') as labels,             type         FROM merge(system, \'^_custom_metrics_dictionary_.*\')         FORMAT Prometheus
2026-08-02 02:35:04	3	2	12834	1	SELECT count() FROM system.processes WHERE (initial_user NOT IN _CAST([\'backups-internal\', \'management-internal\', \'monitoring-internal\', \'observability-internal\', \'operator-internal\', \'prometheus-exporter\', \'prometheus-internal\', \'operator-cert-internal\', \'availability-monitoring-internal\', \'\'], \'Ar
2026-08-02 02:35:04	2	432	5736	1	SELECT countIf(database = \'system\') as systemParts, countIf(database != \'system\') as nonSystemParts FROM system.parts where active
2026-08-02 02:35:04	1	0	0	1	SELECT countIf(database = \'system\') as systemMerges, countIf(database != \'system\') as nonSystemMerges FROM system.merges
2026-08-02 02:35:04	24	3186	597653	129	SELECT CAST(\'0fc3eaab-fbcb-4533-8825-9be9faaea781\', \'UUID\') AS instance_id, CAST(\'c-boneaws-al-46-server-j62zx3k-0\', \'LowCardinality(String)\') AS node_id, CAST(name, \'LowCardinality(String)\') AS metric, CAST(mapFilter((k, v) -> has(_CAST([\'remote\'], \'Array(String)\'), k), labels), \'Map(LowCardinality
2026-08-02 02:35:05	3	0	0	0	SELECT now64(6) as scrape_time_microseconds, \'j62zx3k\' AS pod_ident, \'boneaws-al-46\' AS spoken_name, \'cell-1\' AS cell, \'ap-south-1\' AS region, \'aws\' AS cloud_provider, \'?\' AS clickhouse_version, \'0fc3eaab-fbcb-4533-8825-9be9faaea781\' AS control_plane_id, \'?\' AS system_processor, * FROM system."aggre
2026-08-02 02:35:06	1	1	1	1	SELECT version() FORMAT TabSeparated 
2026-08-02 02:35:07	4	0	0	0	SELECT now64(6) as scrape_time_microseconds, \'j62zx3k\' AS pod_ident, \'boneaws-al-46\' AS spoken_name, \'cell-1\' AS cell, \'ap-south-1\' AS region, \'aws\' AS cloud_provider, \'?\' AS clickhouse_version, \'0fc3eaab-fbcb-4533-8825-9be9faaea781\' AS control_plane_id, \'?\' AS system_processor, * FROM system."s3que
2026-08-02 02:35:08	4	0	0	0	SELECT now64(6) as scrape_time_microseconds, \'j62zx3k\' AS pod_ident, \'boneaws-al-46\' AS spoken_name, \'cell-1\' AS cell, \'ap-south-1\' AS region, \'aws\' AS cloud_provider, \'?\' AS clickhouse_version, \'0fc3eaab-fbcb-4533-8825-9be9faaea781\' AS control_plane_id, \'?\' AS system_processor, * FROM system."query
2026-08-02 02:35:08	1	0	0	1	             SELECT                 name,                 toJSONString(labels) as labels_serialized,                 value,                 help,                 type             FROM (                 SELECT   \'ClickHouse_CustomMetric_TotalMemoryUsedByAsynchronousInserts\' AS name,   toFloat64(SUM(t
2026-08-02 02:35:08	2	9	3184	9	             SELECT                 name,                 toJSONString(labels) as labels_serialized,                 value,                 help,                 type             FROM (                 SELECT   concat(\'clickhouse_\', system.dimensional_metrics.metric) AS name,   toFloat64(system.dime
2026-08-02 02:35:08	2	15	1013	15	             SELECT                 name,                 toJSONString(labels) as labels_serialized,                 value,                 help,                 type             FROM (                 SELECT     \'ClickHouse_MetricsCollection_CustomMetricsSystemTable\' AS name,     toFloat64(1) AS va
2026-08-02 02:35:08	3	20	12866	0	             SELECT                 name,                 toJSONString(labels) as labels_serialized,                 value,                 help,                 type             FROM (                 SELECT   \'clickhouse_table_replica_readonly_start_timestamp_seconds\' as name,   toFloat64(toUnixTi
2026-08-02 02:35:08	3	6	213	0	             SELECT                 name,                 toJSONString(labels) as labels_serialized,                 value,                 help,                 type             FROM (                 SELECT   \'ClickHouse_CustomMetric_SharedCatalogRecoveryTime\' as name,   toFloat64(recovery_time) a
2026-08-02 02:35:12	107	0	0	0	SELECT now64(6) as scrape_time_microseconds, \'j62zx3k\' AS pod_ident, \'boneaws-al-46\' AS spoken_name, \'cell-1\' AS cell, \'ap-south-1\' AS region, \'aws\' AS cloud_provider, \'?\' AS clickhouse_version, \'0fc3eaab-fbcb-4533-8825-9be9faaea781\' AS control_plane_id, \'?\' AS system_processor, * FROM system."query
2026-08-02 02:35:13	2	1	5022	1	             SELECT                 name,                 toJSONString(labels) as labels_serialized,                 value,                 help,                 type             FROM (                 SELECT   \'ClickHouse_CustomMetric_TotalMemoryUsedByQueries\' AS name,   toFloat64(SUM(peak_memory_u
2026-08-02 02:35:14	3	1	5438	1	SELECT count() FROM system.processes WHERE (initial_user NOT IN _CAST([\'backups-internal\', \'management-internal\', \'monitoring-internal\', \'observability-internal\', \'operator-internal\', \'prometheus-exporter\', \'prometheus-internal\', \'operator-cert-internal\', \'availability-monitoring-internal\', \'\'], \'Ar
2026-08-02 02:35:14	3	434	5766	1	SELECT countIf(database = \'system\') as systemParts, countIf(database != \'system\') as nonSystemParts FROM system.parts where active
2026-08-02 02:35:14	2	0	0	1	SELECT countIf(database = \'system\') as systemMerges, countIf(database != \'system\') as nonSystemMerges FROM system.merges
2026-08-02 02:35:15	4	6	623	6	 SELECT run_id, status, toString(started_at), round(duration_s, 1),        events, intervals, peak_concurrency, naive_peak,        if(oracle_match, \'exact\', \'DIVERGED\'), substring(git_commit, 1, 12) FROM sony.pipeline_runs FINAL ORDER BY started_at DESC LIMIT 6 FORMAT TabSeparated 
2026-08-02 02:35:18	5	142	35241	142	SELECT             name,             value,             help,             JSONExtract(labels_serialized, \'Map(String, String)\') as labels,             type         FROM merge(system, \'^_custom_metrics_dictionary_.*\')         FORMAT Prometheus
2026-08-02 02:35:18	2	0	0	0	             SELECT                 name,                 toJSONString(labels) as labels_serialized,                 value,                 help,                 type             FROM (                 SELECT   \'ClickHouse_CustomMetric_FailedMutations\' as name,   toFloat64(count()) as value,   \'The 
2026-08-02 02:35:18	2	13	6340	1	             SELECT                 name,                 toJSONString(labels) as labels_serialized,                 value,                 help,                 type             FROM (                 SELECT   \'ClickHouse_CustomMetric_TotalMemoryUsedByDictionaries\' AS name,   toFloat64(SUM(bytes_al
2026-08-02 02:35:23	1	0	0	1	             SELECT                 name,                 toJSONString(labels) as labels_serialized,                 value,                 help,                 type             FROM (                 SELECT   \'ClickHouse_CustomMetric_TotalMemoryUsedByMerges\' AS name,   toFloat64(SUM(memory_usage))
2026-08-02 02:35:23	2	59	472	1	             SELECT                 name,                 toJSONString(labels) as labels_serialized,                 value,                 help,                 type             FROM (                 SELECT   \'ClickHouse_CustomMetric_TotalMemoryUsedByDataSkippingIndices\' AS name,   toFloat64(SUM(d
2026-08-02 02:35:23	2	1	16	1	SELECT count() FROM sony.raw_events FORMAT TabSeparated 
2026-08-02 02:35:23	2	32	1536	1	SELECT min(minute), max(minute) FROM sony.concurrency_minute_delta FORMAT TabSeparated 
2026-08-02 02:35:24	26	168248	13255192	1	SELECT country FROM sony.session_active_intervals FINAL GROUP BY country ORDER BY count() DESC LIMIT 1 FORMAT TabSeparated 
2026-08-02 02:35:24	3	3	17258	1	SELECT count() FROM system.processes WHERE (initial_user NOT IN _CAST([\'backups-internal\', \'management-internal\', \'monitoring-internal\', \'observability-internal\', \'operator-internal\', \'prometheus-exporter\', \'prometheus-internal\', \'operator-cert-internal\', \'availability-monitoring-internal\', \'\'], \'Ar
2026-08-02 02:35:24	2	443	5901	1	SELECT countIf(database = \'system\') as systemParts, countIf(database != \'system\') as nonSystemParts FROM system.parts where active
2026-08-02 02:35:24	2	0	0	1	SELECT countIf(database = \'system\') as systemMerges, countIf(database != \'system\') as nonSystemMerges FROM system.merges
2026-08-02 02:35:24	24	3188	598015	129	SELECT CAST(\'0fc3eaab-fbcb-4533-8825-9be9faaea781\', \'UUID\') AS instance_id, CAST(\'c-boneaws-al-46-server-j62zx3k-0\', \'LowCardinality(String)\') AS node_id, CAST(name, \'LowCardinality(String)\') AS metric, CAST(mapFilter((k, v) -> has(_CAST([\'remote\'], \'Array(String)\'), k), labels), \'Map(LowCardinality
2026-08-02 02:35:24	207	110181	881448	1	SELECT max(c) AS peak, round(avg(c), 1) AS avg_c, count() AS points FROM ( SELECT minute, sum(d) OVER (ORDER BY minute) AS c FROM (   SELECT minute, sum(delta) AS d   FROM sony.concurrency_minute_delta      GROUP BY minute ORDER BY minute WITH FILL STEP toIntervalMinute(1)) ) FORMAT TabSeparated 
2026-08-02 02:35:25	223	110181	881448	1	SELECT max(m) AS peak, round(avg(m), 1) AS avg_c, count() AS points FROM (SELECT toStartOfDay(minute) AS d2, round(avg(c), 1) AS m FROM ( SELECT minute, sum(d) OVER (ORDER BY minute) AS c FROM (   SELECT minute, sum(delta) AS d   FROM sony.concurrency_minute_delta      GROUP BY minute ORDER BY minut
2026-08-02 02:35:25	11	34513	311431	1	SELECT max(m) AS peak, round(avg(m), 1) AS avg_c, count() AS points FROM (SELECT toStartOfHour(minute) AS h, round(avg(c), 1) AS m FROM ( SELECT minute, sum(d) OVER (ORDER BY minute) AS c FROM (   SELECT minute, sum(delta) AS d   FROM sony.concurrency_minute_delta   WHERE platform = \'ANDROID_PHONE\' 
2026-08-02 02:35:25	206	110181	992343	1	SELECT max(c) AS peak, round(avg(c), 1) AS avg_c, count() AS points FROM ( SELECT minute, sum(d) OVER (ORDER BY minute) AS c FROM (   SELECT minute, sum(delta) AS d   FROM sony.concurrency_minute_delta   WHERE country = \'india\'   GROUP BY minute ORDER BY minute WITH FILL STEP toIntervalMinute(1)) ) 
2026-08-02 02:35:26	226	110181	992343	1	SELECT max(m) AS peak, round(avg(m), 1) AS avg_c, count() AS points FROM (SELECT toStartOfDay(minute) AS d2, round(avg(c), 1) AS m FROM ( SELECT minute, sum(d) OVER (ORDER BY minute) AS c FROM (   SELECT minute, sum(delta) AS d   FROM sony.concurrency_minute_delta   WHERE country = \'india\'   GROUP B
2026-08-02 02:35:27	101	69172	621883	1	SELECT max(m) AS peak, round(avg(m), 1) AS avg_c, count() AS points FROM (SELECT toStartOfDay(minute) AS d2, round(avg(c), 1) AS m FROM ( SELECT minute, sum(d) OVER (ORDER BY minute) AS c FROM (   SELECT minute, sum(delta) AS d   FROM sony.concurrency_minute_delta   WHERE video_type = \'live\'   GROUP
2026-08-02 02:35:27	11	34513	346091	1	SELECT max(c) AS peak, round(avg(c), 1) AS avg_c, count() AS points FROM ( SELECT minute, sum(d) OVER (ORDER BY minute) AS c FROM (   SELECT minute, sum(delta) AS d   FROM sony.concurrency_minute_delta   WHERE platform = \'ANDROID_PHONE\' AND country = \'india\'   GROUP BY minute ORDER BY minute WITH FI
2026-08-02 02:35:27	12	34513	346091	1	SELECT max(m) AS peak, round(avg(m), 1) AS avg_c, count() AS points FROM (SELECT toStartOfDay(minute) AS d2, round(avg(c), 1) AS m FROM ( SELECT minute, sum(d) OVER (ORDER BY minute) AS c FROM (   SELECT minute, sum(delta) AS d   FROM sony.concurrency_minute_delta   WHERE platform = \'ANDROID_PHONE\' 
2026-08-02 02:35:31	14	621	8694	1	SELECT avg(ProfileEvent_OSCPUWaitMicroseconds) as cpu_wait FROM  system.metric_log  WHERE event_time > now() - INTERVAL 2 MINUTE AND event_date >= yesterday()
2026-08-02 02:35:31	4	2	10208	2	SELECT count() as count, sum(elapsed) as total_elapsed, \'lh\' as usr FROM system.processes  WHERE user = \'observability-internal\' AND client_hostname LIKE \'loghouse-scraper%\'  UNION ALL SELECT count() as count, sum(elapsed) as total_elapsed, \'other\' as usr FROM system.processes  WHERE user != \'observ
2026-08-02 02:35:31	1	886	368083	1	SELECT value FROM system.asynchronous_metrics WHERE metric = \'OSMemoryAvailable\' ;
2026-08-02 02:35:33	5	142	35241	142	SELECT             name,             value,             help,             JSONExtract(labels_serialized, \'Map(String, String)\') as labels,             type         FROM merge(system, \'^_custom_metrics_dictionary_.*\')         FORMAT Prometheus
2026-08-02 02:35:33	4	6	213	0	             SELECT                 name,                 toJSONString(labels) as labels_serialized,                 value,                 help,                 type             FROM (                 SELECT   \'ClickHouse_CustomMetric_DatabaseReplicatedRecoveryTime\' as name,   toFloat64(recovery_ti
2026-08-02 02:35:34	5	142	35241	142	SELECT             name,             value,             help,             JSONExtract(labels_serialized, \'Map(String, String)\') as labels,             type         FROM merge(system, \'^_custom_metrics_dictionary_.*\')         FORMAT Prometheus
2026-08-02 02:35:34	3	1	5438	1	SELECT count() FROM system.processes WHERE (initial_user NOT IN _CAST([\'backups-internal\', \'management-internal\', \'monitoring-internal\', \'observability-internal\', \'operator-internal\', \'prometheus-exporter\', \'prometheus-internal\', \'operator-cert-internal\', \'availability-monitoring-internal\', \'\'], \'Ar
2026-08-02 02:35:34	2	439	5841	1	SELECT countIf(database = \'system\') as systemParts, countIf(database != \'system\') as nonSystemParts FROM system.parts where active
2026-08-02 02:35:34	2	0	0	1	SELECT countIf(database = \'system\') as systemMerges, countIf(database != \'system\') as nonSystemMerges FROM system.merges
2026-08-02 02:35:38	16	16740	3981096	6433	SELECT now64(6) as scrape_time_microseconds, \'j62zx3k\' AS pod_ident, \'boneaws-al-46\' AS spoken_name, \'cell-1\' AS cell, \'ap-south-1\' AS region, \'aws\' AS cloud_provider, \'?\' AS clickhouse_version, \'0fc3eaab-fbcb-4533-8825-9be9faaea781\' AS control_plane_id, \'?\' AS system_processor, * FROM system."proce
2026-08-02 02:35:38	3	6	213	0	             SELECT                 name,                 toJSONString(labels) as labels_serialized,                 value,                 help,                 type             FROM (                 SELECT   \'ClickHouse_CustomMetric_DatabaseReplicatedRecoveryTime\' as name,   toFloat64(recovery_ti
2026-08-02 02:35:39	20	29115	7540824	9341	SELECT now64(6) as scrape_time_microseconds, \'j62zx3k\' AS pod_ident, \'boneaws-al-46\' AS spoken_name, \'cell-1\' AS cell, \'ap-south-1\' AS region, \'aws\' AS cloud_provider, \'?\' AS clickhouse_version, \'0fc3eaab-fbcb-4533-8825-9be9faaea781\' AS control_plane_id, \'?\' AS system_processor, * FROM system."trace
2026-08-02 02:35:40	32	4730	10025272	663	SELECT now64(6) as scrape_time_microseconds, \'j62zx3k\' AS pod_ident, \'boneaws-al-46\' AS spoken_name, \'cell-1\' AS cell, \'ap-south-1\' AS region, \'aws\' AS cloud_provider, \'?\' AS clickhouse_version, \'0fc3eaab-fbcb-4533-8825-9be9faaea781\' AS control_plane_id, \'?\' AS system_processor, * FROM system."query
2026-08-02 02:35:41	212	1375	3843584	109	SELECT now64(6) as scrape_time_microseconds, \'j62zx3k\' AS pod_ident, \'boneaws-al-46\' AS spoken_name, \'cell-1\' AS cell, \'ap-south-1\' AS region, \'aws\' AS cloud_provider, \'?\' AS clickhouse_version, \'0fc3eaab-fbcb-4533-8825-9be9faaea781\' AS control_plane_id, \'?\' AS system_processor, * FROM system."metri
2026-08-02 02:35:43	2	1	5022	1	             SELECT                 name,                 toJSONString(labels) as labels_serialized,                 value,                 help,                 type             FROM (                 SELECT   \'ClickHouse_CustomMetric_TotalMemoryUsedByQueries\' AS name,   toFloat64(SUM(peak_memory_u
2026-08-02 02:35:44	5	378	114440	5	WITH metrics AS (SELECT name AS metric, toFloat64(value) AS val, now() AS ts FROM system.server_settings WHERE multiMatchAny(name, _CAST([\'^max_database_num_to_throw$\', \'^max_database_num_to_warn$\', \'^max_table_num_to_throw$\', \'^max_table_num_to_warn$\', \'^max_concurrent_queries$\'], \'Array(String)\'))
2026-08-02 02:35:44	5	0	0	0	WITH source AS (SELECT [\'matview_execution_total\', if(exception_code != 0, \'matview_execution_fail\', \'\')] AS metrics, event_time AS ts FROM system.query_views_log WHERE (status != \'QueryStart\') AND (event_date >= toDate(_CAST(\'1785637989.333\', \'DateTime64\'))) AND (event_time >= toDateTime(_CAST(\'178
2026-08-02 02:35:44	11	0	0	1	WITH failed_mutations AS (SELECT toDateTime(create_time) AS ts, count() AS val FROM system.mutations WHERE (ts > toDateTime(_CAST(\'1785637989.333\', \'DateTime64\'))) AND (ts <= toDateTime(_CAST(\'1785638109.333\', \'DateTime64\'))) AND (latest_failed_part != \'\') AND (is_done = 0) GROUP BY ts), failed_muta
2026-08-02 02:35:44	3	8	39255	1	SELECT count() FROM system.processes WHERE (initial_user NOT IN _CAST([\'backups-internal\', \'management-internal\', \'monitoring-internal\', \'observability-internal\', \'operator-internal\', \'prometheus-exporter\', \'prometheus-internal\', \'operator-cert-internal\', \'availability-monitoring-internal\', \'\'], \'Ar
2026-08-02 02:35:44	9	87948	1431932	1560	SELECT CAST(\'0fc3eaab-fbcb-4533-8825-9be9faaea781\', \'UUID\') AS control_plane_id, CAST(\'c-boneaws-al-46-server-j62zx3k-0\', \'LowCardinality(String)\') AS pod_id, CAST(now64(), \'DateTime64(6)\') AS scrape_ts_microseconds, CAST(event_date, \'Date\') AS event_date, CAST(event_time, \'DateTime\') AS event_time,
2026-08-02 02:35:44	14	6469	59251	16	WITH metrics AS (SELECT multiIf((event_type = \'MergeParts\') AND (error = 0), \'merges_finished\', (event_type = \'MergeParts\') AND (error != 0), \'merges_failed\', (event_type = \'MutatePart\') AND (error = 0), \'mutate_part_finished\', (event_type = \'MutatePart\') AND (error != 0), \'mutate_part_failed\', NULL
2026-08-02 02:35:44	2	440	5856	1	SELECT countIf(database = \'system\') as systemParts, countIf(database != \'system\') as nonSystemParts FROM system.parts where active
2026-08-02 02:35:44	24	3174	596182	129	SELECT CAST(\'0fc3eaab-fbcb-4533-8825-9be9faaea781\', \'UUID\') AS instance_id, CAST(\'c-boneaws-al-46-server-j62zx3k-0\', \'LowCardinality(String)\') AS node_id, CAST(name, \'LowCardinality(String)\') AS metric, CAST(mapFilter((k, v) -> has(_CAST([\'remote\'], \'Array(String)\'), k), labels), \'Map(LowCardinality
2026-08-02 02:35:44	1	0	0	1	SELECT countIf(database = \'system\') as systemMerges, countIf(database != \'system\') as nonSystemMerges FROM system.merges
2026-08-02 02:35:44	51	621	203367	120	SELECT CAST(\'0fc3eaab-fbcb-4533-8825-9be9faaea781\', \'UUID\') AS control_plane_id, CAST(\'c-boneaws-al-46-server-j62zx3k-0\', \'LowCardinality(String)\') AS pod_id, CAST(now64(), \'DateTime64(6)\') AS scrape_ts_microseconds, CAST(event_date, \'Date\') AS event_date, CAST(event_time, \'DateTime\') AS event_time,
2026-08-02 02:35:44	168	1172	247449	24	WITH parts_agg AS (SELECT database AS agg_database, `table` AS agg_table, SUM(primary_key_size) AS primary_index_size, SUM(secondary_indices_compressed_bytes) AS secondary_index_size FROM system.parts WHERE active AND (database != \'system\') GROUP BY database, `table`), proj_agg AS (SELECT database A
2026-08-02 02:35:45	144	2511381	40251215	85235	SELECT now64(6) as scrape_time_microseconds, \'j62zx3k\' AS pod_ident, \'boneaws-al-46\' AS spoken_name, \'cell-1\' AS cell, \'ap-south-1\' AS region, \'aws\' AS cloud_provider, \'?\' AS clickhouse_version, \'0fc3eaab-fbcb-4533-8825-9be9faaea781\' AS control_plane_id, \'?\' AS system_processor, * FROM system."async
2026-08-02 02:35:46	26	40425	9334690	30159	SELECT now64(6) as scrape_time_microseconds, \'j62zx3k\' AS pod_ident, \'boneaws-al-46\' AS spoken_name, \'cell-1\' AS cell, \'ap-south-1\' AS region, \'aws\' AS cloud_provider, \'?\' AS clickhouse_version, \'0fc3eaab-fbcb-4533-8825-9be9faaea781\' AS control_plane_id, \'?\' AS system_processor, * FROM system."text_
2026-08-02 02:35:48	5	137	34125	137	SELECT             name,             value,             help,             JSONExtract(labels_serialized, \'Map(String, String)\') as labels,             type         FROM merge(system, \'^_custom_metrics_dictionary_.*\')         FORMAT Prometheus
2026-08-02 02:35:52	15	6343	3342140	295	SELECT now64(6) as scrape_time_microseconds, \'j62zx3k\' AS pod_ident, \'boneaws-al-46\' AS spoken_name, \'cell-1\' AS cell, \'ap-south-1\' AS region, \'aws\' AS cloud_provider, \'?\' AS clickhouse_version, \'0fc3eaab-fbcb-4533-8825-9be9faaea781\' AS control_plane_id, \'?\' AS system_processor, * FROM system."part_
2026-08-02 02:35:53	2	0	0	1	             SELECT                 name,                 toJSONString(labels) as labels_serialized,                 value,                 help,                 type             FROM (                 SELECT   \'ClickHouse_CustomMetric_TotalMemoryUsedByMerges\' AS name,   toFloat64(SUM(memory_usage))
2026-08-02 02:35:53	3	20	12866	0	             SELECT                 name,                 toJSONString(labels) as labels_serialized,                 value,                 help,                 type             FROM (                 SELECT   \'clickhouse_table_replica_readonly_start_timestamp_seconds\' as name,   toFloat64(toUnixTi
2026-08-02 02:35:54	3	1	5438	1	SELECT count() FROM system.processes WHERE (initial_user NOT IN _CAST([\'backups-internal\', \'management-internal\', \'monitoring-internal\', \'observability-internal\', \'operator-internal\', \'prometheus-exporter\', \'prometheus-internal\', \'operator-cert-internal\', \'availability-monitoring-internal\', \'\'], \'Ar
2026-08-02 02:35:54	2	451	6021	1	SELECT countIf(database = \'system\') as systemParts, countIf(database != \'system\') as nonSystemParts FROM system.parts where active
2026-08-02 02:35:54	2	0	0	1	SELECT countIf(database = \'system\') as systemMerges, countIf(database != \'system\') as nonSystemMerges FROM system.merges
2026-08-02 02:35:58	1	0	0	1	             SELECT                 name,                 toJSONString(labels) as labels_serialized,                 value,                 help,                 type             FROM (                 SELECT   \'ClickHouse_CustomMetric_TotalMemoryUsedByAsynchronousInserts\' AS name,   toFloat64(SUM(t
2026-08-02 02:35:58	2	13	6340	1	             SELECT                 name,                 toJSONString(labels) as labels_serialized,                 value,                 help,                 type             FROM (                 SELECT   \'ClickHouse_CustomMetric_TotalMemoryUsedByDictionaries\' AS name,   toFloat64(SUM(bytes_al
2026-08-02 02:35:58	1	316	114925	1	SELECT count(*) FROM system.replicated_merge_tree_settings
2026-08-02 02:35:59	9	6311	1869215	781	SELECT now64(6) as scrape_time_microseconds, \'j62zx3k\' AS pod_ident, \'boneaws-al-46\' AS spoken_name, \'cell-1\' AS cell, \'ap-south-1\' AS region, \'aws\' AS cloud_provider, \'?\' AS clickhouse_version, \'0fc3eaab-fbcb-4533-8825-9be9faaea781\' AS control_plane_id, \'?\' AS system_processor, * FROM system."blob_
2026-08-02 02:36:01	15	651	9114	1	SELECT avg(ProfileEvent_OSCPUWaitMicroseconds) as cpu_wait FROM  system.metric_log  WHERE event_time > now() - INTERVAL 2 MINUTE AND event_date >= yesterday()
2026-08-02 02:36:01	3	2	10208	2	SELECT count() as count, sum(elapsed) as total_elapsed, \'lh\' as usr FROM system.processes  WHERE user = \'observability-internal\' AND client_hostname LIKE \'loghouse-scraper%\'  UNION ALL SELECT count() as count, sum(elapsed) as total_elapsed, \'other\' as usr FROM system.processes  WHERE user != \'observ
2026-08-02 02:36:01	1	875	366447	1	SELECT value FROM system.asynchronous_metrics WHERE metric = \'OSMemoryAvailable\' ;
2026-08-02 02:36:03	6	137	34125	137	SELECT             name,             value,             help,             JSONExtract(labels_serialized, \'Map(String, String)\') as labels,             type         FROM merge(system, \'^_custom_metrics_dictionary_.*\')         FORMAT Prometheus
2026-08-02 02:36:03	6	110181	881448	12	 SELECT toYYYYMM(minute) ym, count(), sum(abs(delta)) FROM sony.concurrency_minute_delta GROUP BY ym ORDER BY ym FORMAT TabSeparated 
2026-08-02 02:36:03	2	59	472	1	             SELECT                 name,                 toJSONString(labels) as labels_serialized,                 value,                 help,                 type             FROM (                 SELECT   \'ClickHouse_CustomMetric_TotalMemoryUsedByDataSkippingIndices\' AS name,   toFloat64(SUM(d
2026-08-02 02:36:03	2	13	6340	1	             SELECT                 name,                 toJSONString(labels) as labels_serialized,                 value,                 help,                 type             FROM (                 SELECT   \'ClickHouse_CustomMetric_TotalMemoryUsedByDictionaries\' AS name,   toFloat64(SUM(bytes_al
2026-08-02 02:36:04	7	137	34125	137	SELECT             name,             value,             help,             JSONExtract(labels_serialized, \'Map(String, String)\') as labels,             type         FROM merge(system, \'^_custom_metrics_dictionary_.*\')         FORMAT Prometheus
2026-08-02 02:36:04	3	2	12834	1	SELECT count() FROM system.processes WHERE (initial_user NOT IN _CAST([\'backups-internal\', \'management-internal\', \'monitoring-internal\', \'observability-internal\', \'operator-internal\', \'prometheus-exporter\', \'prometheus-internal\', \'operator-cert-internal\', \'availability-monitoring-internal\', \'\'], \'Ar
2026-08-02 02:36:04	3	452	6036	1	SELECT countIf(database = \'system\') as systemParts, countIf(database != \'system\') as nonSystemParts FROM system.parts where active
2026-08-02 02:36:04	2	0	0	1	SELECT countIf(database = \'system\') as systemMerges, countIf(database != \'system\') as nonSystemMerges FROM system.merges
2026-08-02 02:36:04	28	3174	596182	129	SELECT CAST(\'0fc3eaab-fbcb-4533-8825-9be9faaea781\', \'UUID\') AS instance_id, CAST(\'c-boneaws-al-46-server-j62zx3k-0\', \'LowCardinality(String)\') AS node_id, CAST(name, \'LowCardinality(String)\') AS metric, CAST(mapFilter((k, v) -> has(_CAST([\'remote\'], \'Array(String)\'), k), labels), \'Map(LowCardinality
2026-08-02 02:36:08	1	9	3184	9	             SELECT                 name,                 toJSONString(labels) as labels_serialized,                 value,                 help,                 type             FROM (                 SELECT   concat(\'clickhouse_\', system.dimensional_metrics.metric) AS name,   toFloat64(system.dime
2026-08-02 02:36:08	2	15	1013	15	             SELECT                 name,                 toJSONString(labels) as labels_serialized,                 value,                 help,                 type             FROM (                 SELECT     \'ClickHouse_MetricsCollection_CustomMetricsSystemTable\' AS name,     toFloat64(1) AS va
2026-08-02 02:36:08	3	6	213	0	             SELECT                 name,                 toJSONString(labels) as labels_serialized,                 value,                 help,                 type             FROM (                 SELECT   \'ClickHouse_CustomMetric_SharedCatalogRecoveryTime\' as name,   toFloat64(recovery_time) a
2026-08-02 02:36:13	2	0	0	0	             SELECT                 name,                 toJSONString(labels) as labels_serialized,                 value,                 help,                 type             FROM (                 SELECT   \'ClickHouse_CustomMetric_FailedMutations\' as name,   toFloat64(count()) as value,   \'The 
2026-08-02 02:36:14	3	1	5438	1	SELECT count() FROM system.processes WHERE (initial_user NOT IN _CAST([\'backups-internal\', \'management-internal\', \'monitoring-internal\', \'observability-internal\', \'operator-internal\', \'prometheus-exporter\', \'prometheus-internal\', \'operator-cert-internal\', \'availability-monitoring-internal\', \'\'], \'Ar
2026-08-02 02:36:14	3	445	5931	1	SELECT countIf(database = \'system\') as systemParts, countIf(database != \'system\') as nonSystemParts FROM system.parts where active
2026-08-02 02:36:14	2	0	0	1	SELECT countIf(database = \'system\') as systemMerges, countIf(database != \'system\') as nonSystemMerges FROM system.merges
2026-08-02 02:36:17	9	2333	1396917	265	SELECT now64(6) as scrape_time_microseconds, \'j62zx3k\' AS pod_ident, \'boneaws-al-46\' AS spoken_name, \'cell-1\' AS cell, \'ap-south-1\' AS region, \'aws\' AS cloud_provider, \'?\' AS clickhouse_version, \'0fc3eaab-fbcb-4533-8825-9be9faaea781\' AS control_plane_id, \'?\' AS system_processor, * FROM system."sessi
2026-08-02 02:36:18	5	143	35505	143	SELECT             name,             value,             help,             JSONExtract(labels_serialized, \'Map(String, String)\') as labels,             type         FROM merge(system, \'^_custom_metrics_dictionary_.*\')         FORMAT Prometheus
2026-08-02 02:36:18	2	2	6302	1	             SELECT                 name,                 toJSONString(labels) as labels_serialized,                 value,                 help,                 type             FROM (                 SELECT   \'ClickHouse_CustomMetric_TotalMemoryUsedByQueries\' AS name,   toFloat64(SUM(peak_memory_u
2026-08-02 02:36:18	2	59	472	1	             SELECT                 name,                 toJSONString(labels) as labels_serialized,                 value,                 help,                 type             FROM (                 SELECT   \'ClickHouse_CustomMetric_TotalMemoryUsedByDataSkippingIndices\' AS name,   toFloat64(SUM(d
2026-08-02 02:36:23	2	9	3184	9	             SELECT                 name,                 toJSONString(labels) as labels_serialized,                 value,                 help,                 type             FROM (                 SELECT   concat(\'clickhouse_\', system.dimensional_metrics.metric) AS name,   toFloat64(system.dime
2026-08-02 02:36:24	2	2	12834	1	SELECT count() FROM system.processes WHERE (initial_user NOT IN _CAST([\'backups-internal\', \'management-internal\', \'monitoring-internal\', \'observability-internal\', \'operator-internal\', \'prometheus-exporter\', \'prometheus-internal\', \'operator-cert-internal\', \'availability-monitoring-internal\', \'\'], \'Ar
2026-08-02 02:36:24	2	434	5766	1	SELECT countIf(database = \'system\') as systemParts, countIf(database != \'system\') as nonSystemParts FROM system.parts where active
2026-08-02 02:36:24	1	0	0	1	SELECT countIf(database = \'system\') as systemMerges, countIf(database != \'system\') as nonSystemMerges FROM system.merges
2026-08-02 02:36:24	24	3178	596512	129	SELECT CAST(\'0fc3eaab-fbcb-4533-8825-9be9faaea781\', \'UUID\') AS instance_id, CAST(\'c-boneaws-al-46-server-j62zx3k-0\', \'LowCardinality(String)\') AS node_id, CAST(name, \'LowCardinality(String)\') AS metric, CAST(mapFilter((k, v) -> has(_CAST([\'remote\'], \'Array(String)\'), k), labels), \'Map(LowCardinality
2026-08-02 02:36:28	3	6	213	0	             SELECT                 name,                 toJSONString(labels) as labels_serialized,                 value,                 help,                 type             FROM (                 SELECT   \'ClickHouse_CustomMetric_DatabaseReplicatedRecoveryTime\' as name,   toFloat64(recovery_ti
2026-08-02 02:36:31	15	682	9548	1	SELECT avg(ProfileEvent_OSCPUWaitMicroseconds) as cpu_wait FROM  system.metric_log  WHERE event_time > now() - INTERVAL 2 MINUTE AND event_date >= yesterday()
2026-08-02 02:36:31	4	2	10208	2	SELECT count() as count, sum(elapsed) as total_elapsed, \'lh\' as usr FROM system.processes  WHERE user = \'observability-internal\' AND client_hostname LIKE \'loghouse-scraper%\'  UNION ALL SELECT count() as count, sum(elapsed) as total_elapsed, \'other\' as usr FROM system.processes  WHERE user != \'observ
2026-08-02 02:36:31	1	875	366447	1	SELECT value FROM system.asynchronous_metrics WHERE metric = \'OSMemoryAvailable\' ;
2026-08-02 02:36:33	5	143	35505	143	SELECT             name,             value,             help,             JSONExtract(labels_serialized, \'Map(String, String)\') as labels,             type         FROM merge(system, \'^_custom_metrics_dictionary_.*\')         FORMAT Prometheus
2026-08-02 02:36:33	2	59	472	1	             SELECT                 name,                 toJSONString(labels) as labels_serialized,                 value,                 help,                 type             FROM (                 SELECT   \'ClickHouse_CustomMetric_TotalMemoryUsedByDataSkippingIndices\' AS name,   toFloat64(SUM(d
2026-08-02 02:36:34	6	143	35505	143	SELECT             name,             value,             help,             JSONExtract(labels_serialized, \'Map(String, String)\') as labels,             type         FROM merge(system, \'^_custom_metrics_dictionary_.*\')         FORMAT Prometheus
2026-08-02 02:36:34	3	1	5438	1	SELECT count() FROM system.processes WHERE (initial_user NOT IN _CAST([\'backups-internal\', \'management-internal\', \'monitoring-internal\', \'observability-internal\', \'operator-internal\', \'prometheus-exporter\', \'prometheus-internal\', \'operator-cert-internal\', \'availability-monitoring-internal\', \'\'], \'Ar
2026-08-02 02:36:34	3	435	5781	1	SELECT countIf(database = \'system\') as systemParts, countIf(database != \'system\') as nonSystemParts FROM system.parts where active
2026-08-02 02:36:34	2	0	0	1	SELECT countIf(database = \'system\') as systemMerges, countIf(database != \'system\') as nonSystemMerges FROM system.merges
2026-08-02 02:36:38	3	6	213	0	             SELECT                 name,                 toJSONString(labels) as labels_serialized,                 value,                 help,                 type             FROM (                 SELECT   \'ClickHouse_CustomMetric_SharedCatalogRecoveryTime\' as name,   toFloat64(recovery_time) a
2026-08-02 02:36:44	3	2	12834	1	SELECT count() FROM system.processes WHERE (initial_user NOT IN _CAST([\'backups-internal\', \'management-internal\', \'monitoring-internal\', \'observability-internal\', \'operator-internal\', \'prometheus-exporter\', \'prometheus-internal\', \'operator-cert-internal\', \'availability-monitoring-internal\', \'\'], \'Ar
2026-08-02 02:36:44	3	436	5796	1	SELECT countIf(database = \'system\') as systemParts, countIf(database != \'system\') as nonSystemParts FROM system.parts where active
2026-08-02 02:36:44	2	0	0	1	SELECT countIf(database = \'system\') as systemMerges, countIf(database != \'system\') as nonSystemMerges FROM system.merges
2026-08-02 02:36:44	24	3176	596150	129	SELECT CAST(\'0fc3eaab-fbcb-4533-8825-9be9faaea781\', \'UUID\') AS instance_id, CAST(\'c-boneaws-al-46-server-j62zx3k-0\', \'LowCardinality(String)\') AS node_id, CAST(name, \'LowCardinality(String)\') AS metric, CAST(mapFilter((k, v) -> has(_CAST([\'remote\'], \'Array(String)\'), k), labels), \'Map(LowCardinality
2026-08-02 02:36:48	6	143	35505	143	SELECT             name,             value,             help,             JSONExtract(labels_serialized, \'Map(String, String)\') as labels,             type         FROM merge(system, \'^_custom_metrics_dictionary_.*\')         FORMAT Prometheus
2026-08-02 02:36:48	2	0	0	1	             SELECT                 name,                 toJSONString(labels) as labels_serialized,                 value,                 help,                 type             FROM (                 SELECT   \'ClickHouse_CustomMetric_TotalMemoryUsedByMerges\' AS name,   toFloat64(SUM(memory_usage))
2026-08-02 02:36:48	2	15	1013	15	             SELECT                 name,                 toJSONString(labels) as labels_serialized,                 value,                 help,                 type             FROM (                 SELECT     \'ClickHouse_MetricsCollection_CustomMetricsSystemTable\' AS name,     toFloat64(1) AS va
2026-08-02 02:36:48	3	6	213	0	             SELECT                 name,                 toJSONString(labels) as labels_serialized,                 value,                 help,                 type             FROM (                 SELECT   \'ClickHouse_CustomMetric_SharedCatalogRecoveryTime\' as name,   toFloat64(recovery_time) a
2026-08-02 02:36:48	10	0	0	0	             SELECT                 name,                 toJSONString(labels) as labels_serialized,                 value,                 help,                 type             FROM (                 SELECT   \'ClickHouse_CustomMetric_FailedMutations\' as name,   toFloat64(count()) as value,   \'The 
2026-08-02 02:36:53	6	20	12866	0	             SELECT                 name,                 toJSONString(labels) as labels_serialized,                 value,                 help,                 type             FROM (                 SELECT   \'clickhouse_table_replica_readonly_start_timestamp_seconds\' as name,   toFloat64(toUnixTi
2026-08-02 02:36:54	3	1	5438	1	SELECT count() FROM system.processes WHERE (initial_user NOT IN _CAST([\'backups-internal\', \'management-internal\', \'monitoring-internal\', \'observability-internal\', \'operator-internal\', \'prometheus-exporter\', \'prometheus-internal\', \'operator-cert-internal\', \'availability-monitoring-internal\', \'\'], \'Ar
2026-08-02 02:36:54	2	438	5826	1	SELECT countIf(database = \'system\') as systemParts, countIf(database != \'system\') as nonSystemParts FROM system.parts where active
2026-08-02 02:36:54	1	0	0	1	SELECT countIf(database = \'system\') as systemMerges, countIf(database != \'system\') as nonSystemMerges FROM system.merges
2026-08-02 02:36:56	3	0	0	0	SELECT now64(6) as scrape_time_microseconds, \'j62zx3k\' AS pod_ident, \'boneaws-al-46\' AS spoken_name, \'cell-1\' AS cell, \'ap-south-1\' AS region, \'aws\' AS cloud_provider, \'?\' AS clickhouse_version, \'0fc3eaab-fbcb-4533-8825-9be9faaea781\' AS control_plane_id, \'?\' AS system_processor, * FROM system."files
2026-08-02 02:36:56	6	627	213529	4	SELECT now64(6) as scrape_time_microseconds, \'j62zx3k\' AS pod_ident, \'boneaws-al-46\' AS spoken_name, \'cell-1\' AS cell, \'ap-south-1\' AS region, \'aws\' AS cloud_provider, \'?\' AS clickhouse_version, \'0fc3eaab-fbcb-4533-8825-9be9faaea781\' AS control_plane_id, \'?\' AS system_processor, * FROM system."async
2026-08-02 02:36:57	3	0	0	0	SELECT now64(6) as scrape_time_microseconds, \'j62zx3k\' AS pod_ident, \'boneaws-al-46\' AS spoken_name, \'cell-1\' AS cell, \'ap-south-1\' AS region, \'aws\' AS cloud_provider, \'?\' AS clickhouse_version, \'0fc3eaab-fbcb-4533-8825-9be9faaea781\' AS control_plane_id, \'?\' AS system_processor, * FROM system."crash
2026-08-02 02:36:58	2	0	0	0	SELECT now64(6) as scrape_time_microseconds, \'j62zx3k\' AS pod_ident, \'boneaws-al-46\' AS spoken_name, \'cell-1\' AS cell, \'ap-south-1\' AS region, \'aws\' AS cloud_provider, \'?\' AS clickhouse_version, \'0fc3eaab-fbcb-4533-8825-9be9faaea781\' AS control_plane_id, \'?\' AS system_processor, * FROM system."click
2026-08-02 02:36:58	1	0	0	1	             SELECT                 name,                 toJSONString(labels) as labels_serialized,                 value,                 help,                 type             FROM (                 SELECT   \'ClickHouse_CustomMetric_TotalMemoryUsedByAsynchronousInserts\' AS name,   toFloat64(SUM(t
2026-08-02 02:36:58	3	6	213	0	             SELECT                 name,                 toJSONString(labels) as labels_serialized,                 value,                 help,                 type             FROM (                 SELECT   \'ClickHouse_CustomMetric_DatabaseReplicatedRecoveryTime\' as name,   toFloat64(recovery_ti
2026-08-02 02:36:59	3	0	0	0	SELECT now64(6) as scrape_time_microseconds, \'j62zx3k\' AS pod_ident, \'boneaws-al-46\' AS spoken_name, \'cell-1\' AS cell, \'ap-south-1\' AS region, \'aws\' AS cloud_provider, \'?\' AS clickhouse_version, \'0fc3eaab-fbcb-4533-8825-9be9faaea781\' AS control_plane_id, \'?\' AS system_processor, * FROM system."backu
2026-08-02 02:37:00	5	0	0	0	SELECT now64(6) as scrape_time_microseconds, \'j62zx3k\' AS pod_ident, \'boneaws-al-46\' AS spoken_name, \'cell-1\' AS cell, \'ap-south-1\' AS region, \'aws\' AS cloud_provider, \'?\' AS clickhouse_version, \'0fc3eaab-fbcb-4533-8825-9be9faaea781\' AS control_plane_id, \'?\' AS system_processor, * FROM system."query
2026-08-02 02:37:01	14	121	1694	1	SELECT avg(ProfileEvent_OSCPUWaitMicroseconds) as cpu_wait FROM  system.metric_log  WHERE event_time > now() - INTERVAL 2 MINUTE AND event_date >= yesterday()
2026-08-02 02:37:01	4	2	10208	2	SELECT count() as count, sum(elapsed) as total_elapsed, \'lh\' as usr FROM system.processes  WHERE user = \'observability-internal\' AND client_hostname LIKE \'loghouse-scraper%\'  UNION ALL SELECT count() as count, sum(elapsed) as total_elapsed, \'other\' as usr FROM system.processes  WHERE user != \'observ
2026-08-02 02:37:01	1	875	366447	1	SELECT value FROM system.asynchronous_metrics WHERE metric = \'OSMemoryAvailable\' ;
2026-08-02 02:37:02	3	0	0	0	SELECT now64(6) as scrape_time_microseconds, \'j62zx3k\' AS pod_ident, \'boneaws-al-46\' AS spoken_name, \'cell-1\' AS cell, \'ap-south-1\' AS region, \'aws\' AS cloud_provider, \'?\' AS clickhouse_version, \'0fc3eaab-fbcb-4533-8825-9be9faaea781\' AS control_plane_id, \'?\' AS system_processor, * FROM system."files
2026-08-02 02:37:03	5	1	312	1	SELECT now64(6) as scrape_time_microseconds, \'j62zx3k\' AS pod_ident, \'boneaws-al-46\' AS spoken_name, \'cell-1\' AS cell, \'ap-south-1\' AS region, \'aws\' AS cloud_provider, \'?\' AS clickhouse_version, \'0fc3eaab-fbcb-4533-8825-9be9faaea781\' AS control_plane_id, \'?\' AS system_processor, * FROM system."zooke
2026-08-02 02:37:03	6	143	35505	143	SELECT             name,             value,             help,             JSONExtract(labels_serialized, \'Map(String, String)\') as labels,             type         FROM merge(system, \'^_custom_metrics_dictionary_.*\')         FORMAT Prometheus
2026-08-02 02:37:03	2	13	6340	1	             SELECT                 name,                 toJSONString(labels) as labels_serialized,                 value,                 help,                 type             FROM (                 SELECT   \'ClickHouse_CustomMetric_TotalMemoryUsedByDictionaries\' AS name,   toFloat64(SUM(bytes_al
2026-08-02 02:37:04	5	131	47320	2	SELECT now64(6) as scrape_time_microseconds, \'j62zx3k\' AS pod_ident, \'boneaws-al-46\' AS spoken_name, \'cell-1\' AS cell, \'ap-south-1\' AS region, \'aws\' AS cloud_provider, \'?\' AS clickhouse_version, \'0fc3eaab-fbcb-4533-8825-9be9faaea781\' AS control_plane_id, \'?\' AS system_processor, * FROM system."error
2026-08-02 02:37:04	5	143	35505	143	SELECT             name,             value,             help,             JSONExtract(labels_serialized, \'Map(String, String)\') as labels,             type         FROM merge(system, \'^_custom_metrics_dictionary_.*\')         FORMAT Prometheus
2026-08-02 02:37:04	2	2	12834	1	SELECT count() FROM system.processes WHERE (initial_user NOT IN _CAST([\'backups-internal\', \'management-internal\', \'monitoring-internal\', \'observability-internal\', \'operator-internal\', \'prometheus-exporter\', \'prometheus-internal\', \'operator-cert-internal\', \'availability-monitoring-internal\', \'\'], \'Ar
2026-08-02 02:37:04	2	439	5841	1	SELECT countIf(database = \'system\') as systemParts, countIf(database != \'system\') as nonSystemParts FROM system.parts where active
2026-08-02 02:37:04	23	3178	596512	129	SELECT CAST(\'0fc3eaab-fbcb-4533-8825-9be9faaea781\', \'UUID\') AS instance_id, CAST(\'c-boneaws-al-46-server-j62zx3k-0\', \'LowCardinality(String)\') AS node_id, CAST(name, \'LowCardinality(String)\') AS metric, CAST(mapFilter((k, v) -> has(_CAST([\'remote\'], \'Array(String)\'), k), labels), \'Map(LowCardinality
2026-08-02 02:37:04	1	0	0	1	SELECT countIf(database = \'system\') as systemMerges, countIf(database != \'system\') as nonSystemMerges FROM system.merges
2026-08-02 02:37:05	8	8205	972993	4171	SELECT now64(6) as scrape_time_microseconds, \'j62zx3k\' AS pod_ident, \'boneaws-al-46\' AS spoken_name, \'cell-1\' AS cell, \'ap-south-1\' AS region, \'aws\' AS cloud_provider, \'?\' AS clickhouse_version, \'0fc3eaab-fbcb-4533-8825-9be9faaea781\' AS control_plane_id, \'?\' AS system_processor, * FROM system."aggre
2026-08-02 02:37:07	3	0	0	0	SELECT now64(6) as scrape_time_microseconds, \'j62zx3k\' AS pod_ident, \'boneaws-al-46\' AS spoken_name, \'cell-1\' AS cell, \'ap-south-1\' AS region, \'aws\' AS cloud_provider, \'?\' AS clickhouse_version, \'0fc3eaab-fbcb-4533-8825-9be9faaea781\' AS control_plane_id, \'?\' AS system_processor, * FROM system."s3que
2026-08-02 02:37:08	4	0	0	0	SELECT now64(6) as scrape_time_microseconds, \'j62zx3k\' AS pod_ident, \'boneaws-al-46\' AS spoken_name, \'cell-1\' AS cell, \'ap-south-1\' AS region, \'aws\' AS cloud_provider, \'?\' AS clickhouse_version, \'0fc3eaab-fbcb-4533-8825-9be9faaea781\' AS control_plane_id, \'?\' AS system_processor, * FROM system."query
2026-08-02 02:37:08	1	9	3184	9	             SELECT                 name,                 toJSONString(labels) as labels_serialized,                 value,                 help,                 type             FROM (                 SELECT   concat(\'clickhouse_\', system.dimensional_metrics.metric) AS name,   toFloat64(system.dime
2026-08-02 02:37:08	2	2	6298	1	             SELECT                 name,                 toJSONString(labels) as labels_serialized,                 value,                 help,                 type             FROM (                 SELECT   \'ClickHouse_CustomMetric_TotalMemoryUsedByQueries\' AS name,   toFloat64(SUM(peak_memory_u
2026-08-02 02:37:12	118	32	53914	13	SELECT now64(6) as scrape_time_microseconds, \'j62zx3k\' AS pod_ident, \'boneaws-al-46\' AS spoken_name, \'cell-1\' AS cell, \'ap-south-1\' AS region, \'aws\' AS cloud_provider, \'?\' AS clickhouse_version, \'0fc3eaab-fbcb-4533-8825-9be9faaea781\' AS control_plane_id, \'?\' AS system_processor, * FROM system."query
2026-08-02 02:37:14	3	1	5438	1	SELECT count() FROM system.processes WHERE (initial_user NOT IN _CAST([\'backups-internal\', \'management-internal\', \'monitoring-internal\', \'observability-internal\', \'operator-internal\', \'prometheus-exporter\', \'prometheus-internal\', \'operator-cert-internal\', \'availability-monitoring-internal\', \'\'], \'Ar
2026-08-02 02:37:14	3	440	5856	1	SELECT countIf(database = \'system\') as systemParts, countIf(database != \'system\') as nonSystemParts FROM system.parts where active
2026-08-02 02:37:14	1	0	0	1	SELECT countIf(database = \'system\') as systemMerges, countIf(database != \'system\') as nonSystemMerges FROM system.merges
2026-08-02 02:37:18	5	141	34971	141	SELECT             name,             value,             help,             JSONExtract(labels_serialized, \'Map(String, String)\') as labels,             type         FROM merge(system, \'^_custom_metrics_dictionary_.*\')         FORMAT Prometheus
2026-08-02 02:37:18	1	1	1412	1	             SELECT                 name,                 toJSONString(labels) as labels_serialized,                 value,                 help,                 type             FROM (                 SELECT   \'ClickHouse_CustomMetric_TotalMemoryUsedByMerges\' AS name,   toFloat64(SUM(memory_usage))
2026-08-02 02:37:24	2	2	12834	1	SELECT count() FROM system.processes WHERE (initial_user NOT IN _CAST([\'backups-internal\', \'management-internal\', \'monitoring-internal\', \'observability-internal\', \'operator-internal\', \'prometheus-exporter\', \'prometheus-internal\', \'operator-cert-internal\', \'availability-monitoring-internal\', \'\'], \'Ar
2026-08-02 02:37:24	2	436	5796	1	SELECT countIf(database = \'system\') as systemParts, countIf(database != \'system\') as nonSystemParts FROM system.parts where active
2026-08-02 02:37:24	1	0	0	1	SELECT countIf(database = \'system\') as systemMerges, countIf(database != \'system\') as nonSystemMerges FROM system.merges
2026-08-02 02:37:24	23	3176	596247	129	SELECT CAST(\'0fc3eaab-fbcb-4533-8825-9be9faaea781\', \'UUID\') AS instance_id, CAST(\'c-boneaws-al-46-server-j62zx3k-0\', \'LowCardinality(String)\') AS node_id, CAST(name, \'LowCardinality(String)\') AS metric, CAST(mapFilter((k, v) -> has(_CAST([\'remote\'], \'Array(String)\'), k), labels), \'Map(LowCardinality
2026-08-02 02:37:28	1	0	0	1	             SELECT                 name,                 toJSONString(labels) as labels_serialized,                 value,                 help,                 type             FROM (                 SELECT   \'ClickHouse_CustomMetric_TotalMemoryUsedByAsynchronousInserts\' AS name,   toFloat64(SUM(t
2026-08-02 02:37:31	13	742	10388	1	SELECT avg(ProfileEvent_OSCPUWaitMicroseconds) as cpu_wait FROM  system.metric_log  WHERE event_time > now() - INTERVAL 2 MINUTE AND event_date >= yesterday()
2026-08-02 02:37:31	3	2	10208	2	SELECT count() as count, sum(elapsed) as total_elapsed, \'lh\' as usr FROM system.processes  WHERE user = \'observability-internal\' AND client_hostname LIKE \'loghouse-scraper%\'  UNION ALL SELECT count() as count, sum(elapsed) as total_elapsed, \'other\' as usr FROM system.processes  WHERE user != \'observ
2026-08-02 02:37:31	1	876	366590	1	SELECT value FROM system.asynchronous_metrics WHERE metric = \'OSMemoryAvailable\' ;
2026-08-02 02:37:33	6	141	34971	141	SELECT             name,             value,             help,             JSONExtract(labels_serialized, \'Map(String, String)\') as labels,             type         FROM merge(system, \'^_custom_metrics_dictionary_.*\')         FORMAT Prometheus
2026-08-02 02:37:33	2	0	0	0	             SELECT                 name,                 toJSONString(labels) as labels_serialized,                 value,                 help,                 type             FROM (                 SELECT   \'ClickHouse_CustomMetric_FailedMutations\' as name,   toFloat64(count()) as value,   \'The 
2026-08-02 02:37:33	2	59	472	1	             SELECT                 name,                 toJSONString(labels) as labels_serialized,                 value,                 help,                 type             FROM (                 SELECT   \'ClickHouse_CustomMetric_TotalMemoryUsedByDataSkippingIndices\' AS name,   toFloat64(SUM(d
2026-08-02 02:37:33	2	15	1013	15	             SELECT                 name,                 toJSONString(labels) as labels_serialized,                 value,                 help,                 type             FROM (                 SELECT     \'ClickHouse_MetricsCollection_CustomMetricsSystemTable\' AS name,     toFloat64(1) AS va
2026-08-02 02:37:33	2	13	6340	1	             SELECT                 name,                 toJSONString(labels) as labels_serialized,                 value,                 help,                 type             FROM (                 SELECT   \'ClickHouse_CustomMetric_TotalMemoryUsedByDictionaries\' AS name,   toFloat64(SUM(bytes_al
2026-08-02 02:37:34	6	141	34971	141	SELECT             name,             value,             help,             JSONExtract(labels_serialized, \'Map(String, String)\') as labels,             type         FROM merge(system, \'^_custom_metrics_dictionary_.*\')         FORMAT Prometheus
2026-08-02 02:37:34	3	1	5438	1	SELECT count() FROM system.processes WHERE (initial_user NOT IN _CAST([\'backups-internal\', \'management-internal\', \'monitoring-internal\', \'observability-internal\', \'operator-internal\', \'prometheus-exporter\', \'prometheus-internal\', \'operator-cert-internal\', \'availability-monitoring-internal\', \'\'], \'Ar
2026-08-02 02:37:34	2	437	5811	1	SELECT countIf(database = \'system\') as systemParts, countIf(database != \'system\') as nonSystemParts FROM system.parts where active
2026-08-02 02:37:34	1	0	0	1	SELECT countIf(database = \'system\') as systemMerges, countIf(database != \'system\') as nonSystemMerges FROM system.merges
2026-08-02 02:37:38	12	8479	2005770	5494	SELECT now64(6) as scrape_time_microseconds, \'j62zx3k\' AS pod_ident, \'boneaws-al-46\' AS spoken_name, \'cell-1\' AS cell, \'ap-south-1\' AS region, \'aws\' AS cloud_provider, \'?\' AS clickhouse_version, \'0fc3eaab-fbcb-4533-8825-9be9faaea781\' AS control_plane_id, \'?\' AS system_processor, * FROM system."proce
2026-08-02 02:37:38	2	1	5022	1	             SELECT                 name,                 toJSONString(labels) as labels_serialized,                 value,                 help,                 type             FROM (                 SELECT   \'ClickHouse_CustomMetric_TotalMemoryUsedByQueries\' AS name,   toFloat64(SUM(peak_memory_u
2026-08-02 02:37:39	17	18767	5015563	11807	SELECT now64(6) as scrape_time_microseconds, \'j62zx3k\' AS pod_ident, \'boneaws-al-46\' AS spoken_name, \'cell-1\' AS cell, \'ap-south-1\' AS region, \'aws\' AS cloud_provider, \'?\' AS clickhouse_version, \'0fc3eaab-fbcb-4533-8825-9be9faaea781\' AS control_plane_id, \'?\' AS system_processor, * FROM system."trace
2026-08-02 02:37:40	30	4730	10025272	437	SELECT now64(6) as scrape_time_microseconds, \'j62zx3k\' AS pod_ident, \'boneaws-al-46\' AS spoken_name, \'cell-1\' AS cell, \'ap-south-1\' AS region, \'aws\' AS cloud_provider, \'?\' AS clickhouse_version, \'0fc3eaab-fbcb-4533-8825-9be9faaea781\' AS control_plane_id, \'?\' AS system_processor, * FROM system."query
2026-08-02 02:37:41	171	742	2089253	121	SELECT now64(6) as scrape_time_microseconds, \'j62zx3k\' AS pod_ident, \'boneaws-al-46\' AS spoken_name, \'cell-1\' AS cell, \'ap-south-1\' AS region, \'aws\' AS cloud_provider, \'?\' AS clickhouse_version, \'0fc3eaab-fbcb-4533-8825-9be9faaea781\' AS control_plane_id, \'?\' AS system_processor, * FROM system."metri
2026-08-02 02:37:42	1	1	1	1	SELECT version() FORMAT TabSeparated 
2026-08-02 02:37:42	2	1	16	1	SELECT count() FROM sony.raw_events FORMAT TabSeparated 
2026-08-02 02:37:42	26	168248	13102110	1	SELECT count() FROM sony.session_active_intervals FINAL FORMAT TabSeparated 
2026-08-02 02:37:43	107	6998845	55990768	1	 SELECT count() FROM sony.raw_events WHERE toDateTime(intDiv(event_timestamp_ms,1000),\'UTC\') NOT BETWEEN \'2026-07-28 09:51:00\' AND \'2026-07-31 11:30:00\' FORMAT TabSeparated 
2026-08-02 02:37:43	26	168248	13259336	1	SELECT platform FROM sony.session_active_intervals FINAL GROUP BY platform ORDER BY count() DESC LIMIT 1 FORMAT TabSeparated 
2026-08-02 02:37:43	1	9	3184	9	             SELECT                 name,                 toJSONString(labels) as labels_serialized,                 value,                 help,                 type             FROM (                 SELECT   concat(\'clickhouse_\', system.dimensional_metrics.metric) AS name,   toFloat64(system.dime
2026-08-02 02:37:44	5	378	114440	5	WITH metrics AS (SELECT name AS metric, toFloat64(value) AS val, now() AS ts FROM system.server_settings WHERE multiMatchAny(name, _CAST([\'^max_database_num_to_throw$\', \'^max_database_num_to_warn$\', \'^max_table_num_to_throw$\', \'^max_table_num_to_warn$\', \'^max_concurrent_queries$\'], \'Array(String)\'))
2026-08-02 02:37:44	5	0	0	0	WITH source AS (SELECT [\'matview_execution_total\', if(exception_code != 0, \'matview_execution_fail\', \'\')] AS metrics, event_time AS ts FROM system.query_views_log WHERE (status != \'QueryStart\') AND (event_date >= toDate(_CAST(\'1785638109.333\', \'DateTime64\'))) AND (event_time >= toDateTime(_CAST(\'178
2026-08-02 02:37:44	10	0	0	1	WITH failed_mutations AS (SELECT toDateTime(create_time) AS ts, count() AS val FROM system.mutations WHERE (ts > toDateTime(_CAST(\'1785638109.333\', \'DateTime64\'))) AND (ts <= toDateTime(_CAST(\'1785638229.333\', \'DateTime64\'))) AND (latest_failed_part != \'\') AND (is_done = 0) GROUP BY ts), failed_muta
2026-08-02 02:37:44	3	8	39692	1	SELECT count() FROM system.processes WHERE (initial_user NOT IN _CAST([\'backups-internal\', \'management-internal\', \'monitoring-internal\', \'observability-internal\', \'operator-internal\', \'prometheus-exporter\', \'prometheus-internal\', \'operator-cert-internal\', \'availability-monitoring-internal\', \'\'], \'Ar
2026-08-02 02:37:44	11	6622	60508	14	WITH metrics AS (SELECT multiIf((event_type = \'MergeParts\') AND (error = 0), \'merges_finished\', (event_type = \'MergeParts\') AND (error != 0), \'merges_failed\', (event_type = \'MutatePart\') AND (error = 0), \'mutate_part_finished\', (event_type = \'MutatePart\') AND (error != 0), \'mutate_part_failed\', NULL
2026-08-02 02:37:44	10	151703	2346887	1560	SELECT CAST(\'0fc3eaab-fbcb-4533-8825-9be9faaea781\', \'UUID\') AS control_plane_id, CAST(\'c-boneaws-al-46-server-j62zx3k-0\', \'LowCardinality(String)\') AS pod_id, CAST(now64(), \'DateTime64(6)\') AS scrape_ts_microseconds, CAST(event_date, \'Date\') AS event_date, CAST(event_time, \'DateTime\') AS event_time,
2026-08-02 02:37:44	2	439	5841	1	SELECT countIf(database = \'system\') as systemParts, countIf(database != \'system\') as nonSystemParts FROM system.parts where active
2026-08-02 02:37:44	24	3174	595885	129	SELECT CAST(\'0fc3eaab-fbcb-4533-8825-9be9faaea781\', \'UUID\') AS instance_id, CAST(\'c-boneaws-al-46-server-j62zx3k-0\', \'LowCardinality(String)\') AS node_id, CAST(name, \'LowCardinality(String)\') AS metric, CAST(mapFilter((k, v) -> has(_CAST([\'remote\'], \'Array(String)\'), k), labels), \'Map(LowCardinality
2026-08-02 02:37:44	2	0	0	1	SELECT countIf(database = \'system\') as systemMerges, countIf(database != \'system\') as nonSystemMerges FROM system.merges
2026-08-02 02:37:44	53	742	242398	120	SELECT CAST(\'0fc3eaab-fbcb-4533-8825-9be9faaea781\', \'UUID\') AS control_plane_id, CAST(\'c-boneaws-al-46-server-j62zx3k-0\', \'LowCardinality(String)\') AS pod_id, CAST(now64(), \'DateTime64(6)\') AS scrape_ts_microseconds, CAST(event_date, \'Date\') AS event_date, CAST(event_time, \'DateTime\') AS event_time,
2026-08-02 02:37:44	144	1172	247449	24	WITH parts_agg AS (SELECT database AS agg_database, `table` AS agg_table, SUM(primary_key_size) AS primary_index_size, SUM(secondary_indices_compressed_bytes) AS secondary_index_size FROM system.parts WHERE active AND (database != \'system\') GROUP BY database, `table`), proj_agg AS (SELECT database A
2026-08-02 02:37:45	158	2777685	44516970	106422	SELECT now64(6) as scrape_time_microseconds, \'j62zx3k\' AS pod_ident, \'boneaws-al-46\' AS spoken_name, \'cell-1\' AS cell, \'ap-south-1\' AS region, \'aws\' AS cloud_provider, \'?\' AS clickhouse_version, \'0fc3eaab-fbcb-4533-8825-9be9faaea781\' AS control_plane_id, \'?\' AS system_processor, * FROM system."async
2026-08-02 02:37:46	21	29036	6643221	19864	SELECT now64(6) as scrape_time_microseconds, \'j62zx3k\' AS pod_ident, \'boneaws-al-46\' AS spoken_name, \'cell-1\' AS cell, \'ap-south-1\' AS region, \'aws\' AS cloud_provider, \'?\' AS clickhouse_version, \'0fc3eaab-fbcb-4533-8825-9be9faaea781\' AS control_plane_id, \'?\' AS system_processor, * FROM system."text_
2026-08-02 02:37:46	211	110181	992343	1	SELECT max(m) AS peak, round(avg(m), 1) AS avg_c, count() AS points FROM (SELECT toStartOfDay(minute) AS d2, round(avg(c), 1) AS m FROM ( SELECT minute, c FROM (   SELECT minute, sum(d) OVER (ORDER BY minute) AS c FROM (     SELECT minute, sum(delta) AS d     FROM sony.concurrency_minute_delta     W
2026-08-02 02:37:47	12	34513	346091	1	SELECT max(m) AS peak, round(avg(m), 1) AS avg_c, count() AS points FROM (SELECT toStartOfDay(minute) AS d2, round(avg(c), 1) AS m FROM ( SELECT minute, c FROM (   SELECT minute, sum(d) OVER (ORDER BY minute) AS c FROM (     SELECT minute, sum(delta) AS d     FROM sony.concurrency_minute_delta     W
2026-08-02 02:37:48	5	141	34971	141	SELECT             name,             value,             help,             JSONExtract(labels_serialized, \'Map(String, String)\') as labels,             type         FROM merge(system, \'^_custom_metrics_dictionary_.*\')         FORMAT Prometheus
2026-08-02 02:37:48	1	0	0	1	             SELECT                 name,                 toJSONString(labels) as labels_serialized,                 value,                 help,                 type             FROM (                 SELECT   \'ClickHouse_CustomMetric_TotalMemoryUsedByMerges\' AS name,   toFloat64(SUM(memory_usage))
2026-08-02 02:37:48	3	20	12866	0	             SELECT                 name,                 toJSONString(labels) as labels_serialized,                 value,                 help,                 type             FROM (                 SELECT   \'clickhouse_table_replica_readonly_start_timestamp_seconds\' as name,   toFloat64(toUnixTi
2026-08-02 02:37:48	3	6	213	0	             SELECT                 name,                 toJSONString(labels) as labels_serialized,                 value,                 help,                 type             FROM (                 SELECT   \'ClickHouse_CustomMetric_SharedCatalogRecoveryTime\' as name,   toFloat64(recovery_time) a
2026-08-02 02:37:48	128	0	0	0	             SELECT                 name,                 toJSONString(labels) as labels_serialized,                 value,                 help,                 type             FROM (                 SELECT   \'ClickHouse_CustomMetric_FailedMutations\' as name,   toFloat64(count()) as value,   \'The 
2026-08-02 02:37:52	15	6504	3560479	182	SELECT now64(6) as scrape_time_microseconds, \'j62zx3k\' AS pod_ident, \'boneaws-al-46\' AS spoken_name, \'cell-1\' AS cell, \'ap-south-1\' AS region, \'aws\' AS cloud_provider, \'26.2.1.525\' AS clickhouse_version, \'0fc3eaab-fbcb-4533-8825-9be9faaea781\' AS control_plane_id, \'aarch64\' AS system_processor, * FRO
2026-08-02 02:37:53	1	0	0	1	             SELECT                 name,                 toJSONString(labels) as labels_serialized,                 value,                 help,                 type             FROM (                 SELECT   \'ClickHouse_CustomMetric_TotalMemoryUsedByAsynchronousInserts\' AS name,   toFloat64(SUM(t
2026-08-02 02:37:54	3	1	5438	1	SELECT count() FROM system.processes WHERE (initial_user NOT IN _CAST([\'backups-internal\', \'management-internal\', \'monitoring-internal\', \'observability-internal\', \'operator-internal\', \'prometheus-exporter\', \'prometheus-internal\', \'operator-cert-internal\', \'availability-monitoring-internal\', \'\'], \'Ar
2026-08-02 02:37:54	2	438	5826	1	SELECT countIf(database = \'system\') as systemParts, countIf(database != \'system\') as nonSystemParts FROM system.parts where active
2026-08-02 02:37:54	1	0	0	1	SELECT countIf(database = \'system\') as systemMerges, countIf(database != \'system\') as nonSystemMerges FROM system.merges
2026-08-02 02:37:58	3	6	213	0	             SELECT                 name,                 toJSONString(labels) as labels_serialized,                 value,                 help,                 type             FROM (                 SELECT   \'ClickHouse_CustomMetric_DatabaseReplicatedRecoveryTime\' as name,   toFloat64(recovery_ti
2026-08-02 02:37:59	9	6799	2013501	401	SELECT now64(6) as scrape_time_microseconds, \'j62zx3k\' AS pod_ident, \'boneaws-al-46\' AS spoken_name, \'cell-1\' AS cell, \'ap-south-1\' AS region, \'aws\' AS cloud_provider, \'26.2.1.525\' AS clickhouse_version, \'0fc3eaab-fbcb-4533-8825-9be9faaea781\' AS control_plane_id, \'aarch64\' AS system_processor, * FRO
2026-08-02 02:37:59	1	0	8	1	SELECT count() FROM system.backups where status IN (0,3)
2026-08-02 02:37:59	3	1	5472	1	SELECT count() FROM system.processes WHERE (elapsed > _CAST(0, \'Int64\')) AND (initial_user NOT IN _CAST([\'backups-internal\', \'management-internal\', \'monitoring-internal\', \'observability-internal\', \'operator-internal\', \'prometheus-exporter\', \'prometheus-internal\', \'operator-cert-internal\', \'availabil
2026-08-02 02:38:01	13	772	10808	1	SELECT avg(ProfileEvent_OSCPUWaitMicroseconds) as cpu_wait FROM  system.metric_log  WHERE event_time > now() - INTERVAL 2 MINUTE AND event_date >= yesterday()
2026-08-02 02:38:01	3	2	10208	2	SELECT count() as count, sum(elapsed) as total_elapsed, \'lh\' as usr FROM system.processes  WHERE user = \'observability-internal\' AND client_hostname LIKE \'loghouse-scraper%\'  UNION ALL SELECT count() as count, sum(elapsed) as total_elapsed, \'other\' as usr FROM system.processes  WHERE user != \'observ
2026-08-02 02:38:01	1	876	366590	1	SELECT value FROM system.asynchronous_metrics WHERE metric = \'OSMemoryAvailable\' ;
2026-08-02 02:38:03	5	141	34971	141	SELECT             name,             value,             help,             JSONExtract(labels_serialized, \'Map(String, String)\') as labels,             type         FROM merge(system, \'^_custom_metrics_dictionary_.*\')         FORMAT Prometheus
2026-08-02 02:38:04	6	141	34971	141	SELECT             name,             value,             help,             JSONExtract(labels_serialized, \'Map(String, String)\') as labels,             type         FROM merge(system, \'^_custom_metrics_dictionary_.*\')         FORMAT Prometheus
2026-08-02 02:38:04	2	2	12834	1	SELECT count() FROM system.processes WHERE (initial_user NOT IN _CAST([\'backups-internal\', \'management-internal\', \'monitoring-internal\', \'observability-internal\', \'operator-internal\', \'prometheus-exporter\', \'prometheus-internal\', \'operator-cert-internal\', \'availability-monitoring-internal\', \'\'], \'Ar
2026-08-02 02:38:04	2	434	5766	1	SELECT countIf(database = \'system\') as systemParts, countIf(database != \'system\') as nonSystemParts FROM system.parts where active
2026-08-02 02:38:04	1	0	0	1	SELECT countIf(database = \'system\') as systemMerges, countIf(database != \'system\') as nonSystemMerges FROM system.merges
2026-08-02 02:38:04	24	3174	595885	129	SELECT CAST(\'0fc3eaab-fbcb-4533-8825-9be9faaea781\', \'UUID\') AS instance_id, CAST(\'c-boneaws-al-46-server-j62zx3k-0\', \'LowCardinality(String)\') AS node_id, CAST(name, \'LowCardinality(String)\') AS metric, CAST(mapFilter((k, v) -> has(_CAST([\'remote\'], \'Array(String)\'), k), labels), \'Map(LowCardinality
2026-08-02 02:38:14	3	1	5438	1	SELECT count() FROM system.processes WHERE (initial_user NOT IN _CAST([\'backups-internal\', \'management-internal\', \'monitoring-internal\', \'observability-internal\', \'operator-internal\', \'prometheus-exporter\', \'prometheus-internal\', \'operator-cert-internal\', \'availability-monitoring-internal\', \'\'], \'Ar
2026-08-02 02:38:14	2	431	5721	1	SELECT countIf(database = \'system\') as systemParts, countIf(database != \'system\') as nonSystemParts FROM system.parts where active
2026-08-02 02:38:14	2	0	0	1	SELECT countIf(database = \'system\') as systemMerges, countIf(database != \'system\') as nonSystemMerges FROM system.merges
2026-08-02 02:38:17	8	2493	1492364	45	SELECT now64(6) as scrape_time_microseconds, \'j62zx3k\' AS pod_ident, \'boneaws-al-46\' AS spoken_name, \'cell-1\' AS cell, \'ap-south-1\' AS region, \'aws\' AS cloud_provider, \'26.2.1.525\' AS clickhouse_version, \'0fc3eaab-fbcb-4533-8825-9be9faaea781\' AS control_plane_id, \'aarch64\' AS system_processor, * FRO
2026-08-02 02:38:18	5	141	34971	141	SELECT             name,             value,             help,             JSONExtract(labels_serialized, \'Map(String, String)\') as labels,             type         FROM merge(system, \'^_custom_metrics_dictionary_.*\')         FORMAT Prometheus
2026-08-02 02:38:23	1	0	0	1	             SELECT                 name,                 toJSONString(labels) as labels_serialized,                 value,                 help,                 type             FROM (                 SELECT   \'ClickHouse_CustomMetric_TotalMemoryUsedByAsynchronousInserts\' AS name,   toFloat64(SUM(t
2026-08-02 02:38:23	2	4	8884	1	             SELECT                 name,                 toJSONString(labels) as labels_serialized,                 value,                 help,                 type             FROM (                 SELECT   \'ClickHouse_CustomMetric_TotalMemoryUsedByQueries\' AS name,   toFloat64(SUM(peak_memory_u
2026-08-02 02:38:23	2	59	472	1	             SELECT                 name,                 toJSONString(labels) as labels_serialized,                 value,                 help,                 type             FROM (                 SELECT   \'ClickHouse_CustomMetric_TotalMemoryUsedByDataSkippingIndices\' AS name,   toFloat64(SUM(d
2026-08-02 02:38:23	3	6	213	0	             SELECT                 name,                 toJSONString(labels) as labels_serialized,                 value,                 help,                 type             FROM (                 SELECT   \'ClickHouse_CustomMetric_DatabaseReplicatedRecoveryTime\' as name,   toFloat64(recovery_ti
2026-08-02 02:38:24	2	2	12834	1	SELECT count() FROM system.processes WHERE (initial_user NOT IN _CAST([\'backups-internal\', \'management-internal\', \'monitoring-internal\', \'observability-internal\', \'operator-internal\', \'prometheus-exporter\', \'prometheus-internal\', \'operator-cert-internal\', \'availability-monitoring-internal\', \'\'], \'Ar
2026-08-02 02:38:24	2	441	5871	1	SELECT countIf(database = \'system\') as systemParts, countIf(database != \'system\') as nonSystemParts FROM system.parts where active
2026-08-02 02:38:24	1	0	0	1	SELECT countIf(database = \'system\') as systemMerges, countIf(database != \'system\') as nonSystemMerges FROM system.merges
2026-08-02 02:38:24	24	3176	596150	129	SELECT CAST(\'0fc3eaab-fbcb-4533-8825-9be9faaea781\', \'UUID\') AS instance_id, CAST(\'c-boneaws-al-46-server-j62zx3k-0\', \'LowCardinality(String)\') AS node_id, CAST(name, \'LowCardinality(String)\') AS metric, CAST(mapFilter((k, v) -> has(_CAST([\'remote\'], \'Array(String)\'), k), labels), \'Map(LowCardinality
2026-08-02 02:38:27	1	1	1	1	SELECT version() FORMAT TabSeparated 
2026-08-02 02:38:27	2	1	16	1	SELECT count() FROM sony.raw_events FORMAT TabSeparated 
2026-08-02 02:38:27	26	168248	13102110	1	SELECT count() FROM sony.session_active_intervals FINAL FORMAT TabSeparated 
2026-08-02 02:38:28	27	168248	13259336	1	SELECT platform FROM sony.session_active_intervals FINAL GROUP BY platform ORDER BY count() DESC LIMIT 1 FORMAT TabSeparated 
2026-08-02 02:38:28	26	168248	13255192	1	SELECT country FROM sony.session_active_intervals FINAL GROUP BY country ORDER BY count() DESC LIMIT 1 FORMAT TabSeparated 
2026-08-02 02:38:28	22	168248	13255192	1	SELECT uniqExact(country) FROM sony.session_active_intervals FINAL FORMAT TabSeparated 
2026-08-02 02:38:28	2	15	1013	15	             SELECT                 name,                 toJSONString(labels) as labels_serialized,                 value,                 help,                 type             FROM (                 SELECT     \'ClickHouse_MetricsCollection_CustomMetricsSystemTable\' AS name,     toFloat64(1) AS va
2026-08-02 02:38:28	225	110181	881448	1	SELECT max(c) AS peak, round(avg(c), 1) AS avg_c, count() AS points FROM ( SELECT minute, c FROM (   SELECT minute, sum(d) OVER (ORDER BY minute) AS c FROM (     SELECT minute, sum(delta) AS d     FROM sony.concurrency_minute_delta          GROUP BY minute ORDER BY minute WITH FILL STEP toIntervalMi
2026-08-02 02:38:29	211	110181	881448	1	SELECT max(m) AS peak, round(avg(m), 1) AS avg_c, count() AS points FROM (SELECT toStartOfHour(minute) AS h, round(avg(c), 1) AS m FROM ( SELECT minute, c FROM (   SELECT minute, sum(d) OVER (ORDER BY minute) AS c FROM (     SELECT minute, sum(delta) AS d     FROM sony.concurrency_minute_delta      
2026-08-02 02:38:29	209	110181	881448	1	SELECT max(m) AS peak, round(avg(m), 1) AS avg_c, count() AS points FROM (SELECT toStartOfDay(minute) AS d2, round(avg(c), 1) AS m FROM ( SELECT minute, c FROM (   SELECT minute, sum(d) OVER (ORDER BY minute) AS c FROM (     SELECT minute, sum(delta) AS d     FROM sony.concurrency_minute_delta      
2026-08-02 02:38:29	12	34513	311431	1	SELECT max(m) AS peak, round(avg(m), 1) AS avg_c, count() AS points FROM (SELECT toStartOfDay(minute) AS d2, round(avg(c), 1) AS m FROM ( SELECT minute, c FROM (   SELECT minute, sum(d) OVER (ORDER BY minute) AS c FROM (     SELECT minute, sum(delta) AS d     FROM sony.concurrency_minute_delta     W
2026-08-02 02:38:31	63	69172	621883	1	SELECT max(m) AS peak, round(avg(m), 1) AS avg_c, count() AS points FROM (SELECT toStartOfHour(minute) AS h, round(avg(c), 1) AS m FROM ( SELECT minute, c FROM (   SELECT minute, sum(d) OVER (ORDER BY minute) AS c FROM (     SELECT minute, sum(delta) AS d     FROM sony.concurrency_minute_delta     W
2026-08-02 02:38:31	14	803	11011	1	SELECT avg(ProfileEvent_OSCPUWaitMicroseconds) as cpu_wait FROM  system.metric_log  WHERE event_time > now() - INTERVAL 2 MINUTE AND event_date >= yesterday()
2026-08-02 02:38:31	4	4	14880	2	SELECT count() as count, sum(elapsed) as total_elapsed, \'lh\' as usr FROM system.processes  WHERE user = \'observability-internal\' AND client_hostname LIKE \'loghouse-scraper%\'  UNION ALL SELECT count() as count, sum(elapsed) as total_elapsed, \'other\' as usr FROM system.processes  WHERE user != \'observ
2026-08-02 02:38:31	1	875	366447	1	SELECT value FROM system.asynchronous_metrics WHERE metric = \'OSMemoryAvailable\' ;
2026-08-02 02:38:31	12	34513	346091	1	SELECT max(c) AS peak, round(avg(c), 1) AS avg_c, count() AS points FROM ( SELECT minute, c FROM (   SELECT minute, sum(d) OVER (ORDER BY minute) AS c FROM (     SELECT minute, sum(delta) AS d     FROM sony.concurrency_minute_delta     WHERE platform = \'ANDROID_PHONE\' AND country = \'india\'     GROUP
2026-08-02 02:38:32	651	0	0	0	SYSTEM FLUSH LOGS 
2026-08-02 02:38:33	5	143	35505	143	SELECT             name,             value,             help,             JSONExtract(labels_serialized, \'Map(String, String)\') as labels,             type         FROM merge(system, \'^_custom_metrics_dictionary_.*\')         FORMAT Prometheus
2026-08-02 02:38:33	2	0	0	1	             SELECT                 name,                 toJSONString(labels) as labels_serialized,                 value,                 help,                 type             FROM (                 SELECT   \'ClickHouse_CustomMetric_TotalMemoryUsedByMerges\' AS name,   toFloat64(SUM(memory_usage))
2026-08-02 02:38:33	2	13	6340	1	             SELECT                 name,                 toJSONString(labels) as labels_serialized,                 value,                 help,                 type             FROM (                 SELECT   \'ClickHouse_CustomMetric_TotalMemoryUsedByDictionaries\' AS name,   toFloat64(SUM(bytes_al
2026-08-02 02:38:33	3	6	213	0	             SELECT                 name,                 toJSONString(labels) as labels_serialized,                 value,                 help,                 type             FROM (                 SELECT   \'ClickHouse_CustomMetric_SharedCatalogRecoveryTime\' as name,   toFloat64(recovery_time) a
2026-08-02 02:38:34	5	143	35505	143	SELECT             name,             value,             help,             JSONExtract(labels_serialized, \'Map(String, String)\') as labels,             type         FROM merge(system, \'^_custom_metrics_dictionary_.*\')         FORMAT Prometheus
2026-08-02 02:38:34	3	1	5438	1	SELECT count() FROM system.processes WHERE (initial_user NOT IN _CAST([\'backups-internal\', \'management-internal\', \'monitoring-internal\', \'observability-internal\', \'operator-internal\', \'prometheus-exporter\', \'prometheus-internal\', \'operator-cert-internal\', \'availability-monitoring-internal\', \'\'], \'Ar
2026-08-02 02:38:34	3	438	5826	1	SELECT countIf(database = \'system\') as systemParts, countIf(database != \'system\') as nonSystemParts FROM system.parts where active
2026-08-02 02:38:34	2	0	0	1	SELECT countIf(database = \'system\') as systemMerges, countIf(database != \'system\') as nonSystemMerges FROM system.merges
2026-08-02 02:38:38	2	0	0	0	             SELECT                 name,                 toJSONString(labels) as labels_serialized,                 value,                 help,                 type             FROM (                 SELECT   \'ClickHouse_CustomMetric_FailedMutations\' as name,   toFloat64(count()) as value,   \'The 
2026-08-02 02:38:38	3	6	213	0	             SELECT                 name,                 toJSONString(labels) as labels_serialized,                 value,                 help,                 type             FROM (                 SELECT   \'ClickHouse_CustomMetric_SharedCatalogRecoveryTime\' as name,   toFloat64(recovery_time) a
2026-08-02 02:38:43	1	9	3184	9	             SELECT                 name,                 toJSONString(labels) as labels_serialized,                 value,                 help,                 type             FROM (                 SELECT   concat(\'clickhouse_\', system.dimensional_metrics.metric) AS name,   toFloat64(system.dime
2026-08-02 02:38:44	2	2	12834	1	SELECT count() FROM system.processes WHERE (initial_user NOT IN _CAST([\'backups-internal\', \'management-internal\', \'monitoring-internal\', \'observability-internal\', \'operator-internal\', \'prometheus-exporter\', \'prometheus-internal\', \'operator-cert-internal\', \'availability-monitoring-internal\', \'\'], \'Ar
2026-08-02 02:38:44	2	439	5841	1	SELECT countIf(database = \'system\') as systemParts, countIf(database != \'system\') as nonSystemParts FROM system.parts where active
2026-08-02 02:38:44	1	0	0	1	SELECT countIf(database = \'system\') as systemMerges, countIf(database != \'system\') as nonSystemMerges FROM system.merges
2026-08-02 02:38:44	23	3176	596150	129	SELECT CAST(\'0fc3eaab-fbcb-4533-8825-9be9faaea781\', \'UUID\') AS instance_id, CAST(\'c-boneaws-al-46-server-j62zx3k-0\', \'LowCardinality(String)\') AS node_id, CAST(name, \'LowCardinality(String)\') AS metric, CAST(mapFilter((k, v) -> has(_CAST([\'remote\'], \'Array(String)\'), k), labels), \'Map(LowCardinality
2026-08-02 02:38:48	6	143	35505	143	SELECT             name,             value,             help,             JSONExtract(labels_serialized, \'Map(String, String)\') as labels,             type         FROM merge(system, \'^_custom_metrics_dictionary_.*\')         FORMAT Prometheus
2026-08-02 02:38:48	3	20	12866	0	             SELECT                 name,                 toJSONString(labels) as labels_serialized,                 value,                 help,                 type             FROM (                 SELECT   \'clickhouse_table_replica_readonly_start_timestamp_seconds\' as name,   toFloat64(toUnixTi
2026-08-02 02:38:48	3	6	213	0	             SELECT                 name,                 toJSONString(labels) as labels_serialized,                 value,                 help,                 type             FROM (                 SELECT   \'ClickHouse_CustomMetric_SharedCatalogRecoveryTime\' as name,   toFloat64(recovery_time) a
2026-08-02 02:38:49	1	1	1	1	SELECT displayName(), version(), revision(), timezone()
2026-08-02 02:38:49	1	1	1	1	SELECT 1;
2026-08-02 02:38:53	2	59	472	1	             SELECT                 name,                 toJSONString(labels) as labels_serialized,                 value,                 help,                 type             FROM (                 SELECT   \'ClickHouse_CustomMetric_TotalMemoryUsedByDataSkippingIndices\' AS name,   toFloat64(SUM(d
2026-08-02 02:38:53	3	6	213	0	             SELECT                 name,                 toJSONString(labels) as labels_serialized,                 value,                 help,                 type             FROM (                 SELECT   \'ClickHouse_CustomMetric_SharedCatalogRecoveryTime\' as name,   toFloat64(recovery_time) a
2026-08-02 02:38:54	3	1	5438	1	SELECT count() FROM system.processes WHERE (initial_user NOT IN _CAST([\'backups-internal\', \'management-internal\', \'monitoring-internal\', \'observability-internal\', \'operator-internal\', \'prometheus-exporter\', \'prometheus-internal\', \'operator-cert-internal\', \'availability-monitoring-internal\', \'\'], \'Ar
2026-08-02 02:38:54	2	436	5796	1	SELECT countIf(database = \'system\') as systemParts, countIf(database != \'system\') as nonSystemParts FROM system.parts where active
2026-08-02 02:38:54	1	0	0	1	SELECT countIf(database = \'system\') as systemMerges, countIf(database != \'system\') as nonSystemMerges FROM system.merges
2026-08-02 02:38:56	3	0	0	0	SELECT now64(6) as scrape_time_microseconds, \'j62zx3k\' AS pod_ident, \'boneaws-al-46\' AS spoken_name, \'cell-1\' AS cell, \'ap-south-1\' AS region, \'aws\' AS cloud_provider, \'26.2.1.525\' AS clickhouse_version, \'0fc3eaab-fbcb-4533-8825-9be9faaea781\' AS control_plane_id, \'aarch64\' AS system_processor, * FRO
2026-08-02 02:38:56	6	627	213529	6	SELECT now64(6) as scrape_time_microseconds, \'j62zx3k\' AS pod_ident, \'boneaws-al-46\' AS spoken_name, \'cell-1\' AS cell, \'ap-south-1\' AS region, \'aws\' AS cloud_provider, \'26.2.1.525\' AS clickhouse_version, \'0fc3eaab-fbcb-4533-8825-9be9faaea781\' AS control_plane_id, \'aarch64\' AS system_processor, * FRO
2026-08-02 02:38:57	3	0	0	0	SELECT now64(6) as scrape_time_microseconds, \'j62zx3k\' AS pod_ident, \'boneaws-al-46\' AS spoken_name, \'cell-1\' AS cell, \'ap-south-1\' AS region, \'aws\' AS cloud_provider, \'26.2.1.525\' AS clickhouse_version, \'0fc3eaab-fbcb-4533-8825-9be9faaea781\' AS control_plane_id, \'aarch64\' AS system_processor, * FRO
2026-08-02 02:38:58	2	0	0	0	SELECT now64(6) as scrape_time_microseconds, \'j62zx3k\' AS pod_ident, \'boneaws-al-46\' AS spoken_name, \'cell-1\' AS cell, \'ap-south-1\' AS region, \'aws\' AS cloud_provider, \'26.2.1.525\' AS clickhouse_version, \'0fc3eaab-fbcb-4533-8825-9be9faaea781\' AS control_plane_id, \'aarch64\' AS system_processor, * FRO
2026-08-02 02:38:59	3	0	0	0	SELECT now64(6) as scrape_time_microseconds, \'j62zx3k\' AS pod_ident, \'boneaws-al-46\' AS spoken_name, \'cell-1\' AS cell, \'ap-south-1\' AS region, \'aws\' AS cloud_provider, \'26.2.1.525\' AS clickhouse_version, \'0fc3eaab-fbcb-4533-8825-9be9faaea781\' AS control_plane_id, \'aarch64\' AS system_processor, * FRO
2026-08-02 02:39:00	5	0	0	0	SELECT now64(6) as scrape_time_microseconds, \'j62zx3k\' AS pod_ident, \'boneaws-al-46\' AS spoken_name, \'cell-1\' AS cell, \'ap-south-1\' AS region, \'aws\' AS cloud_provider, \'26.2.1.525\' AS clickhouse_version, \'0fc3eaab-fbcb-4533-8825-9be9faaea781\' AS control_plane_id, \'aarch64\' AS system_processor, * FRO
2026-08-02 02:39:01	14	817	11207	1	SELECT avg(ProfileEvent_OSCPUWaitMicroseconds) as cpu_wait FROM  system.metric_log  WHERE event_time > now() - INTERVAL 2 MINUTE AND event_date >= yesterday()
2026-08-02 02:39:01	4	2	10208	2	SELECT count() as count, sum(elapsed) as total_elapsed, \'lh\' as usr FROM system.processes  WHERE user = \'observability-internal\' AND client_hostname LIKE \'loghouse-scraper%\'  UNION ALL SELECT count() as count, sum(elapsed) as total_elapsed, \'other\' as usr FROM system.processes  WHERE user != \'observ
2026-08-02 02:39:01	1	876	366590	1	SELECT value FROM system.asynchronous_metrics WHERE metric = \'OSMemoryAvailable\' ;
2026-08-02 02:39:02	3	0	0	0	SELECT now64(6) as scrape_time_microseconds, \'j62zx3k\' AS pod_ident, \'boneaws-al-46\' AS spoken_name, \'cell-1\' AS cell, \'ap-south-1\' AS region, \'aws\' AS cloud_provider, \'26.2.1.525\' AS clickhouse_version, \'0fc3eaab-fbcb-4533-8825-9be9faaea781\' AS control_plane_id, \'aarch64\' AS system_processor, * FRO
2026-08-02 02:39:03	3	0	0	0	SELECT now64(6) as scrape_time_microseconds, \'j62zx3k\' AS pod_ident, \'boneaws-al-46\' AS spoken_name, \'cell-1\' AS cell, \'ap-south-1\' AS region, \'aws\' AS cloud_provider, \'26.2.1.525\' AS clickhouse_version, \'0fc3eaab-fbcb-4533-8825-9be9faaea781\' AS control_plane_id, \'aarch64\' AS system_processor, * FRO
2026-08-02 02:39:03	5	143	35505	143	SELECT             name,             value,             help,             JSONExtract(labels_serialized, \'Map(String, String)\') as labels,             type         FROM merge(system, \'^_custom_metrics_dictionary_.*\')         FORMAT Prometheus
2026-08-02 02:39:03	3	6	213	0	             SELECT                 name,                 toJSONString(labels) as labels_serialized,                 value,                 help,                 type             FROM (                 SELECT   \'ClickHouse_CustomMetric_DatabaseReplicatedRecoveryTime\' as name,   toFloat64(recovery_ti
2026-08-02 02:39:04	4	131	524	0	SELECT now64(6) as scrape_time_microseconds, \'j62zx3k\' AS pod_ident, \'boneaws-al-46\' AS spoken_name, \'cell-1\' AS cell, \'ap-south-1\' AS region, \'aws\' AS cloud_provider, \'26.2.1.525\' AS clickhouse_version, \'0fc3eaab-fbcb-4533-8825-9be9faaea781\' AS control_plane_id, \'aarch64\' AS system_processor, * FRO
2026-08-02 02:39:04	5	143	35505	143	SELECT             name,             value,             help,             JSONExtract(labels_serialized, \'Map(String, String)\') as labels,             type         FROM merge(system, \'^_custom_metrics_dictionary_.*\')         FORMAT Prometheus
2026-08-02 02:39:04	2	2	12834	1	SELECT count() FROM system.processes WHERE (initial_user NOT IN _CAST([\'backups-internal\', \'management-internal\', \'monitoring-internal\', \'observability-internal\', \'operator-internal\', \'prometheus-exporter\', \'prometheus-internal\', \'operator-cert-internal\', \'availability-monitoring-internal\', \'\'], \'Ar
2026-08-02 02:39:04	2	437	5811	1	SELECT countIf(database = \'system\') as systemParts, countIf(database != \'system\') as nonSystemParts FROM system.parts where active
2026-08-02 02:39:04	23	3176	596150	129	SELECT CAST(\'0fc3eaab-fbcb-4533-8825-9be9faaea781\', \'UUID\') AS instance_id, CAST(\'c-boneaws-al-46-server-j62zx3k-0\', \'LowCardinality(String)\') AS node_id, CAST(name, \'LowCardinality(String)\') AS metric, CAST(mapFilter((k, v) -> has(_CAST([\'remote\'], \'Array(String)\'), k), labels), \'Map(LowCardinality
2026-08-02 02:39:04	1	0	0	1	SELECT countIf(database = \'system\') as systemMerges, countIf(database != \'system\') as nonSystemMerges FROM system.merges
2026-08-02 02:39:05	7	8205	972993	2453	SELECT now64(6) as scrape_time_microseconds, \'j62zx3k\' AS pod_ident, \'boneaws-al-46\' AS spoken_name, \'cell-1\' AS cell, \'ap-south-1\' AS region, \'aws\' AS cloud_provider, \'26.2.1.525\' AS clickhouse_version, \'0fc3eaab-fbcb-4533-8825-9be9faaea781\' AS control_plane_id, \'aarch64\' AS system_processor, * FRO
2026-08-02 02:39:07	3	0	0	0	SELECT now64(6) as scrape_time_microseconds, \'j62zx3k\' AS pod_ident, \'boneaws-al-46\' AS spoken_name, \'cell-1\' AS cell, \'ap-south-1\' AS region, \'aws\' AS cloud_provider, \'26.2.1.525\' AS clickhouse_version, \'0fc3eaab-fbcb-4533-8825-9be9faaea781\' AS control_plane_id, \'aarch64\' AS system_processor, * FRO
2026-08-02 02:39:08	4	0	0	0	SELECT now64(6) as scrape_time_microseconds, \'j62zx3k\' AS pod_ident, \'boneaws-al-46\' AS spoken_name, \'cell-1\' AS cell, \'ap-south-1\' AS region, \'aws\' AS cloud_provider, \'26.2.1.525\' AS clickhouse_version, \'0fc3eaab-fbcb-4533-8825-9be9faaea781\' AS control_plane_id, \'aarch64\' AS system_processor, * FRO
2026-08-02 02:39:09	1	1	1	1	SELECT version() FORMAT TabSeparated 
2026-08-02 02:39:09	2	1	16	1	SELECT count() FROM sony.raw_events FORMAT TabSeparated 
2026-08-02 02:39:09	2	32	1536	1	SELECT min(minute), max(minute) FROM sony.concurrency_minute_delta FORMAT TabSeparated 
2026-08-02 02:39:09	48	6998845	55990768	1	 SELECT count() FROM sony.raw_events WHERE toDateTime(intDiv(event_timestamp_ms,1000),\'UTC\') NOT BETWEEN \'2026-07-27 13:14:00\' AND \'2026-07-31 11:30:00\' FORMAT TabSeparated 
2026-08-02 02:39:10	207	110181	881448	1	SELECT max(c) AS peak, round(avg(c), 1) AS avg_c, count() AS points FROM ( SELECT minute, c FROM (   SELECT minute, sum(d) OVER (ORDER BY minute) AS c FROM (     SELECT minute, sum(delta) AS d     FROM sony.concurrency_minute_delta          GROUP BY minute ORDER BY minute WITH FILL STEP toIntervalMi
2026-08-02 02:39:11	13	34513	311431	1	SELECT max(m) AS peak, round(avg(m), 1) AS avg_c, count() AS points FROM (SELECT toStartOfHour(minute) AS h, round(avg(c), 1) AS m FROM ( SELECT minute, c FROM (   SELECT minute, sum(d) OVER (ORDER BY minute) AS c FROM (     SELECT minute, sum(delta) AS d     FROM sony.concurrency_minute_delta     W
2026-08-02 02:39:12	213	110181	992343	1	SELECT max(c) AS peak, round(avg(c), 1) AS avg_c, count() AS points FROM ( SELECT minute, c FROM (   SELECT minute, sum(d) OVER (ORDER BY minute) AS c FROM (     SELECT minute, sum(delta) AS d     FROM sony.concurrency_minute_delta     WHERE country = \'india\'     GROUP BY minute ORDER BY minute WITH
2026-08-02 02:39:12	114	32	53914	12	SELECT now64(6) as scrape_time_microseconds, \'j62zx3k\' AS pod_ident, \'boneaws-al-46\' AS spoken_name, \'cell-1\' AS cell, \'ap-south-1\' AS region, \'aws\' AS cloud_provider, \'26.2.1.525\' AS clickhouse_version, \'0fc3eaab-fbcb-4533-8825-9be9faaea781\' AS control_plane_id, \'aarch64\' AS system_processor, * FRO
2026-08-02 02:39:12	210	110181	992343	1	SELECT max(m) AS peak, round(avg(m), 1) AS avg_c, count() AS points FROM (SELECT toStartOfDay(minute) AS d2, round(avg(c), 1) AS m FROM ( SELECT minute, c FROM (   SELECT minute, sum(d) OVER (ORDER BY minute) AS c FROM (     SELECT minute, sum(delta) AS d     FROM sony.concurrency_minute_delta     W
2026-08-02 02:39:12	61	69172	621883	1	SELECT max(c) AS peak, round(avg(c), 1) AS avg_c, count() AS points FROM ( SELECT minute, c FROM (   SELECT minute, sum(d) OVER (ORDER BY minute) AS c FROM (     SELECT minute, sum(delta) AS d     FROM sony.concurrency_minute_delta     WHERE video_type = \'live\'     GROUP BY minute ORDER BY minute WI
2026-08-02 02:39:13	66	69172	621883	1	SELECT max(m) AS peak, round(avg(m), 1) AS avg_c, count() AS points FROM (SELECT toStartOfHour(minute) AS h, round(avg(c), 1) AS m FROM ( SELECT minute, c FROM (   SELECT minute, sum(d) OVER (ORDER BY minute) AS c FROM (     SELECT minute, sum(delta) AS d     FROM sony.concurrency_minute_delta     W
2026-08-02 02:39:13	1	0	0	1	             SELECT                 name,                 toJSONString(labels) as labels_serialized,                 value,                 help,                 type             FROM (                 SELECT   \'ClickHouse_CustomMetric_TotalMemoryUsedByAsynchronousInserts\' AS name,   toFloat64(SUM(t
2026-08-02 02:39:13	2	2	6279	1	             SELECT                 name,                 toJSONString(labels) as labels_serialized,                 value,                 help,                 type             FROM (                 SELECT   \'ClickHouse_CustomMetric_TotalMemoryUsedByQueries\' AS name,   toFloat64(SUM(peak_memory_u
2026-08-02 02:39:13	12	34513	346091	1	SELECT max(m) AS peak, round(avg(m), 1) AS avg_c, count() AS points FROM (SELECT toStartOfHour(minute) AS h, round(avg(c), 1) AS m FROM ( SELECT minute, c FROM (   SELECT minute, sum(d) OVER (ORDER BY minute) AS c FROM (     SELECT minute, sum(delta) AS d     FROM sony.concurrency_minute_delta     W
2026-08-02 02:39:14	3	2	6152	1	SELECT count() FROM system.processes WHERE (initial_user NOT IN _CAST([\'backups-internal\', \'management-internal\', \'monitoring-internal\', \'observability-internal\', \'operator-internal\', \'prometheus-exporter\', \'prometheus-internal\', \'operator-cert-internal\', \'availability-monitoring-internal\', \'\'], \'Ar
2026-08-02 02:39:14	518	0	0	0	SYSTEM FLUSH LOGS 
2026-08-02 02:39:14	22	444	5916	1	SELECT countIf(database = \'system\') as systemParts, countIf(database != \'system\') as nonSystemParts FROM system.parts where active
2026-08-02 02:39:14	2	2	2434	1	SELECT countIf(database = \'system\') as systemMerges, countIf(database != \'system\') as nonSystemMerges FROM system.merges
2026-08-02 02:39:15	26	168248	13102110	1	SELECT count() FROM sony.session_active_intervals FINAL FORMAT TabSeparated 
2026-08-02 02:39:15	149	7000000	56000000	1	 SELECT toString(toStartOfMinute(toDateTime(intDiv(quantileExact(0.0005)(event_timestamp_ms),1000),\'UTC\'))),        toString(toStartOfMinute(toDateTime(intDiv(quantileExact(0.9995)(event_timestamp_ms),1000),\'UTC\'))) FROM sony.raw_events FORMAT TabSeparated 
2026-08-02 02:39:16	190	110181	881448	1	SELECT max(c) AS peak, round(avg(c), 1) AS avg_c, count() AS points FROM ( SELECT minute, c FROM (   SELECT minute, sum(d) OVER (ORDER BY minute) AS c FROM (     SELECT minute, sum(delta) AS d     FROM sony.concurrency_minute_delta          GROUP BY minute ORDER BY minute WITH FILL STEP toIntervalMi
2026-08-02 02:39:17	214	110181	881448	1	SELECT max(m) AS peak, round(avg(m), 1) AS avg_c, count() AS points FROM (SELECT toStartOfDay(minute) AS d2, round(avg(c), 1) AS m FROM ( SELECT minute, c FROM (   SELECT minute, sum(d) OVER (ORDER BY minute) AS c FROM (     SELECT minute, sum(delta) AS d     FROM sony.concurrency_minute_delta      
2026-08-02 02:39:18	5	143	35505	143	SELECT             name,             value,             help,             JSONExtract(labels_serialized, \'Map(String, String)\') as labels,             type         FROM merge(system, \'^_custom_metrics_dictionary_.*\')         FORMAT Prometheus
2026-08-02 02:39:18	2	13	6340	1	             SELECT                 name,                 toJSONString(labels) as labels_serialized,                 value,                 help,                 type             FROM (                 SELECT   \'ClickHouse_CustomMetric_TotalMemoryUsedByDictionaries\' AS name,   toFloat64(SUM(bytes_al
2026-08-02 02:39:18	3	20	12866	0	             SELECT                 name,                 toJSONString(labels) as labels_serialized,                 value,                 help,                 type             FROM (                 SELECT   \'clickhouse_table_replica_readonly_start_timestamp_seconds\' as name,   toFloat64(toUnixTi
2026-08-02 02:39:18	211	110181	992343	1	SELECT max(m) AS peak, round(avg(m), 1) AS avg_c, count() AS points FROM (SELECT toStartOfDay(minute) AS d2, round(avg(c), 1) AS m FROM ( SELECT minute, c FROM (   SELECT minute, sum(d) OVER (ORDER BY minute) AS c FROM (     SELECT minute, sum(delta) AS d     FROM sony.concurrency_minute_delta     W
2026-08-02 02:39:18	62	69172	621883	1	SELECT max(c) AS peak, round(avg(c), 1) AS avg_c, count() AS points FROM ( SELECT minute, c FROM (   SELECT minute, sum(d) OVER (ORDER BY minute) AS c FROM (     SELECT minute, sum(delta) AS d     FROM sony.concurrency_minute_delta     WHERE video_type = \'live\'     GROUP BY minute ORDER BY minute WI
2026-08-02 02:39:19	63	69172	621883	1	SELECT max(m) AS peak, round(avg(m), 1) AS avg_c, count() AS points FROM (SELECT toStartOfDay(minute) AS d2, round(avg(c), 1) AS m FROM ( SELECT minute, c FROM (   SELECT minute, sum(d) OVER (ORDER BY minute) AS c FROM (     SELECT minute, sum(delta) AS d     FROM sony.concurrency_minute_delta     W
2026-08-02 02:39:19	12	34513	346091	1	SELECT max(m) AS peak, round(avg(m), 1) AS avg_c, count() AS points FROM (SELECT toStartOfHour(minute) AS h, round(avg(c), 1) AS m FROM ( SELECT minute, c FROM (   SELECT minute, sum(d) OVER (ORDER BY minute) AS c FROM (     SELECT minute, sum(delta) AS d     FROM sony.concurrency_minute_delta     W
2026-08-02 02:39:19	12	34513	346091	1	SELECT max(m) AS peak, round(avg(m), 1) AS avg_c, count() AS points FROM (SELECT toStartOfDay(minute) AS d2, round(avg(c), 1) AS m FROM ( SELECT minute, c FROM (   SELECT minute, sum(d) OVER (ORDER BY minute) AS c FROM (     SELECT minute, sum(delta) AS d     FROM sony.concurrency_minute_delta     W
2026-08-02 02:39:23	1	9	3184	9	             SELECT                 name,                 toJSONString(labels) as labels_serialized,                 value,                 help,                 type             FROM (                 SELECT   concat(\'clickhouse_\', system.dimensional_metrics.metric) AS name,   toFloat64(system.dime
2026-08-02 02:39:23	2	0	0	1	             SELECT                 name,                 toJSONString(labels) as labels_serialized,                 value,                 help,                 type             FROM (                 SELECT   \'ClickHouse_CustomMetric_TotalMemoryUsedByMerges\' AS name,   toFloat64(SUM(memory_usage))
2026-08-02 02:39:23	2	15	1013	15	             SELECT                 name,                 toJSONString(labels) as labels_serialized,                 value,                 help,                 type             FROM (                 SELECT     \'ClickHouse_MetricsCollection_CustomMetricsSystemTable\' AS name,     toFloat64(1) AS va
2026-08-02 02:39:23	3	20	12866	0	             SELECT                 name,                 toJSONString(labels) as labels_serialized,                 value,                 help,                 type             FROM (                 SELECT   \'clickhouse_table_replica_readonly_start_timestamp_seconds\' as name,   toFloat64(toUnixTi
2026-08-02 02:39:24	2	2	12834	1	SELECT count() FROM system.processes WHERE (initial_user NOT IN _CAST([\'backups-internal\', \'management-internal\', \'monitoring-internal\', \'observability-internal\', \'operator-internal\', \'prometheus-exporter\', \'prometheus-internal\', \'operator-cert-internal\', \'availability-monitoring-internal\', \'\'], \'Ar
2026-08-02 02:39:24	2	439	5841	1	SELECT countIf(database = \'system\') as systemParts, countIf(database != \'system\') as nonSystemParts FROM system.parts where active
2026-08-02 02:39:24	1	0	0	1	SELECT countIf(database = \'system\') as systemMerges, countIf(database != \'system\') as nonSystemMerges FROM system.merges
2026-08-02 02:39:24	24	3176	596150	129	SELECT CAST(\'0fc3eaab-fbcb-4533-8825-9be9faaea781\', \'UUID\') AS instance_id, CAST(\'c-boneaws-al-46-server-j62zx3k-0\', \'LowCardinality(String)\') AS node_id, CAST(name, \'LowCardinality(String)\') AS metric, CAST(mapFilter((k, v) -> has(_CAST([\'remote\'], \'Array(String)\'), k), labels), \'Map(LowCardinality
2026-08-02 02:39:28	2	0	0	0	             SELECT                 name,                 toJSONString(labels) as labels_serialized,                 value,                 help,                 type             FROM (                 SELECT   \'ClickHouse_CustomMetric_FailedMutations\' as name,   toFloat64(count()) as value,   \'The 
2026-08-02 02:39:28	2	3	7614	1	             SELECT                 name,                 toJSONString(labels) as labels_serialized,                 value,                 help,                 type             FROM (                 SELECT   \'ClickHouse_CustomMetric_TotalMemoryUsedByQueries\' AS name,   toFloat64(SUM(peak_memory_u
2026-08-02 02:39:28	3	20	12866	0	             SELECT                 name,                 toJSONString(labels) as labels_serialized,                 value,                 help,                 type             FROM (                 SELECT   \'clickhouse_table_replica_readonly_start_timestamp_seconds\' as name,   toFloat64(toUnixTi
2026-08-02 02:39:31	13	860	12040	1	SELECT avg(ProfileEvent_OSCPUWaitMicroseconds) as cpu_wait FROM  system.metric_log  WHERE event_time > now() - INTERVAL 2 MINUTE AND event_date >= yesterday()
2026-08-02 02:39:31	4	2	10208	2	SELECT count() as count, sum(elapsed) as total_elapsed, \'lh\' as usr FROM system.processes  WHERE user = \'observability-internal\' AND client_hostname LIKE \'loghouse-scraper%\'  UNION ALL SELECT count() as count, sum(elapsed) as total_elapsed, \'other\' as usr FROM system.processes  WHERE user != \'observ
2026-08-02 02:39:31	1	875	366447	1	SELECT value FROM system.asynchronous_metrics WHERE metric = \'OSMemoryAvailable\' ;
2026-08-02 02:39:33	5	143	35505	143	SELECT             name,             value,             help,             JSONExtract(labels_serialized, \'Map(String, String)\') as labels,             type         FROM merge(system, \'^_custom_metrics_dictionary_.*\')         FORMAT Prometheus
2026-08-02 02:39:33	1	0	0	1	             SELECT                 name,                 toJSONString(labels) as labels_serialized,                 value,                 help,                 type             FROM (                 SELECT   \'ClickHouse_CustomMetric_TotalMemoryUsedByAsynchronousInserts\' AS name,   toFloat64(SUM(t
2026-08-02 02:39:33	3	6	213	0	             SELECT                 name,                 toJSONString(labels) as labels_serialized,                 value,                 help,                 type             FROM (                 SELECT   \'ClickHouse_CustomMetric_SharedCatalogRecoveryTime\' as name,   toFloat64(recovery_time) a
2026-08-02 02:39:34	5	143	35505	143	SELECT             name,             value,             help,             JSONExtract(labels_serialized, \'Map(String, String)\') as labels,             type         FROM merge(system, \'^_custom_metrics_dictionary_.*\')         FORMAT Prometheus
2026-08-02 02:39:34	3	1	5438	1	SELECT count() FROM system.processes WHERE (initial_user NOT IN _CAST([\'backups-internal\', \'management-internal\', \'monitoring-internal\', \'observability-internal\', \'operator-internal\', \'prometheus-exporter\', \'prometheus-internal\', \'operator-cert-internal\', \'availability-monitoring-internal\', \'\'], \'Ar
2026-08-02 02:39:34	3	441	5871	1	SELECT countIf(database = \'system\') as systemParts, countIf(database != \'system\') as nonSystemParts FROM system.parts where active
2026-08-02 02:39:34	2	0	0	1	SELECT countIf(database = \'system\') as systemMerges, countIf(database != \'system\') as nonSystemMerges FROM system.merges
2026-08-02 02:39:38	18	19789	4827447	5411	SELECT now64(6) as scrape_time_microseconds, \'j62zx3k\' AS pod_ident, \'boneaws-al-46\' AS spoken_name, \'cell-1\' AS cell, \'ap-south-1\' AS region, \'aws\' AS cloud_provider, \'26.2.1.525\' AS clickhouse_version, \'0fc3eaab-fbcb-4533-8825-9be9faaea781\' AS control_plane_id, \'aarch64\' AS system_processor, * FRO
2026-08-02 02:39:38	2	13	6340	1	             SELECT                 name,                 toJSONString(labels) as labels_serialized,                 value,                 help,                 type             FROM (                 SELECT   \'ClickHouse_CustomMetric_TotalMemoryUsedByDictionaries\' AS name,   toFloat64(SUM(bytes_al
2026-08-02 02:39:39	18	17118	4510774	11640	SELECT now64(6) as scrape_time_microseconds, \'j62zx3k\' AS pod_ident, \'boneaws-al-46\' AS spoken_name, \'cell-1\' AS cell, \'ap-south-1\' AS region, \'aws\' AS cloud_provider, \'26.2.1.525\' AS clickhouse_version, \'0fc3eaab-fbcb-4533-8825-9be9faaea781\' AS control_plane_id, \'aarch64\' AS system_processor, * FRO
2026-08-02 02:39:40	31	4730	10025272	356	SELECT now64(6) as scrape_time_microseconds, \'j62zx3k\' AS pod_ident, \'boneaws-al-46\' AS spoken_name, \'cell-1\' AS cell, \'ap-south-1\' AS region, \'aws\' AS cloud_provider, \'26.2.1.525\' AS clickhouse_version, \'0fc3eaab-fbcb-4533-8825-9be9faaea781\' AS control_plane_id, \'aarch64\' AS system_processor, * FRO
2026-08-02 02:39:41	170	803	2258452	120	SELECT now64(6) as scrape_time_microseconds, \'j62zx3k\' AS pod_ident, \'boneaws-al-46\' AS spoken_name, \'cell-1\' AS cell, \'ap-south-1\' AS region, \'aws\' AS cloud_provider, \'26.2.1.525\' AS clickhouse_version, \'0fc3eaab-fbcb-4533-8825-9be9faaea781\' AS control_plane_id, \'aarch64\' AS system_processor, * FRO
2026-08-02 02:39:44	5	0	0	0	WITH source AS (SELECT [\'matview_execution_total\', if(exception_code != 0, \'matview_execution_fail\', \'\')] AS metrics, event_time AS ts FROM system.query_views_log WHERE (status != \'QueryStart\') AND (event_date >= toDate(_CAST(\'1785638229.333\', \'DateTime64\'))) AND (event_time >= toDateTime(_CAST(\'178
2026-08-02 02:39:44	4	378	114440	5	WITH metrics AS (SELECT name AS metric, toFloat64(value) AS val, now() AS ts FROM system.server_settings WHERE multiMatchAny(name, _CAST([\'^max_database_num_to_throw$\', \'^max_database_num_to_warn$\', \'^max_table_num_to_throw$\', \'^max_table_num_to_warn$\', \'^max_concurrent_queries$\'], \'Array(String)\'))
2026-08-02 02:39:44	9	65680	1097756	1560	SELECT CAST(\'0fc3eaab-fbcb-4533-8825-9be9faaea781\', \'UUID\') AS control_plane_id, CAST(\'c-boneaws-al-46-server-j62zx3k-0\', \'LowCardinality(String)\') AS pod_id, CAST(now64(), \'DateTime64(6)\') AS scrape_ts_microseconds, CAST(event_date, \'Date\') AS event_date, CAST(event_time, \'DateTime\') AS event_time,
2026-08-02 02:39:44	3	8	40257	1	SELECT count() FROM system.processes WHERE (initial_user NOT IN _CAST([\'backups-internal\', \'management-internal\', \'monitoring-internal\', \'observability-internal\', \'operator-internal\', \'prometheus-exporter\', \'prometheus-internal\', \'operator-cert-internal\', \'availability-monitoring-internal\', \'\'], \'Ar
2026-08-02 02:39:44	11	6788	101806	19	WITH metrics AS (SELECT multiIf((event_type = \'MergeParts\') AND (error = 0), \'merges_finished\', (event_type = \'MergeParts\') AND (error != 0), \'merges_failed\', (event_type = \'MutatePart\') AND (error = 0), \'mutate_part_finished\', (event_type = \'MutatePart\') AND (error != 0), \'mutate_part_failed\', NULL
2026-08-02 02:39:44	9	0	0	1	WITH failed_mutations AS (SELECT toDateTime(create_time) AS ts, count() AS val FROM system.mutations WHERE (ts > toDateTime(_CAST(\'1785638229.333\', \'DateTime64\'))) AND (ts <= toDateTime(_CAST(\'1785638349.333\', \'DateTime64\'))) AND (latest_failed_part != \'\') AND (is_done = 0) GROUP BY ts), failed_muta
2026-08-02 02:39:44	2	438	5826	1	SELECT countIf(database = \'system\') as systemParts, countIf(database != \'system\') as nonSystemParts FROM system.parts where active
2026-08-02 02:39:44	24	3182	597061	129	SELECT CAST(\'0fc3eaab-fbcb-4533-8825-9be9faaea781\', \'UUID\') AS instance_id, CAST(\'c-boneaws-al-46-server-j62zx3k-0\', \'LowCardinality(String)\') AS node_id, CAST(name, \'LowCardinality(String)\') AS metric, CAST(mapFilter((k, v) -> has(_CAST([\'remote\'], \'Array(String)\'), k), labels), \'Map(LowCardinality
2026-08-02 02:39:44	1	0	0	1	SELECT countIf(database = \'system\') as systemMerges, countIf(database != \'system\') as nonSystemMerges FROM system.merges
2026-08-02 02:39:44	53	860	280098	121	SELECT CAST(\'0fc3eaab-fbcb-4533-8825-9be9faaea781\', \'UUID\') AS control_plane_id, CAST(\'c-boneaws-al-46-server-j62zx3k-0\', \'LowCardinality(String)\') AS pod_id, CAST(now64(), \'DateTime64(6)\') AS scrape_ts_microseconds, CAST(event_date, \'Date\') AS event_date, CAST(event_time, \'DateTime\') AS event_time,
2026-08-02 02:39:44	155	1172	247449	24	WITH parts_agg AS (SELECT database AS agg_database, `table` AS agg_table, SUM(primary_key_size) AS primary_index_size, SUM(secondary_indices_compressed_bytes) AS secondary_index_size FROM system.parts WHERE active AND (database != \'system\') GROUP BY database, `table`), proj_agg AS (SELECT database A
2026-08-02 02:39:45	187	2777685	44516970	106388	SELECT now64(6) as scrape_time_microseconds, \'j62zx3k\' AS pod_ident, \'boneaws-al-46\' AS spoken_name, \'cell-1\' AS cell, \'ap-south-1\' AS region, \'aws\' AS cloud_provider, \'26.2.1.525\' AS clickhouse_version, \'0fc3eaab-fbcb-4533-8825-9be9faaea781\' AS control_plane_id, \'aarch64\' AS system_processor, * FRO
2026-08-02 02:39:46	29	55865	11582491	40810	SELECT now64(6) as scrape_time_microseconds, \'j62zx3k\' AS pod_ident, \'boneaws-al-46\' AS spoken_name, \'cell-1\' AS cell, \'ap-south-1\' AS region, \'aws\' AS cloud_provider, \'26.2.1.525\' AS clickhouse_version, \'0fc3eaab-fbcb-4533-8825-9be9faaea781\' AS control_plane_id, \'aarch64\' AS system_processor, * FRO
2026-08-02 02:39:48	2	59	9077	59	SELECT  now64(6) as scrape_time_microseconds, \'j62zx3k\' AS pod_ident, \'boneaws-al-46\' AS spoken_name, \'cell-1\' AS cell, \'ap-south-1\' AS region, \'aws\' AS cloud_provider, \'26.2.1.525\' AS clickhouse_version, \'0fc3eaab-fbcb-4533-8825-9be9faaea781\' AS control_plane_id, \'aarch64\' AS system_processor, * FR
2026-08-02 02:39:48	5	148	36706	148	SELECT             name,             value,             help,             JSONExtract(labels_serialized, \'Map(String, String)\') as labels,             type         FROM merge(system, \'^_custom_metrics_dictionary_.*\')         FORMAT Prometheus
2026-08-02 02:39:48	2	59	472	1	             SELECT                 name,                 toJSONString(labels) as labels_serialized,                 value,                 help,                 type             FROM (                 SELECT   \'ClickHouse_CustomMetric_TotalMemoryUsedByDataSkippingIndices\' AS name,   toFloat64(SUM(d
2026-08-02 02:39:52	15	6715	3669287	637	SELECT now64(6) as scrape_time_microseconds, \'j62zx3k\' AS pod_ident, \'boneaws-al-46\' AS spoken_name, \'cell-1\' AS cell, \'ap-south-1\' AS region, \'aws\' AS cloud_provider, \'26.2.1.525\' AS clickhouse_version, \'0fc3eaab-fbcb-4533-8825-9be9faaea781\' AS control_plane_id, \'aarch64\' AS system_processor, * FRO
2026-08-02 02:39:53	1	9	3184	9	             SELECT                 name,                 toJSONString(labels) as labels_serialized,                 value,                 help,                 type             FROM (                 SELECT   concat(\'clickhouse_\', system.dimensional_metrics.metric) AS name,   toFloat64(system.dime
2026-08-02 02:39:54	3	1	5438	1	SELECT count() FROM system.processes WHERE (initial_user NOT IN _CAST([\'backups-internal\', \'management-internal\', \'monitoring-internal\', \'observability-internal\', \'operator-internal\', \'prometheus-exporter\', \'prometheus-internal\', \'operator-cert-internal\', \'availability-monitoring-internal\', \'\'], \'Ar
2026-08-02 02:39:54	2	446	5946	1	SELECT countIf(database = \'system\') as systemParts, countIf(database != \'system\') as nonSystemParts FROM system.parts where active
2026-08-02 02:39:54	2	0	0	1	SELECT countIf(database = \'system\') as systemMerges, countIf(database != \'system\') as nonSystemMerges FROM system.merges
2026-08-02 02:39:58	2	0	0	0	             SELECT                 name,                 toJSONString(labels) as labels_serialized,                 value,                 help,                 type             FROM (                 SELECT   \'ClickHouse_CustomMetric_FailedMutations\' as name,   toFloat64(count()) as value,   \'The 
2026-08-02 02:39:58	3	20	12866	0	             SELECT                 name,                 toJSONString(labels) as labels_serialized,                 value,                 help,                 type             FROM (                 SELECT   \'clickhouse_table_replica_readonly_start_timestamp_seconds\' as name,   toFloat64(toUnixTi
2026-08-02 02:39:58	3	6	213	0	             SELECT                 name,                 toJSONString(labels) as labels_serialized,                 value,                 help,                 type             FROM (                 SELECT   \'ClickHouse_CustomMetric_DatabaseReplicatedRecoveryTime\' as name,   toFloat64(recovery_ti
2026-08-02 02:39:59	10	7261	2150476	485	SELECT now64(6) as scrape_time_microseconds, \'j62zx3k\' AS pod_ident, \'boneaws-al-46\' AS spoken_name, \'cell-1\' AS cell, \'ap-south-1\' AS region, \'aws\' AS cloud_provider, \'26.2.1.525\' AS clickhouse_version, \'0fc3eaab-fbcb-4533-8825-9be9faaea781\' AS control_plane_id, \'aarch64\' AS system_processor, * FRO
2026-08-02 02:40:01	15	890	12460	1	SELECT avg(ProfileEvent_OSCPUWaitMicroseconds) as cpu_wait FROM  system.metric_log  WHERE event_time > now() - INTERVAL 2 MINUTE AND event_date >= yesterday()
2026-08-02 02:40:01	4	2	10208	2	SELECT count() as count, sum(elapsed) as total_elapsed, \'lh\' as usr FROM system.processes  WHERE user = \'observability-internal\' AND client_hostname LIKE \'loghouse-scraper%\'  UNION ALL SELECT count() as count, sum(elapsed) as total_elapsed, \'other\' as usr FROM system.processes  WHERE user != \'observ
2026-08-02 02:40:01	1	876	366590	1	SELECT value FROM system.asynchronous_metrics WHERE metric = \'OSMemoryAvailable\' ;
2026-08-02 02:40:03	6	148	36706	148	SELECT             name,             value,             help,             JSONExtract(labels_serialized, \'Map(String, String)\') as labels,             type         FROM merge(system, \'^_custom_metrics_dictionary_.*\')         FORMAT Prometheus
2026-08-02 02:40:03	2	0	0	1	             SELECT                 name,                 toJSONString(labels) as labels_serialized,                 value,                 help,                 type             FROM (                 SELECT   \'ClickHouse_CustomMetric_TotalMemoryUsedByMerges\' AS name,   toFloat64(SUM(memory_usage))
2026-08-02 02:40:03	2	59	472	1	             SELECT                 name,                 toJSONString(labels) as labels_serialized,                 value,                 help,                 type             FROM (                 SELECT   \'ClickHouse_CustomMetric_TotalMemoryUsedByDataSkippingIndices\' AS name,   toFloat64(SUM(d
2026-08-02 02:40:03	3	20	12866	0	             SELECT                 name,                 toJSONString(labels) as labels_serialized,                 value,                 help,                 type             FROM (                 SELECT   \'clickhouse_table_replica_readonly_start_timestamp_seconds\' as name,   toFloat64(toUnixTi
2026-08-02 02:40:03	1	1	1	1	SELECT version() FORMAT TabSeparated 
2026-08-02 02:40:04	6	148	36706	148	SELECT             name,             value,             help,             JSONExtract(labels_serialized, \'Map(String, String)\') as labels,             type         FROM merge(system, \'^_custom_metrics_dictionary_.*\')         FORMAT Prometheus
2026-08-02 02:40:04	3	2	12834	1	SELECT count() FROM system.processes WHERE (initial_user NOT IN _CAST([\'backups-internal\', \'management-internal\', \'monitoring-internal\', \'observability-internal\', \'operator-internal\', \'prometheus-exporter\', \'prometheus-internal\', \'operator-cert-internal\', \'availability-monitoring-internal\', \'\'], \'Ar
2026-08-02 02:40:04	2	448	5976	1	SELECT countIf(database = \'system\') as systemParts, countIf(database != \'system\') as nonSystemParts FROM system.parts where active
2026-08-02 02:40:04	1	0	0	1	SELECT countIf(database = \'system\') as systemMerges, countIf(database != \'system\') as nonSystemMerges FROM system.merges
2026-08-02 02:40:04	26	3182	597061	129	SELECT CAST(\'0fc3eaab-fbcb-4533-8825-9be9faaea781\', \'UUID\') AS instance_id, CAST(\'c-boneaws-al-46-server-j62zx3k-0\', \'LowCardinality(String)\') AS node_id, CAST(name, \'LowCardinality(String)\') AS metric, CAST(mapFilter((k, v) -> has(_CAST([\'remote\'], \'Array(String)\'), k), labels), \'Map(LowCardinality
2026-08-02 02:40:04	54	6944578	55556632	1	 SELECT count() FROM sony.raw_events WHERE toDateTime(intDiv(event_timestamp_ms,1000),\'UTC\') NOT BETWEEN \'2026-07-27 13:14:00\' AND \'2026-07-31 11:30:00\' FORMAT TabSeparated 
2026-08-02 02:40:05	210	110181	881448	1	SELECT max(m) AS peak, round(avg(m), 1) AS avg_c, count() AS points FROM (SELECT toStartOfHour(minute) AS h, round(avg(c), 1) AS m FROM ( SELECT minute, c FROM (   SELECT minute, sum(d) OVER (ORDER BY minute) AS c FROM (     SELECT minute, sum(delta) AS d     FROM sony.concurrency_minute_delta      
2026-08-02 02:40:06	212	110181	881448	1	SELECT max(m) AS peak, round(avg(m), 1) AS avg_c, count() AS points FROM (SELECT toStartOfDay(minute) AS d2, round(avg(c), 1) AS m FROM ( SELECT minute, c FROM (   SELECT minute, sum(d) OVER (ORDER BY minute) AS c FROM (     SELECT minute, sum(delta) AS d     FROM sony.concurrency_minute_delta      
2026-08-02 02:40:07	211	110181	992343	1	SELECT max(m) AS peak, round(avg(m), 1) AS avg_c, count() AS points FROM (SELECT toStartOfHour(minute) AS h, round(avg(c), 1) AS m FROM ( SELECT minute, c FROM (   SELECT minute, sum(d) OVER (ORDER BY minute) AS c FROM (     SELECT minute, sum(delta) AS d     FROM sony.concurrency_minute_delta     W
2026-08-02 02:40:08	1	0	0	1	SELECT count(*) FROM system.view_refreshes
2026-08-02 02:40:08	2	15	1013	15	             SELECT                 name,                 toJSONString(labels) as labels_serialized,                 value,                 help,                 type             FROM (                 SELECT     \'ClickHouse_MetricsCollection_CustomMetricsSystemTable\' AS name,     toFloat64(1) AS va
2026-08-02 02:40:08	64	69172	621883	1	SELECT max(m) AS peak, round(avg(m), 1) AS avg_c, count() AS points FROM (SELECT toStartOfDay(minute) AS d2, round(avg(c), 1) AS m FROM ( SELECT minute, c FROM (   SELECT minute, sum(d) OVER (ORDER BY minute) AS c FROM (     SELECT minute, sum(delta) AS d     FROM sony.concurrency_minute_delta     W
2026-08-02 02:40:09	1	1	1	1	SELECT displayName(), version(), revision(), timezone()
2026-08-02 02:40:10	1	1	1	1	SELECT 1;
2026-08-02 02:40:10	673	0	0	0	SYSTEM FLUSH LOGS 
2026-08-02 02:40:13	1	9	3184	9	             SELECT                 name,                 toJSONString(labels) as labels_serialized,                 value,                 help,                 type             FROM (                 SELECT   concat(\'clickhouse_\', system.dimensional_metrics.metric) AS name,   toFloat64(system.dime
2026-08-02 02:40:13	3	6	213	0	             SELECT                 name,                 toJSONString(labels) as labels_serialized,                 value,                 help,                 type             FROM (                 SELECT   \'ClickHouse_CustomMetric_SharedCatalogRecoveryTime\' as name,   toFloat64(recovery_time) a
2026-08-02 02:40:14	3	1	5438	1	SELECT count() FROM system.processes WHERE (initial_user NOT IN _CAST([\'backups-internal\', \'management-internal\', \'monitoring-internal\', \'observability-internal\', \'operator-internal\', \'prometheus-exporter\', \'prometheus-internal\', \'operator-cert-internal\', \'availability-monitoring-internal\', \'\'], \'Ar
2026-08-02 02:40:14	3	439	5841	1	SELECT countIf(database = \'system\') as systemParts, countIf(database != \'system\') as nonSystemParts FROM system.parts where active
2026-08-02 02:40:14	2	0	0	1	SELECT countIf(database = \'system\') as systemMerges, countIf(database != \'system\') as nonSystemMerges FROM system.merges
2026-08-02 02:40:17	9	2673	1597982	63	SELECT now64(6) as scrape_time_microseconds, \'j62zx3k\' AS pod_ident, \'boneaws-al-46\' AS spoken_name, \'cell-1\' AS cell, \'ap-south-1\' AS region, \'aws\' AS cloud_provider, \'26.2.1.525\' AS clickhouse_version, \'0fc3eaab-fbcb-4533-8825-9be9faaea781\' AS control_plane_id, \'aarch64\' AS system_processor, * FRO
2026-08-02 02:40:18	6	148	36706	148	SELECT             name,             value,             help,             JSONExtract(labels_serialized, \'Map(String, String)\') as labels,             type         FROM merge(system, \'^_custom_metrics_dictionary_.*\')         FORMAT Prometheus
2026-08-02 02:40:18	1	0	0	1	             SELECT                 name,                 toJSONString(labels) as labels_serialized,                 value,                 help,                 type             FROM (                 SELECT   \'ClickHouse_CustomMetric_TotalMemoryUsedByAsynchronousInserts\' AS name,   toFloat64(SUM(t
2026-08-02 02:40:18	2	2	6279	1	             SELECT                 name,                 toJSONString(labels) as labels_serialized,                 value,                 help,                 type             FROM (                 SELECT   \'ClickHouse_CustomMetric_TotalMemoryUsedByQueries\' AS name,   toFloat64(SUM(peak_memory_u
2026-08-02 02:40:23	2	0	0	1	             SELECT                 name,                 toJSONString(labels) as labels_serialized,                 value,                 help,                 type             FROM (                 SELECT   \'ClickHouse_CustomMetric_TotalMemoryUsedByMerges\' AS name,   toFloat64(SUM(memory_usage))
2026-08-02 02:40:23	2	0	0	1	             SELECT                 name,                 toJSONString(labels) as labels_serialized,                 value,                 help,                 type             FROM (                 SELECT   \'ClickHouse_CustomMetric_TotalMemoryUsedByAsynchronousInserts\' AS name,   toFloat64(SUM(t
2026-08-02 02:40:23	2	13	6340	1	             SELECT                 name,                 toJSONString(labels) as labels_serialized,                 value,                 help,                 type             FROM (                 SELECT   \'ClickHouse_CustomMetric_TotalMemoryUsedByDictionaries\' AS name,   toFloat64(SUM(bytes_al
2026-08-02 02:40:24	3	2	12834	1	SELECT count() FROM system.processes WHERE (initial_user NOT IN _CAST([\'backups-internal\', \'management-internal\', \'monitoring-internal\', \'observability-internal\', \'operator-internal\', \'prometheus-exporter\', \'prometheus-internal\', \'operator-cert-internal\', \'availability-monitoring-internal\', \'\'], \'Ar
2026-08-02 02:40:24	3	435	5781	1	SELECT countIf(database = \'system\') as systemParts, countIf(database != \'system\') as nonSystemParts FROM system.parts where active
2026-08-02 02:40:24	1	0	0	1	SELECT countIf(database = \'system\') as systemMerges, countIf(database != \'system\') as nonSystemMerges FROM system.merges
2026-08-02 02:40:24	25	3182	597061	129	SELECT CAST(\'0fc3eaab-fbcb-4533-8825-9be9faaea781\', \'UUID\') AS instance_id, CAST(\'c-boneaws-al-46-server-j62zx3k-0\', \'LowCardinality(String)\') AS node_id, CAST(name, \'LowCardinality(String)\') AS metric, CAST(mapFilter((k, v) -> has(_CAST([\'remote\'], \'Array(String)\'), k), labels), \'Map(LowCardinality
2026-08-02 02:40:31	21	113	1582	1	SELECT avg(ProfileEvent_OSCPUWaitMicroseconds) as cpu_wait FROM  system.metric_log  WHERE event_time > now() - INTERVAL 2 MINUTE AND event_date >= yesterday()
2026-08-02 02:40:31	6	2	10208	2	SELECT count() as count, sum(elapsed) as total_elapsed, \'lh\' as usr FROM system.processes  WHERE user = \'observability-internal\' AND client_hostname LIKE \'loghouse-scraper%\'  UNION ALL SELECT count() as count, sum(elapsed) as total_elapsed, \'other\' as usr FROM system.processes  WHERE user != \'observ
2026-08-02 02:40:31	2	876	366590	1	SELECT value FROM system.asynchronous_metrics WHERE metric = \'OSMemoryAvailable\' ;
2026-08-02 02:40:33	5	148	36706	148	SELECT             name,             value,             help,             JSONExtract(labels_serialized, \'Map(String, String)\') as labels,             type         FROM merge(system, \'^_custom_metrics_dictionary_.*\')         FORMAT Prometheus
2026-08-02 02:40:33	2	0	0	0	             SELECT                 name,                 toJSONString(labels) as labels_serialized,                 value,                 help,                 type             FROM (                 SELECT   \'ClickHouse_CustomMetric_FailedMutations\' as name,   toFloat64(count()) as value,   \'The 
2026-08-02 02:40:33	2	15	1013	15	             SELECT                 name,                 toJSONString(labels) as labels_serialized,                 value,                 help,                 type             FROM (                 SELECT     \'ClickHouse_MetricsCollection_CustomMetricsSystemTable\' AS name,     toFloat64(1) AS va
2026-08-02 02:40:34	6	148	36706	148	SELECT             name,             value,             help,             JSONExtract(labels_serialized, \'Map(String, String)\') as labels,             type         FROM merge(system, \'^_custom_metrics_dictionary_.*\')         FORMAT Prometheus
2026-08-02 02:40:34	3	1	5438	1	SELECT count() FROM system.processes WHERE (initial_user NOT IN _CAST([\'backups-internal\', \'management-internal\', \'monitoring-internal\', \'observability-internal\', \'operator-internal\', \'prometheus-exporter\', \'prometheus-internal\', \'operator-cert-internal\', \'availability-monitoring-internal\', \'\'], \'Ar
2026-08-02 02:40:34	3	437	5811	1	SELECT countIf(database = \'system\') as systemParts, countIf(database != \'system\') as nonSystemParts FROM system.parts where active
2026-08-02 02:40:34	2	0	0	1	SELECT countIf(database = \'system\') as systemMerges, countIf(database != \'system\') as nonSystemMerges FROM system.merges
2026-08-02 02:40:43	2	0	0	1	             SELECT                 name,                 toJSONString(labels) as labels_serialized,                 value,                 help,                 type             FROM (                 SELECT   \'ClickHouse_CustomMetric_TotalMemoryUsedByMerges\' AS name,   toFloat64(SUM(memory_usage))
2026-08-02 02:40:43	2	0	0	0	             SELECT                 name,                 toJSONString(labels) as labels_serialized,                 value,                 help,                 type             FROM (                 SELECT   \'ClickHouse_CustomMetric_FailedMutations\' as name,   toFloat64(count()) as value,   \'The 
2026-08-02 02:40:43	3	6	213	0	             SELECT                 name,                 toJSONString(labels) as labels_serialized,                 value,                 help,                 type             FROM (                 SELECT   \'ClickHouse_CustomMetric_SharedCatalogRecoveryTime\' as name,   toFloat64(recovery_time) a
2026-08-02 02:40:44	3	2	12834	1	SELECT count() FROM system.processes WHERE (initial_user NOT IN _CAST([\'backups-internal\', \'management-internal\', \'monitoring-internal\', \'observability-internal\', \'operator-internal\', \'prometheus-exporter\', \'prometheus-internal\', \'operator-cert-internal\', \'availability-monitoring-internal\', \'\'], \'Ar
2026-08-02 02:40:44	2	430	5706	1	SELECT countIf(database = \'system\') as systemParts, countIf(database != \'system\') as nonSystemParts FROM system.parts where active
2026-08-02 02:40:44	23	3179	596542	129	SELECT CAST(\'0fc3eaab-fbcb-4533-8825-9be9faaea781\', \'UUID\') AS instance_id, CAST(\'c-boneaws-al-46-server-j62zx3k-0\', \'LowCardinality(String)\') AS node_id, CAST(name, \'LowCardinality(String)\') AS metric, CAST(mapFilter((k, v) -> has(_CAST([\'remote\'], \'Array(String)\'), k), labels), \'Map(LowCardinality
2026-08-02 02:40:44	2	0	0	1	SELECT countIf(database = \'system\') as systemMerges, countIf(database != \'system\') as nonSystemMerges FROM system.merges
2026-08-02 02:40:48	6	146	36231	146	SELECT             name,             value,             help,             JSONExtract(labels_serialized, \'Map(String, String)\') as labels,             type         FROM merge(system, \'^_custom_metrics_dictionary_.*\')         FORMAT Prometheus
2026-08-02 02:40:48	2	13	6340	1	             SELECT                 name,                 toJSONString(labels) as labels_serialized,                 value,                 help,                 type             FROM (                 SELECT   \'ClickHouse_CustomMetric_TotalMemoryUsedByDictionaries\' AS name,   toFloat64(SUM(bytes_al
2026-08-02 02:40:48	3	6	213	0	             SELECT                 name,                 toJSONString(labels) as labels_serialized,                 value,                 help,                 type             FROM (                 SELECT   \'ClickHouse_CustomMetric_DatabaseReplicatedRecoveryTime\' as name,   toFloat64(recovery_ti
2026-08-02 02:40:53	2	9	3184	9	             SELECT                 name,                 toJSONString(labels) as labels_serialized,                 value,                 help,                 type             FROM (                 SELECT   concat(\'clickhouse_\', system.dimensional_metrics.metric) AS name,   toFloat64(system.dime
2026-08-02 02:40:54	3	1	5438	1	SELECT count() FROM system.processes WHERE (initial_user NOT IN _CAST([\'backups-internal\', \'management-internal\', \'monitoring-internal\', \'observability-internal\', \'operator-internal\', \'prometheus-exporter\', \'prometheus-internal\', \'operator-cert-internal\', \'availability-monitoring-internal\', \'\'], \'Ar
2026-08-02 02:40:54	3	431	5721	1	SELECT countIf(database = \'system\') as systemParts, countIf(database != \'system\') as nonSystemParts FROM system.parts where active
2026-08-02 02:40:54	2	0	0	1	SELECT countIf(database = \'system\') as systemMerges, countIf(database != \'system\') as nonSystemMerges FROM system.merges
2026-08-02 02:40:56	3	0	0	0	SELECT now64(6) as scrape_time_microseconds, \'j62zx3k\' AS pod_ident, \'boneaws-al-46\' AS spoken_name, \'cell-1\' AS cell, \'ap-south-1\' AS region, \'aws\' AS cloud_provider, \'26.2.1.525\' AS clickhouse_version, \'0fc3eaab-fbcb-4533-8825-9be9faaea781\' AS control_plane_id, \'aarch64\' AS system_processor, * FRO
2026-08-02 02:40:56	4	0	0	0	SELECT now64(6) as scrape_time_microseconds, \'j62zx3k\' AS pod_ident, \'boneaws-al-46\' AS spoken_name, \'cell-1\' AS cell, \'ap-south-1\' AS region, \'aws\' AS cloud_provider, \'26.2.1.525\' AS clickhouse_version, \'0fc3eaab-fbcb-4533-8825-9be9faaea781\' AS control_plane_id, \'aarch64\' AS system_processor, * FRO
2026-08-02 02:40:57	6	0	0	0	SELECT now64(6) as scrape_time_microseconds, \'j62zx3k\' AS pod_ident, \'boneaws-al-46\' AS spoken_name, \'cell-1\' AS cell, \'ap-south-1\' AS region, \'aws\' AS cloud_provider, \'26.2.1.525\' AS clickhouse_version, \'0fc3eaab-fbcb-4533-8825-9be9faaea781\' AS control_plane_id, \'aarch64\' AS system_processor, * FRO
2026-08-02 02:40:58	3	0	0	0	SELECT now64(6) as scrape_time_microseconds, \'j62zx3k\' AS pod_ident, \'boneaws-al-46\' AS spoken_name, \'cell-1\' AS cell, \'ap-south-1\' AS region, \'aws\' AS cloud_provider, \'26.2.1.525\' AS clickhouse_version, \'0fc3eaab-fbcb-4533-8825-9be9faaea781\' AS control_plane_id, \'aarch64\' AS system_processor, * FRO
2026-08-02 02:40:58	2	0	0	0	             SELECT                 name,                 toJSONString(labels) as labels_serialized,                 value,                 help,                 type             FROM (                 SELECT   \'ClickHouse_CustomMetric_FailedMutations\' as name,   toFloat64(count()) as value,   \'The 
2026-08-02 02:40:58	2	59	472	1	             SELECT                 name,                 toJSONString(labels) as labels_serialized,                 value,                 help,                 type             FROM (                 SELECT   \'ClickHouse_CustomMetric_TotalMemoryUsedByDataSkippingIndices\' AS name,   toFloat64(SUM(d
2026-08-02 02:40:58	3	20	12866	0	             SELECT                 name,                 toJSONString(labels) as labels_serialized,                 value,                 help,                 type             FROM (                 SELECT   \'clickhouse_table_replica_readonly_start_timestamp_seconds\' as name,   toFloat64(toUnixTi
2026-08-02 02:40:59	4	0	0	0	SELECT now64(6) as scrape_time_microseconds, \'j62zx3k\' AS pod_ident, \'boneaws-al-46\' AS spoken_name, \'cell-1\' AS cell, \'ap-south-1\' AS region, \'aws\' AS cloud_provider, \'26.2.1.525\' AS clickhouse_version, \'0fc3eaab-fbcb-4533-8825-9be9faaea781\' AS control_plane_id, \'aarch64\' AS system_processor, * FRO
2026-08-02 02:40:59	2	0	8	1	SELECT count() FROM system.backups where status IN (0,3)
2026-08-02 02:40:59	3	1	5472	1	SELECT count() FROM system.processes WHERE (elapsed > _CAST(0, \'Int64\')) AND (initial_user NOT IN _CAST([\'backups-internal\', \'management-internal\', \'monitoring-internal\', \'observability-internal\', \'operator-internal\', \'prometheus-exporter\', \'prometheus-internal\', \'operator-cert-internal\', \'availabil
2026-08-02 02:41:00	5	0	0	0	SELECT now64(6) as scrape_time_microseconds, \'j62zx3k\' AS pod_ident, \'boneaws-al-46\' AS spoken_name, \'cell-1\' AS cell, \'ap-south-1\' AS region, \'aws\' AS cloud_provider, \'26.2.1.525\' AS clickhouse_version, \'0fc3eaab-fbcb-4533-8825-9be9faaea781\' AS control_plane_id, \'aarch64\' AS system_processor, * FRO
2026-08-02 02:41:01	14	144	2016	1	SELECT avg(ProfileEvent_OSCPUWaitMicroseconds) as cpu_wait FROM  system.metric_log  WHERE event_time > now() - INTERVAL 2 MINUTE AND event_date >= yesterday()
2026-08-02 02:41:01	4	2	10208	2	SELECT count() as count, sum(elapsed) as total_elapsed, \'lh\' as usr FROM system.processes  WHERE user = \'observability-internal\' AND client_hostname LIKE \'loghouse-scraper%\'  UNION ALL SELECT count() as count, sum(elapsed) as total_elapsed, \'other\' as usr FROM system.processes  WHERE user != \'observ
2026-08-02 02:41:01	1	875	366447	1	SELECT value FROM system.asynchronous_metrics WHERE metric = \'OSMemoryAvailable\' ;
2026-08-02 02:41:02	3	0	0	0	SELECT now64(6) as scrape_time_microseconds, \'j62zx3k\' AS pod_ident, \'boneaws-al-46\' AS spoken_name, \'cell-1\' AS cell, \'ap-south-1\' AS region, \'aws\' AS cloud_provider, \'26.2.1.525\' AS clickhouse_version, \'0fc3eaab-fbcb-4533-8825-9be9faaea781\' AS control_plane_id, \'aarch64\' AS system_processor, * FRO
2026-08-02 02:41:03	3	0	0	0	SELECT now64(6) as scrape_time_microseconds, \'j62zx3k\' AS pod_ident, \'boneaws-al-46\' AS spoken_name, \'cell-1\' AS cell, \'ap-south-1\' AS region, \'aws\' AS cloud_provider, \'26.2.1.525\' AS clickhouse_version, \'0fc3eaab-fbcb-4533-8825-9be9faaea781\' AS control_plane_id, \'aarch64\' AS system_processor, * FRO
2026-08-02 02:41:03	5	146	36231	146	SELECT             name,             value,             help,             JSONExtract(labels_serialized, \'Map(String, String)\') as labels,             type         FROM merge(system, \'^_custom_metrics_dictionary_.*\')         FORMAT Prometheus
2026-08-02 02:41:04	5	131	47320	6	SELECT now64(6) as scrape_time_microseconds, \'j62zx3k\' AS pod_ident, \'boneaws-al-46\' AS spoken_name, \'cell-1\' AS cell, \'ap-south-1\' AS region, \'aws\' AS cloud_provider, \'26.2.1.525\' AS clickhouse_version, \'0fc3eaab-fbcb-4533-8825-9be9faaea781\' AS control_plane_id, \'aarch64\' AS system_processor, * FRO
2026-08-02 02:41:04	5	146	36231	146	SELECT             name,             value,             help,             JSONExtract(labels_serialized, \'Map(String, String)\') as labels,             type         FROM merge(system, \'^_custom_metrics_dictionary_.*\')         FORMAT Prometheus
2026-08-02 02:41:04	3	2	12834	1	SELECT count() FROM system.processes WHERE (initial_user NOT IN _CAST([\'backups-internal\', \'management-internal\', \'monitoring-internal\', \'observability-internal\', \'operator-internal\', \'prometheus-exporter\', \'prometheus-internal\', \'operator-cert-internal\', \'availability-monitoring-internal\', \'\'], \'Ar
2026-08-02 02:41:04	2	428	5676	1	SELECT countIf(database = \'system\') as systemParts, countIf(database != \'system\') as nonSystemParts FROM system.parts where active
2026-08-02 02:41:04	1	0	0	1	SELECT countIf(database = \'system\') as systemMerges, countIf(database != \'system\') as nonSystemMerges FROM system.merges
2026-08-02 02:41:04	24	3179	596542	129	SELECT CAST(\'0fc3eaab-fbcb-4533-8825-9be9faaea781\', \'UUID\') AS instance_id, CAST(\'c-boneaws-al-46-server-j62zx3k-0\', \'LowCardinality(String)\') AS node_id, CAST(name, \'LowCardinality(String)\') AS metric, CAST(mapFilter((k, v) -> has(_CAST([\'remote\'], \'Array(String)\'), k), labels), \'Map(LowCardinality
2026-08-02 02:41:05	11	16422	1927658	5776	SELECT now64(6) as scrape_time_microseconds, \'j62zx3k\' AS pod_ident, \'boneaws-al-46\' AS spoken_name, \'cell-1\' AS cell, \'ap-south-1\' AS region, \'aws\' AS cloud_provider, \'26.2.1.525\' AS clickhouse_version, \'0fc3eaab-fbcb-4533-8825-9be9faaea781\' AS control_plane_id, \'aarch64\' AS system_processor, * FRO
2026-08-02 02:41:07	5	0	0	0	SELECT now64(6) as scrape_time_microseconds, \'j62zx3k\' AS pod_ident, \'boneaws-al-46\' AS spoken_name, \'cell-1\' AS cell, \'ap-south-1\' AS region, \'aws\' AS cloud_provider, \'26.2.1.525\' AS clickhouse_version, \'0fc3eaab-fbcb-4533-8825-9be9faaea781\' AS control_plane_id, \'aarch64\' AS system_processor, * FRO
2026-08-02 02:41:08	4	0	0	0	SELECT now64(6) as scrape_time_microseconds, \'j62zx3k\' AS pod_ident, \'boneaws-al-46\' AS spoken_name, \'cell-1\' AS cell, \'ap-south-1\' AS region, \'aws\' AS cloud_provider, \'26.2.1.525\' AS clickhouse_version, \'0fc3eaab-fbcb-4533-8825-9be9faaea781\' AS control_plane_id, \'aarch64\' AS system_processor, * FRO
2026-08-02 02:41:08	3	6	213	0	             SELECT                 name,                 toJSONString(labels) as labels_serialized,                 value,                 help,                 type             FROM (                 SELECT   \'ClickHouse_CustomMetric_SharedCatalogRecoveryTime\' as name,   toFloat64(recovery_time) a
2026-08-02 02:41:12	137	32	53914	7	SELECT now64(6) as scrape_time_microseconds, \'j62zx3k\' AS pod_ident, \'boneaws-al-46\' AS spoken_name, \'cell-1\' AS cell, \'ap-south-1\' AS region, \'aws\' AS cloud_provider, \'26.2.1.525\' AS clickhouse_version, \'0fc3eaab-fbcb-4533-8825-9be9faaea781\' AS control_plane_id, \'aarch64\' AS system_processor, * FRO
2026-08-02 02:41:13	2	2	6282	1	             SELECT                 name,                 toJSONString(labels) as labels_serialized,                 value,                 help,                 type             FROM (                 SELECT   \'ClickHouse_CustomMetric_TotalMemoryUsedByQueries\' AS name,   toFloat64(SUM(peak_memory_u
2026-08-02 02:41:13	2	15	1013	15	             SELECT                 name,                 toJSONString(labels) as labels_serialized,                 value,                 help,                 type             FROM (                 SELECT     \'ClickHouse_MetricsCollection_CustomMetricsSystemTable\' AS name,     toFloat64(1) AS va
2026-08-02 02:41:14	3	1	5438	1	SELECT count() FROM system.processes WHERE (initial_user NOT IN _CAST([\'backups-internal\', \'management-internal\', \'monitoring-internal\', \'observability-internal\', \'operator-internal\', \'prometheus-exporter\', \'prometheus-internal\', \'operator-cert-internal\', \'availability-monitoring-internal\', \'\'], \'Ar
2026-08-02 02:41:14	3	435	5781	1	SELECT countIf(database = \'system\') as systemParts, countIf(database != \'system\') as nonSystemParts FROM system.parts where active
2026-08-02 02:41:14	2	0	0	1	SELECT countIf(database = \'system\') as systemMerges, countIf(database != \'system\') as nonSystemMerges FROM system.merges
2026-08-02 02:41:18	5	146	36231	146	SELECT             name,             value,             help,             JSONExtract(labels_serialized, \'Map(String, String)\') as labels,             type         FROM merge(system, \'^_custom_metrics_dictionary_.*\')         FORMAT Prometheus
2026-08-02 02:41:18	1	0	0	1	             SELECT                 name,                 toJSONString(labels) as labels_serialized,                 value,                 help,                 type             FROM (                 SELECT   \'ClickHouse_CustomMetric_TotalMemoryUsedByAsynchronousInserts\' AS name,   toFloat64(SUM(t
2026-08-02 02:41:18	2	15	1013	15	             SELECT                 name,                 toJSONString(labels) as labels_serialized,                 value,                 help,                 type             FROM (                 SELECT     \'ClickHouse_MetricsCollection_CustomMetricsSystemTable\' AS name,     toFloat64(1) AS va
2026-08-02 02:41:18	3	6	213	0	             SELECT                 name,                 toJSONString(labels) as labels_serialized,                 value,                 help,                 type             FROM (                 SELECT   \'ClickHouse_CustomMetric_DatabaseReplicatedRecoveryTime\' as name,   toFloat64(recovery_ti
2026-08-02 02:41:24	2	2	12834	1	SELECT count() FROM system.processes WHERE (initial_user NOT IN _CAST([\'backups-internal\', \'management-internal\', \'monitoring-internal\', \'observability-internal\', \'operator-internal\', \'prometheus-exporter\', \'prometheus-internal\', \'operator-cert-internal\', \'availability-monitoring-internal\', \'\'], \'Ar
2026-08-02 02:41:24	2	436	5796	1	SELECT countIf(database = \'system\') as systemParts, countIf(database != \'system\') as nonSystemParts FROM system.parts where active
2026-08-02 02:41:24	23	3182	597056	129	SELECT CAST(\'0fc3eaab-fbcb-4533-8825-9be9faaea781\', \'UUID\') AS instance_id, CAST(\'c-boneaws-al-46-server-j62zx3k-0\', \'LowCardinality(String)\') AS node_id, CAST(name, \'LowCardinality(String)\') AS metric, CAST(mapFilter((k, v) -> has(_CAST([\'remote\'], \'Array(String)\'), k), labels), \'Map(LowCardinality
2026-08-02 02:41:24	1	0	0	1	SELECT countIf(database = \'system\') as systemMerges, countIf(database != \'system\') as nonSystemMerges FROM system.merges
2026-08-02 02:41:27	3	1	292	1	SELECT  now64(6) as scrape_time_microseconds, \'j62zx3k\' AS pod_ident, \'boneaws-al-46\' AS spoken_name, \'cell-1\' AS cell, \'ap-south-1\' AS region, \'aws\' AS cloud_provider, \'26.2.1.525\' AS clickhouse_version, \'0fc3eaab-fbcb-4533-8825-9be9faaea781\' AS control_plane_id, \'aarch64\' AS system_processor, * FR
2026-08-02 02:41:28	1	9	3184	9	             SELECT                 name,                 toJSONString(labels) as labels_serialized,                 value,                 help,                 type             FROM (                 SELECT   concat(\'clickhouse_\', system.dimensional_metrics.metric) AS name,   toFloat64(system.dime
2026-08-02 02:41:28	1	0	0	1	             SELECT                 name,                 toJSONString(labels) as labels_serialized,                 value,                 help,                 type             FROM (                 SELECT   \'ClickHouse_CustomMetric_TotalMemoryUsedByMerges\' AS name,   toFloat64(SUM(memory_usage))
2026-08-02 02:41:28	2	13	6340	1	             SELECT                 name,                 toJSONString(labels) as labels_serialized,                 value,                 help,                 type             FROM (                 SELECT   \'ClickHouse_CustomMetric_TotalMemoryUsedByDictionaries\' AS name,   toFloat64(SUM(bytes_al
2026-08-02 02:41:31	15	117	1638	1	SELECT avg(ProfileEvent_OSCPUWaitMicroseconds) as cpu_wait FROM  system.metric_log  WHERE event_time > now() - INTERVAL 2 MINUTE AND event_date >= yesterday()
2026-08-02 02:41:31	4	2	10208	2	SELECT count() as count, sum(elapsed) as total_elapsed, \'lh\' as usr FROM system.processes  WHERE user = \'observability-internal\' AND client_hostname LIKE \'loghouse-scraper%\'  UNION ALL SELECT count() as count, sum(elapsed) as total_elapsed, \'other\' as usr FROM system.processes  WHERE user != \'observ
2026-08-02 02:41:31	1	875	366447	1	SELECT value FROM system.asynchronous_metrics WHERE metric = \'OSMemoryAvailable\' ;
2026-08-02 02:41:33	5	149	36982	149	SELECT             name,             value,             help,             JSONExtract(labels_serialized, \'Map(String, String)\') as labels,             type         FROM merge(system, \'^_custom_metrics_dictionary_.*\')         FORMAT Prometheus
2026-08-02 02:41:33	2	15	1013	15	             SELECT                 name,                 toJSONString(labels) as labels_serialized,                 value,                 help,                 type             FROM (                 SELECT     \'ClickHouse_MetricsCollection_CustomMetricsSystemTable\' AS name,     toFloat64(1) AS va
2026-08-02 02:41:33	2	59	472	1	             SELECT                 name,                 toJSONString(labels) as labels_serialized,                 value,                 help,                 type             FROM (                 SELECT   \'ClickHouse_CustomMetric_TotalMemoryUsedByDataSkippingIndices\' AS name,   toFloat64(SUM(d
2026-08-02 02:41:33	3	20	12866	0	             SELECT                 name,                 toJSONString(labels) as labels_serialized,                 value,                 help,                 type             FROM (                 SELECT   \'clickhouse_table_replica_readonly_start_timestamp_seconds\' as name,   toFloat64(toUnixTi
2026-08-02 02:41:33	4	6	213	0	             SELECT                 name,                 toJSONString(labels) as labels_serialized,                 value,                 help,                 type             FROM (                 SELECT   \'ClickHouse_CustomMetric_SharedCatalogRecoveryTime\' as name,   toFloat64(recovery_time) a
2026-08-02 02:41:34	5	149	36982	149	SELECT             name,             value,             help,             JSONExtract(labels_serialized, \'Map(String, String)\') as labels,             type         FROM merge(system, \'^_custom_metrics_dictionary_.*\')         FORMAT Prometheus
2026-08-02 02:41:34	3	1	5438	1	SELECT count() FROM system.processes WHERE (initial_user NOT IN _CAST([\'backups-internal\', \'management-internal\', \'monitoring-internal\', \'observability-internal\', \'operator-internal\', \'prometheus-exporter\', \'prometheus-internal\', \'operator-cert-internal\', \'availability-monitoring-internal\', \'\'], \'Ar
2026-08-02 02:41:34	2	433	5751	1	SELECT countIf(database = \'system\') as systemParts, countIf(database != \'system\') as nonSystemParts FROM system.parts where active
2026-08-02 02:41:34	2	0	0	1	SELECT countIf(database = \'system\') as systemMerges, countIf(database != \'system\') as nonSystemMerges FROM system.merges
2026-08-02 02:41:38	20	27770	7350430	14658	SELECT now64(6) as scrape_time_microseconds, \'j62zx3k\' AS pod_ident, \'boneaws-al-46\' AS spoken_name, \'cell-1\' AS cell, \'ap-south-1\' AS region, \'aws\' AS cloud_provider, \'26.2.1.525\' AS clickhouse_version, \'0fc3eaab-fbcb-4533-8825-9be9faaea781\' AS control_plane_id, \'aarch64\' AS system_processor, * FRO
2026-08-02 02:41:38	2	9	3184	9	             SELECT                 name,                 toJSONString(labels) as labels_serialized,                 value,                 help,                 type             FROM (                 SELECT   concat(\'clickhouse_\', system.dimensional_metrics.metric) AS name,   toFloat64(system.dime
2026-08-02 02:41:38	2	15	1013	15	             SELECT                 name,                 toJSONString(labels) as labels_serialized,                 value,                 help,                 type             FROM (                 SELECT     \'ClickHouse_MetricsCollection_CustomMetricsSystemTable\' AS name,     toFloat64(1) AS va
2026-08-02 02:41:39	21	19021	5109026	12459	SELECT now64(6) as scrape_time_microseconds, \'j62zx3k\' AS pod_ident, \'boneaws-al-46\' AS spoken_name, \'cell-1\' AS cell, \'ap-south-1\' AS region, \'aws\' AS cloud_provider, \'26.2.1.525\' AS clickhouse_version, \'0fc3eaab-fbcb-4533-8825-9be9faaea781\' AS control_plane_id, \'aarch64\' AS system_processor, * FRO
2026-08-02 02:41:39	3	316	114923	316	SELECT  now64(6) as scrape_time_microseconds, \'j62zx3k\' AS pod_ident, \'boneaws-al-46\' AS spoken_name, \'cell-1\' AS cell, \'ap-south-1\' AS region, \'aws\' AS cloud_provider, \'26.2.1.525\' AS clickhouse_version, \'0fc3eaab-fbcb-4533-8825-9be9faaea781\' AS control_plane_id, \'aarch64\' AS system_processor, * FR
2026-08-02 02:41:40	37	6004	13121869	386	SELECT now64(6) as scrape_time_microseconds, \'j62zx3k\' AS pod_ident, \'boneaws-al-46\' AS spoken_name, \'cell-1\' AS cell, \'ap-south-1\' AS region, \'aws\' AS cloud_provider, \'26.2.1.525\' AS clickhouse_version, \'0fc3eaab-fbcb-4533-8825-9be9faaea781\' AS control_plane_id, \'aarch64\' AS system_processor, * FRO
2026-08-02 02:41:41	180	803	2258452	120	SELECT now64(6) as scrape_time_microseconds, \'j62zx3k\' AS pod_ident, \'boneaws-al-46\' AS spoken_name, \'cell-1\' AS cell, \'ap-south-1\' AS region, \'aws\' AS cloud_provider, \'26.2.1.525\' AS clickhouse_version, \'0fc3eaab-fbcb-4533-8825-9be9faaea781\' AS control_plane_id, \'aarch64\' AS system_processor, * FRO
2026-08-02 02:41:44	5	378	114440	5	WITH metrics AS (SELECT name AS metric, toFloat64(value) AS val, now() AS ts FROM system.server_settings WHERE multiMatchAny(name, _CAST([\'^max_database_num_to_throw$\', \'^max_database_num_to_warn$\', \'^max_table_num_to_throw$\', \'^max_table_num_to_warn$\', \'^max_concurrent_queries$\'], \'Array(String)\'))
2026-08-02 02:41:44	5	0	0	0	WITH source AS (SELECT [\'matview_execution_total\', if(exception_code != 0, \'matview_execution_fail\', \'\')] AS metrics, event_time AS ts FROM system.query_views_log WHERE (status != \'QueryStart\') AND (event_date >= toDate(_CAST(\'1785638349.333\', \'DateTime64\'))) AND (event_time >= toDateTime(_CAST(\'178
2026-08-02 02:41:44	10	0	0	1	WITH failed_mutations AS (SELECT toDateTime(create_time) AS ts, count() AS val FROM system.mutations WHERE (ts > toDateTime(_CAST(\'1785638349.333\', \'DateTime64\'))) AND (ts <= toDateTime(_CAST(\'1785638469.333\', \'DateTime64\'))) AND (latest_failed_part != \'\') AND (is_done = 0) GROUP BY ts), failed_muta
2026-08-02 02:41:44	10	125431	1918122	1560	SELECT CAST(\'0fc3eaab-fbcb-4533-8825-9be9faaea781\', \'UUID\') AS control_plane_id, CAST(\'c-boneaws-al-46-server-j62zx3k-0\', \'LowCardinality(String)\') AS pod_id, CAST(now64(), \'DateTime64(6)\') AS scrape_ts_microseconds, CAST(event_date, \'Date\') AS event_date, CAST(event_time, \'DateTime\') AS event_time,
2026-08-02 02:41:44	3	8	39422	1	SELECT count() FROM system.processes WHERE (initial_user NOT IN _CAST([\'backups-internal\', \'management-internal\', \'monitoring-internal\', \'observability-internal\', \'operator-internal\', \'prometheus-exporter\', \'prometheus-internal\', \'operator-cert-internal\', \'availability-monitoring-internal\', \'\'], \'Ar
2026-08-02 02:41:44	11	6954	104296	17	WITH metrics AS (SELECT multiIf((event_type = \'MergeParts\') AND (error = 0), \'merges_finished\', (event_type = \'MergeParts\') AND (error != 0), \'merges_failed\', (event_type = \'MutatePart\') AND (error = 0), \'mutate_part_finished\', (event_type = \'MutatePart\') AND (error != 0), \'mutate_part_failed\', NULL
2026-08-02 02:41:44	2	432	5736	1	SELECT countIf(database = \'system\') as systemParts, countIf(database != \'system\') as nonSystemParts FROM system.parts where active
2026-08-02 02:41:44	1	0	0	1	SELECT countIf(database = \'system\') as systemMerges, countIf(database != \'system\') as nonSystemMerges FROM system.merges
2026-08-02 02:41:44	24	3182	597056	129	SELECT CAST(\'0fc3eaab-fbcb-4533-8825-9be9faaea781\', \'UUID\') AS instance_id, CAST(\'c-boneaws-al-46-server-j62zx3k-0\', \'LowCardinality(String)\') AS node_id, CAST(name, \'LowCardinality(String)\') AS metric, CAST(mapFilter((k, v) -> has(_CAST([\'remote\'], \'Array(String)\'), k), labels), \'Map(LowCardinality
2026-08-02 02:41:44	50	205	65396	122	SELECT CAST(\'0fc3eaab-fbcb-4533-8825-9be9faaea781\', \'UUID\') AS control_plane_id, CAST(\'c-boneaws-al-46-server-j62zx3k-0\', \'LowCardinality(String)\') AS pod_id, CAST(now64(), \'DateTime64(6)\') AS scrape_ts_microseconds, CAST(event_date, \'Date\') AS event_date, CAST(event_time, \'DateTime\') AS event_time,
2026-08-02 02:41:44	158	1172	247449	24	WITH parts_agg AS (SELECT database AS agg_database, `table` AS agg_table, SUM(primary_key_size) AS primary_index_size, SUM(secondary_indices_compressed_bytes) AS secondary_index_size FROM system.parts WHERE active AND (database != \'system\') GROUP BY database, `table`), proj_agg AS (SELECT database A
2026-08-02 02:41:45	175	3008808	48219127	106446	SELECT now64(6) as scrape_time_microseconds, \'j62zx3k\' AS pod_ident, \'boneaws-al-46\' AS spoken_name, \'cell-1\' AS cell, \'ap-south-1\' AS region, \'aws\' AS cloud_provider, \'26.2.1.525\' AS clickhouse_version, \'0fc3eaab-fbcb-4533-8825-9be9faaea781\' AS control_plane_id, \'aarch64\' AS system_processor, * FRO
2026-08-02 02:41:46	44	41561	8742092	29993	SELECT now64(6) as scrape_time_microseconds, \'j62zx3k\' AS pod_ident, \'boneaws-al-46\' AS spoken_name, \'cell-1\' AS cell, \'ap-south-1\' AS region, \'aws\' AS cloud_provider, \'26.2.1.525\' AS clickhouse_version, \'0fc3eaab-fbcb-4533-8825-9be9faaea781\' AS control_plane_id, \'aarch64\' AS system_processor, * FRO
2026-08-02 02:41:48	6	149	36982	149	SELECT             name,             value,             help,             JSONExtract(labels_serialized, \'Map(String, String)\') as labels,             type         FROM merge(system, \'^_custom_metrics_dictionary_.*\')         FORMAT Prometheus
2026-08-02 02:41:48	2	0	0	0	             SELECT                 name,                 toJSONString(labels) as labels_serialized,                 value,                 help,                 type             FROM (                 SELECT   \'ClickHouse_CustomMetric_FailedMutations\' as name,   toFloat64(count()) as value,   \'The 
2026-08-02 02:41:48	23	33326	734303	33326	SELECT `content_id`, `title`, `video_type`, `category` FROM `sony`.`content_dim`;
2026-08-02 02:41:52	18	6840	3739956	247	SELECT now64(6) as scrape_time_microseconds, \'j62zx3k\' AS pod_ident, \'boneaws-al-46\' AS spoken_name, \'cell-1\' AS cell, \'ap-south-1\' AS region, \'aws\' AS cloud_provider, \'26.2.1.525\' AS clickhouse_version, \'0fc3eaab-fbcb-4533-8825-9be9faaea781\' AS control_plane_id, \'aarch64\' AS system_processor, * FRO
2026-08-02 02:41:53	2	13	6340	1	             SELECT                 name,                 toJSONString(labels) as labels_serialized,                 value,                 help,                 type             FROM (                 SELECT   \'ClickHouse_CustomMetric_TotalMemoryUsedByDictionaries\' AS name,   toFloat64(SUM(bytes_al
2026-08-02 02:41:54	3	1	5438	1	SELECT count() FROM system.processes WHERE (initial_user NOT IN _CAST([\'backups-internal\', \'management-internal\', \'monitoring-internal\', \'observability-internal\', \'operator-internal\', \'prometheus-exporter\', \'prometheus-internal\', \'operator-cert-internal\', \'availability-monitoring-internal\', \'\'], \'Ar
2026-08-02 02:41:54	2	433	5751	1	SELECT countIf(database = \'system\') as systemParts, countIf(database != \'system\') as nonSystemParts FROM system.parts where active
2026-08-02 02:41:54	2	0	0	1	SELECT countIf(database = \'system\') as systemMerges, countIf(database != \'system\') as nonSystemMerges FROM system.merges
2026-08-02 02:41:58	2	0	0	0	             SELECT                 name,                 toJSONString(labels) as labels_serialized,                 value,                 help,                 type             FROM (                 SELECT   \'ClickHouse_CustomMetric_FailedMutations\' as name,   toFloat64(count()) as value,   \'The 
2026-08-02 02:41:58	2	59	472	1	             SELECT                 name,                 toJSONString(labels) as labels_serialized,                 value,                 help,                 type             FROM (                 SELECT   \'ClickHouse_CustomMetric_TotalMemoryUsedByDataSkippingIndices\' AS name,   toFloat64(SUM(d
2026-08-02 02:41:58	3	6	213	0	             SELECT                 name,                 toJSONString(labels) as labels_serialized,                 value,                 help,                 type             FROM (                 SELECT   \'ClickHouse_CustomMetric_DatabaseReplicatedRecoveryTime\' as name,   toFloat64(recovery_ti
2026-08-02 02:41:59	10	7718	2286538	347	SELECT now64(6) as scrape_time_microseconds, \'j62zx3k\' AS pod_ident, \'boneaws-al-46\' AS spoken_name, \'cell-1\' AS cell, \'ap-south-1\' AS region, \'aws\' AS cloud_provider, \'26.2.1.525\' AS clickhouse_version, \'0fc3eaab-fbcb-4533-8825-9be9faaea781\' AS control_plane_id, \'aarch64\' AS system_processor, * FRO
2026-08-02 02:42:01	19	205	2870	1	SELECT avg(ProfileEvent_OSCPUWaitMicroseconds) as cpu_wait FROM  system.metric_log  WHERE event_time > now() - INTERVAL 2 MINUTE AND event_date >= yesterday()
2026-08-02 02:42:01	6	2	10208	2	SELECT count() as count, sum(elapsed) as total_elapsed, \'lh\' as usr FROM system.processes  WHERE user = \'observability-internal\' AND client_hostname LIKE \'loghouse-scraper%\'  UNION ALL SELECT count() as count, sum(elapsed) as total_elapsed, \'other\' as usr FROM system.processes  WHERE user != \'observ
2026-08-02 02:42:01	2	875	366447	1	SELECT value FROM system.asynchronous_metrics WHERE metric = \'OSMemoryAvailable\' ;
2026-08-02 02:42:03	5	149	36982	149	SELECT             name,             value,             help,             JSONExtract(labels_serialized, \'Map(String, String)\') as labels,             type         FROM merge(system, \'^_custom_metrics_dictionary_.*\')         FORMAT Prometheus
2026-08-02 02:42:03	3	20	12866	0	             SELECT                 name,                 toJSONString(labels) as labels_serialized,                 value,                 help,                 type             FROM (                 SELECT   \'clickhouse_table_replica_readonly_start_timestamp_seconds\' as name,   toFloat64(toUnixTi
2026-08-02 02:42:04	6	149	36982	149	SELECT             name,             value,             help,             JSONExtract(labels_serialized, \'Map(String, String)\') as labels,             type         FROM merge(system, \'^_custom_metrics_dictionary_.*\')         FORMAT Prometheus
2026-08-02 02:42:04	2	2	12834	1	SELECT count() FROM system.processes WHERE (initial_user NOT IN _CAST([\'backups-internal\', \'management-internal\', \'monitoring-internal\', \'observability-internal\', \'operator-internal\', \'prometheus-exporter\', \'prometheus-internal\', \'operator-cert-internal\', \'availability-monitoring-internal\', \'\'], \'Ar
2026-08-02 02:42:04	2	435	5781	1	SELECT countIf(database = \'system\') as systemParts, countIf(database != \'system\') as nonSystemParts FROM system.parts where active
2026-08-02 02:42:04	1	0	0	1	SELECT countIf(database = \'system\') as systemMerges, countIf(database != \'system\') as nonSystemMerges FROM system.merges
2026-08-02 02:42:04	23	3182	597056	129	SELECT CAST(\'0fc3eaab-fbcb-4533-8825-9be9faaea781\', \'UUID\') AS instance_id, CAST(\'c-boneaws-al-46-server-j62zx3k-0\', \'LowCardinality(String)\') AS node_id, CAST(name, \'LowCardinality(String)\') AS metric, CAST(mapFilter((k, v) -> has(_CAST([\'remote\'], \'Array(String)\'), k), labels), \'Map(LowCardinality
2026-08-02 02:42:08	1	0	0	1	             SELECT                 name,                 toJSONString(labels) as labels_serialized,                 value,                 help,                 type             FROM (                 SELECT   \'ClickHouse_CustomMetric_TotalMemoryUsedByAsynchronousInserts\' AS name,   toFloat64(SUM(t
2026-08-02 02:42:08	2	4	8871	1	             SELECT                 name,                 toJSONString(labels) as labels_serialized,                 value,                 help,                 type             FROM (                 SELECT   \'ClickHouse_CustomMetric_TotalMemoryUsedByQueries\' AS name,   toFloat64(SUM(peak_memory_u
2026-08-02 02:42:08	2	59	472	1	             SELECT                 name,                 toJSONString(labels) as labels_serialized,                 value,                 help,                 type             FROM (                 SELECT   \'ClickHouse_CustomMetric_TotalMemoryUsedByDataSkippingIndices\' AS name,   toFloat64(SUM(d
2026-08-02 02:42:08	3	20	12866	0	             SELECT                 name,                 toJSONString(labels) as labels_serialized,                 value,                 help,                 type             FROM (                 SELECT   \'clickhouse_table_replica_readonly_start_timestamp_seconds\' as name,   toFloat64(toUnixTi
2026-08-02 02:42:13	3	6	213	0	             SELECT                 name,                 toJSONString(labels) as labels_serialized,                 value,                 help,                 type             FROM (                 SELECT   \'ClickHouse_CustomMetric_SharedCatalogRecoveryTime\' as name,   toFloat64(recovery_time) a
2026-08-02 02:42:14	2	1	5438	1	SELECT count() FROM system.processes WHERE (initial_user NOT IN _CAST([\'backups-internal\', \'management-internal\', \'monitoring-internal\', \'observability-internal\', \'operator-internal\', \'prometheus-exporter\', \'prometheus-internal\', \'operator-cert-internal\', \'availability-monitoring-internal\', \'\'], \'Ar
2026-08-02 02:42:14	3	440	5856	1	SELECT countIf(database = \'system\') as systemParts, countIf(database != \'system\') as nonSystemParts FROM system.parts where active
2026-08-02 02:42:14	2	0	0	1	SELECT countIf(database = \'system\') as systemMerges, countIf(database != \'system\') as nonSystemMerges FROM system.merges
2026-08-02 02:42:17	9	2673	1597982	140	SELECT now64(6) as scrape_time_microseconds, \'j62zx3k\' AS pod_ident, \'boneaws-al-46\' AS spoken_name, \'cell-1\' AS cell, \'ap-south-1\' AS region, \'aws\' AS cloud_provider, \'26.2.1.525\' AS clickhouse_version, \'0fc3eaab-fbcb-4533-8825-9be9faaea781\' AS control_plane_id, \'aarch64\' AS system_processor, * FRO
2026-08-02 02:42:18	5	149	36982	149	SELECT             name,             value,             help,             JSONExtract(labels_serialized, \'Map(String, String)\') as labels,             type         FROM merge(system, \'^_custom_metrics_dictionary_.*\')         FORMAT Prometheus
2026-08-02 02:42:23	1	0	0	1	             SELECT                 name,                 toJSONString(labels) as labels_serialized,                 value,                 help,                 type             FROM (                 SELECT   \'ClickHouse_CustomMetric_TotalMemoryUsedByMerges\' AS name,   toFloat64(SUM(memory_usage))
2026-08-02 02:42:24	2	2	12834	1	SELECT count() FROM system.processes WHERE (initial_user NOT IN _CAST([\'backups-internal\', \'management-internal\', \'monitoring-internal\', \'observability-internal\', \'operator-internal\', \'prometheus-exporter\', \'prometheus-internal\', \'operator-cert-internal\', \'availability-monitoring-internal\', \'\'], \'Ar
2026-08-02 02:42:24	2	441	5871	1	SELECT countIf(database = \'system\') as systemParts, countIf(database != \'system\') as nonSystemParts FROM system.parts where active
2026-08-02 02:42:24	23	3183	597199	129	SELECT CAST(\'0fc3eaab-fbcb-4533-8825-9be9faaea781\', \'UUID\') AS instance_id, CAST(\'c-boneaws-al-46-server-j62zx3k-0\', \'LowCardinality(String)\') AS node_id, CAST(name, \'LowCardinality(String)\') AS metric, CAST(mapFilter((k, v) -> has(_CAST([\'remote\'], \'Array(String)\'), k), labels), \'Map(LowCardinality
2026-08-02 02:42:24	1	0	0	1	SELECT countIf(database = \'system\') as systemMerges, countIf(database != \'system\') as nonSystemMerges FROM system.merges
2026-08-02 02:42:27	2	1	16	1	SELECT count() FROM sony.raw_events FORMAT TabSeparated 
2026-08-02 02:42:27	26	168248	13102110	1	SELECT count() FROM sony.session_active_intervals FINAL FORMAT TabSeparated 
2026-08-02 02:42:28	27	168248	13259336	1	SELECT platform FROM sony.session_active_intervals FINAL GROUP BY platform ORDER BY count() DESC LIMIT 1 FORMAT TabSeparated 
2026-08-02 02:42:28	27	168248	13255192	1	SELECT country FROM sony.session_active_intervals FINAL GROUP BY country ORDER BY count() DESC LIMIT 1 FORMAT TabSeparated 
2026-08-02 02:42:28	28	168248	13255192	1	SELECT uniqExact(country) FROM sony.session_active_intervals FINAL FORMAT TabSeparated 
2026-08-02 02:42:28	1	0	0	1	             SELECT                 name,                 toJSONString(labels) as labels_serialized,                 value,                 help,                 type             FROM (                 SELECT   \'ClickHouse_CustomMetric_TotalMemoryUsedByAsynchronousInserts\' AS name,   toFloat64(SUM(t
2026-08-02 02:42:28	209	110181	881448	1	SELECT max(m) AS peak, round(avg(m), 1) AS avg_c, count() AS points FROM (SELECT toStartOfHour(minute) AS h, round(avg(c), 1) AS m FROM ( SELECT minute, c FROM (   SELECT minute, sum(d) OVER (ORDER BY minute) AS c FROM (     SELECT minute, sum(delta) AS d     FROM sony.concurrency_minute_delta      
2026-08-02 02:42:29	11	34513	311431	1	SELECT max(m) AS peak, round(avg(m), 1) AS avg_c, count() AS points FROM (SELECT toStartOfHour(minute) AS h, round(avg(c), 1) AS m FROM ( SELECT minute, c FROM (   SELECT minute, sum(d) OVER (ORDER BY minute) AS c FROM (     SELECT minute, sum(delta) AS d     FROM sony.concurrency_minute_delta     W
2026-08-02 02:42:31	59	69172	621883	1	SELECT max(m) AS peak, round(avg(m), 1) AS avg_c, count() AS points FROM (SELECT toStartOfHour(minute) AS h, round(avg(c), 1) AS m FROM ( SELECT minute, c FROM (   SELECT minute, sum(d) OVER (ORDER BY minute) AS c FROM (     SELECT minute, sum(delta) AS d     FROM sony.concurrency_minute_delta     W
2026-08-02 02:42:31	64	69172	621883	1	SELECT max(m) AS peak, round(avg(m), 1) AS avg_c, count() AS points FROM (SELECT toStartOfDay(minute) AS d2, round(avg(c), 1) AS m FROM ( SELECT minute, c FROM (   SELECT minute, sum(d) OVER (ORDER BY minute) AS c FROM (     SELECT minute, sum(delta) AS d     FROM sony.concurrency_minute_delta     W
2026-08-02 02:42:31	12	34513	346091	1	SELECT max(c) AS peak, round(avg(c), 1) AS avg_c, count() AS points FROM ( SELECT minute, c FROM (   SELECT minute, sum(d) OVER (ORDER BY minute) AS c FROM (     SELECT minute, sum(delta) AS d     FROM sony.concurrency_minute_delta     WHERE platform = \'ANDROID_PHONE\' AND country = \'india\'     GROUP
2026-08-02 02:42:31	12	34513	346091	1	SELECT max(m) AS peak, round(avg(m), 1) AS avg_c, count() AS points FROM (SELECT toStartOfHour(minute) AS h, round(avg(c), 1) AS m FROM ( SELECT minute, c FROM (   SELECT minute, sum(d) OVER (ORDER BY minute) AS c FROM (     SELECT minute, sum(delta) AS d     FROM sony.concurrency_minute_delta     W
2026-08-02 02:42:31	13	34513	346091	1	SELECT max(m) AS peak, round(avg(m), 1) AS avg_c, count() AS points FROM (SELECT toStartOfDay(minute) AS d2, round(avg(c), 1) AS m FROM ( SELECT minute, c FROM (   SELECT minute, sum(d) OVER (ORDER BY minute) AS c FROM (     SELECT minute, sum(delta) AS d     FROM sony.concurrency_minute_delta     W
2026-08-02 02:42:31	13	235	3290	1	SELECT avg(ProfileEvent_OSCPUWaitMicroseconds) as cpu_wait FROM  system.metric_log  WHERE event_time > now() - INTERVAL 2 MINUTE AND event_date >= yesterday()
2026-08-02 02:42:31	5	2	10208	2	SELECT count() as count, sum(elapsed) as total_elapsed, \'lh\' as usr FROM system.processes  WHERE user = \'observability-internal\' AND client_hostname LIKE \'loghouse-scraper%\'  UNION ALL SELECT count() as count, sum(elapsed) as total_elapsed, \'other\' as usr FROM system.processes  WHERE user != \'observ
2026-08-02 02:42:31	1	875	366447	1	SELECT value FROM system.asynchronous_metrics WHERE metric = \'OSMemoryAvailable\' ;
2026-08-02 02:42:33	6	149	36982	149	SELECT             name,             value,             help,             JSONExtract(labels_serialized, \'Map(String, String)\') as labels,             type         FROM merge(system, \'^_custom_metrics_dictionary_.*\')         FORMAT Prometheus
2026-08-02 02:42:33	1	0	0	1	             SELECT                 name,                 toJSONString(labels) as labels_serialized,                 value,                 help,                 type             FROM (                 SELECT   \'ClickHouse_CustomMetric_TotalMemoryUsedByMerges\' AS name,   toFloat64(SUM(memory_usage))
2026-08-02 02:42:33	2	15	1013	15	             SELECT                 name,                 toJSONString(labels) as labels_serialized,                 value,                 help,                 type             FROM (                 SELECT     \'ClickHouse_MetricsCollection_CustomMetricsSystemTable\' AS name,     toFloat64(1) AS va
2026-08-02 02:42:33	3	20	12866	0	             SELECT                 name,                 toJSONString(labels) as labels_serialized,                 value,                 help,                 type             FROM (                 SELECT   \'clickhouse_table_replica_readonly_start_timestamp_seconds\' as name,   toFloat64(toUnixTi
2026-08-02 02:42:34	6	149	36982	149	SELECT             name,             value,             help,             JSONExtract(labels_serialized, \'Map(String, String)\') as labels,             type         FROM merge(system, \'^_custom_metrics_dictionary_.*\')         FORMAT Prometheus
2026-08-02 02:42:34	2	1	5438	1	SELECT count() FROM system.processes WHERE (initial_user NOT IN _CAST([\'backups-internal\', \'management-internal\', \'monitoring-internal\', \'observability-internal\', \'operator-internal\', \'prometheus-exporter\', \'prometheus-internal\', \'operator-cert-internal\', \'availability-monitoring-internal\', \'\'], \'Ar
2026-08-02 02:42:34	2	443	5901	1	SELECT countIf(database = \'system\') as systemParts, countIf(database != \'system\') as nonSystemParts FROM system.parts where active
2026-08-02 02:42:34	1	0	0	1	SELECT countIf(database = \'system\') as systemMerges, countIf(database != \'system\') as nonSystemMerges FROM system.merges
2026-08-02 02:42:38	2	9	3184	9	             SELECT                 name,                 toJSONString(labels) as labels_serialized,                 value,                 help,                 type             FROM (                 SELECT   concat(\'clickhouse_\', system.dimensional_metrics.metric) AS name,   toFloat64(system.dime
2026-08-02 02:42:43	3	6	213	0	             SELECT                 name,                 toJSONString(labels) as labels_serialized,                 value,                 help,                 type             FROM (                 SELECT   \'ClickHouse_CustomMetric_SharedCatalogRecoveryTime\' as name,   toFloat64(recovery_time) a
2026-08-02 02:42:44	4	2	12834	1	SELECT count() FROM system.processes WHERE (initial_user NOT IN _CAST([\'backups-internal\', \'management-internal\', \'monitoring-internal\', \'observability-internal\', \'operator-internal\', \'prometheus-exporter\', \'prometheus-internal\', \'operator-cert-internal\', \'availability-monitoring-internal\', \'\'], \'Ar
2026-08-02 02:42:44	2	447	5961	1	SELECT countIf(database = \'system\') as systemParts, countIf(database != \'system\') as nonSystemParts FROM system.parts where active
2026-08-02 02:42:44	24	3182	597056	129	SELECT CAST(\'0fc3eaab-fbcb-4533-8825-9be9faaea781\', \'UUID\') AS instance_id, CAST(\'c-boneaws-al-46-server-j62zx3k-0\', \'LowCardinality(String)\') AS node_id, CAST(name, \'LowCardinality(String)\') AS metric, CAST(mapFilter((k, v) -> has(_CAST([\'remote\'], \'Array(String)\'), k), labels), \'Map(LowCardinality
2026-08-02 02:42:44	1	0	0	1	SELECT countIf(database = \'system\') as systemMerges, countIf(database != \'system\') as nonSystemMerges FROM system.merges
2026-08-02 02:42:45	26	168248	13102110	1	SELECT count() FROM sony.session_active_intervals FINAL FORMAT TabSeparated 
2026-08-02 02:42:45	3	372	7812	1	SELECT formatReadableSize(sum(bytes_on_disk)) FROM system.parts WHERE database=\'sony\' AND active FORMAT TabSeparated 
2026-08-02 02:42:45	7	110181	881448	1	 SELECT max(running) FROM (   SELECT sum(sum(delta)) OVER (ORDER BY minute) AS running   FROM sony.concurrency_minute_delta GROUP BY minute ORDER BY minute) FORMAT TabSeparated 
2026-08-02 02:42:48	5	149	36982	149	SELECT             name,             value,             help,             JSONExtract(labels_serialized, \'Map(String, String)\') as labels,             type         FROM merge(system, \'^_custom_metrics_dictionary_.*\')         FORMAT Prometheus
2026-08-02 02:42:48	1	9	3184	9	             SELECT                 name,                 toJSONString(labels) as labels_serialized,                 value,                 help,                 type             FROM (                 SELECT   concat(\'clickhouse_\', system.dimensional_metrics.metric) AS name,   toFloat64(system.dime
2026-08-02 02:42:48	2	0	0	0	             SELECT                 name,                 toJSONString(labels) as labels_serialized,                 value,                 help,                 type             FROM (                 SELECT   \'ClickHouse_CustomMetric_FailedMutations\' as name,   toFloat64(count()) as value,   \'The 
2026-08-02 02:42:50	28	5	591	5	SELECT  now64(6) as scrape_time_microseconds, \'j62zx3k\' AS pod_ident, \'boneaws-al-46\' AS spoken_name, \'cell-1\' AS cell, \'ap-south-1\' AS region, \'aws\' AS cloud_provider, \'26.2.1.525\' AS clickhouse_version, \'0fc3eaab-fbcb-4533-8825-9be9faaea781\' AS control_plane_id, \'aarch64\' AS system_processor, * FR
2026-08-02 02:42:53	2	13	6340	1	             SELECT                 name,                 toJSONString(labels) as labels_serialized,                 value,                 help,                 type             FROM (                 SELECT   \'ClickHouse_CustomMetric_TotalMemoryUsedByDictionaries\' AS name,   toFloat64(SUM(bytes_al
2026-08-02 02:42:53	3	6	213	0	             SELECT                 name,                 toJSONString(labels) as labels_serialized,                 value,                 help,                 type             FROM (                 SELECT   \'ClickHouse_CustomMetric_DatabaseReplicatedRecoveryTime\' as name,   toFloat64(recovery_ti
2026-08-02 02:42:54	3	1	5438	1	SELECT count() FROM system.processes WHERE (initial_user NOT IN _CAST([\'backups-internal\', \'management-internal\', \'monitoring-internal\', \'observability-internal\', \'operator-internal\', \'prometheus-exporter\', \'prometheus-internal\', \'operator-cert-internal\', \'availability-monitoring-internal\', \'\'], \'Ar
2026-08-02 02:42:54	3	443	5901	1	SELECT countIf(database = \'system\') as systemParts, countIf(database != \'system\') as nonSystemParts FROM system.parts where active
2026-08-02 02:42:54	2	0	0	1	SELECT countIf(database = \'system\') as systemMerges, countIf(database != \'system\') as nonSystemMerges FROM system.merges
2026-08-02 02:42:56	3	0	0	0	SELECT now64(6) as scrape_time_microseconds, \'j62zx3k\' AS pod_ident, \'boneaws-al-46\' AS spoken_name, \'cell-1\' AS cell, \'ap-south-1\' AS region, \'aws\' AS cloud_provider, \'26.2.1.525\' AS clickhouse_version, \'0fc3eaab-fbcb-4533-8825-9be9faaea781\' AS control_plane_id, \'aarch64\' AS system_processor, * FRO
2026-08-02 02:42:56	3	0	0	0	SELECT now64(6) as scrape_time_microseconds, \'j62zx3k\' AS pod_ident, \'boneaws-al-46\' AS spoken_name, \'cell-1\' AS cell, \'ap-south-1\' AS region, \'aws\' AS cloud_provider, \'26.2.1.525\' AS clickhouse_version, \'0fc3eaab-fbcb-4533-8825-9be9faaea781\' AS control_plane_id, \'aarch64\' AS system_processor, * FRO
2026-08-02 02:42:56	27	168248	15744926	1	SELECT sum(intDiv(active_end_ms,60000)-intDiv(active_start_ms,60000)+1) FROM sony.session_active_intervals FINAL FORMAT TabSeparated 
2026-08-02 02:42:56	180	7000000	469115268	1	SELECT uniqExact(video_session_id) FROM sony.raw_events FORMAT TabSeparated 
2026-08-02 02:42:57	3	0	0	0	SELECT now64(6) as scrape_time_microseconds, \'j62zx3k\' AS pod_ident, \'boneaws-al-46\' AS spoken_name, \'cell-1\' AS cell, \'ap-south-1\' AS region, \'aws\' AS cloud_provider, \'26.2.1.525\' AS clickhouse_version, \'0fc3eaab-fbcb-4533-8825-9be9faaea781\' AS control_plane_id, \'aarch64\' AS system_processor, * FRO
2026-08-02 02:42:57	78	446677	32764968	1	SELECT toString(min(minute)), toString(max(minute)) FROM sony.concurrency_delta_all FORMAT TabSeparated 
2026-08-02 02:42:57	34	168248	13837881	1	SELECT arraySort(groupUniqArrayIf(platform, platform != \'\')), arraySort(groupUniqArrayIf(country, country != \'\')), arraySort(groupUniqArrayIf(video_type, video_type != \'\')), arraySort(groupUniqArrayIf(category, category != \'\')), arraySort(groupUniqArrayIf(close_reason, close_reason != \'\')) FROM sony
2026-08-02 02:42:58	2	0	0	0	SELECT now64(6) as scrape_time_microseconds, \'j62zx3k\' AS pod_ident, \'boneaws-al-46\' AS spoken_name, \'cell-1\' AS cell, \'ap-south-1\' AS region, \'aws\' AS cloud_provider, \'26.2.1.525\' AS clickhouse_version, \'0fc3eaab-fbcb-4533-8825-9be9faaea781\' AS control_plane_id, \'aarch64\' AS system_processor, * FRO
2026-08-02 02:42:58	1	0	0	1	             SELECT                 name,                 toJSONString(labels) as labels_serialized,                 value,                 help,                 type             FROM (                 SELECT   \'ClickHouse_CustomMetric_TotalMemoryUsedByAsynchronousInserts\' AS name,   toFloat64(SUM(t
2026-08-02 02:42:58	2	15	1013	15	             SELECT                 name,                 toJSONString(labels) as labels_serialized,                 value,                 help,                 type             FROM (                 SELECT     \'ClickHouse_MetricsCollection_CustomMetricsSystemTable\' AS name,     toFloat64(1) AS va
2026-08-02 02:42:59	3	0	0	0	SELECT now64(6) as scrape_time_microseconds, \'j62zx3k\' AS pod_ident, \'boneaws-al-46\' AS spoken_name, \'cell-1\' AS cell, \'ap-south-1\' AS region, \'aws\' AS cloud_provider, \'26.2.1.525\' AS clickhouse_version, \'0fc3eaab-fbcb-4533-8825-9be9faaea781\' AS control_plane_id, \'aarch64\' AS system_processor, * FRO
2026-08-02 02:43:00	5	0	0	0	SELECT now64(6) as scrape_time_microseconds, \'j62zx3k\' AS pod_ident, \'boneaws-al-46\' AS spoken_name, \'cell-1\' AS cell, \'ap-south-1\' AS region, \'aws\' AS cloud_provider, \'26.2.1.525\' AS clickhouse_version, \'0fc3eaab-fbcb-4533-8825-9be9faaea781\' AS control_plane_id, \'aarch64\' AS system_processor, * FRO
2026-08-02 02:43:01	14	265	3710	1	SELECT avg(ProfileEvent_OSCPUWaitMicroseconds) as cpu_wait FROM  system.metric_log  WHERE event_time > now() - INTERVAL 2 MINUTE AND event_date >= yesterday()
2026-08-02 02:43:01	4	4	23333	2	SELECT count() as count, sum(elapsed) as total_elapsed, \'lh\' as usr FROM system.processes  WHERE user = \'observability-internal\' AND client_hostname LIKE \'loghouse-scraper%\'  UNION ALL SELECT count() as count, sum(elapsed) as total_elapsed, \'other\' as usr FROM system.processes  WHERE user != \'observ
2026-08-02 02:43:01	1	875	366447	1	SELECT value FROM system.asynchronous_metrics WHERE metric = \'OSMemoryAvailable\' ;
2026-08-02 02:43:02	3	0	0	0	SELECT now64(6) as scrape_time_microseconds, \'j62zx3k\' AS pod_ident, \'boneaws-al-46\' AS spoken_name, \'cell-1\' AS cell, \'ap-south-1\' AS region, \'aws\' AS cloud_provider, \'26.2.1.525\' AS clickhouse_version, \'0fc3eaab-fbcb-4533-8825-9be9faaea781\' AS control_plane_id, \'aarch64\' AS system_processor, * FRO
2026-08-02 02:43:02	2487	446677	33205692	1688025	 SELECT toString(minute), toInt32(c) FROM (   SELECT minute, sum(d) OVER (ORDER BY minute) AS c FROM (     SELECT minute, sum(delta) AS d     FROM sony.concurrency_delta_all     WHERE minute <= toDateTime(\'2026-08-01 11:07:00\', \'UTC\')      GROUP BY minute     ORDER BY minute WITH FILL       FROM toD
2026-08-02 02:43:02	1	72	5181	1	SELECT count(*) FROM system.build_options
2026-08-02 02:43:02	1	72	5181	72	SELECT  now64(6) as scrape_time_microseconds, \'j62zx3k\' AS pod_ident, \'boneaws-al-46\' AS spoken_name, \'cell-1\' AS cell, \'ap-south-1\' AS region, \'aws\' AS cloud_provider, \'26.2.1.525\' AS clickhouse_version, \'0fc3eaab-fbcb-4533-8825-9be9faaea781\' AS control_plane_id, \'aarch64\' AS system_processor, * FR
2026-08-02 02:43:03	3	0	0	0	SELECT now64(6) as scrape_time_microseconds, \'j62zx3k\' AS pod_ident, \'boneaws-al-46\' AS spoken_name, \'cell-1\' AS cell, \'ap-south-1\' AS region, \'aws\' AS cloud_provider, \'26.2.1.525\' AS clickhouse_version, \'0fc3eaab-fbcb-4533-8825-9be9faaea781\' AS control_plane_id, \'aarch64\' AS system_processor, * FRO
2026-08-02 02:43:03	5	141	34970	141	SELECT             name,             value,             help,             JSONExtract(labels_serialized, \'Map(String, String)\') as labels,             type         FROM merge(system, \'^_custom_metrics_dictionary_.*\')         FORMAT Prometheus
2026-08-02 02:43:03	2	1	5022	1	             SELECT                 name,                 toJSONString(labels) as labels_serialized,                 value,                 help,                 type             FROM (                 SELECT   \'ClickHouse_CustomMetric_TotalMemoryUsedByQueries\' AS name,   toFloat64(SUM(peak_memory_u
2026-08-02 02:43:04	3	0	0	0	SELECT now64(6) as scrape_time_microseconds, \'j62zx3k\' AS pod_ident, \'boneaws-al-46\' AS spoken_name, \'cell-1\' AS cell, \'ap-south-1\' AS region, \'aws\' AS cloud_provider, \'26.2.1.525\' AS clickhouse_version, \'0fc3eaab-fbcb-4533-8825-9be9faaea781\' AS control_plane_id, \'aarch64\' AS system_processor, * FRO
2026-08-02 02:43:04	5	141	34970	141	SELECT             name,             value,             help,             JSONExtract(labels_serialized, \'Map(String, String)\') as labels,             type         FROM merge(system, \'^_custom_metrics_dictionary_.*\')         FORMAT Prometheus
2026-08-02 02:43:04	3	2	12834	1	SELECT count() FROM system.processes WHERE (initial_user NOT IN _CAST([\'backups-internal\', \'management-internal\', \'monitoring-internal\', \'observability-internal\', \'operator-internal\', \'prometheus-exporter\', \'prometheus-internal\', \'operator-cert-internal\', \'availability-monitoring-internal\', \'\'], \'Ar
2026-08-02 02:43:04	2	441	5871	1	SELECT countIf(database = \'system\') as systemParts, countIf(database != \'system\') as nonSystemParts FROM system.parts where active
2026-08-02 02:43:04	23	3174	595884	129	SELECT CAST(\'0fc3eaab-fbcb-4533-8825-9be9faaea781\', \'UUID\') AS instance_id, CAST(\'c-boneaws-al-46-server-j62zx3k-0\', \'LowCardinality(String)\') AS node_id, CAST(name, \'LowCardinality(String)\') AS metric, CAST(mapFilter((k, v) -> has(_CAST([\'remote\'], \'Array(String)\'), k), labels), \'Map(LowCardinality
2026-08-02 02:43:04	1	0	0	1	SELECT countIf(database = \'system\') as systemMerges, countIf(database != \'system\') as nonSystemMerges FROM system.merges
2026-08-02 02:43:05	9	8217	954665	1519	SELECT now64(6) as scrape_time_microseconds, \'j62zx3k\' AS pod_ident, \'boneaws-al-46\' AS spoken_name, \'cell-1\' AS cell, \'ap-south-1\' AS region, \'aws\' AS cloud_provider, \'26.2.1.525\' AS clickhouse_version, \'0fc3eaab-fbcb-4533-8825-9be9faaea781\' AS control_plane_id, \'aarch64\' AS system_processor, * FRO
2026-08-02 02:43:06	2	727	727	1	SELECT count(*) FROM system.parts
2026-08-02 02:43:06	18	727	633153	727	SELECT  now64(6) as scrape_time_microseconds, \'j62zx3k\' AS pod_ident, \'boneaws-al-46\' AS spoken_name, \'cell-1\' AS cell, \'ap-south-1\' AS region, \'aws\' AS cloud_provider, \'26.2.1.525\' AS clickhouse_version, \'0fc3eaab-fbcb-4533-8825-9be9faaea781\' AS control_plane_id, \'aarch64\' AS system_processor, * FR
2026-08-02 02:43:07	3	0	0	0	SELECT now64(6) as scrape_time_microseconds, \'j62zx3k\' AS pod_ident, \'boneaws-al-46\' AS spoken_name, \'cell-1\' AS cell, \'ap-south-1\' AS region, \'aws\' AS cloud_provider, \'26.2.1.525\' AS clickhouse_version, \'0fc3eaab-fbcb-4533-8825-9be9faaea781\' AS control_plane_id, \'aarch64\' AS system_processor, * FRO
2026-08-02 02:43:08	7	0	0	0	SELECT now64(6) as scrape_time_microseconds, \'j62zx3k\' AS pod_ident, \'boneaws-al-46\' AS spoken_name, \'cell-1\' AS cell, \'ap-south-1\' AS region, \'aws\' AS cloud_provider, \'26.2.1.525\' AS clickhouse_version, \'0fc3eaab-fbcb-4533-8825-9be9faaea781\' AS control_plane_id, \'aarch64\' AS system_processor, * FRO
2026-08-02 02:43:08	2	59	472	1	             SELECT                 name,                 toJSONString(labels) as labels_serialized,                 value,                 help,                 type             FROM (                 SELECT   \'ClickHouse_CustomMetric_TotalMemoryUsedByDataSkippingIndices\' AS name,   toFloat64(SUM(d
2026-08-02 02:43:08	3	6	213	0	             SELECT                 name,                 toJSONString(labels) as labels_serialized,                 value,                 help,                 type             FROM (                 SELECT   \'ClickHouse_CustomMetric_DatabaseReplicatedRecoveryTime\' as name,   toFloat64(recovery_ti
2026-08-02 02:43:12	76	0	0	0	SELECT now64(6) as scrape_time_microseconds, \'j62zx3k\' AS pod_ident, \'boneaws-al-46\' AS spoken_name, \'cell-1\' AS cell, \'ap-south-1\' AS region, \'aws\' AS cloud_provider, \'26.2.1.525\' AS clickhouse_version, \'0fc3eaab-fbcb-4533-8825-9be9faaea781\' AS control_plane_id, \'aarch64\' AS system_processor, * FRO
2026-08-02 02:43:13	3	20	12866	0	             SELECT                 name,                 toJSONString(labels) as labels_serialized,                 value,                 help,                 type             FROM (                 SELECT   \'clickhouse_table_replica_readonly_start_timestamp_seconds\' as name,   toFloat64(toUnixTi
2026-08-02 02:43:14	4	1	5438	1	SELECT count() FROM system.processes WHERE (initial_user NOT IN _CAST([\'backups-internal\', \'management-internal\', \'monitoring-internal\', \'observability-internal\', \'operator-internal\', \'prometheus-exporter\', \'prometheus-internal\', \'operator-cert-internal\', \'availability-monitoring-internal\', \'\'], \'Ar
2026-08-02 02:43:14	3	448	5976	1	SELECT countIf(database = \'system\') as systemParts, countIf(database != \'system\') as nonSystemParts FROM system.parts where active
2026-08-02 02:43:14	2	0	0	1	SELECT countIf(database = \'system\') as systemMerges, countIf(database != \'system\') as nonSystemMerges FROM system.merges
2026-08-02 02:43:18	5	141	34970	141	SELECT             name,             value,             help,             JSONExtract(labels_serialized, \'Map(String, String)\') as labels,             type         FROM merge(system, \'^_custom_metrics_dictionary_.*\')         FORMAT Prometheus
2026-08-02 02:43:20	77	446677	33205692	1	 SELECT max(c) AS peak, argMax(toString(minute), c) AS peak_at, anyLast(c) AS current FROM (SELECT minute, sum(sum(delta)) OVER (ORDER BY minute) AS c       FROM sony.concurrency_delta_all       WHERE minute <= toDateTime(\'2026-08-01 11:07:00\',\'UTC\')        GROUP BY minute ORDER BY minute) WHERE min
2026-08-02 02:43:20	28	168248	15817553	4	 SELECT close_reason, count() AS n FROM sony.session_active_intervals FINAL WHERE active_start <= toDateTime(\'2026-08-01 11:07:00\',\'UTC\')   AND active_end   >= toDateTime(\'2023-05-17 05:23:00\',\'UTC\')  GROUP BY close_reason FORMAT TabSeparated 
2026-08-02 02:43:20	46	7000000	56000000	1	SELECT round(dateDiff(\'second\', max(event_time), now64(3,\'UTC\')), 1) FROM sony.raw_events FORMAT TabSeparated 
2026-08-02 02:43:23	2	0	0	1	             SELECT                 name,                 toJSONString(labels) as labels_serialized,                 value,                 help,                 type             FROM (                 SELECT   \'ClickHouse_CustomMetric_TotalMemoryUsedByMerges\' AS name,   toFloat64(SUM(memory_usage))
2026-08-02 02:43:23	3	6	213	0	             SELECT                 name,                 toJSONString(labels) as labels_serialized,                 value,                 help,                 type             FROM (                 SELECT   \'ClickHouse_CustomMetric_SharedCatalogRecoveryTime\' as name,   toFloat64(recovery_time) a
2026-08-02 02:43:23	3	336	18032	40	 SELECT toString(p.modification_time) AS at, p.table AS stage, p.rows AS rows,        p.bytes_on_disk AS bytes FROM system.parts AS p WHERE p.database = \'sony\' AND p.active   AND p.table IN (\'raw_events\',\'session_active_intervals\',\'concurrency_minute_delta\') ORDER BY p.modification_time DESC LIMIT 4
2026-08-02 02:43:23	3	336	16688	3	 SELECT p.table AS stage, sum(p.rows) AS rows, count() AS parts,        formatReadableSize(sum(p.bytes_on_disk)) AS size FROM system.parts AS p WHERE p.database = \'sony\' AND p.active   AND p.table IN (\'raw_events\',\'session_active_intervals\',\'concurrency_minute_delta\') GROUP BY p.table FORMAT TabSepa
2026-08-02 02:43:23	4	4330	91164	40	SELECT toString(ingested_at), reason, detail, topic, toString(partition), toString(offset), payload FROM sony.stream_dlq ORDER BY ingested_at DESC LIMIT 40 FORMAT TabSeparated 
2026-08-02 02:43:23	192	7000000	483199952	1	 SELECT countIf(event_type = \'VideoError\'), uniqExact(video_session_id),        uniqExactIf(video_session_id, event_type = \'VideoError\'),        uniqExactIf(video_session_id, event = \'BufferStart\') FROM sony.raw_events FORMAT TabSeparated 
2026-08-02 02:43:24	3	2	12834	1	SELECT count() FROM system.processes WHERE (initial_user NOT IN _CAST([\'backups-internal\', \'management-internal\', \'monitoring-internal\', \'observability-internal\', \'operator-internal\', \'prometheus-exporter\', \'prometheus-internal\', \'operator-cert-internal\', \'availability-monitoring-internal\', \'\'], \'Ar
2026-08-02 02:43:24	2	445	5931	1	SELECT countIf(database = \'system\') as systemParts, countIf(database != \'system\') as nonSystemParts FROM system.parts where active
2026-08-02 02:43:24	23	3175	596026	129	SELECT CAST(\'0fc3eaab-fbcb-4533-8825-9be9faaea781\', \'UUID\') AS instance_id, CAST(\'c-boneaws-al-46-server-j62zx3k-0\', \'LowCardinality(String)\') AS node_id, CAST(name, \'LowCardinality(String)\') AS metric, CAST(mapFilter((k, v) -> has(_CAST([\'remote\'], \'Array(String)\'), k), labels), \'Map(LowCardinality
2026-08-02 02:43:24	1	0	0	1	SELECT countIf(database = \'system\') as systemMerges, countIf(database != \'system\') as nonSystemMerges FROM system.merges
2026-08-02 02:43:26	2	4	308	4	SELECT name, type FROM system.columns WHERE database=\'sony\' AND table=\'content_dim\' ORDER BY position FORMAT TabSeparated 
2026-08-02 02:43:26	3	372	18574	19	 SELECT p.table AS t, sum(p.rows) AS rows, count() AS parts,        formatReadableSize(sum(p.bytes_on_disk)) AS size FROM system.parts AS p WHERE p.database = \'sony\' AND p.active GROUP BY p.table ORDER BY sum(p.bytes_on_disk) DESC FORMAT TabSeparated 
2026-08-02 02:43:26	3	4	1977	4	SELECT fingerprint, compatible, length(fields), arrayStringConcat(mapped, \', \') FROM sony.schema_registry GROUP BY fingerprint, compatible, fields, mapped LIMIT 8 FORMAT TabSeparated 
2026-08-02 02:43:28	1	9	3184	9	             SELECT                 name,                 toJSONString(labels) as labels_serialized,                 value,                 help,                 type             FROM (                 SELECT   concat(\'clickhouse_\', system.dimensional_metrics.metric) AS name,   toFloat64(system.dime
2026-08-02 02:43:28	2	2	6298	1	             SELECT                 name,                 toJSONString(labels) as labels_serialized,                 value,                 help,                 type             FROM (                 SELECT   \'ClickHouse_CustomMetric_TotalMemoryUsedByQueries\' AS name,   toFloat64(SUM(peak_memory_u
2026-08-02 02:43:31	20	295	4130	1	SELECT avg(ProfileEvent_OSCPUWaitMicroseconds) as cpu_wait FROM  system.metric_log  WHERE event_time > now() - INTERVAL 2 MINUTE AND event_date >= yesterday()
2026-08-02 02:43:31	6	2	10208	2	SELECT count() as count, sum(elapsed) as total_elapsed, \'lh\' as usr FROM system.processes  WHERE user = \'observability-internal\' AND client_hostname LIKE \'loghouse-scraper%\'  UNION ALL SELECT count() as count, sum(elapsed) as total_elapsed, \'other\' as usr FROM system.processes  WHERE user != \'observ
2026-08-02 02:43:31	2	875	366447	1	SELECT value FROM system.asynchronous_metrics WHERE metric = \'OSMemoryAvailable\' ;
2026-08-02 02:43:32	1	1	1	1	SELECT displayName(), version(), revision(), timezone()
2026-08-02 02:43:32	1	1	1	1	SELECT 1;
2026-08-02 02:43:33	5	141	34970	141	SELECT             name,             value,             help,             JSONExtract(labels_serialized, \'Map(String, String)\') as labels,             type         FROM merge(system, \'^_custom_metrics_dictionary_.*\')         FORMAT Prometheus
2026-08-02 02:43:33	2	0	0	0	             SELECT                 name,                 toJSONString(labels) as labels_serialized,                 value,                 help,                 type             FROM (                 SELECT   \'ClickHouse_CustomMetric_FailedMutations\' as name,   toFloat64(count()) as value,   \'The 
2026-08-02 02:43:33	2	2	6311	1	             SELECT                 name,                 toJSONString(labels) as labels_serialized,                 value,                 help,                 type             FROM (                 SELECT   \'ClickHouse_CustomMetric_TotalMemoryUsedByQueries\' AS name,   toFloat64(SUM(peak_memory_u
2026-08-02 02:43:34	6	141	34970	141	SELECT             name,             value,             help,             JSONExtract(labels_serialized, \'Map(String, String)\') as labels,             type         FROM merge(system, \'^_custom_metrics_dictionary_.*\')         FORMAT Prometheus
2026-08-02 02:43:34	3	1	5438	1	SELECT count() FROM system.processes WHERE (initial_user NOT IN _CAST([\'backups-internal\', \'management-internal\', \'monitoring-internal\', \'observability-internal\', \'operator-internal\', \'prometheus-exporter\', \'prometheus-internal\', \'operator-cert-internal\', \'availability-monitoring-internal\', \'\'], \'Ar
2026-08-02 02:43:34	3	442	5886	1	SELECT countIf(database = \'system\') as systemParts, countIf(database != \'system\') as nonSystemParts FROM system.parts where active
2026-08-02 02:43:34	2	0	0	1	SELECT countIf(database = \'system\') as systemMerges, countIf(database != \'system\') as nonSystemMerges FROM system.merges
2026-08-02 02:43:37	1	1	16	1	SELECT count() FROM sony.session_spans FORMAT TabSeparated 
2026-08-02 02:43:38	18	16933	4386495	12366	SELECT now64(6) as scrape_time_microseconds, \'j62zx3k\' AS pod_ident, \'boneaws-al-46\' AS spoken_name, \'cell-1\' AS cell, \'ap-south-1\' AS region, \'aws\' AS cloud_provider, \'26.2.1.525\' AS clickhouse_version, \'0fc3eaab-fbcb-4533-8825-9be9faaea781\' AS control_plane_id, \'aarch64\' AS system_processor, * FRO
2026-08-02 02:43:39	23	27425	7213271	12072	SELECT now64(6) as scrape_time_microseconds, \'j62zx3k\' AS pod_ident, \'boneaws-al-46\' AS spoken_name, \'cell-1\' AS cell, \'ap-south-1\' AS region, \'aws\' AS cloud_provider, \'26.2.1.525\' AS clickhouse_version, \'0fc3eaab-fbcb-4533-8825-9be9faaea781\' AS control_plane_id, \'aarch64\' AS system_processor, * FRO
2026-08-02 02:43:39	7	6272	6272	1	SELECT count(*) FROM system.columns
2026-08-02 02:43:39	15	6272	1772988	6272	SELECT  now64(6) as scrape_time_microseconds, \'j62zx3k\' AS pod_ident, \'boneaws-al-46\' AS spoken_name, \'cell-1\' AS cell, \'ap-south-1\' AS region, \'aws\' AS cloud_provider, \'26.2.1.525\' AS clickhouse_version, \'0fc3eaab-fbcb-4533-8825-9be9faaea781\' AS control_plane_id, \'aarch64\' AS system_processor, * FR
2026-08-02 02:43:40	21	1274	3096597	364	SELECT now64(6) as scrape_time_microseconds, \'j62zx3k\' AS pod_ident, \'boneaws-al-46\' AS spoken_name, \'cell-1\' AS cell, \'ap-south-1\' AS region, \'aws\' AS cloud_provider, \'26.2.1.525\' AS clickhouse_version, \'0fc3eaab-fbcb-4533-8825-9be9faaea781\' AS control_plane_id, \'aarch64\' AS system_processor, * FRO
2026-08-02 02:43:41	174	803	2258452	120	SELECT now64(6) as scrape_time_microseconds, \'j62zx3k\' AS pod_ident, \'boneaws-al-46\' AS spoken_name, \'cell-1\' AS cell, \'ap-south-1\' AS region, \'aws\' AS cloud_provider, \'26.2.1.525\' AS clickhouse_version, \'0fc3eaab-fbcb-4533-8825-9be9faaea781\' AS control_plane_id, \'aarch64\' AS system_processor, * FRO
2026-08-02 02:43:43	1	0	0	1	             SELECT                 name,                 toJSONString(labels) as labels_serialized,                 value,                 help,                 type             FROM (                 SELECT   \'ClickHouse_CustomMetric_TotalMemoryUsedByMerges\' AS name,   toFloat64(SUM(memory_usage))
2026-08-02 02:43:44	5	0	0	0	WITH source AS (SELECT [\'matview_execution_total\', if(exception_code != 0, \'matview_execution_fail\', \'\')] AS metrics, event_time AS ts FROM system.query_views_log WHERE (status != \'QueryStart\') AND (event_date >= toDate(_CAST(\'1785638469.333\', \'DateTime64\'))) AND (event_time >= toDateTime(_CAST(\'178
2026-08-02 02:43:44	4	378	114440	5	WITH metrics AS (SELECT name AS metric, toFloat64(value) AS val, now() AS ts FROM system.server_settings WHERE multiMatchAny(name, _CAST([\'^max_database_num_to_throw$\', \'^max_database_num_to_warn$\', \'^max_table_num_to_throw$\', \'^max_table_num_to_warn$\', \'^max_concurrent_queries$\'], \'Array(String)\'))
2026-08-02 02:43:44	9	32768	498029	1560	SELECT CAST(\'0fc3eaab-fbcb-4533-8825-9be9faaea781\', \'UUID\') AS control_plane_id, CAST(\'c-boneaws-al-46-server-j62zx3k-0\', \'LowCardinality(String)\') AS pod_id, CAST(now64(), \'DateTime64(6)\') AS scrape_ts_microseconds, CAST(event_date, \'Date\') AS event_date, CAST(event_time, \'DateTime\') AS event_time,
2026-08-02 02:43:44	10	7112	106666	13	WITH metrics AS (SELECT multiIf((event_type = \'MergeParts\') AND (error = 0), \'merges_finished\', (event_type = \'MergeParts\') AND (error != 0), \'merges_failed\', (event_type = \'MutatePart\') AND (error = 0), \'mutate_part_finished\', (event_type = \'MutatePart\') AND (error != 0), \'mutate_part_failed\', NULL
2026-08-02 02:43:44	3	7	36922	1	SELECT count() FROM system.processes WHERE (initial_user NOT IN _CAST([\'backups-internal\', \'management-internal\', \'monitoring-internal\', \'observability-internal\', \'operator-internal\', \'prometheus-exporter\', \'prometheus-internal\', \'operator-cert-internal\', \'availability-monitoring-internal\', \'\'], \'Ar
2026-08-02 02:43:44	9	0	0	1	WITH failed_mutations AS (SELECT toDateTime(create_time) AS ts, count() AS val FROM system.mutations WHERE (ts > toDateTime(_CAST(\'1785638469.333\', \'DateTime64\'))) AND (ts <= toDateTime(_CAST(\'1785638589.333\', \'DateTime64\'))) AND (latest_failed_part != \'\') AND (is_done = 0) GROUP BY ts), failed_muta
2026-08-02 02:43:44	2	435	5781	1	SELECT countIf(database = \'system\') as systemParts, countIf(database != \'system\') as nonSystemParts FROM system.parts where active
2026-08-02 02:43:44	25	3174	595884	129	SELECT CAST(\'0fc3eaab-fbcb-4533-8825-9be9faaea781\', \'UUID\') AS instance_id, CAST(\'c-boneaws-al-46-server-j62zx3k-0\', \'LowCardinality(String)\') AS node_id, CAST(name, \'LowCardinality(String)\') AS metric, CAST(mapFilter((k, v) -> has(_CAST([\'remote\'], \'Array(String)\'), k), labels), \'Map(LowCardinality
2026-08-02 02:43:44	1	0	0	1	SELECT countIf(database = \'system\') as systemMerges, countIf(database != \'system\') as nonSystemMerges FROM system.merges
2026-08-02 02:43:44	56	295	94974	120	SELECT CAST(\'0fc3eaab-fbcb-4533-8825-9be9faaea781\', \'UUID\') AS control_plane_id, CAST(\'c-boneaws-al-46-server-j62zx3k-0\', \'LowCardinality(String)\') AS pod_id, CAST(now64(), \'DateTime64(6)\') AS scrape_ts_microseconds, CAST(event_date, \'Date\') AS event_date, CAST(event_time, \'DateTime\') AS event_time,
2026-08-02 02:43:44	169	1172	247449	24	WITH parts_agg AS (SELECT database AS agg_database, `table` AS agg_table, SUM(primary_key_size) AS primary_index_size, SUM(secondary_indices_compressed_bytes) AS secondary_index_size FROM system.parts WHERE active AND (database != \'system\') GROUP BY database, `table`), proj_agg AS (SELECT database A
2026-08-02 02:43:45	169	3008808	48219127	106343	SELECT now64(6) as scrape_time_microseconds, \'j62zx3k\' AS pod_ident, \'boneaws-al-46\' AS spoken_name, \'cell-1\' AS cell, \'ap-south-1\' AS region, \'aws\' AS cloud_provider, \'26.2.1.525\' AS clickhouse_version, \'0fc3eaab-fbcb-4533-8825-9be9faaea781\' AS control_plane_id, \'aarch64\' AS system_processor, * FRO
2026-08-02 02:43:46	26	28155	6022593	24883	SELECT now64(6) as scrape_time_microseconds, \'j62zx3k\' AS pod_ident, \'boneaws-al-46\' AS spoken_name, \'cell-1\' AS cell, \'ap-south-1\' AS region, \'aws\' AS cloud_provider, \'26.2.1.525\' AS clickhouse_version, \'0fc3eaab-fbcb-4533-8825-9be9faaea781\' AS control_plane_id, \'aarch64\' AS system_processor, * FRO
2026-08-02 02:43:48	6	141	34970	141	SELECT             name,             value,             help,             JSONExtract(labels_serialized, \'Map(String, String)\') as labels,             type         FROM merge(system, \'^_custom_metrics_dictionary_.*\')         FORMAT Prometheus
2026-08-02 02:43:48	2	13	6340	1	             SELECT                 name,                 toJSONString(labels) as labels_serialized,                 value,                 help,                 type             FROM (                 SELECT   \'ClickHouse_CustomMetric_TotalMemoryUsedByDictionaries\' AS name,   toFloat64(SUM(bytes_al
2026-08-02 02:43:48	3	20	12866	0	             SELECT                 name,                 toJSONString(labels) as labels_serialized,                 value,                 help,                 type             FROM (                 SELECT   \'clickhouse_table_replica_readonly_start_timestamp_seconds\' as name,   toFloat64(toUnixTi
2026-08-02 02:43:51	1	1	1	1	SELECT version() FORMAT TabSeparated 
2026-08-02 02:43:52	15	6986	3823295	186	SELECT now64(6) as scrape_time_microseconds, \'j62zx3k\' AS pod_ident, \'boneaws-al-46\' AS spoken_name, \'cell-1\' AS cell, \'ap-south-1\' AS region, \'aws\' AS cloud_provider, \'26.2.1.525\' AS clickhouse_version, \'0fc3eaab-fbcb-4533-8825-9be9faaea781\' AS control_plane_id, \'aarch64\' AS system_processor, * FRO
2026-08-02 02:43:53	1	0	0	1	             SELECT                 name,                 toJSONString(labels) as labels_serialized,                 value,                 help,                 type             FROM (                 SELECT   \'ClickHouse_CustomMetric_TotalMemoryUsedByAsynchronousInserts\' AS name,   toFloat64(SUM(t
2026-08-02 02:43:53	2	15	1013	15	             SELECT                 name,                 toJSONString(labels) as labels_serialized,                 value,                 help,                 type             FROM (                 SELECT     \'ClickHouse_MetricsCollection_CustomMetricsSystemTable\' AS name,     toFloat64(1) AS va
2026-08-02 02:43:53	3	6	213	0	             SELECT                 name,                 toJSONString(labels) as labels_serialized,                 value,                 help,                 type             FROM (                 SELECT   \'ClickHouse_CustomMetric_DatabaseReplicatedRecoveryTime\' as name,   toFloat64(recovery_ti
2026-08-02 02:43:54	3	1	5438	1	SELECT count() FROM system.processes WHERE (initial_user NOT IN _CAST([\'backups-internal\', \'management-internal\', \'monitoring-internal\', \'observability-internal\', \'operator-internal\', \'prometheus-exporter\', \'prometheus-internal\', \'operator-cert-internal\', \'availability-monitoring-internal\', \'\'], \'Ar
2026-08-02 02:43:54	2	436	5796	1	SELECT countIf(database = \'system\') as systemParts, countIf(database != \'system\') as nonSystemParts FROM system.parts where active
2026-08-02 02:43:54	2	0	0	1	SELECT countIf(database = \'system\') as systemMerges, countIf(database != \'system\') as nonSystemMerges FROM system.merges
2026-08-02 02:43:58	2	0	0	0	             SELECT                 name,                 toJSONString(labels) as labels_serialized,                 value,                 help,                 type             FROM (                 SELECT   \'ClickHouse_CustomMetric_FailedMutations\' as name,   toFloat64(count()) as value,   \'The 
2026-08-02 02:43:58	2	59	472	1	             SELECT                 name,                 toJSONString(labels) as labels_serialized,                 value,                 help,                 type             FROM (                 SELECT   \'ClickHouse_CustomMetric_TotalMemoryUsedByDataSkippingIndices\' AS name,   toFloat64(SUM(d
2026-08-02 02:43:58	3	6	213	0	             SELECT                 name,                 toJSONString(labels) as labels_serialized,                 value,                 help,                 type             FROM (                 SELECT   \'ClickHouse_CustomMetric_SharedCatalogRecoveryTime\' as name,   toFloat64(recovery_time) a
2026-08-02 02:43:59	10	8175	2422051	578	SELECT now64(6) as scrape_time_microseconds, \'j62zx3k\' AS pod_ident, \'boneaws-al-46\' AS spoken_name, \'cell-1\' AS cell, \'ap-south-1\' AS region, \'aws\' AS cloud_provider, \'26.2.1.525\' AS clickhouse_version, \'0fc3eaab-fbcb-4533-8825-9be9faaea781\' AS control_plane_id, \'aarch64\' AS system_processor, * FRO
2026-08-02 02:43:59	2	0	8	1	SELECT count() FROM system.backups where status IN (0,3)
2026-08-02 02:43:59	3	1	5472	1	SELECT count() FROM system.processes WHERE (elapsed > _CAST(0, \'Int64\')) AND (initial_user NOT IN _CAST([\'backups-internal\', \'management-internal\', \'monitoring-internal\', \'observability-internal\', \'operator-internal\', \'prometheus-exporter\', \'prometheus-internal\', \'operator-cert-internal\', \'availabil
2026-08-02 02:44:02	19	120	1680	1	SELECT avg(ProfileEvent_OSCPUWaitMicroseconds) as cpu_wait FROM  system.metric_log  WHERE event_time > now() - INTERVAL 2 MINUTE AND event_date >= yesterday()
2026-08-02 02:44:02	4	2	10208	2	SELECT count() as count, sum(elapsed) as total_elapsed, \'lh\' as usr FROM system.processes  WHERE user = \'observability-internal\' AND client_hostname LIKE \'loghouse-scraper%\'  UNION ALL SELECT count() as count, sum(elapsed) as total_elapsed, \'other\' as usr FROM system.processes  WHERE user != \'observ
2026-08-02 02:44:02	1	876	366590	1	SELECT value FROM system.asynchronous_metrics WHERE metric = \'OSMemoryAvailable\' ;
2026-08-02 02:44:03	5	141	34970	141	SELECT             name,             value,             help,             JSONExtract(labels_serialized, \'Map(String, String)\') as labels,             type         FROM merge(system, \'^_custom_metrics_dictionary_.*\')         FORMAT Prometheus
2026-08-02 02:44:03	2	0	0	1	             SELECT                 name,                 toJSONString(labels) as labels_serialized,                 value,                 help,                 type             FROM (                 SELECT   \'ClickHouse_CustomMetric_TotalMemoryUsedByMerges\' AS name,   toFloat64(SUM(memory_usage))
2026-08-02 02:44:03	2	13	6340	1	             SELECT                 name,                 toJSONString(labels) as labels_serialized,                 value,                 help,                 type             FROM (                 SELECT   \'ClickHouse_CustomMetric_TotalMemoryUsedByDictionaries\' AS name,   toFloat64(SUM(bytes_al
2026-08-02 02:44:04	6	141	34970	141	SELECT             name,             value,             help,             JSONExtract(labels_serialized, \'Map(String, String)\') as labels,             type         FROM merge(system, \'^_custom_metrics_dictionary_.*\')         FORMAT Prometheus
2026-08-02 02:44:04	3	2	12834	1	SELECT count() FROM system.processes WHERE (initial_user NOT IN _CAST([\'backups-internal\', \'management-internal\', \'monitoring-internal\', \'observability-internal\', \'operator-internal\', \'prometheus-exporter\', \'prometheus-internal\', \'operator-cert-internal\', \'availability-monitoring-internal\', \'\'], \'Ar
2026-08-02 02:44:04	2	433	5751	1	SELECT countIf(database = \'system\') as systemParts, countIf(database != \'system\') as nonSystemParts FROM system.parts where active
2026-08-02 02:44:04	24	3174	595884	129	SELECT CAST(\'0fc3eaab-fbcb-4533-8825-9be9faaea781\', \'UUID\') AS instance_id, CAST(\'c-boneaws-al-46-server-j62zx3k-0\', \'LowCardinality(String)\') AS node_id, CAST(name, \'LowCardinality(String)\') AS metric, CAST(mapFilter((k, v) -> has(_CAST([\'remote\'], \'Array(String)\'), k), labels), \'Map(LowCardinality
2026-08-02 02:44:04	1	0	0	1	SELECT countIf(database = \'system\') as systemMerges, countIf(database != \'system\') as nonSystemMerges FROM system.merges
2026-08-02 02:44:05	2	13	6340	1	SELECT count(*) FROM system.dictionaries
2026-08-02 02:44:05	2	13	6340	13	SELECT  now64(6) as scrape_time_microseconds, \'j62zx3k\' AS pod_ident, \'boneaws-al-46\' AS spoken_name, \'cell-1\' AS cell, \'ap-south-1\' AS region, \'aws\' AS cloud_provider, \'26.2.1.525\' AS clickhouse_version, \'0fc3eaab-fbcb-4533-8825-9be9faaea781\' AS control_plane_id, \'aarch64\' AS system_processor, * FR
2026-08-02 02:44:05	2	38	2204	1	SELECT toString(ts), events_sent, events_stored, open_sessions, peak, watermark, running, speed FROM sony.replay_state ORDER BY ts DESC LIMIT 1 FORMAT TabSeparated 
2026-08-02 02:44:05	35	168248	13259336	21	SELECT platform, uniqExact(video_session_id) AS sessions FROM sony.session_active_intervals FINAL WHERE platform != \'\'  GROUP BY platform ORDER BY sessions DESC FORMAT TabSeparated 
2026-08-02 02:44:05	6	91	1222	52	 SELECT toString(minute), toInt32(c) FROM (   SELECT minute, sum(sum(delta)) OVER (ORDER BY minute) AS c   FROM sony.replay_delta WHERE 1=1    GROUP BY minute ORDER BY minute) WHERE minute <= (SELECT toDateTime(ifNull(max(watermark), \'2100-01-01 00:00:00\'), \'UTC\')                  FROM sony.replay_s
2026-08-02 02:44:05	1	1	16	1	SELECT count() FROM sony.replay_raw FORMAT TabSeparated 
2026-08-02 02:44:05	4	53	520	2	 SELECT platform, max(c) AS peak FROM (   SELECT platform, minute,          sum(sum(delta)) OVER (PARTITION BY platform ORDER BY minute) AS c   FROM sony.replay_delta WHERE 1=1  GROUP BY platform, minute) GROUP BY platform ORDER BY peak DESC LIMIT 12 FORMAT TabSeparated 
2026-08-02 02:44:06	280	0	0	0	TRUNCATE TABLE IF EXISTS sony.concurrency_minute_delta
2026-08-02 02:44:06	280	0	0	0	TRUNCATE TABLE IF EXISTS sony.concurrency_minute_delta 
2026-08-02 02:44:07	62	0	0	0	CREATE TABLE sony.stage_content_dim UUID \'8d46dabc-cca3-4cc1-9530-04a1c2dadd4c\' (`c0` String, `c1` String, `c2` String, `c3` String, `c4` String) ENGINE = SharedMergeTree ORDER BY tuple()
2026-08-02 02:44:07	128	0	0	0	CREATE TABLE sony.stage_content_dim (c0 String, c1 String, c2 String, c3 String, c4 String) ENGINE = MergeTree ORDER BY tuple() 
2026-08-02 02:44:08	95	0	0	33326	INSERT INTO sony.stage_content_dim (c0, c1, c2, c3, c4) FORMAT CSV
2026-08-02 02:44:08	730	33326	1442595	33326	INSERT INTO sony.stage_content_dim FORMAT CSV 
2026-08-02 02:44:08	2	59	472	1	             SELECT                 name,                 toJSONString(labels) as labels_serialized,                 value,                 help,                 type             FROM (                 SELECT   \'ClickHouse_CustomMetric_TotalMemoryUsedByDataSkippingIndices\' AS name,   toFloat64(SUM(d
2026-08-02 02:44:08	1	1	16	1	SELECT count() FROM sony.content_dim FORMAT TabSeparated 
2026-08-02 02:44:09	2	38	2204	1	SELECT toString(ts), events_sent, events_stored, open_sessions, peak, watermark, running, speed FROM sony.replay_state ORDER BY ts DESC LIMIT 1 FORMAT TabSeparated 
2026-08-02 02:44:09	6	91	1222	52	 SELECT toString(minute), toInt32(c) FROM (   SELECT minute, sum(sum(delta)) OVER (ORDER BY minute) AS c   FROM sony.replay_delta WHERE 1=1    GROUP BY minute ORDER BY minute) WHERE minute <= (SELECT toDateTime(ifNull(max(watermark), \'2100-01-01 00:00:00\'), \'UTC\')                  FROM sony.replay_s
2026-08-02 02:44:09	27	0	0	0	DROP TABLE IF EXISTS sony.stage_content_dim
2026-08-02 02:44:09	34	0	0	0	DROP TABLE IF EXISTS sony.stage_content_dim 
2026-08-02 02:44:09	1	1	1	1	SELECT displayName(), version(), revision(), timezone()
2026-08-02 02:44:09	1	1	16	1	SELECT count() FROM sony.content_dim FORMAT TabSeparated 
2026-08-02 02:44:10	77	0	0	0	CREATE TABLE sony.stage_raw_events UUID \'a05da3bf-9d77-446f-a829-cb927d31a5a2\' (`c0` String, `c1` String, `c2` String, `c3` String, `c4` String, `c5` String, `c6` String, `c7` String, `c8` String, `c9` String, `c10` String, `c11` String, `c12` String, `c13` String) ENGINE = SharedMergeTree ORDER BY 
2026-08-02 02:44:10	142	0	0	0	CREATE TABLE sony.stage_raw_events (c0 String, c1 String, c2 String, c3 String, c4 String, c5 String, c6 String, c7 String, c8 String, c9 String, c10 String, c11 String, c12 String, c13 String) ENGINE = MergeTree ORDER BY tuple() 
2026-08-02 02:44:10	1	1	1	1	SELECT 1;
2026-08-02 02:44:13	3	6	213	0	             SELECT                 name,                 toJSONString(labels) as labels_serialized,                 value,                 help,                 type             FROM (                 SELECT   \'ClickHouse_CustomMetric_SharedCatalogRecoveryTime\' as name,   toFloat64(recovery_time) a
2026-08-02 02:44:13	22	36	0	1	SELECT countIf(is_open) FROM sony.replay_intervals FORMAT TabSeparated 
2026-08-02 02:44:14	3	2	6511	1	SELECT count() FROM system.processes WHERE (initial_user NOT IN _CAST([\'backups-internal\', \'management-internal\', \'monitoring-internal\', \'observability-internal\', \'operator-internal\', \'prometheus-exporter\', \'prometheus-internal\', \'operator-cert-internal\', \'availability-monitoring-internal\', \'\'], \'Ar
2026-08-02 02:44:14	2	101	1447	1	SELECT countIf(database = \'system\') as systemParts, countIf(database != \'system\') as nonSystemParts FROM system.parts where active
2026-08-02 02:44:14	3	0	0	1	SELECT countIf(database = \'system\') as systemMerges, countIf(database != \'system\') as nonSystemMerges FROM system.merges
2026-08-02 02:44:17	8	2673	1597982	80	SELECT now64(6) as scrape_time_microseconds, \'j62zx3k\' AS pod_ident, \'boneaws-al-46\' AS spoken_name, \'cell-1\' AS cell, \'ap-south-1\' AS region, \'aws\' AS cloud_provider, \'26.2.1.525\' AS clickhouse_version, \'0fc3eaab-fbcb-4533-8825-9be9faaea781\' AS control_plane_id, \'aarch64\' AS system_processor, * FRO
2026-08-02 02:44:17	2	38	2204	1	SELECT toString(ts), events_sent, events_stored, open_sessions, peak, watermark, running, speed FROM sony.replay_state ORDER BY ts DESC LIMIT 1 FORMAT TabSeparated 
2026-08-02 02:44:17	3	36	0	1	SELECT countIf(is_open) FROM sony.replay_intervals FORMAT TabSeparated 
2026-08-02 02:44:18	5	141	34970	141	SELECT             name,             value,             help,             JSONExtract(labels_serialized, \'Map(String, String)\') as labels,             type         FROM merge(system, \'^_custom_metrics_dictionary_.*\')         FORMAT Prometheus
2026-08-02 02:44:18	2	2	6143	1	             SELECT                 name,                 toJSONString(labels) as labels_serialized,                 value,                 help,                 type             FROM (                 SELECT   \'ClickHouse_CustomMetric_TotalMemoryUsedByQueries\' AS name,   toFloat64(SUM(peak_memory_u
2026-08-02 02:44:21	3	36	0	1	SELECT countIf(is_open) FROM sony.replay_intervals FORMAT TabSeparated 
2026-08-02 02:44:22	6	91	1222	52	 SELECT toString(minute), toInt32(c) FROM (   SELECT minute, sum(sum(delta)) OVER (ORDER BY minute) AS c   FROM sony.replay_delta WHERE 1=1    GROUP BY minute ORDER BY minute) WHERE minute <= (SELECT toDateTime(ifNull(max(watermark), \'2100-01-01 00:00:00\'), \'UTC\')                  FROM sony.replay_s
2026-08-02 02:44:23	3	38	2204	1	SELECT toString(ts), events_sent, events_stored, open_sessions, peak, watermark, running, speed FROM sony.replay_state ORDER BY ts DESC LIMIT 1 FORMAT TabSeparated 
2026-08-02 02:44:23	6	91	1222	52	 SELECT toString(minute), toInt32(c) FROM (   SELECT minute, sum(sum(delta)) OVER (ORDER BY minute) AS c   FROM sony.replay_delta WHERE 1=1    GROUP BY minute ORDER BY minute) WHERE minute <= (SELECT toDateTime(ifNull(max(watermark), \'2100-01-01 00:00:00\'), \'UTC\')                  FROM sony.replay_s
2026-08-02 02:44:23	1	10	3536	10	             SELECT                 name,                 toJSONString(labels) as labels_serialized,                 value,                 help,                 type             FROM (                 SELECT   concat(\'clickhouse_\', system.dimensional_metrics.metric) AS name,   toFloat64(system.dime
2026-08-02 02:44:23	1	0	0	1	             SELECT                 name,                 toJSONString(labels) as labels_serialized,                 value,                 help,                 type             FROM (                 SELECT   \'ClickHouse_CustomMetric_TotalMemoryUsedByAsynchronousInserts\' AS name,   toFloat64(SUM(t
2026-08-02 02:44:23	1	1	16	1	SELECT count() FROM sony.replay_raw FORMAT TabSeparated 
2026-08-02 02:44:24	3	4	15622	1	SELECT count() FROM system.processes WHERE (initial_user NOT IN _CAST([\'backups-internal\', \'management-internal\', \'monitoring-internal\', \'observability-internal\', \'operator-internal\', \'prometheus-exporter\', \'prometheus-internal\', \'operator-cert-internal\', \'availability-monitoring-internal\', \'\'], \'Ar
2026-08-02 02:44:24	2	103	1475	1	SELECT countIf(database = \'system\') as systemParts, countIf(database != \'system\') as nonSystemParts FROM system.parts where active
2026-08-02 02:44:24	2	0	0	1	SELECT countIf(database = \'system\') as systemMerges, countIf(database != \'system\') as nonSystemMerges FROM system.merges
2026-08-02 02:44:24	23	3203	600038	129	SELECT CAST(\'0fc3eaab-fbcb-4533-8825-9be9faaea781\', \'UUID\') AS instance_id, CAST(\'c-boneaws-al-46-server-j62zx3k-0\', \'LowCardinality(String)\') AS node_id, CAST(name, \'LowCardinality(String)\') AS metric, CAST(mapFilter((k, v) -> has(_CAST([\'remote\'], \'Array(String)\'), k), labels), \'Map(LowCardinality
2026-08-02 02:44:24	611	0	0	241463	INSERT INTO sony.stage_raw_events (c0, c1, c2, c3, c4, c5, c6, c7, c8, c9, c10, c11, c12, c13) FORMAT CSV
2026-08-02 02:44:24	13034	241463	65755475	241463	INSERT INTO sony.stage_raw_events FORMAT CSV 
2026-08-02 02:44:25	6	91	1222	52	 SELECT toString(minute), toInt32(c) FROM (   SELECT minute, sum(sum(delta)) OVER (ORDER BY minute) AS c   FROM sony.replay_delta WHERE 1=1    GROUP BY minute ORDER BY minute) WHERE minute <= (SELECT toDateTime(ifNull(max(watermark), \'2100-01-01 00:00:00\'), \'UTC\')                  FROM sony.replay_s
2026-08-02 02:44:26	19	53	520	2	 SELECT platform, max(c) AS peak FROM (   SELECT platform, minute,          sum(sum(delta)) OVER (PARTITION BY platform ORDER BY minute) AS c   FROM sony.replay_delta WHERE 1=1  GROUP BY platform, minute) GROUP BY platform ORDER BY peak DESC LIMIT 12 FORMAT TabSeparated 
2026-08-02 02:44:28	1	1	16	1	SELECT count() FROM sony.replay_raw FORMAT TabSeparated 
2026-08-02 02:44:28	3	36	0	1	SELECT countIf(is_open) FROM sony.replay_intervals FORMAT TabSeparated 
2026-08-02 02:44:28	4	53	520	2	 SELECT platform, max(c) AS peak FROM (   SELECT platform, minute,          sum(sum(delta)) OVER (PARTITION BY platform ORDER BY minute) AS c   FROM sony.replay_delta WHERE 1=1  GROUP BY platform, minute) GROUP BY platform ORDER BY peak DESC LIMIT 12 FORMAT TabSeparated 
2026-08-02 02:44:28	3	21	13503	0	             SELECT                 name,                 toJSONString(labels) as labels_serialized,                 value,                 help,                 type             FROM (                 SELECT   \'clickhouse_table_replica_readonly_start_timestamp_seconds\' as name,   toFloat64(toUnixTi
2026-08-02 02:44:30	2	0	0	1	SELECT sum(intDiv(active_end_ms,60000)-intDiv(active_start_ms,60000)+1) FROM sony.session_active_intervals FINAL FORMAT TabSeparated 
2026-08-02 02:44:31	7	0	0	1	SELECT toString(min(minute)), toString(max(minute)) FROM sony.concurrency_delta_all FORMAT TabSeparated 
2026-08-02 02:44:31	2	0	0	1	SELECT arraySort(groupUniqArrayIf(platform, platform != \'\')), arraySort(groupUniqArrayIf(country, country != \'\')), arraySort(groupUniqArrayIf(video_type, video_type != \'\')), arraySort(groupUniqArrayIf(category, category != \'\')), arraySort(groupUniqArrayIf(close_reason, close_reason != \'\')) FROM sony
2026-08-02 02:44:32	14	356	4984	1	SELECT avg(ProfileEvent_OSCPUWaitMicroseconds) as cpu_wait FROM  system.metric_log  WHERE event_time > now() - INTERVAL 2 MINUTE AND event_date >= yesterday()
2026-08-02 02:44:32	4	6	14210	2	SELECT count() as count, sum(elapsed) as total_elapsed, \'lh\' as usr FROM system.processes  WHERE user = \'observability-internal\' AND client_hostname LIKE \'loghouse-scraper%\'  UNION ALL SELECT count() as count, sum(elapsed) as total_elapsed, \'other\' as usr FROM system.processes  WHERE user != \'observ
2026-08-02 02:44:32	1	887	368225	1	SELECT value FROM system.asynchronous_metrics WHERE metric = \'OSMemoryAvailable\' ;
2026-08-02 02:44:32	600	0	0	241251	INSERT INTO sony.stage_raw_events (c0, c1, c2, c3, c4, c5, c6, c7, c8, c9, c10, c11, c12, c13) FORMAT CSV
2026-08-02 02:44:32	6596	241251	65755498	241251	INSERT INTO sony.stage_raw_events FORMAT CSV 
2026-08-02 02:44:32	2	0	0	0	SELECT platform, uniqExact(video_session_id) AS sessions FROM sony.session_active_intervals FINAL WHERE platform != \'\'  GROUP BY platform ORDER BY sessions DESC FORMAT TabSeparated 
2026-08-02 02:44:33	6	158	39170	158	SELECT             name,             value,             help,             JSONExtract(labels_serialized, \'Map(String, String)\') as labels,             type         FROM merge(system, \'^_custom_metrics_dictionary_.*\')         FORMAT Prometheus
2026-08-02 02:44:33	2	0	0	0	SELECT close_reason, uniqExact(video_session_id) AS sessions FROM sony.session_active_intervals FINAL WHERE close_reason != \'\'  GROUP BY close_reason ORDER BY sessions DESC FORMAT TabSeparated 
2026-08-02 02:44:33	2	0	0	0	SELECT category, uniqExact(video_session_id) AS sessions FROM sony.session_active_intervals FINAL WHERE category != \'\'  GROUP BY category ORDER BY sessions DESC FORMAT TabSeparated 
2026-08-02 02:44:33	2	0	0	0	             SELECT                 name,                 toJSONString(labels) as labels_serialized,                 value,                 help,                 type             FROM (                 SELECT   \'ClickHouse_CustomMetric_FailedMutations\' as name,   toFloat64(count()) as value,   \'The 
2026-08-02 02:44:33	2	0	0	1	SELECT sum(rows) FROM system.parts WHERE database=\'sony\' AND table=\'raw_events\' AND active FORMAT TabSeparated 
2026-08-02 02:44:33	2	4	308	4	SELECT name, type FROM system.columns WHERE database=\'sony\' AND table=\'content_dim\' ORDER BY position FORMAT TabSeparated 
2026-08-02 02:44:34	6	158	39170	158	SELECT             name,             value,             help,             JSONExtract(labels_serialized, \'Map(String, String)\') as labels,             type         FROM merge(system, \'^_custom_metrics_dictionary_.*\')         FORMAT Prometheus
2026-08-02 02:44:34	4	2	6477	1	SELECT count() FROM system.processes WHERE (initial_user NOT IN _CAST([\'backups-internal\', \'management-internal\', \'monitoring-internal\', \'observability-internal\', \'operator-internal\', \'prometheus-exporter\', \'prometheus-internal\', \'operator-cert-internal\', \'availability-monitoring-internal\', \'\'], \'Ar
2026-08-02 02:44:34	2	110	1572	1	SELECT countIf(database = \'system\') as systemParts, countIf(database != \'system\') as nonSystemParts FROM system.parts where active
2026-08-02 02:44:34	1	0	0	1	SELECT countIf(database = \'system\') as systemMerges, countIf(database != \'system\') as nonSystemMerges FROM system.merges
2026-08-02 02:44:35	3	39	2001	16	 SELECT p.table AS t, sum(p.rows) AS rows, count() AS parts,        formatReadableSize(sum(p.bytes_on_disk)) AS size FROM system.parts AS p WHERE p.database = \'sony\' AND p.active GROUP BY p.table ORDER BY sum(p.bytes_on_disk) DESC FORMAT TabSeparated 
2026-08-02 02:44:35	3	4	1977	4	SELECT fingerprint, compatible, length(fields), arrayStringConcat(mapped, \', \') FROM sony.schema_registry GROUP BY fingerprint, compatible, fields, mapped LIMIT 8 FORMAT TabSeparated 
2026-08-02 02:44:38	4	6	623	6	 SELECT run_id, status, toString(started_at), round(duration_s, 1),        events, intervals, peak_concurrency, naive_peak,        if(oracle_match, \'exact\', \'DIVERGED\'), substring(git_commit, 1, 12) FROM sony.pipeline_runs FINAL ORDER BY started_at DESC LIMIT 6 FORMAT TabSeparated 
2026-08-02 02:44:38	2	15	1013	15	             SELECT                 name,                 toJSONString(labels) as labels_serialized,                 value,                 help,                 type             FROM (                 SELECT     \'ClickHouse_MetricsCollection_CustomMetricsSystemTable\' AS name,     toFloat64(1) AS va
2026-08-02 02:44:39	2	4	308	4	SELECT name, type FROM system.columns WHERE database=\'sony\' AND table=\'content_dim\' ORDER BY position FORMAT TabSeparated 
2026-08-02 02:44:40	2	0	0	0	SELECT category, uniqExact(video_session_id) AS sessions FROM sony.session_active_intervals FINAL WHERE category != \'\'  GROUP BY category ORDER BY sessions DESC FORMAT TabSeparated 
2026-08-02 02:44:44	3	4	14665	1	SELECT count() FROM system.processes WHERE (initial_user NOT IN _CAST([\'backups-internal\', \'management-internal\', \'monitoring-internal\', \'observability-internal\', \'operator-internal\', \'prometheus-exporter\', \'prometheus-internal\', \'operator-cert-internal\', \'availability-monitoring-internal\', \'\'], \'Ar
2026-08-02 02:44:44	3	111	1591	1	SELECT countIf(database = \'system\') as systemParts, countIf(database != \'system\') as nonSystemParts FROM system.parts where active
2026-08-02 02:44:44	2	0	0	1	SELECT countIf(database = \'system\') as systemMerges, countIf(database != \'system\') as nonSystemMerges FROM system.merges
2026-08-02 02:44:44	25	3203	600038	129	SELECT CAST(\'0fc3eaab-fbcb-4533-8825-9be9faaea781\', \'UUID\') AS instance_id, CAST(\'c-boneaws-al-46-server-j62zx3k-0\', \'LowCardinality(String)\') AS node_id, CAST(name, \'LowCardinality(String)\') AS metric, CAST(mapFilter((k, v) -> has(_CAST([\'remote\'], \'Array(String)\'), k), labels), \'Map(LowCardinality
2026-08-02 02:44:44	2	0	0	0	SELECT country, uniqExact(video_session_id) AS sessions FROM sony.session_active_intervals FINAL WHERE country != \'\'  GROUP BY country ORDER BY sessions DESC FORMAT TabSeparated 
2026-08-02 02:44:44	2	0	0	0	SELECT video_type, uniqExact(video_session_id) AS sessions FROM sony.session_active_intervals FINAL WHERE video_type != \'\'  GROUP BY video_type ORDER BY sessions DESC FORMAT TabSeparated 
2026-08-02 02:44:47	617	0	0	241513	INSERT INTO sony.stage_raw_events (c0, c1, c2, c3, c4, c5, c6, c7, c8, c9, c10, c11, c12, c13) FORMAT CSV
2026-08-02 02:44:47	14372	241513	65755595	241513	INSERT INTO sony.stage_raw_events FORMAT CSV 
2026-08-02 02:44:48	5	158	39170	158	SELECT             name,             value,             help,             JSONExtract(labels_serialized, \'Map(String, String)\') as labels,             type         FROM merge(system, \'^_custom_metrics_dictionary_.*\')         FORMAT Prometheus
2026-08-02 02:44:48	2	13	6340	1	             SELECT                 name,                 toJSONString(labels) as labels_serialized,                 value,                 help,                 type             FROM (                 SELECT   \'ClickHouse_CustomMetric_TotalMemoryUsedByDictionaries\' AS name,   toFloat64(SUM(bytes_al
2026-08-02 02:44:48	3	21	13503	0	             SELECT                 name,                 toJSONString(labels) as labels_serialized,                 value,                 help,                 type             FROM (                 SELECT   \'clickhouse_table_replica_readonly_start_timestamp_seconds\' as name,   toFloat64(toUnixTi
2026-08-02 02:44:49	4	6	623	6	 SELECT run_id, status, toString(started_at), round(duration_s, 1),        events, intervals, peak_concurrency, naive_peak,        if(oracle_match, \'exact\', \'DIVERGED\'), substring(git_commit, 1, 12) FROM sony.pipeline_runs FINAL ORDER BY started_at DESC LIMIT 6 FORMAT TabSeparated 
2026-08-02 02:44:52	3	6	623	6	 SELECT run_id, status, toString(started_at), round(duration_s, 1),        events, intervals, peak_concurrency, naive_peak,        if(oracle_match, \'exact\', \'DIVERGED\'), substring(git_commit, 1, 12) FROM sony.pipeline_runs FINAL ORDER BY started_at DESC LIMIT 6 FORMAT TabSeparated 
2026-08-02 02:44:53	2	13	6340	1	             SELECT                 name,                 toJSONString(labels) as labels_serialized,                 value,                 help,                 type             FROM (                 SELECT   \'ClickHouse_CustomMetric_TotalMemoryUsedByDictionaries\' AS name,   toFloat64(SUM(bytes_al
2026-08-02 02:44:53	3	6	213	0	             SELECT                 name,                 toJSONString(labels) as labels_serialized,                 value,                 help,                 type             FROM (                 SELECT   \'ClickHouse_CustomMetric_DatabaseReplicatedRecoveryTime\' as name,   toFloat64(recovery_ti
2026-08-02 02:44:54	3	3	7269	1	SELECT count() FROM system.processes WHERE (initial_user NOT IN _CAST([\'backups-internal\', \'management-internal\', \'monitoring-internal\', \'observability-internal\', \'operator-internal\', \'prometheus-exporter\', \'prometheus-internal\', \'operator-cert-internal\', \'availability-monitoring-internal\', \'\'], \'Ar
2026-08-02 02:44:54	2	116	1660	1	SELECT countIf(database = \'system\') as systemParts, countIf(database != \'system\') as nonSystemParts FROM system.parts where active
2026-08-02 02:44:54	1	0	0	1	SELECT countIf(database = \'system\') as systemMerges, countIf(database != \'system\') as nonSystemMerges FROM system.merges
2026-08-02 02:44:56	3	0	0	0	SELECT now64(6) as scrape_time_microseconds, \'j62zx3k\' AS pod_ident, \'boneaws-al-46\' AS spoken_name, \'cell-1\' AS cell, \'ap-south-1\' AS region, \'aws\' AS cloud_provider, \'26.2.1.525\' AS clickhouse_version, \'0fc3eaab-fbcb-4533-8825-9be9faaea781\' AS control_plane_id, \'aarch64\' AS system_processor, * FRO
2026-08-02 02:44:56	3	0	0	0	SELECT now64(6) as scrape_time_microseconds, \'j62zx3k\' AS pod_ident, \'boneaws-al-46\' AS spoken_name, \'cell-1\' AS cell, \'ap-south-1\' AS region, \'aws\' AS cloud_provider, \'26.2.1.525\' AS clickhouse_version, \'0fc3eaab-fbcb-4533-8825-9be9faaea781\' AS control_plane_id, \'aarch64\' AS system_processor, * FRO
2026-08-02 02:44:57	4	0	0	0	SELECT now64(6) as scrape_time_microseconds, \'j62zx3k\' AS pod_ident, \'boneaws-al-46\' AS spoken_name, \'cell-1\' AS cell, \'ap-south-1\' AS region, \'aws\' AS cloud_provider, \'26.2.1.525\' AS clickhouse_version, \'0fc3eaab-fbcb-4533-8825-9be9faaea781\' AS control_plane_id, \'aarch64\' AS system_processor, * FRO
2026-08-02 02:44:57	4	6	623	6	 SELECT run_id, status, toString(started_at), round(duration_s, 1),        events, intervals, peak_concurrency, naive_peak,        if(oracle_match, \'exact\', \'DIVERGED\'), substring(git_commit, 1, 12) FROM sony.pipeline_runs FINAL ORDER BY started_at DESC LIMIT 6 FORMAT TabSeparated 
2026-08-02 02:44:58	2	0	0	0	SELECT now64(6) as scrape_time_microseconds, \'j62zx3k\' AS pod_ident, \'boneaws-al-46\' AS spoken_name, \'cell-1\' AS cell, \'ap-south-1\' AS region, \'aws\' AS cloud_provider, \'26.2.1.525\' AS clickhouse_version, \'0fc3eaab-fbcb-4533-8825-9be9faaea781\' AS control_plane_id, \'aarch64\' AS system_processor, * FRO
2026-08-02 02:44:58	2	59	472	1	             SELECT                 name,                 toJSONString(labels) as labels_serialized,                 value,                 help,                 type             FROM (                 SELECT   \'ClickHouse_CustomMetric_TotalMemoryUsedByDataSkippingIndices\' AS name,   toFloat64(SUM(d
2026-08-02 02:44:58	2	13	6340	1	             SELECT                 name,                 toJSONString(labels) as labels_serialized,                 value,                 help,                 type             FROM (                 SELECT   \'ClickHouse_CustomMetric_TotalMemoryUsedByDictionaries\' AS name,   toFloat64(SUM(bytes_al
2026-08-02 02:44:59	3	0	0	0	SELECT now64(6) as scrape_time_microseconds, \'j62zx3k\' AS pod_ident, \'boneaws-al-46\' AS spoken_name, \'cell-1\' AS cell, \'ap-south-1\' AS region, \'aws\' AS cloud_provider, \'26.2.1.525\' AS clickhouse_version, \'0fc3eaab-fbcb-4533-8825-9be9faaea781\' AS control_plane_id, \'aarch64\' AS system_processor, * FRO
2026-08-02 02:45:00	7	0	0	0	SELECT now64(6) as scrape_time_microseconds, \'j62zx3k\' AS pod_ident, \'boneaws-al-46\' AS spoken_name, \'cell-1\' AS cell, \'ap-south-1\' AS region, \'aws\' AS cloud_provider, \'26.2.1.525\' AS clickhouse_version, \'0fc3eaab-fbcb-4533-8825-9be9faaea781\' AS control_plane_id, \'aarch64\' AS system_processor, * FRO
2026-08-02 02:45:02	5	0	0	0	SELECT now64(6) as scrape_time_microseconds, \'j62zx3k\' AS pod_ident, \'boneaws-al-46\' AS spoken_name, \'cell-1\' AS cell, \'ap-south-1\' AS region, \'aws\' AS cloud_provider, \'26.2.1.525\' AS clickhouse_version, \'0fc3eaab-fbcb-4533-8825-9be9faaea781\' AS control_plane_id, \'aarch64\' AS system_processor, * FRO
2026-08-02 02:45:02	18	386	5404	1	SELECT avg(ProfileEvent_OSCPUWaitMicroseconds) as cpu_wait FROM  system.metric_log  WHERE event_time > now() - INTERVAL 2 MINUTE AND event_date >= yesterday()
2026-08-02 02:45:02	6	6	13984	2	SELECT count() as count, sum(elapsed) as total_elapsed, \'lh\' as usr FROM system.processes  WHERE user = \'observability-internal\' AND client_hostname LIKE \'loghouse-scraper%\'  UNION ALL SELECT count() as count, sum(elapsed) as total_elapsed, \'other\' as usr FROM system.processes  WHERE user != \'observ
2026-08-02 02:45:02	2	887	368225	1	SELECT value FROM system.asynchronous_metrics WHERE metric = \'OSMemoryAvailable\' ;
2026-08-02 02:45:03	5	0	0	0	SELECT now64(6) as scrape_time_microseconds, \'j62zx3k\' AS pod_ident, \'boneaws-al-46\' AS spoken_name, \'cell-1\' AS cell, \'ap-south-1\' AS region, \'aws\' AS cloud_provider, \'26.2.1.525\' AS clickhouse_version, \'0fc3eaab-fbcb-4533-8825-9be9faaea781\' AS control_plane_id, \'aarch64\' AS system_processor, * FRO
2026-08-02 02:45:03	5	158	39170	158	SELECT             name,             value,             help,             JSONExtract(labels_serialized, \'Map(String, String)\') as labels,             type         FROM merge(system, \'^_custom_metrics_dictionary_.*\')         FORMAT Prometheus
2026-08-02 02:45:03	2	0	0	1	             SELECT                 name,                 toJSONString(labels) as labels_serialized,                 value,                 help,                 type             FROM (                 SELECT   \'ClickHouse_CustomMetric_TotalMemoryUsedByMerges\' AS name,   toFloat64(SUM(memory_usage))
2026-08-02 02:45:03	1	0	0	1	             SELECT                 name,                 toJSONString(labels) as labels_serialized,                 value,                 help,                 type             FROM (                 SELECT   \'ClickHouse_CustomMetric_TotalMemoryUsedByAsynchronousInserts\' AS name,   toFloat64(SUM(t
2026-08-02 02:45:03	2	15	1013	15	             SELECT                 name,                 toJSONString(labels) as labels_serialized,                 value,                 help,                 type             FROM (                 SELECT     \'ClickHouse_MetricsCollection_CustomMetricsSystemTable\' AS name,     toFloat64(1) AS va
2026-08-02 02:45:03	2	6	10611	1	             SELECT                 name,                 toJSONString(labels) as labels_serialized,                 value,                 help,                 type             FROM (                 SELECT   \'ClickHouse_CustomMetric_TotalMemoryUsedByQueries\' AS name,   toFloat64(SUM(peak_memory_u
2026-08-02 02:45:04	4	0	0	0	SELECT now64(6) as scrape_time_microseconds, \'j62zx3k\' AS pod_ident, \'boneaws-al-46\' AS spoken_name, \'cell-1\' AS cell, \'ap-south-1\' AS region, \'aws\' AS cloud_provider, \'26.2.1.525\' AS clickhouse_version, \'0fc3eaab-fbcb-4533-8825-9be9faaea781\' AS control_plane_id, \'aarch64\' AS system_processor, * FRO
2026-08-02 02:45:04	7	158	39170	158	SELECT             name,             value,             help,             JSONExtract(labels_serialized, \'Map(String, String)\') as labels,             type         FROM merge(system, \'^_custom_metrics_dictionary_.*\')         FORMAT Prometheus
2026-08-02 02:45:04	3	4	14665	1	SELECT count() FROM system.processes WHERE (initial_user NOT IN _CAST([\'backups-internal\', \'management-internal\', \'monitoring-internal\', \'observability-internal\', \'operator-internal\', \'prometheus-exporter\', \'prometheus-internal\', \'operator-cert-internal\', \'availability-monitoring-internal\', \'\'], \'Ar
2026-08-02 02:45:04	2	118	1690	1	SELECT countIf(database = \'system\') as systemParts, countIf(database != \'system\') as nonSystemParts FROM system.parts where active
2026-08-02 02:45:04	1	0	0	1	SELECT countIf(database = \'system\') as systemMerges, countIf(database != \'system\') as nonSystemMerges FROM system.merges
2026-08-02 02:45:04	24	3203	600038	129	SELECT CAST(\'0fc3eaab-fbcb-4533-8825-9be9faaea781\', \'UUID\') AS instance_id, CAST(\'c-boneaws-al-46-server-j62zx3k-0\', \'LowCardinality(String)\') AS node_id, CAST(name, \'LowCardinality(String)\') AS metric, CAST(mapFilter((k, v) -> has(_CAST([\'remote\'], \'Array(String)\'), k), labels), \'Map(LowCardinality
2026-08-02 02:45:05	9	8217	954665	1680	SELECT now64(6) as scrape_time_microseconds, \'j62zx3k\' AS pod_ident, \'boneaws-al-46\' AS spoken_name, \'cell-1\' AS cell, \'ap-south-1\' AS region, \'aws\' AS cloud_provider, \'26.2.1.525\' AS clickhouse_version, \'0fc3eaab-fbcb-4533-8825-9be9faaea781\' AS control_plane_id, \'aarch64\' AS system_processor, * FRO
2026-08-02 02:45:05	3	6	623	6	 SELECT run_id, status, toString(started_at), round(duration_s, 1),        events, intervals, peak_concurrency, naive_peak,        if(oracle_match, \'exact\', \'DIVERGED\'), substring(git_commit, 1, 12) FROM sony.pipeline_runs FINAL ORDER BY started_at DESC LIMIT 6 FORMAT TabSeparated 
2026-08-02 02:45:07	4	0	0	0	SELECT now64(6) as scrape_time_microseconds, \'j62zx3k\' AS pod_ident, \'boneaws-al-46\' AS spoken_name, \'cell-1\' AS cell, \'ap-south-1\' AS region, \'aws\' AS cloud_provider, \'26.2.1.525\' AS clickhouse_version, \'0fc3eaab-fbcb-4533-8825-9be9faaea781\' AS control_plane_id, \'aarch64\' AS system_processor, * FRO
2026-08-02 02:45:08	5	0	0	0	SELECT now64(6) as scrape_time_microseconds, \'j62zx3k\' AS pod_ident, \'boneaws-al-46\' AS spoken_name, \'cell-1\' AS cell, \'ap-south-1\' AS region, \'aws\' AS cloud_provider, \'26.2.1.525\' AS clickhouse_version, \'0fc3eaab-fbcb-4533-8825-9be9faaea781\' AS control_plane_id, \'aarch64\' AS system_processor, * FRO
2026-08-02 02:45:08	3	6	213	0	             SELECT                 name,                 toJSONString(labels) as labels_serialized,                 value,                 help,                 type             FROM (                 SELECT   \'ClickHouse_CustomMetric_DatabaseReplicatedRecoveryTime\' as name,   toFloat64(recovery_ti
2026-08-02 02:45:12	117	41	164	0	SELECT now64(6) as scrape_time_microseconds, \'j62zx3k\' AS pod_ident, \'boneaws-al-46\' AS spoken_name, \'cell-1\' AS cell, \'ap-south-1\' AS region, \'aws\' AS cloud_provider, \'26.2.1.525\' AS clickhouse_version, \'0fc3eaab-fbcb-4533-8825-9be9faaea781\' AS control_plane_id, \'aarch64\' AS system_processor, * FRO
2026-08-02 02:45:13	2	15	1013	15	             SELECT                 name,                 toJSONString(labels) as labels_serialized,                 value,                 help,                 type             FROM (                 SELECT     \'ClickHouse_MetricsCollection_CustomMetricsSystemTable\' AS name,     toFloat64(1) AS va
2026-08-02 02:45:13	3	6	213	0	             SELECT                 name,                 toJSONString(labels) as labels_serialized,                 value,                 help,                 type             FROM (                 SELECT   \'ClickHouse_CustomMetric_SharedCatalogRecoveryTime\' as name,   toFloat64(recovery_time) a
2026-08-02 02:45:14	4	3	7269	1	SELECT count() FROM system.processes WHERE (initial_user NOT IN _CAST([\'backups-internal\', \'management-internal\', \'monitoring-internal\', \'observability-internal\', \'operator-internal\', \'prometheus-exporter\', \'prometheus-internal\', \'operator-cert-internal\', \'availability-monitoring-internal\', \'\'], \'Ar
2026-08-02 02:45:14	2	106	1510	1	SELECT countIf(database = \'system\') as systemParts, countIf(database != \'system\') as nonSystemParts FROM system.parts where active
2026-08-02 02:45:14	2	0	0	1	SELECT countIf(database = \'system\') as systemMerges, countIf(database != \'system\') as nonSystemMerges FROM system.merges
2026-08-02 02:45:17	1	0	0	1	SELECT uniqExact(video_session_id) FROM sony.raw_events FORMAT TabSeparated 
2026-08-02 02:45:17	1	0	0	1	SELECT countIf(is_open) FROM sony.session_active_intervals FINAL FORMAT TabSeparated 
2026-08-02 02:45:18	6	165	40689	165	SELECT             name,             value,             help,             JSONExtract(labels_serialized, \'Map(String, String)\') as labels,             type         FROM merge(system, \'^_custom_metrics_dictionary_.*\')         FORMAT Prometheus
2026-08-02 02:45:18	2	0	0	0	             SELECT                 name,                 toJSONString(labels) as labels_serialized,                 value,                 help,                 type             FROM (                 SELECT   \'ClickHouse_CustomMetric_FailedMutations\' as name,   toFloat64(count()) as value,   \'The 
2026-08-02 02:45:23	1	10	3536	10	             SELECT                 name,                 toJSONString(labels) as labels_serialized,                 value,                 help,                 type             FROM (                 SELECT   concat(\'clickhouse_\', system.dimensional_metrics.metric) AS name,   toFloat64(system.dime
2026-08-02 02:45:23	1	0	0	1	             SELECT                 name,                 toJSONString(labels) as labels_serialized,                 value,                 help,                 type             FROM (                 SELECT   \'ClickHouse_CustomMetric_TotalMemoryUsedByAsynchronousInserts\' AS name,   toFloat64(SUM(t
2026-08-02 02:45:23	1	0	0	1	             SELECT                 name,                 toJSONString(labels) as labels_serialized,                 value,                 help,                 type             FROM (                 SELECT   \'ClickHouse_CustomMetric_TotalMemoryUsedByMerges\' AS name,   toFloat64(SUM(memory_usage))
2026-08-02 02:45:23	2	13	6340	1	             SELECT                 name,                 toJSONString(labels) as labels_serialized,                 value,                 help,                 type             FROM (                 SELECT   \'ClickHouse_CustomMetric_TotalMemoryUsedByDictionaries\' AS name,   toFloat64(SUM(bytes_al
2026-08-02 02:45:23	2	7	11847	1	             SELECT                 name,                 toJSONString(labels) as labels_serialized,                 value,                 help,                 type             FROM (                 SELECT   \'ClickHouse_CustomMetric_TotalMemoryUsedByQueries\' AS name,   toFloat64(SUM(peak_memory_u
2026-08-02 02:45:24	3	5	16389	1	SELECT count() FROM system.processes WHERE (initial_user NOT IN _CAST([\'backups-internal\', \'management-internal\', \'monitoring-internal\', \'observability-internal\', \'operator-internal\', \'prometheus-exporter\', \'prometheus-internal\', \'operator-cert-internal\', \'availability-monitoring-internal\', \'\'], \'Ar
2026-08-02 02:45:24	2	103	1463	1	SELECT countIf(database = \'system\') as systemParts, countIf(database != \'system\') as nonSystemParts FROM system.parts where active
2026-08-02 02:45:24	1	0	0	1	SELECT countIf(database = \'system\') as systemMerges, countIf(database != \'system\') as nonSystemMerges FROM system.merges
2026-08-02 02:45:24	25	3211	601111	129	SELECT CAST(\'0fc3eaab-fbcb-4533-8825-9be9faaea781\', \'UUID\') AS instance_id, CAST(\'c-boneaws-al-46-server-j62zx3k-0\', \'LowCardinality(String)\') AS node_id, CAST(name, \'LowCardinality(String)\') AS metric, CAST(mapFilter((k, v) -> has(_CAST([\'remote\'], \'Array(String)\'), k), labels), \'Map(LowCardinality
2026-08-02 02:45:24	636	0	0	241523	INSERT INTO sony.stage_raw_events (c0, c1, c2, c3, c4, c5, c6, c7, c8, c9, c10, c11, c12, c13) FORMAT CSV
2026-08-02 02:45:24	40467	241523	65755574	241523	INSERT INTO sony.stage_raw_events FORMAT CSV 
2026-08-02 02:45:25	630	0	0	241558	INSERT INTO sony.stage_raw_events (c0, c1, c2, c3, c4, c5, c6, c7, c8, c9, c10, c11, c12, c13) FORMAT CSV
2026-08-02 02:45:25	36968	241558	65755688	241558	INSERT INTO sony.stage_raw_events FORMAT CSV 
2026-08-02 02:45:31	2	0	0	0	SELECT platform, uniqExact(video_session_id) AS sessions FROM sony.session_active_intervals FINAL WHERE platform != \'\'  GROUP BY platform ORDER BY sessions DESC FORMAT TabSeparated 
2026-08-02 02:45:32	2	0	0	0	SELECT close_reason, uniqExact(video_session_id) AS sessions FROM sony.session_active_intervals FINAL WHERE close_reason != \'\'  GROUP BY close_reason ORDER BY sessions DESC FORMAT TabSeparated 
2026-08-02 02:45:32	18	416	5824	1	SELECT avg(ProfileEvent_OSCPUWaitMicroseconds) as cpu_wait FROM  system.metric_log  WHERE event_time > now() - INTERVAL 2 MINUTE AND event_date >= yesterday()
2026-08-02 02:45:32	5	6	13984	2	SELECT count() as count, sum(elapsed) as total_elapsed, \'lh\' as usr FROM system.processes  WHERE user = \'observability-internal\' AND client_hostname LIKE \'loghouse-scraper%\'  UNION ALL SELECT count() as count, sum(elapsed) as total_elapsed, \'other\' as usr FROM system.processes  WHERE user != \'observ
2026-08-02 02:45:32	1	886	368083	1	SELECT value FROM system.asynchronous_metrics WHERE metric = \'OSMemoryAvailable\' ;
2026-08-02 02:45:33	6	165	40689	165	SELECT             name,             value,             help,             JSONExtract(labels_serialized, \'Map(String, String)\') as labels,             type         FROM merge(system, \'^_custom_metrics_dictionary_.*\')         FORMAT Prometheus
2026-08-02 02:45:33	2	13	6340	1	             SELECT                 name,                 toJSONString(labels) as labels_serialized,                 value,                 help,                 type             FROM (                 SELECT   \'ClickHouse_CustomMetric_TotalMemoryUsedByDictionaries\' AS name,   toFloat64(SUM(bytes_al
2026-08-02 02:45:33	2	4	308	4	SELECT name, type FROM system.columns WHERE database=\'sony\' AND table=\'content_dim\' ORDER BY position FORMAT TabSeparated 
2026-08-02 02:45:34	4	12	691	6	SELECT toString(started_at), run_id, status, toString(events), toString(oracle_match), input_path FROM sony.pipeline_runs ORDER BY started_at DESC LIMIT 8 FORMAT TabSeparated 
2026-08-02 02:45:34	6	165	40689	165	SELECT             name,             value,             help,             JSONExtract(labels_serialized, \'Map(String, String)\') as labels,             type         FROM merge(system, \'^_custom_metrics_dictionary_.*\')         FORMAT Prometheus
2026-08-02 02:45:34	3	3	7269	1	SELECT count() FROM system.processes WHERE (initial_user NOT IN _CAST([\'backups-internal\', \'management-internal\', \'monitoring-internal\', \'observability-internal\', \'operator-internal\', \'prometheus-exporter\', \'prometheus-internal\', \'operator-cert-internal\', \'availability-monitoring-internal\', \'\'], \'Ar
2026-08-02 02:45:34	2	106	1508	1	SELECT countIf(database = \'system\') as systemParts, countIf(database != \'system\') as nonSystemParts FROM system.parts where active
2026-08-02 02:45:34	2	0	0	1	SELECT countIf(database = \'system\') as systemMerges, countIf(database != \'system\') as nonSystemMerges FROM system.merges
2026-08-02 02:45:38	20	20028	4960781	5478	SELECT now64(6) as scrape_time_microseconds, \'j62zx3k\' AS pod_ident, \'boneaws-al-46\' AS spoken_name, \'cell-1\' AS cell, \'ap-south-1\' AS region, \'aws\' AS cloud_provider, \'26.2.1.525\' AS clickhouse_version, \'0fc3eaab-fbcb-4533-8825-9be9faaea781\' AS control_plane_id, \'aarch64\' AS system_processor, * FRO
2026-08-02 02:45:38	2	59	472	1	             SELECT                 name,                 toJSONString(labels) as labels_serialized,                 value,                 help,                 type             FROM (                 SELECT   \'ClickHouse_CustomMetric_TotalMemoryUsedByDataSkippingIndices\' AS name,   toFloat64(SUM(d
2026-08-02 02:45:38	3	21	13503	0	             SELECT                 name,                 toJSONString(labels) as labels_serialized,                 value,                 help,                 type             FROM (                 SELECT   \'clickhouse_table_replica_readonly_start_timestamp_seconds\' as name,   toFloat64(toUnixTi
2026-08-02 02:45:39	16	16646	4241906	10728	SELECT now64(6) as scrape_time_microseconds, \'j62zx3k\' AS pod_ident, \'boneaws-al-46\' AS spoken_name, \'cell-1\' AS cell, \'ap-south-1\' AS region, \'aws\' AS cloud_provider, \'26.2.1.525\' AS clickhouse_version, \'0fc3eaab-fbcb-4533-8825-9be9faaea781\' AS control_plane_id, \'aarch64\' AS system_processor, * FRO
2026-08-02 02:45:40	21	1274	3096597	342	SELECT now64(6) as scrape_time_microseconds, \'j62zx3k\' AS pod_ident, \'boneaws-al-46\' AS spoken_name, \'cell-1\' AS cell, \'ap-south-1\' AS region, \'aws\' AS cloud_provider, \'26.2.1.525\' AS clickhouse_version, \'0fc3eaab-fbcb-4533-8825-9be9faaea781\' AS control_plane_id, \'aarch64\' AS system_processor, * FRO
2026-08-02 02:45:41	217	803	2258452	120	SELECT now64(6) as scrape_time_microseconds, \'j62zx3k\' AS pod_ident, \'boneaws-al-46\' AS spoken_name, \'cell-1\' AS cell, \'ap-south-1\' AS region, \'aws\' AS cloud_provider, \'26.2.1.525\' AS clickhouse_version, \'0fc3eaab-fbcb-4533-8825-9be9faaea781\' AS control_plane_id, \'aarch64\' AS system_processor, * FRO
2026-08-02 02:45:44	5	378	114440	5	WITH metrics AS (SELECT name AS metric, toFloat64(value) AS val, now() AS ts FROM system.server_settings WHERE multiMatchAny(name, _CAST([\'^max_database_num_to_throw$\', \'^max_database_num_to_warn$\', \'^max_table_num_to_throw$\', \'^max_table_num_to_warn$\', \'^max_concurrent_queries$\'], \'Array(String)\'))
2026-08-02 02:45:44	5	0	0	0	WITH source AS (SELECT [\'matview_execution_total\', if(exception_code != 0, \'matview_execution_fail\', \'\')] AS metrics, event_time AS ts FROM system.query_views_log WHERE (status != \'QueryStart\') AND (event_date >= toDate(_CAST(\'1785638589.333\', \'DateTime64\'))) AND (event_time >= toDateTime(_CAST(\'178
2026-08-02 02:45:44	9	139264	2090264	1560	SELECT CAST(\'0fc3eaab-fbcb-4533-8825-9be9faaea781\', \'UUID\') AS control_plane_id, CAST(\'c-boneaws-al-46-server-j62zx3k-0\', \'LowCardinality(String)\') AS pod_id, CAST(now64(), \'DateTime64(6)\') AS scrape_ts_microseconds, CAST(event_date, \'Date\') AS event_date, CAST(event_time, \'DateTime\') AS event_time,
2026-08-02 02:45:44	3	10	41496	1	SELECT count() FROM system.processes WHERE (initial_user NOT IN _CAST([\'backups-internal\', \'management-internal\', \'monitoring-internal\', \'observability-internal\', \'operator-internal\', \'prometheus-exporter\', \'prometheus-internal\', \'operator-cert-internal\', \'availability-monitoring-internal\', \'\'], \'Ar
2026-08-02 02:45:44	11	7315	109711	14	WITH metrics AS (SELECT multiIf((event_type = \'MergeParts\') AND (error = 0), \'merges_finished\', (event_type = \'MergeParts\') AND (error != 0), \'merges_failed\', (event_type = \'MutatePart\') AND (error = 0), \'mutate_part_finished\', (event_type = \'MutatePart\') AND (error != 0), \'mutate_part_failed\', NULL
2026-08-02 02:45:44	2	107	1523	1	SELECT countIf(database = \'system\') as systemParts, countIf(database != \'system\') as nonSystemParts FROM system.parts where active
2026-08-02 02:45:44	1	0	0	1	SELECT countIf(database = \'system\') as systemMerges, countIf(database != \'system\') as nonSystemMerges FROM system.merges
2026-08-02 02:45:44	16	0	0	1	WITH failed_mutations AS (SELECT toDateTime(create_time) AS ts, count() AS val FROM system.mutations WHERE (ts > toDateTime(_CAST(\'1785638589.333\', \'DateTime64\'))) AND (ts <= toDateTime(_CAST(\'1785638709.333\', \'DateTime64\'))) AND (latest_failed_part != \'\') AND (is_done = 0) GROUP BY ts), failed_muta
2026-08-02 02:45:44	24	3211	601111	129	SELECT CAST(\'0fc3eaab-fbcb-4533-8825-9be9faaea781\', \'UUID\') AS instance_id, CAST(\'c-boneaws-al-46-server-j62zx3k-0\', \'LowCardinality(String)\') AS node_id, CAST(name, \'LowCardinality(String)\') AS metric, CAST(mapFilter((k, v) -> has(_CAST([\'remote\'], \'Array(String)\'), k), labels), \'Map(LowCardinality
2026-08-02 02:45:44	56	416	137948	120	SELECT CAST(\'0fc3eaab-fbcb-4533-8825-9be9faaea781\', \'UUID\') AS control_plane_id, CAST(\'c-boneaws-al-46-server-j62zx3k-0\', \'LowCardinality(String)\') AS pod_id, CAST(now64(), \'DateTime64(6)\') AS scrape_ts_microseconds, CAST(event_date, \'Date\') AS event_date, CAST(event_time, \'DateTime\') AS event_time,
2026-08-02 02:45:44	156	813	230098	25	WITH parts_agg AS (SELECT database AS agg_database, `table` AS agg_table, SUM(primary_key_size) AS primary_index_size, SUM(secondary_indices_compressed_bytes) AS secondary_index_size FROM system.parts WHERE active AND (database != \'system\') GROUP BY database, `table`), proj_agg AS (SELECT database A
2026-08-02 02:45:44	4	6	623	6	 SELECT run_id, status, toString(started_at), round(duration_s, 1),        events, intervals, peak_concurrency, naive_peak,        if(oracle_match, \'exact\', \'DIVERGED\'), substring(git_commit, 1, 12) FROM sony.pipeline_runs FINAL ORDER BY started_at DESC LIMIT 6 FORMAT TabSeparated 
2026-08-02 02:45:45	179	3274158	52469366	106212	SELECT now64(6) as scrape_time_microseconds, \'j62zx3k\' AS pod_ident, \'boneaws-al-46\' AS spoken_name, \'cell-1\' AS cell, \'ap-south-1\' AS region, \'aws\' AS cloud_provider, \'26.2.1.525\' AS clickhouse_version, \'0fc3eaab-fbcb-4533-8825-9be9faaea781\' AS control_plane_id, \'aarch64\' AS system_processor, * FRO
2026-08-02 02:45:46	23	26847	5763214	21321	SELECT now64(6) as scrape_time_microseconds, \'j62zx3k\' AS pod_ident, \'boneaws-al-46\' AS spoken_name, \'cell-1\' AS cell, \'ap-south-1\' AS region, \'aws\' AS cloud_provider, \'26.2.1.525\' AS clickhouse_version, \'0fc3eaab-fbcb-4533-8825-9be9faaea781\' AS control_plane_id, \'aarch64\' AS system_processor, * FRO
2026-08-02 02:45:47	4	6	623	6	 SELECT run_id, status, toString(started_at), round(duration_s, 1),        events, intervals, peak_concurrency, naive_peak,        if(oracle_match, \'exact\', \'DIVERGED\'), substring(git_commit, 1, 12) FROM sony.pipeline_runs FINAL ORDER BY started_at DESC LIMIT 6 FORMAT TabSeparated 
2026-08-02 02:45:48	7	165	40689	165	SELECT             name,             value,             help,             JSONExtract(labels_serialized, \'Map(String, String)\') as labels,             type         FROM merge(system, \'^_custom_metrics_dictionary_.*\')         FORMAT Prometheus
2026-08-02 02:45:48	2	4	8121	1	             SELECT                 name,                 toJSONString(labels) as labels_serialized,                 value,                 help,                 type             FROM (                 SELECT   \'ClickHouse_CustomMetric_TotalMemoryUsedByQueries\' AS name,   toFloat64(SUM(peak_memory_u
2026-08-02 02:45:48	2	13	6340	1	             SELECT                 name,                 toJSONString(labels) as labels_serialized,                 value,                 help,                 type             FROM (                 SELECT   \'ClickHouse_CustomMetric_TotalMemoryUsedByDictionaries\' AS name,   toFloat64(SUM(bytes_al
2026-08-02 02:45:52	16	7238	3960602	153	SELECT now64(6) as scrape_time_microseconds, \'j62zx3k\' AS pod_ident, \'boneaws-al-46\' AS spoken_name, \'cell-1\' AS cell, \'ap-south-1\' AS region, \'aws\' AS cloud_provider, \'26.2.1.525\' AS clickhouse_version, \'0fc3eaab-fbcb-4533-8825-9be9faaea781\' AS control_plane_id, \'aarch64\' AS system_processor, * FRO
2026-08-02 02:45:53	3	6	213	0	             SELECT                 name,                 toJSONString(labels) as labels_serialized,                 value,                 help,                 type             FROM (                 SELECT   \'ClickHouse_CustomMetric_SharedCatalogRecoveryTime\' as name,   toFloat64(recovery_time) a
2026-08-02 02:45:54	3	3	7269	1	SELECT count() FROM system.processes WHERE (initial_user NOT IN _CAST([\'backups-internal\', \'management-internal\', \'monitoring-internal\', \'observability-internal\', \'operator-internal\', \'prometheus-exporter\', \'prometheus-internal\', \'operator-cert-internal\', \'availability-monitoring-internal\', \'\'], \'Ar
2026-08-02 02:45:54	2	108	1538	1	SELECT countIf(database = \'system\') as systemParts, countIf(database != \'system\') as nonSystemParts FROM system.parts where active
2026-08-02 02:45:54	1	0	0	1	SELECT countIf(database = \'system\') as systemMerges, countIf(database != \'system\') as nonSystemMerges FROM system.merges
2026-08-02 02:45:54	4	6	623	6	 SELECT run_id, status, toString(started_at), round(duration_s, 1),        events, intervals, peak_concurrency, naive_peak,        if(oracle_match, \'exact\', \'DIVERGED\'), substring(git_commit, 1, 12) FROM sony.pipeline_runs FINAL ORDER BY started_at DESC LIMIT 6 FORMAT TabSeparated 
2026-08-02 02:45:58	2	0	0	0	             SELECT                 name,                 toJSONString(labels) as labels_serialized,                 value,                 help,                 type             FROM (                 SELECT   \'ClickHouse_CustomMetric_FailedMutations\' as name,   toFloat64(count()) as value,   \'The 
2026-08-02 02:45:59	10	8232	2440005	383	SELECT now64(6) as scrape_time_microseconds, \'j62zx3k\' AS pod_ident, \'boneaws-al-46\' AS spoken_name, \'cell-1\' AS cell, \'ap-south-1\' AS region, \'aws\' AS cloud_provider, \'26.2.1.525\' AS clickhouse_version, \'0fc3eaab-fbcb-4533-8825-9be9faaea781\' AS control_plane_id, \'aarch64\' AS system_processor, * FRO
2026-08-02 02:45:59	4	6	623	6	 SELECT run_id, status, toString(started_at), round(duration_s, 1),        events, intervals, peak_concurrency, naive_peak,        if(oracle_match, \'exact\', \'DIVERGED\'), substring(git_commit, 1, 12) FROM sony.pipeline_runs FINAL ORDER BY started_at DESC LIMIT 6 FORMAT TabSeparated 
2026-08-02 02:46:00	613	0	0	241339	INSERT INTO sony.stage_raw_events (c0, c1, c2, c3, c4, c5, c6, c7, c8, c9, c10, c11, c12, c13) FORMAT CSV
2026-08-02 02:46:00	35896	241339	65755397	241339	INSERT INTO sony.stage_raw_events FORMAT CSV 
2026-08-02 02:46:02	18	446	6244	1	SELECT avg(ProfileEvent_OSCPUWaitMicroseconds) as cpu_wait FROM  system.metric_log  WHERE event_time > now() - INTERVAL 2 MINUTE AND event_date >= yesterday()
2026-08-02 02:46:02	4	4	12468	2	SELECT count() as count, sum(elapsed) as total_elapsed, \'lh\' as usr FROM system.processes  WHERE user = \'observability-internal\' AND client_hostname LIKE \'loghouse-scraper%\'  UNION ALL SELECT count() as count, sum(elapsed) as total_elapsed, \'other\' as usr FROM system.processes  WHERE user != \'observ
2026-08-02 02:46:02	2	887	368225	1	SELECT value FROM system.asynchronous_metrics WHERE metric = \'OSMemoryAvailable\' ;
2026-08-02 02:46:03	6	165	40689	165	SELECT             name,             value,             help,             JSONExtract(labels_serialized, \'Map(String, String)\') as labels,             type         FROM merge(system, \'^_custom_metrics_dictionary_.*\')         FORMAT Prometheus
2026-08-02 02:46:03	2	15	1013	15	             SELECT                 name,                 toJSONString(labels) as labels_serialized,                 value,                 help,                 type             FROM (                 SELECT     \'ClickHouse_MetricsCollection_CustomMetricsSystemTable\' AS name,     toFloat64(1) AS va
2026-08-02 02:46:04	6	165	40689	165	SELECT             name,             value,             help,             JSONExtract(labels_serialized, \'Map(String, String)\') as labels,             type         FROM merge(system, \'^_custom_metrics_dictionary_.*\')         FORMAT Prometheus
2026-08-02 02:46:04	3	3	13951	1	SELECT count() FROM system.processes WHERE (initial_user NOT IN _CAST([\'backups-internal\', \'management-internal\', \'monitoring-internal\', \'observability-internal\', \'operator-internal\', \'prometheus-exporter\', \'prometheus-internal\', \'operator-cert-internal\', \'availability-monitoring-internal\', \'\'], \'Ar
2026-08-02 02:46:04	2	102	1454	1	SELECT countIf(database = \'system\') as systemParts, countIf(database != \'system\') as nonSystemParts FROM system.parts where active
2026-08-02 02:46:04	2	0	0	1	SELECT countIf(database = \'system\') as systemMerges, countIf(database != \'system\') as nonSystemMerges FROM system.merges
2026-08-02 02:46:04	45	3211	601111	129	SELECT CAST(\'0fc3eaab-fbcb-4533-8825-9be9faaea781\', \'UUID\') AS instance_id, CAST(\'c-boneaws-al-46-server-j62zx3k-0\', \'LowCardinality(String)\') AS node_id, CAST(name, \'LowCardinality(String)\') AS metric, CAST(mapFilter((k, v) -> has(_CAST([\'remote\'], \'Array(String)\'), k), labels), \'Map(LowCardinality
2026-08-02 02:46:06	1	1	1	1	SELECT displayName(), version(), revision(), timezone()
2026-08-02 02:46:07	599	0	0	241365	INSERT INTO sony.stage_raw_events (c0, c1, c2, c3, c4, c5, c6, c7, c8, c9, c10, c11, c12, c13) FORMAT CSV
2026-08-02 02:46:07	38662	241365	65755510	241365	INSERT INTO sony.stage_raw_events FORMAT CSV 
2026-08-02 02:46:08	4	6	623	6	 SELECT run_id, status, toString(started_at), round(duration_s, 1),        events, intervals, peak_concurrency, naive_peak,        if(oracle_match, \'exact\', \'DIVERGED\'), substring(git_commit, 1, 12) FROM sony.pipeline_runs FINAL ORDER BY started_at DESC LIMIT 6 FORMAT TabSeparated 
2026-08-02 02:46:08	2	0	0	1	             SELECT                 name,                 toJSONString(labels) as labels_serialized,                 value,                 help,                 type             FROM (                 SELECT   \'ClickHouse_CustomMetric_TotalMemoryUsedByAsynchronousInserts\' AS name,   toFloat64(SUM(t
2026-08-02 02:46:08	3	6	213	0	             SELECT                 name,                 toJSONString(labels) as labels_serialized,                 value,                 help,                 type             FROM (                 SELECT   \'ClickHouse_CustomMetric_DatabaseReplicatedRecoveryTime\' as name,   toFloat64(recovery_ti
2026-08-02 02:46:08	1	1	1	1	SELECT 1;
2026-08-02 02:46:13	4	6	623	6	 SELECT run_id, status, toString(started_at), round(duration_s, 1),        events, intervals, peak_concurrency, naive_peak,        if(oracle_match, \'exact\', \'DIVERGED\'), substring(git_commit, 1, 12) FROM sony.pipeline_runs FINAL ORDER BY started_at DESC LIMIT 6 FORMAT TabSeparated 
2026-08-02 02:46:13	1	10	3536	10	             SELECT                 name,                 toJSONString(labels) as labels_serialized,                 value,                 help,                 type             FROM (                 SELECT   concat(\'clickhouse_\', system.dimensional_metrics.metric) AS name,   toFloat64(system.dime
2026-08-02 02:46:13	2	0	0	1	             SELECT                 name,                 toJSONString(labels) as labels_serialized,                 value,                 help,                 type             FROM (                 SELECT   \'ClickHouse_CustomMetric_TotalMemoryUsedByMerges\' AS name,   toFloat64(SUM(memory_usage))
2026-08-02 02:46:13	2	59	472	1	             SELECT                 name,                 toJSONString(labels) as labels_serialized,                 value,                 help,                 type             FROM (                 SELECT   \'ClickHouse_CustomMetric_TotalMemoryUsedByDataSkippingIndices\' AS name,   toFloat64(SUM(d
2026-08-02 02:46:13	3	6	213	0	             SELECT                 name,                 toJSONString(labels) as labels_serialized,                 value,                 help,                 type             FROM (                 SELECT   \'ClickHouse_CustomMetric_SharedCatalogRecoveryTime\' as name,   toFloat64(recovery_time) a
2026-08-02 02:46:13	3	21	13503	0	             SELECT                 name,                 toJSONString(labels) as labels_serialized,                 value,                 help,                 type             FROM (                 SELECT   \'clickhouse_table_replica_readonly_start_timestamp_seconds\' as name,   toFloat64(toUnixTi
2026-08-02 02:46:13	3	6	213	0	             SELECT                 name,                 toJSONString(labels) as labels_serialized,                 value,                 help,                 type             FROM (                 SELECT   \'ClickHouse_CustomMetric_DatabaseReplicatedRecoveryTime\' as name,   toFloat64(recovery_ti
2026-08-02 02:46:14	3	2	6511	1	SELECT count() FROM system.processes WHERE (initial_user NOT IN _CAST([\'backups-internal\', \'management-internal\', \'monitoring-internal\', \'observability-internal\', \'operator-internal\', \'prometheus-exporter\', \'prometheus-internal\', \'operator-cert-internal\', \'availability-monitoring-internal\', \'\'], \'Ar
2026-08-02 02:46:14	2	114	1626	1	SELECT countIf(database = \'system\') as systemParts, countIf(database != \'system\') as nonSystemParts FROM system.parts where active
2026-08-02 02:46:14	2	0	0	1	SELECT countIf(database = \'system\') as systemMerges, countIf(database != \'system\') as nonSystemMerges FROM system.merges
2026-08-02 02:46:14	4	6	623	6	 SELECT run_id, status, toString(started_at), round(duration_s, 1),        events, intervals, peak_concurrency, naive_peak,        if(oracle_match, \'exact\', \'DIVERGED\'), substring(git_commit, 1, 12) FROM sony.pipeline_runs FINAL ORDER BY started_at DESC LIMIT 6 FORMAT TabSeparated 
2026-08-02 02:46:17	11	2930	1747563	62	SELECT now64(6) as scrape_time_microseconds, \'j62zx3k\' AS pod_ident, \'boneaws-al-46\' AS spoken_name, \'cell-1\' AS cell, \'ap-south-1\' AS region, \'aws\' AS cloud_provider, \'26.2.1.525\' AS clickhouse_version, \'0fc3eaab-fbcb-4533-8825-9be9faaea781\' AS control_plane_id, \'aarch64\' AS system_processor, * FRO
2026-08-02 02:46:18	6	165	40689	165	SELECT             name,             value,             help,             JSONExtract(labels_serialized, \'Map(String, String)\') as labels,             type         FROM merge(system, \'^_custom_metrics_dictionary_.*\')         FORMAT Prometheus
2026-08-02 02:46:24	4	3	13907	1	SELECT count() FROM system.processes WHERE (initial_user NOT IN _CAST([\'backups-internal\', \'management-internal\', \'monitoring-internal\', \'observability-internal\', \'operator-internal\', \'prometheus-exporter\', \'prometheus-internal\', \'operator-cert-internal\', \'availability-monitoring-internal\', \'\'], \'Ar
2026-08-02 02:46:24	2	116	1656	1	SELECT countIf(database = \'system\') as systemParts, countIf(database != \'system\') as nonSystemParts FROM system.parts where active
2026-08-02 02:46:24	1	0	0	1	SELECT countIf(database = \'system\') as systemMerges, countIf(database != \'system\') as nonSystemMerges FROM system.merges
2026-08-02 02:46:24	24	3211	601111	129	SELECT CAST(\'0fc3eaab-fbcb-4533-8825-9be9faaea781\', \'UUID\') AS instance_id, CAST(\'c-boneaws-al-46-server-j62zx3k-0\', \'LowCardinality(String)\') AS node_id, CAST(name, \'LowCardinality(String)\') AS metric, CAST(mapFilter((k, v) -> has(_CAST([\'remote\'], \'Array(String)\'), k), labels), \'Map(LowCardinality
2026-08-02 02:46:27	3	378	114440	1	SELECT count(*) FROM system.server_settings
2026-08-02 02:46:27	3	378	114440	378	SELECT  now64(6) as scrape_time_microseconds, \'j62zx3k\' AS pod_ident, \'boneaws-al-46\' AS spoken_name, \'cell-1\' AS cell, \'ap-south-1\' AS region, \'aws\' AS cloud_provider, \'26.2.1.525\' AS clickhouse_version, \'0fc3eaab-fbcb-4533-8825-9be9faaea781\' AS control_plane_id, \'aarch64\' AS system_processor, * FR
2026-08-02 02:46:28	2	0	0	0	             SELECT                 name,                 toJSONString(labels) as labels_serialized,                 value,                 help,                 type             FROM (                 SELECT   \'ClickHouse_CustomMetric_FailedMutations\' as name,   toFloat64(count()) as value,   \'The 
2026-08-02 02:46:28	2	5	9912	1	             SELECT                 name,                 toJSONString(labels) as labels_serialized,                 value,                 help,                 type             FROM (                 SELECT   \'ClickHouse_CustomMetric_TotalMemoryUsedByQueries\' AS name,   toFloat64(SUM(peak_memory_u
2026-08-02 02:46:28	2	15	1013	15	             SELECT                 name,                 toJSONString(labels) as labels_serialized,                 value,                 help,                 type             FROM (                 SELECT     \'ClickHouse_MetricsCollection_CustomMetricsSystemTable\' AS name,     toFloat64(1) AS va
2026-08-02 02:46:28	2	13	6340	1	             SELECT                 name,                 toJSONString(labels) as labels_serialized,                 value,                 help,                 type             FROM (                 SELECT   \'ClickHouse_CustomMetric_TotalMemoryUsedByDictionaries\' AS name,   toFloat64(SUM(bytes_al
2026-08-02 02:46:32	14	120	1680	1	SELECT avg(ProfileEvent_OSCPUWaitMicroseconds) as cpu_wait FROM  system.metric_log  WHERE event_time > now() - INTERVAL 2 MINUTE AND event_date >= yesterday()
2026-08-02 02:46:32	4	4	12468	2	SELECT count() as count, sum(elapsed) as total_elapsed, \'lh\' as usr FROM system.processes  WHERE user = \'observability-internal\' AND client_hostname LIKE \'loghouse-scraper%\'  UNION ALL SELECT count() as count, sum(elapsed) as total_elapsed, \'other\' as usr FROM system.processes  WHERE user != \'observ
2026-08-02 02:46:32	1	887	368225	1	SELECT value FROM system.asynchronous_metrics WHERE metric = \'OSMemoryAvailable\' ;
2026-08-02 02:46:33	6	156	38483	156	SELECT             name,             value,             help,             JSONExtract(labels_serialized, \'Map(String, String)\') as labels,             type         FROM merge(system, \'^_custom_metrics_dictionary_.*\')         FORMAT Prometheus
2026-08-02 02:46:33	2	0	0	1	             SELECT                 name,                 toJSONString(labels) as labels_serialized,                 value,                 help,                 type             FROM (                 SELECT   \'ClickHouse_CustomMetric_TotalMemoryUsedByMerges\' AS name,   toFloat64(SUM(memory_usage))
2026-08-02 02:46:33	3	6	213	0	             SELECT                 name,                 toJSONString(labels) as labels_serialized,                 value,                 help,                 type             FROM (                 SELECT   \'ClickHouse_CustomMetric_SharedCatalogRecoveryTime\' as name,   toFloat64(recovery_time) a
2026-08-02 02:46:34	6	156	38483	156	SELECT             name,             value,             help,             JSONExtract(labels_serialized, \'Map(String, String)\') as labels,             type         FROM merge(system, \'^_custom_metrics_dictionary_.*\')         FORMAT Prometheus
2026-08-02 02:46:34	3	2	6511	1	SELECT count() FROM system.processes WHERE (initial_user NOT IN _CAST([\'backups-internal\', \'management-internal\', \'monitoring-internal\', \'observability-internal\', \'operator-internal\', \'prometheus-exporter\', \'prometheus-internal\', \'operator-cert-internal\', \'availability-monitoring-internal\', \'\'], \'Ar
2026-08-02 02:46:34	3	114	1624	1	SELECT countIf(database = \'system\') as systemParts, countIf(database != \'system\') as nonSystemParts FROM system.parts where active
2026-08-02 02:46:34	1	0	0	1	SELECT countIf(database = \'system\') as systemMerges, countIf(database != \'system\') as nonSystemMerges FROM system.merges
2026-08-02 02:46:36	2	4	308	4	SELECT name, type FROM system.columns WHERE database=\'sony\' AND table=\'content_dim\' ORDER BY position FORMAT TabSeparated 
2026-08-02 02:46:36	2	0	0	0	SELECT close_reason, uniqExact(video_session_id) AS sessions FROM sony.session_active_intervals FINAL WHERE close_reason != \'\'  GROUP BY close_reason ORDER BY sessions DESC FORMAT TabSeparated 
2026-08-02 02:46:36	3	4	1977	4	SELECT fingerprint, compatible, length(fields), arrayStringConcat(mapped, \', \') FROM sony.schema_registry GROUP BY fingerprint, compatible, fields, mapped LIMIT 8 FORMAT TabSeparated 
2026-08-02 02:46:38	1	0	0	1	             SELECT                 name,                 toJSONString(labels) as labels_serialized,                 value,                 help,                 type             FROM (                 SELECT   \'ClickHouse_CustomMetric_TotalMemoryUsedByMerges\' AS name,   toFloat64(SUM(memory_usage))
2026-08-02 02:46:38	2	59	472	1	             SELECT                 name,                 toJSONString(labels) as labels_serialized,                 value,                 help,                 type             FROM (                 SELECT   \'ClickHouse_CustomMetric_TotalMemoryUsedByDataSkippingIndices\' AS name,   toFloat64(SUM(d
2026-08-02 02:46:38	3	6	213	0	             SELECT                 name,                 toJSONString(labels) as labels_serialized,                 value,                 help,                 type             FROM (                 SELECT   \'ClickHouse_CustomMetric_SharedCatalogRecoveryTime\' as name,   toFloat64(recovery_time) a
2026-08-02 02:46:39	4	6	623	6	 SELECT run_id, status, toString(started_at), round(duration_s, 1),        events, intervals, peak_concurrency, naive_peak,        if(oracle_match, \'exact\', \'DIVERGED\'), substring(git_commit, 1, 12) FROM sony.pipeline_runs FINAL ORDER BY started_at DESC LIMIT 6 FORMAT TabSeparated 
2026-08-02 02:46:43	1	0	0	1	             SELECT                 name,                 toJSONString(labels) as labels_serialized,                 value,                 help,                 type             FROM (                 SELECT   \'ClickHouse_CustomMetric_TotalMemoryUsedByAsynchronousInserts\' AS name,   toFloat64(SUM(t
2026-08-02 02:46:44	3	4	14823	1	SELECT count() FROM system.processes WHERE (initial_user NOT IN _CAST([\'backups-internal\', \'management-internal\', \'monitoring-internal\', \'observability-internal\', \'operator-internal\', \'prometheus-exporter\', \'prometheus-internal\', \'operator-cert-internal\', \'availability-monitoring-internal\', \'\'], \'Ar
2026-08-02 02:46:44	2	109	1555	1	SELECT countIf(database = \'system\') as systemParts, countIf(database != \'system\') as nonSystemParts FROM system.parts where active
2026-08-02 02:46:44	2	0	0	1	SELECT countIf(database = \'system\') as systemMerges, countIf(database != \'system\') as nonSystemMerges FROM system.merges
2026-08-02 02:46:44	25	3200	599525	129	SELECT CAST(\'0fc3eaab-fbcb-4533-8825-9be9faaea781\', \'UUID\') AS instance_id, CAST(\'c-boneaws-al-46-server-j62zx3k-0\', \'LowCardinality(String)\') AS node_id, CAST(name, \'LowCardinality(String)\') AS metric, CAST(mapFilter((k, v) -> has(_CAST([\'remote\'], \'Array(String)\'), k), labels), \'Map(LowCardinality
2026-08-02 02:46:44	596	0	0	241527	INSERT INTO sony.stage_raw_events (c0, c1, c2, c3, c4, c5, c6, c7, c8, c9, c10, c11, c12, c13) FORMAT CSV
2026-08-02 02:46:44	37835	241527	65755713	241527	INSERT INTO sony.stage_raw_events FORMAT CSV 
2026-08-02 02:46:45	2	0	0	1	SELECT sum(rows) FROM system.parts WHERE database=\'sony\' AND table=\'raw_events\' AND active FORMAT TabSeparated 
2026-08-02 02:46:45	2	0	0	0	SELECT platform, uniqExact(video_session_id) AS sessions FROM sony.session_active_intervals FINAL WHERE platform != \'\'  GROUP BY platform ORDER BY sessions DESC FORMAT TabSeparated 
2026-08-02 02:46:45	2	1	40	1	SELECT sum(rows) FROM system.parts WHERE database=\'sony\' AND table=\'content_dim\' AND active FORMAT TabSeparated 
2026-08-02 02:46:45	2	0	0	0	SELECT video_type, uniqExact(video_session_id) AS sessions FROM sony.session_active_intervals FINAL WHERE video_type != \'\'  GROUP BY video_type ORDER BY sessions DESC FORMAT TabSeparated 
2026-08-02 02:46:45	2	0	0	0	SELECT country, uniqExact(video_session_id) AS sessions FROM sony.session_active_intervals FINAL WHERE country != \'\'  GROUP BY country ORDER BY sessions DESC FORMAT TabSeparated 
2026-08-02 02:46:45	3	0	0	0	SELECT category, uniqExact(video_session_id) AS sessions FROM sony.session_active_intervals FINAL WHERE category != \'\'  GROUP BY category ORDER BY sessions DESC FORMAT TabSeparated 
2026-08-02 02:46:45	3	4	1977	4	SELECT fingerprint, compatible, length(fields), arrayStringConcat(mapped, \', \') FROM sony.schema_registry GROUP BY fingerprint, compatible, fields, mapped LIMIT 8 FORMAT TabSeparated 
2026-08-02 02:46:45	4	6	623	6	 SELECT run_id, status, toString(started_at), round(duration_s, 1),        events, intervals, peak_concurrency, naive_peak,        if(oracle_match, \'exact\', \'DIVERGED\'), substring(git_commit, 1, 12) FROM sony.pipeline_runs FINAL ORDER BY started_at DESC LIMIT 6 FORMAT TabSeparated 
2026-08-02 02:46:48	6	156	38483	156	SELECT             name,             value,             help,             JSONExtract(labels_serialized, \'Map(String, String)\') as labels,             type         FROM merge(system, \'^_custom_metrics_dictionary_.*\')         FORMAT Prometheus
2026-08-02 02:46:48	1	0	0	1	             SELECT                 name,                 toJSONString(labels) as labels_serialized,                 value,                 help,                 type             FROM (                 SELECT   \'ClickHouse_CustomMetric_TotalMemoryUsedByAsynchronousInserts\' AS name,   toFloat64(SUM(t
2026-08-02 02:46:49	4	6	623	6	 SELECT run_id, status, toString(started_at), round(duration_s, 1),        events, intervals, peak_concurrency, naive_peak,        if(oracle_match, \'exact\', \'DIVERGED\'), substring(git_commit, 1, 12) FROM sony.pipeline_runs FINAL ORDER BY started_at DESC LIMIT 6 FORMAT TabSeparated 
2026-08-02 02:46:53	1	11	3888	11	             SELECT                 name,                 toJSONString(labels) as labels_serialized,                 value,                 help,                 type             FROM (                 SELECT   concat(\'clickhouse_\', system.dimensional_metrics.metric) AS name,   toFloat64(system.dime
2026-08-02 02:46:54	3	1	5438	1	SELECT count() FROM system.processes WHERE (initial_user NOT IN _CAST([\'backups-internal\', \'management-internal\', \'monitoring-internal\', \'observability-internal\', \'operator-internal\', \'prometheus-exporter\', \'prometheus-internal\', \'operator-cert-internal\', \'availability-monitoring-internal\', \'\'], \'Ar
2026-08-02 02:46:54	2	166	2292	1	SELECT countIf(database = \'system\') as systemParts, countIf(database != \'system\') as nonSystemParts FROM system.parts where active
2026-08-02 02:46:54	2	0	0	1	SELECT countIf(database = \'system\') as systemMerges, countIf(database != \'system\') as nonSystemMerges FROM system.merges
2026-08-02 02:46:55	3	6	623	6	 SELECT run_id, status, toString(started_at), round(duration_s, 1),        events, intervals, peak_concurrency, naive_peak,        if(oracle_match, \'exact\', \'DIVERGED\'), substring(git_commit, 1, 12) FROM sony.pipeline_runs FINAL ORDER BY started_at DESC LIMIT 6 FORMAT TabSeparated 
2026-08-02 02:46:56	3	0	0	0	SELECT now64(6) as scrape_time_microseconds, \'j62zx3k\' AS pod_ident, \'boneaws-al-46\' AS spoken_name, \'cell-1\' AS cell, \'ap-south-1\' AS region, \'aws\' AS cloud_provider, \'26.2.1.525\' AS clickhouse_version, \'0fc3eaab-fbcb-4533-8825-9be9faaea781\' AS control_plane_id, \'aarch64\' AS system_processor, * FRO
2026-08-02 02:46:56	5	635	2540	0	SELECT now64(6) as scrape_time_microseconds, \'j62zx3k\' AS pod_ident, \'boneaws-al-46\' AS spoken_name, \'cell-1\' AS cell, \'ap-south-1\' AS region, \'aws\' AS cloud_provider, \'26.2.1.525\' AS clickhouse_version, \'0fc3eaab-fbcb-4533-8825-9be9faaea781\' AS control_plane_id, \'aarch64\' AS system_processor, * FRO
2026-08-02 02:46:56	3	6	623	6	 SELECT run_id, status, toString(started_at), round(duration_s, 1),        events, intervals, peak_concurrency, naive_peak,        if(oracle_match, \'exact\', \'DIVERGED\'), substring(git_commit, 1, 12) FROM sony.pipeline_runs FINAL ORDER BY started_at DESC LIMIT 6 FORMAT TabSeparated 
2026-08-02 02:46:57	3	0	0	0	SELECT now64(6) as scrape_time_microseconds, \'j62zx3k\' AS pod_ident, \'boneaws-al-46\' AS spoken_name, \'cell-1\' AS cell, \'ap-south-1\' AS region, \'aws\' AS cloud_provider, \'26.2.1.525\' AS clickhouse_version, \'0fc3eaab-fbcb-4533-8825-9be9faaea781\' AS control_plane_id, \'aarch64\' AS system_processor, * FRO
2026-08-02 02:46:58	3	0	0	0	SELECT now64(6) as scrape_time_microseconds, \'j62zx3k\' AS pod_ident, \'boneaws-al-46\' AS spoken_name, \'cell-1\' AS cell, \'ap-south-1\' AS region, \'aws\' AS cloud_provider, \'26.2.1.525\' AS clickhouse_version, \'0fc3eaab-fbcb-4533-8825-9be9faaea781\' AS control_plane_id, \'aarch64\' AS system_processor, * FRO
2026-08-02 02:46:58	1	0	0	1	             SELECT                 name,                 toJSONString(labels) as labels_serialized,                 value,                 help,                 type             FROM (                 SELECT   \'ClickHouse_CustomMetric_TotalMemoryUsedByAsynchronousInserts\' AS name,   toFloat64(SUM(t
2026-08-02 02:46:58	2	15	1013	15	             SELECT                 name,                 toJSONString(labels) as labels_serialized,                 value,                 help,                 type             FROM (                 SELECT     \'ClickHouse_MetricsCollection_CustomMetricsSystemTable\' AS name,     toFloat64(1) AS va
2026-08-02 02:46:58	3	6	213	0	             SELECT                 name,                 toJSONString(labels) as labels_serialized,                 value,                 help,                 type             FROM (                 SELECT   \'ClickHouse_CustomMetric_DatabaseReplicatedRecoveryTime\' as name,   toFloat64(recovery_ti
2026-08-02 02:46:59	3	0	0	0	SELECT now64(6) as scrape_time_microseconds, \'j62zx3k\' AS pod_ident, \'boneaws-al-46\' AS spoken_name, \'cell-1\' AS cell, \'ap-south-1\' AS region, \'aws\' AS cloud_provider, \'26.2.1.525\' AS clickhouse_version, \'0fc3eaab-fbcb-4533-8825-9be9faaea781\' AS control_plane_id, \'aarch64\' AS system_processor, * FRO
2026-08-02 02:46:59	2	0	8	1	SELECT count() FROM system.backups where status IN (0,3)
2026-08-02 02:46:59	3	1	5472	1	SELECT count() FROM system.processes WHERE (elapsed > _CAST(0, \'Int64\')) AND (initial_user NOT IN _CAST([\'backups-internal\', \'management-internal\', \'monitoring-internal\', \'observability-internal\', \'operator-internal\', \'prometheus-exporter\', \'prometheus-internal\', \'operator-cert-internal\', \'availabil
2026-08-02 02:47:00	5	0	0	0	SELECT now64(6) as scrape_time_microseconds, \'j62zx3k\' AS pod_ident, \'boneaws-al-46\' AS spoken_name, \'cell-1\' AS cell, \'ap-south-1\' AS region, \'aws\' AS cloud_provider, \'26.2.1.525\' AS clickhouse_version, \'0fc3eaab-fbcb-4533-8825-9be9faaea781\' AS control_plane_id, \'aarch64\' AS system_processor, * FRO
2026-08-02 02:47:02	3	0	0	0	SELECT now64(6) as scrape_time_microseconds, \'j62zx3k\' AS pod_ident, \'boneaws-al-46\' AS spoken_name, \'cell-1\' AS cell, \'ap-south-1\' AS region, \'aws\' AS cloud_provider, \'26.2.1.525\' AS clickhouse_version, \'0fc3eaab-fbcb-4533-8825-9be9faaea781\' AS control_plane_id, \'aarch64\' AS system_processor, * FRO
2026-08-02 02:47:02	14	506	7084	1	SELECT avg(ProfileEvent_OSCPUWaitMicroseconds) as cpu_wait FROM  system.metric_log  WHERE event_time > now() - INTERVAL 2 MINUTE AND event_date >= yesterday()
2026-08-02 02:47:02	4	2	10208	2	SELECT count() as count, sum(elapsed) as total_elapsed, \'lh\' as usr FROM system.processes  WHERE user = \'observability-internal\' AND client_hostname LIKE \'loghouse-scraper%\'  UNION ALL SELECT count() as count, sum(elapsed) as total_elapsed, \'other\' as usr FROM system.processes  WHERE user != \'observ
2026-08-02 02:47:02	1	886	368082	1	SELECT value FROM system.asynchronous_metrics WHERE metric = \'OSMemoryAvailable\' ;
2026-08-02 02:47:03	3	0	0	0	SELECT now64(6) as scrape_time_microseconds, \'j62zx3k\' AS pod_ident, \'boneaws-al-46\' AS spoken_name, \'cell-1\' AS cell, \'ap-south-1\' AS region, \'aws\' AS cloud_provider, \'26.2.1.525\' AS clickhouse_version, \'0fc3eaab-fbcb-4533-8825-9be9faaea781\' AS control_plane_id, \'aarch64\' AS system_processor, * FRO
2026-08-02 02:47:03	7	157	38899	157	SELECT             name,             value,             help,             JSONExtract(labels_serialized, \'Map(String, String)\') as labels,             type         FROM merge(system, \'^_custom_metrics_dictionary_.*\')         FORMAT Prometheus
2026-08-02 02:47:03	2	3	7562	1	             SELECT                 name,                 toJSONString(labels) as labels_serialized,                 value,                 help,                 type             FROM (                 SELECT   \'ClickHouse_CustomMetric_TotalMemoryUsedByQueries\' AS name,   toFloat64(SUM(peak_memory_u
2026-08-02 02:47:03	2	59	472	1	             SELECT                 name,                 toJSONString(labels) as labels_serialized,                 value,                 help,                 type             FROM (                 SELECT   \'ClickHouse_CustomMetric_TotalMemoryUsedByDataSkippingIndices\' AS name,   toFloat64(SUM(d
2026-08-02 02:47:03	2	15	1013	15	             SELECT                 name,                 toJSONString(labels) as labels_serialized,                 value,                 help,                 type             FROM (                 SELECT     \'ClickHouse_MetricsCollection_CustomMetricsSystemTable\' AS name,     toFloat64(1) AS va
2026-08-02 02:47:04	3	0	0	0	SELECT now64(6) as scrape_time_microseconds, \'j62zx3k\' AS pod_ident, \'boneaws-al-46\' AS spoken_name, \'cell-1\' AS cell, \'ap-south-1\' AS region, \'aws\' AS cloud_provider, \'26.2.1.525\' AS clickhouse_version, \'0fc3eaab-fbcb-4533-8825-9be9faaea781\' AS control_plane_id, \'aarch64\' AS system_processor, * FRO
2026-08-02 02:47:04	2	1	16	1	SELECT count() FROM sony.raw_events FORMAT TabSeparated 
2026-08-02 02:47:04	6	157	38899	157	SELECT             name,             value,             help,             JSONExtract(labels_serialized, \'Map(String, String)\') as labels,             type         FROM merge(system, \'^_custom_metrics_dictionary_.*\')         FORMAT Prometheus
2026-08-02 02:47:04	2	2	12834	1	SELECT count() FROM system.processes WHERE (initial_user NOT IN _CAST([\'backups-internal\', \'management-internal\', \'monitoring-internal\', \'observability-internal\', \'operator-internal\', \'prometheus-exporter\', \'prometheus-internal\', \'operator-cert-internal\', \'availability-monitoring-internal\', \'\'], \'Ar
2026-08-02 02:47:04	2	339	4545	1	SELECT countIf(database = \'system\') as systemParts, countIf(database != \'system\') as nonSystemParts FROM system.parts where active
2026-08-02 02:47:04	1	0	0	1	SELECT countIf(database = \'system\') as systemMerges, countIf(database != \'system\') as nonSystemMerges FROM system.merges
2026-08-02 02:47:04	25	3212	601045	130	SELECT CAST(\'0fc3eaab-fbcb-4533-8825-9be9faaea781\', \'UUID\') AS instance_id, CAST(\'c-boneaws-al-46-server-j62zx3k-0\', \'LowCardinality(String)\') AS node_id, CAST(name, \'LowCardinality(String)\') AS metric, CAST(mapFilter((k, v) -> has(_CAST([\'remote\'], \'Array(String)\'), k), labels), \'Map(LowCardinality
2026-08-02 02:47:04	1	1	1	1	SELECT version() FORMAT TabSeparated 
2026-08-02 02:47:04	184	5290450	355179252	1	SELECT uniqExact(video_session_id) FROM sony.raw_events FORMAT TabSeparated 
2026-08-02 02:47:05	9	16536	1872629	1795	SELECT now64(6) as scrape_time_microseconds, \'j62zx3k\' AS pod_ident, \'boneaws-al-46\' AS spoken_name, \'cell-1\' AS cell, \'ap-south-1\' AS region, \'aws\' AS cloud_provider, \'26.2.1.525\' AS clickhouse_version, \'0fc3eaab-fbcb-4533-8825-9be9faaea781\' AS control_plane_id, \'aarch64\' AS system_processor, * FRO
2026-08-02 02:47:05	2	0	0	0	SELECT video_type, uniqExact(video_session_id) AS sessions FROM sony.session_active_intervals FINAL WHERE video_type != \'\'  GROUP BY video_type ORDER BY sessions DESC FORMAT TabSeparated 
2026-08-02 02:47:05	1	0	0	1	SELECT count() FROM sony.session_active_intervals FINAL FORMAT TabSeparated 
2026-08-02 02:47:05	2	0	0	0	SELECT close_reason, uniqExact(video_session_id) AS sessions FROM sony.session_active_intervals FINAL WHERE close_reason != \'\'  GROUP BY close_reason ORDER BY sessions DESC FORMAT TabSeparated 
2026-08-02 02:47:05	11	0	0	1	SELECT sum(intDiv(active_end_ms,60000)-intDiv(active_start_ms,60000)+1) FROM sony.session_active_intervals FINAL FORMAT TabSeparated 
2026-08-02 02:47:05	3	0	0	1	SELECT arraySort(groupUniqArrayIf(platform, platform != \'\')), arraySort(groupUniqArrayIf(country, country != \'\')), arraySort(groupUniqArrayIf(video_type, video_type != \'\')), arraySort(groupUniqArrayIf(category, category != \'\')), arraySort(groupUniqArrayIf(close_reason, close_reason != \'\')) FROM sony
2026-08-02 02:47:06	2	0	0	0	SELECT platform, uniqExact(video_session_id) AS sessions FROM sony.session_active_intervals FINAL WHERE platform != \'\'  GROUP BY platform ORDER BY sessions DESC FORMAT TabSeparated 
2026-08-02 02:47:06	10	0	0	0	 SELECT toString(platform) AS g, max(c) AS peak FROM (   SELECT platform, minute,          sum(sum(delta)) OVER (PARTITION BY platform ORDER BY minute) AS c   FROM sony.concurrency_delta_all   WHERE minute <= toDateTime(\'1970-01-01 00:00:00\', \'UTC\')    GROUP BY platform, minute) GROUP BY g FORMAT Ta
2026-08-02 02:47:06	2	0	0	0	SELECT country, uniqExact(video_session_id) AS sessions FROM sony.session_active_intervals FINAL WHERE country != \'\'  GROUP BY country ORDER BY sessions DESC FORMAT TabSeparated 
2026-08-02 02:47:06	3	0	0	0	 SELECT toString(platform) AS g,        uniqExact(video_session_id) AS sessions,        count() AS intervals,        round(sum(duration_ms) / 3600000.0, 1) AS watch_hours,        round(avg(duration_ms) / 1000.0, 1) AS avg_seconds,        countIf(is_open) AS open_intervals FROM sony.session_active_in
2026-08-02 02:47:07	3	0	0	0	SELECT now64(6) as scrape_time_microseconds, \'j62zx3k\' AS pod_ident, \'boneaws-al-46\' AS spoken_name, \'cell-1\' AS cell, \'ap-south-1\' AS region, \'aws\' AS cloud_provider, \'26.2.1.525\' AS clickhouse_version, \'0fc3eaab-fbcb-4533-8825-9be9faaea781\' AS control_plane_id, \'aarch64\' AS system_processor, * FRO
2026-08-02 02:47:07	10	0	0	1	 SELECT toString(minute), toInt32(c) FROM (   SELECT minute, sum(d) OVER (ORDER BY minute) AS c FROM (     SELECT minute, sum(delta) AS d     FROM sony.concurrency_delta_all     WHERE minute <= toDateTime(\'1970-01-01 00:00:00\', \'UTC\')      GROUP BY minute     ORDER BY minute WITH FILL       FROM toD
2026-08-02 02:47:07	344	12749174	1054724964	1	 WITH sess AS (   SELECT video_session_id,          min(event_timestamp_ms) AS a,          max(event_timestamp_ms) AS b,          argMin(platform, event_timestamp_ms) AS platform,          argMin(country,  event_timestamp_ms) AS country,          argMin(content_id, event_timestamp_ms) AS content_id 
2026-08-02 02:47:08	4	0	0	0	SELECT now64(6) as scrape_time_microseconds, \'j62zx3k\' AS pod_ident, \'boneaws-al-46\' AS spoken_name, \'cell-1\' AS cell, \'ap-south-1\' AS region, \'aws\' AS cloud_provider, \'26.2.1.525\' AS clickhouse_version, \'0fc3eaab-fbcb-4533-8825-9be9faaea781\' AS control_plane_id, \'aarch64\' AS system_processor, * FRO
2026-08-02 02:47:08	1	0	0	1	             SELECT                 name,                 toJSONString(labels) as labels_serialized,                 value,                 help,                 type             FROM (                 SELECT   \'ClickHouse_CustomMetric_TotalMemoryUsedByMerges\' AS name,   toFloat64(SUM(memory_usage))
2026-08-02 02:47:08	2	5	10133	1	             SELECT                 name,                 toJSONString(labels) as labels_serialized,                 value,                 help,                 type             FROM (                 SELECT   \'ClickHouse_CustomMetric_TotalMemoryUsedByQueries\' AS name,   toFloat64(SUM(peak_memory_u
2026-08-02 02:47:08	2	0	0	0	             SELECT                 name,                 toJSONString(labels) as labels_serialized,                 value,                 help,                 type             FROM (                 SELECT   \'ClickHouse_CustomMetric_FailedMutations\' as name,   toFloat64(count()) as value,   \'The 
2026-08-02 02:47:08	3	21	13518	0	             SELECT                 name,                 toJSONString(labels) as labels_serialized,                 value,                 help,                 type             FROM (                 SELECT   \'clickhouse_table_replica_readonly_start_timestamp_seconds\' as name,   toFloat64(toUnixTi
2026-08-02 02:47:08	3	6	213	0	             SELECT                 name,                 toJSONString(labels) as labels_serialized,                 value,                 help,                 type             FROM (                 SELECT   \'ClickHouse_CustomMetric_SharedCatalogRecoveryTime\' as name,   toFloat64(recovery_time) a
2026-08-02 02:47:11	101	7000000	87065219	1	SELECT countIf(toInt64OrZero(trim(BOTH \' \' FROM c0)) = 0) FROM sony.stage_raw_events FORMAT TabSeparated 
2026-08-02 02:47:11	3	6	623	6	 SELECT run_id, status, toString(started_at), round(duration_s, 1),        events, intervals, peak_concurrency, naive_peak,        if(oracle_match, \'exact\', \'DIVERGED\'), substring(git_commit, 1, 12) FROM sony.pipeline_runs FINAL ORDER BY started_at DESC LIMIT 6 FORMAT TabSeparated 
2026-08-02 02:47:12	95	51	204	0	SELECT now64(6) as scrape_time_microseconds, \'j62zx3k\' AS pod_ident, \'boneaws-al-46\' AS spoken_name, \'cell-1\' AS cell, \'ap-south-1\' AS region, \'aws\' AS cloud_provider, \'26.2.1.525\' AS clickhouse_version, \'0fc3eaab-fbcb-4533-8825-9be9faaea781\' AS control_plane_id, \'aarch64\' AS system_processor, * FRO
2026-08-02 02:47:13	3	6	213	0	             SELECT                 name,                 toJSONString(labels) as labels_serialized,                 value,                 help,                 type             FROM (                 SELECT   \'ClickHouse_CustomMetric_DatabaseReplicatedRecoveryTime\' as name,   toFloat64(recovery_ti
2026-08-02 02:47:13	182	7000000	56000000	1	SELECT concat(toString(min(event_time)),\' .. \',toString(max(event_time))) FROM sony.raw_events FORMAT TabSeparated 
2026-08-02 02:47:14	86	7000000	56000000	1	SELECT uniqExactIf(content_id, NOT dictHas(\'sony.content_dict\', tuple(content_id))) FROM sony.raw_events FORMAT TabSeparated 
2026-08-02 02:47:14	3	1	5438	1	SELECT count() FROM system.processes WHERE (initial_user NOT IN _CAST([\'backups-internal\', \'management-internal\', \'monitoring-internal\', \'observability-internal\', \'operator-internal\', \'prometheus-exporter\', \'prometheus-internal\', \'operator-cert-internal\', \'availability-monitoring-internal\', \'\'], \'Ar
2026-08-02 02:47:14	3	401	5347	1	SELECT countIf(database = \'system\') as systemParts, countIf(database != \'system\') as nonSystemParts FROM system.parts where active
2026-08-02 02:47:14	2	0	0	1	SELECT countIf(database = \'system\') as systemMerges, countIf(database != \'system\') as nonSystemMerges FROM system.merges
2026-08-02 02:47:16	1	0	0	1	SELECT count() FROM sony.session_active_intervals FINAL FORMAT TabSeparated 
2026-08-02 02:47:16	1	0	0	1	SELECT countIf(is_open) FROM sony.session_active_intervals FINAL FORMAT TabSeparated 
2026-08-02 02:47:16	1	1	16	1	SELECT count() FROM sony.concurrency_hourly_checkpoint FORMAT TabSeparated 
2026-08-02 02:47:17	43	335966	32268088	0	 SELECT toString(toDate(minute)) AS d, toHour(minute) AS h, max(c) AS peak FROM (   SELECT minute, sum(sum(delta)) OVER (ORDER BY minute) AS c   FROM sony.concurrency_delta_all   WHERE minute <= toDateTime(\'1970-01-01 00:00:00\', \'UTC\')    GROUP BY minute) WHERE minute >= toDateTime(\'1969-12-31 00:00
2026-08-02 02:47:17	43	336020	32273634	1	 SELECT toString(minute), toInt32(c) FROM (   SELECT minute, sum(d) OVER (ORDER BY minute) AS c FROM (     SELECT minute, sum(delta) AS d     FROM sony.concurrency_delta_all     WHERE minute <= toDateTime(\'1970-01-01 00:00:00\', \'UTC\')      GROUP BY minute     ORDER BY minute WITH FILL       FROM toD
2026-08-02 02:47:17	30	168154	13230821	84	SELECT category, uniqExact(video_session_id) AS sessions FROM sony.session_active_intervals FINAL WHERE category != \'\'  GROUP BY category ORDER BY sessions DESC FORMAT TabSeparated 
2026-08-02 02:47:17	32	168985	13279924	4	SELECT close_reason, uniqExact(video_session_id) AS sessions FROM sony.session_active_intervals FINAL WHERE close_reason != \'\'  GROUP BY close_reason ORDER BY sessions DESC FORMAT TabSeparated 
2026-08-02 02:47:18	6	157	38899	157	SELECT             name,             value,             help,             JSONExtract(labels_serialized, \'Map(String, String)\') as labels,             type         FROM merge(system, \'^_custom_metrics_dictionary_.*\')         FORMAT Prometheus
2026-08-02 02:47:18	2	15	1013	15	             SELECT                 name,                 toJSONString(labels) as labels_serialized,                 value,                 help,                 type             FROM (                 SELECT     \'ClickHouse_MetricsCollection_CustomMetricsSystemTable\' AS name,     toFloat64(1) AS va
2026-08-02 02:47:18	2	13	6340	1	             SELECT                 name,                 toJSONString(labels) as labels_serialized,                 value,                 help,                 type             FROM (                 SELECT   \'ClickHouse_CustomMetric_TotalMemoryUsedByDictionaries\' AS name,   toFloat64(SUM(bytes_al
2026-08-02 02:47:18	9	6	213	0	             SELECT                 name,                 toJSONString(labels) as labels_serialized,                 value,                 help,                 type             FROM (                 SELECT   \'ClickHouse_CustomMetric_SharedCatalogRecoveryTime\' as name,   toFloat64(recovery_time) a
2026-08-02 02:47:19	3647	7033326	1093693967	149500	INSERT INTO sony.session_active_intervals WITH                    toInt64(120000) AS gap_timeout,     toInt64(0)   AS gap_grace,     toInt64(1785756375032)   AS watermark SELECT     video_session_id,     (iv.1) AS interval_seq,     fromUnixTimestamp64Milli(iv.2, \'UTC\')  AS active_start,     fromUni
2026-08-02 02:47:19	25	0	0	0	DROP TABLE IF EXISTS sony.concurrency_hourly_checkpoint
2026-08-02 02:47:19	33	0	0	0	DROP TABLE IF EXISTS sony.concurrency_hourly_checkpoint 
2026-08-02 02:47:22	64	336496	32324244	0	 SELECT toString(platform) AS g, max(c) AS peak FROM (   SELECT platform, minute,          sum(sum(delta)) OVER (PARTITION BY platform ORDER BY minute) AS c   FROM sony.concurrency_delta_all   WHERE minute <= toDateTime(\'1970-01-01 00:00:00\', \'UTC\')    GROUP BY platform, minute) GROUP BY g FORMAT Ta
2026-08-02 02:47:22	74	336496	32324244	1	 SELECT toString(minute), toInt32(c) FROM (   SELECT minute, sum(d) OVER (ORDER BY minute) AS c FROM (     SELECT minute, sum(delta) AS d     FROM sony.concurrency_delta_all     WHERE minute <= toDateTime(\'1970-01-01 00:00:00\', \'UTC\')      GROUP BY minute     ORDER BY minute WITH FILL       FROM toD
2026-08-02 02:47:23	34	168248	13255192	1	SELECT country, uniqExact(video_session_id) AS sessions FROM sony.session_active_intervals FINAL WHERE country != \'\'  GROUP BY country ORDER BY sessions DESC FORMAT TabSeparated 
2026-08-02 02:47:23	37	168248	13256925	4	SELECT close_reason, uniqExact(video_session_id) AS sessions FROM sony.session_active_intervals FINAL WHERE close_reason != \'\'  GROUP BY close_reason ORDER BY sessions DESC FORMAT TabSeparated 
2026-08-02 02:47:23	2	59	472	1	             SELECT                 name,                 toJSONString(labels) as labels_serialized,                 value,                 help,                 type             FROM (                 SELECT   \'ClickHouse_CustomMetric_TotalMemoryUsedByDataSkippingIndices\' AS name,   toFloat64(SUM(d
2026-08-02 02:47:23	12	0	0	0	CREATE OR REPLACE VIEW sony.open_minute_delta UUID \'318b9a24-ce02-4d2b-bc94-2083a19a8820\' (`platform` LowCardinality(String), `country` LowCardinality(String), `video_type` LowCardinality(String), `content_id` Int64, `minute` DateTime(\'UTC\'), `delta` Int32) AS SELECT platform, country, video_type, c
2026-08-02 02:47:23	74	0	0	0	CREATE OR REPLACE VIEW sony.open_minute_delta AS SELECT platform, country, video_type, content_id, minute, toInt32(sum(d)) AS delta FROM (     SELECT platform, country, video_type, content_id,            toDateTime(intDiv(active_start_ms, 60000) * 60, \'UTC\') AS minute, 1 AS d     FROM sony.session_a
2026-08-02 02:47:24	3	3	21012	1	SELECT count() FROM system.processes WHERE (initial_user NOT IN _CAST([\'backups-internal\', \'management-internal\', \'monitoring-internal\', \'observability-internal\', \'operator-internal\', \'prometheus-exporter\', \'prometheus-internal\', \'operator-cert-internal\', \'availability-monitoring-internal\', \'\'], \'Ar
2026-08-02 02:47:24	3	468	6222	1	SELECT countIf(database = \'system\') as systemParts, countIf(database != \'system\') as nonSystemParts FROM system.parts where active
2026-08-02 02:47:24	2	0	0	1	SELECT countIf(database = \'system\') as systemMerges, countIf(database != \'system\') as nonSystemMerges FROM system.merges
2026-08-02 02:47:24	24	3217	601707	130	SELECT CAST(\'0fc3eaab-fbcb-4533-8825-9be9faaea781\', \'UUID\') AS instance_id, CAST(\'c-boneaws-al-46-server-j62zx3k-0\', \'LowCardinality(String)\') AS node_id, CAST(name, \'LowCardinality(String)\') AS metric, CAST(mapFilter((k, v) -> has(_CAST([\'remote\'], \'Array(String)\'), k), labels), \'Map(LowCardinality
2026-08-02 02:47:24	219	168248	17508106	6939	INSERT INTO sony.concurrency_hourly_checkpoint SELECT     platform, country, video_type, content_id,     toDateTime(hb, \'UTC\') AS hour_boundary,     toUInt32(count())     AS concurrency FROM (     SELECT         platform, country, video_type, content_id,                                              
2026-08-02 02:47:24	1	1	16	1	SELECT count() FROM sony.concurrency_minute_delta FORMAT TabSeparated 
2026-08-02 02:47:24	1	1	16	1	SELECT count() FROM sony.concurrency_hourly_checkpoint FORMAT TabSeparated 
2026-08-02 02:47:26	1	0	0	1	SELECT count(*) FROM system.mutations
2026-08-02 02:47:26	8	33326	299965	33326	SELECT toString(content_id), video_type FROM sony.content_dim FINAL FORMAT TabSeparated 
2026-08-02 02:47:28	1	11	3888	11	             SELECT                 name,                 toJSONString(labels) as labels_serialized,                 value,                 help,                 type             FROM (                 SELECT   concat(\'clickhouse_\', system.dimensional_metrics.metric) AS name,   toFloat64(system.dime
2026-08-02 02:47:28	2	13	6340	1	             SELECT                 name,                 toJSONString(labels) as labels_serialized,                 value,                 help,                 type             FROM (                 SELECT   \'ClickHouse_CustomMetric_TotalMemoryUsedByDictionaries\' AS name,   toFloat64(SUM(bytes_al
2026-08-02 02:47:31	2	316	114925	316	SELECT  now64(6) as scrape_time_microseconds, \'j62zx3k\' AS pod_ident, \'boneaws-al-46\' AS spoken_name, \'cell-1\' AS cell, \'ap-south-1\' AS region, \'aws\' AS cloud_provider, \'26.2.1.525\' AS clickhouse_version, \'0fc3eaab-fbcb-4533-8825-9be9faaea781\' AS control_plane_id, \'aarch64\' AS system_processor, * FR
2026-08-02 02:47:32	14	537	7518	1	SELECT avg(ProfileEvent_OSCPUWaitMicroseconds) as cpu_wait FROM  system.metric_log  WHERE event_time > now() - INTERVAL 2 MINUTE AND event_date >= yesterday()
2026-08-02 02:47:32	4	2	10208	2	SELECT count() as count, sum(elapsed) as total_elapsed, \'lh\' as usr FROM system.processes  WHERE user = \'observability-internal\' AND client_hostname LIKE \'loghouse-scraper%\'  UNION ALL SELECT count() as count, sum(elapsed) as total_elapsed, \'other\' as usr FROM system.processes  WHERE user != \'observ
2026-08-02 02:47:32	1	887	368225	1	SELECT value FROM system.asynchronous_metrics WHERE metric = \'OSMemoryAvailable\' ;
2026-08-02 02:47:33	5	161	39918	161	SELECT             name,             value,             help,             JSONExtract(labels_serialized, \'Map(String, String)\') as labels,             type         FROM merge(system, \'^_custom_metrics_dictionary_.*\')         FORMAT Prometheus
2026-08-02 02:47:33	1	0	0	1	             SELECT                 name,                 toJSONString(labels) as labels_serialized,                 value,                 help,                 type             FROM (                 SELECT   \'ClickHouse_CustomMetric_TotalMemoryUsedByAsynchronousInserts\' AS name,   toFloat64(SUM(t
2026-08-02 02:47:34	6	161	39918	161	SELECT             name,             value,             help,             JSONExtract(labels_serialized, \'Map(String, String)\') as labels,             type         FROM merge(system, \'^_custom_metrics_dictionary_.*\')         FORMAT Prometheus
2026-08-02 02:47:34	3	1	5438	1	SELECT count() FROM system.processes WHERE (initial_user NOT IN _CAST([\'backups-internal\', \'management-internal\', \'monitoring-internal\', \'observability-internal\', \'operator-internal\', \'prometheus-exporter\', \'prometheus-internal\', \'operator-cert-internal\', \'availability-monitoring-internal\', \'\'], \'Ar
2026-08-02 02:47:34	3	472	6278	1	SELECT countIf(database = \'system\') as systemParts, countIf(database != \'system\') as nonSystemParts FROM system.parts where active
2026-08-02 02:47:34	2	0	0	1	SELECT countIf(database = \'system\') as systemMerges, countIf(database != \'system\') as nonSystemMerges FROM system.merges
2026-08-02 02:47:37	4	6	623	6	 SELECT run_id, status, toString(started_at), round(duration_s, 1),        events, intervals, peak_concurrency, naive_peak,        if(oracle_match, \'exact\', \'DIVERGED\'), substring(git_commit, 1, 12) FROM sony.pipeline_runs FINAL ORDER BY started_at DESC LIMIT 6 FORMAT TabSeparated 
2026-08-02 02:47:38	14	11363	2794059	6322	SELECT now64(6) as scrape_time_microseconds, \'j62zx3k\' AS pod_ident, \'boneaws-al-46\' AS spoken_name, \'cell-1\' AS cell, \'ap-south-1\' AS region, \'aws\' AS cloud_provider, \'26.2.1.525\' AS clickhouse_version, \'0fc3eaab-fbcb-4533-8825-9be9faaea781\' AS control_plane_id, \'aarch64\' AS system_processor, * FRO
2026-08-02 02:47:38	2	0	0	1	             SELECT                 name,                 toJSONString(labels) as labels_serialized,                 value,                 help,                 type             FROM (                 SELECT   \'ClickHouse_CustomMetric_TotalMemoryUsedByMerges\' AS name,   toFloat64(SUM(memory_usage))
2026-08-02 02:47:38	2	3	7527	1	             SELECT                 name,                 toJSONString(labels) as labels_serialized,                 value,                 help,                 type             FROM (                 SELECT   \'ClickHouse_CustomMetric_TotalMemoryUsedByQueries\' AS name,   toFloat64(SUM(peak_memory_u
2026-08-02 02:47:38	3	20	12866	0	             SELECT                 name,                 toJSONString(labels) as labels_serialized,                 value,                 help,                 type             FROM (                 SELECT   \'clickhouse_table_replica_readonly_start_timestamp_seconds\' as name,   toFloat64(toUnixTi
2026-08-02 02:47:39	17	16646	4212117	11012	SELECT now64(6) as scrape_time_microseconds, \'j62zx3k\' AS pod_ident, \'boneaws-al-46\' AS spoken_name, \'cell-1\' AS cell, \'ap-south-1\' AS region, \'aws\' AS cloud_provider, \'26.2.1.525\' AS clickhouse_version, \'0fc3eaab-fbcb-4533-8825-9be9faaea781\' AS control_plane_id, \'aarch64\' AS system_processor, * FRO
2026-08-02 02:47:40	21	1274	3096597	296	SELECT now64(6) as scrape_time_microseconds, \'j62zx3k\' AS pod_ident, \'boneaws-al-46\' AS spoken_name, \'cell-1\' AS cell, \'ap-south-1\' AS region, \'aws\' AS cloud_provider, \'26.2.1.525\' AS clickhouse_version, \'0fc3eaab-fbcb-4533-8825-9be9faaea781\' AS control_plane_id, \'aarch64\' AS system_processor, * FRO
2026-08-02 02:47:40	36	168248	13270454	84	SELECT category, uniqExact(video_session_id) AS sessions FROM sony.session_active_intervals FINAL WHERE category != \'\'  GROUP BY category ORDER BY sessions DESC FORMAT TabSeparated 
2026-08-02 02:47:40	67	336496	32324244	0	 SELECT toString(toDate(minute)) AS d, toHour(minute) AS h, max(c) AS peak FROM (   SELECT minute, sum(sum(delta)) OVER (ORDER BY minute) AS c   FROM sony.concurrency_delta_all   WHERE minute <= toDateTime(\'1970-01-01 00:00:00\', \'UTC\')    GROUP BY minute) WHERE minute >= toDateTime(\'1970-01-01 00:00
2026-08-02 02:47:41	3	0	0	1	 SELECT uniqExact(video_session_id), count(),        round(sum(duration_ms) / 3600000.0, 1), countIf(is_open) FROM sony.session_active_intervals FINAL WHERE active_start <= toDateTime(\'1970-01-01 00:00:00\', \'UTC\')   AND active_end   >= toDateTime(\'1970-01-01 00:00:00\', \'UTC\')  FORMAT TabSeparated 
2026-08-02 02:47:41	170	803	2258452	120	SELECT now64(6) as scrape_time_microseconds, \'j62zx3k\' AS pod_ident, \'boneaws-al-46\' AS spoken_name, \'cell-1\' AS cell, \'ap-south-1\' AS region, \'aws\' AS cloud_provider, \'26.2.1.525\' AS clickhouse_version, \'0fc3eaab-fbcb-4533-8825-9be9faaea781\' AS control_plane_id, \'aarch64\' AS system_processor, * FRO
2026-08-02 02:47:44	5	0	0	0	WITH source AS (SELECT [\'matview_execution_total\', if(exception_code != 0, \'matview_execution_fail\', \'\')] AS metrics, event_time AS ts FROM system.query_views_log WHERE (status != \'QueryStart\') AND (event_date >= toDate(_CAST(\'1785638709.333\', \'DateTime64\'))) AND (event_time >= toDateTime(_CAST(\'178
2026-08-02 02:47:44	4	378	114440	5	WITH metrics AS (SELECT name AS metric, toFloat64(value) AS val, now() AS ts FROM system.server_settings WHERE multiMatchAny(name, _CAST([\'^max_database_num_to_throw$\', \'^max_database_num_to_warn$\', \'^max_table_num_to_throw$\', \'^max_table_num_to_warn$\', \'^max_concurrent_queries$\'], \'Array(String)\'))
2026-08-02 02:47:44	11	194458	3024021	1560	SELECT CAST(\'0fc3eaab-fbcb-4533-8825-9be9faaea781\', \'UUID\') AS control_plane_id, CAST(\'c-boneaws-al-46-server-j62zx3k-0\', \'LowCardinality(String)\') AS pod_id, CAST(now64(), \'DateTime64(6)\') AS scrape_ts_microseconds, CAST(event_date, \'Date\') AS event_date, CAST(event_time, \'DateTime\') AS event_time,
2026-08-02 02:47:44	9	8189	122821	19	WITH metrics AS (SELECT multiIf((event_type = \'MergeParts\') AND (error = 0), \'merges_finished\', (event_type = \'MergeParts\') AND (error != 0), \'merges_failed\', (event_type = \'MutatePart\') AND (error = 0), \'mutate_part_finished\', (event_type = \'MutatePart\') AND (error != 0), \'mutate_part_failed\', NULL
2026-08-02 02:47:44	3	8	40030	1	SELECT count() FROM system.processes WHERE (initial_user NOT IN _CAST([\'backups-internal\', \'management-internal\', \'monitoring-internal\', \'observability-internal\', \'operator-internal\', \'prometheus-exporter\', \'prometheus-internal\', \'operator-cert-internal\', \'availability-monitoring-internal\', \'\'], \'Ar
2026-08-02 02:47:44	9	0	0	1	WITH failed_mutations AS (SELECT toDateTime(create_time) AS ts, count() AS val FROM system.mutations WHERE (ts > toDateTime(_CAST(\'1785638709.333\', \'DateTime64\'))) AND (ts <= toDateTime(_CAST(\'1785638829.333\', \'DateTime64\'))) AND (latest_failed_part != \'\') AND (is_done = 0) GROUP BY ts), failed_muta
2026-08-02 02:47:44	2	458	6108	1	SELECT countIf(database = \'system\') as systemParts, countIf(database != \'system\') as nonSystemParts FROM system.parts where active
2026-08-02 02:47:44	24	3219	602058	130	SELECT CAST(\'0fc3eaab-fbcb-4533-8825-9be9faaea781\', \'UUID\') AS instance_id, CAST(\'c-boneaws-al-46-server-j62zx3k-0\', \'LowCardinality(String)\') AS node_id, CAST(name, \'LowCardinality(String)\') AS metric, CAST(mapFilter((k, v) -> has(_CAST([\'remote\'], \'Array(String)\'), k), labels), \'Map(LowCardinality
2026-08-02 02:47:44	2	0	0	1	SELECT countIf(database = \'system\') as systemMerges, countIf(database != \'system\') as nonSystemMerges FROM system.merges
2026-08-02 02:47:44	51	537	176471	120	SELECT CAST(\'0fc3eaab-fbcb-4533-8825-9be9faaea781\', \'UUID\') AS control_plane_id, CAST(\'c-boneaws-al-46-server-j62zx3k-0\', \'LowCardinality(String)\') AS pod_id, CAST(now64(), \'DateTime64(6)\') AS scrape_ts_microseconds, CAST(event_date, \'Date\') AS event_date, CAST(event_time, \'DateTime\') AS event_time,
2026-08-02 02:47:44	146	1181	247877	24	WITH parts_agg AS (SELECT database AS agg_database, `table` AS agg_table, SUM(primary_key_size) AS primary_index_size, SUM(secondary_indices_compressed_bytes) AS secondary_index_size FROM system.parts WHERE active AND (database != \'system\') GROUP BY database, `table`), proj_agg AS (SELECT database A
2026-08-02 02:47:45	4	6	623	6	 SELECT run_id, status, toString(started_at), round(duration_s, 1),        events, intervals, peak_concurrency, naive_peak,        if(oracle_match, \'exact\', \'DIVERGED\'), substring(git_commit, 1, 12) FROM sony.pipeline_runs FINAL ORDER BY started_at DESC LIMIT 6 FORMAT TabSeparated 
2026-08-02 02:47:45	179	3274158	52271996	105045	SELECT now64(6) as scrape_time_microseconds, \'j62zx3k\' AS pod_ident, \'boneaws-al-46\' AS spoken_name, \'cell-1\' AS cell, \'ap-south-1\' AS region, \'aws\' AS cloud_provider, \'26.2.1.525\' AS clickhouse_version, \'0fc3eaab-fbcb-4533-8825-9be9faaea781\' AS control_plane_id, \'aarch64\' AS system_processor, * FRO
2026-08-02 02:47:46	32	32342	6850931	21142	SELECT now64(6) as scrape_time_microseconds, \'j62zx3k\' AS pod_ident, \'boneaws-al-46\' AS spoken_name, \'cell-1\' AS cell, \'ap-south-1\' AS region, \'aws\' AS cloud_provider, \'26.2.1.525\' AS clickhouse_version, \'0fc3eaab-fbcb-4533-8825-9be9faaea781\' AS control_plane_id, \'aarch64\' AS system_processor, * FRO
2026-08-02 02:47:48	6	161	39918	161	SELECT             name,             value,             help,             JSONExtract(labels_serialized, \'Map(String, String)\') as labels,             type         FROM merge(system, \'^_custom_metrics_dictionary_.*\')         FORMAT Prometheus
2026-08-02 02:47:48	2	13	6340	1	             SELECT                 name,                 toJSONString(labels) as labels_serialized,                 value,                 help,                 type             FROM (                 SELECT   \'ClickHouse_CustomMetric_TotalMemoryUsedByDictionaries\' AS name,   toFloat64(SUM(bytes_al
2026-08-02 02:47:49	4	6	623	6	 SELECT run_id, status, toString(started_at), round(duration_s, 1),        events, intervals, peak_concurrency, naive_peak,        if(oracle_match, \'exact\', \'DIVERGED\'), substring(git_commit, 1, 12) FROM sony.pipeline_runs FINAL ORDER BY started_at DESC LIMIT 6 FORMAT TabSeparated 
2026-08-02 02:47:52	17	8188	4506636	174	SELECT now64(6) as scrape_time_microseconds, \'j62zx3k\' AS pod_ident, \'boneaws-al-46\' AS spoken_name, \'cell-1\' AS cell, \'ap-south-1\' AS region, \'aws\' AS cloud_provider, \'26.2.1.525\' AS clickhouse_version, \'0fc3eaab-fbcb-4533-8825-9be9faaea781\' AS control_plane_id, \'aarch64\' AS system_processor, * FRO
2026-08-02 02:47:52	37	168248	13270454	84	SELECT category, uniqExact(video_session_id) AS sessions FROM sony.session_active_intervals FINAL WHERE category != \'\'  GROUP BY category ORDER BY sessions DESC FORMAT TabSeparated 
2026-08-02 02:47:52	3	0	0	1	 SELECT uniqExact(video_session_id), count(),        round(sum(duration_ms) / 3600000.0, 1), countIf(is_open) FROM sony.session_active_intervals FINAL WHERE active_start <= toDateTime(\'1970-01-01 00:00:00\', \'UTC\')   AND active_end   >= toDateTime(\'1970-01-01 00:00:00\', \'UTC\')  FORMAT TabSeparated 
2026-08-02 02:47:52	37	168248	13256925	4	SELECT close_reason, uniqExact(video_session_id) AS sessions FROM sony.session_active_intervals FINAL WHERE close_reason != \'\'  GROUP BY close_reason ORDER BY sessions DESC FORMAT TabSeparated 
2026-08-02 02:47:52	321	14066652	1162747774	1	 WITH sess AS (   SELECT video_session_id,          min(event_timestamp_ms) AS a,          max(event_timestamp_ms) AS b,          argMin(platform, event_timestamp_ms) AS platform,          argMin(country,  event_timestamp_ms) AS country,          argMin(content_id, event_timestamp_ms) AS content_id 
2026-08-02 02:47:53	2	0	0	0	             SELECT                 name,                 toJSONString(labels) as labels_serialized,                 value,                 help,                 type             FROM (                 SELECT   \'ClickHouse_CustomMetric_FailedMutations\' as name,   toFloat64(count()) as value,   \'The 
2026-08-02 02:47:53	2	59	472	1	             SELECT                 name,                 toJSONString(labels) as labels_serialized,                 value,                 help,                 type             FROM (                 SELECT   \'ClickHouse_CustomMetric_TotalMemoryUsedByDataSkippingIndices\' AS name,   toFloat64(SUM(d
2026-08-02 02:47:53	2	13	6340	1	             SELECT                 name,                 toJSONString(labels) as labels_serialized,                 value,                 help,                 type             FROM (                 SELECT   \'ClickHouse_CustomMetric_TotalMemoryUsedByDictionaries\' AS name,   toFloat64(SUM(bytes_al
2026-08-02 02:47:53	4	6	623	6	 SELECT run_id, status, toString(started_at), round(duration_s, 1),        events, intervals, peak_concurrency, naive_peak,        if(oracle_match, \'exact\', \'DIVERGED\'), substring(git_commit, 1, 12) FROM sony.pipeline_runs FINAL ORDER BY started_at DESC LIMIT 6 FORMAT TabSeparated 
2026-08-02 02:47:54	3	1	5438	1	SELECT count() FROM system.processes WHERE (initial_user NOT IN _CAST([\'backups-internal\', \'management-internal\', \'monitoring-internal\', \'observability-internal\', \'operator-internal\', \'prometheus-exporter\', \'prometheus-internal\', \'operator-cert-internal\', \'availability-monitoring-internal\', \'\'], \'Ar
2026-08-02 02:47:54	3	457	6093	1	SELECT countIf(database = \'system\') as systemParts, countIf(database != \'system\') as nonSystemParts FROM system.parts where active
2026-08-02 02:47:54	2	0	0	1	SELECT countIf(database = \'system\') as systemMerges, countIf(database != \'system\') as nonSystemMerges FROM system.merges
2026-08-02 02:47:54	85	403148	33325155	0	 SELECT c.title AS title, d.video_type AS video_type, d.category AS category,        p.peak AS peak FROM (   SELECT content_id, max(c) AS peak FROM (     SELECT content_id, minute,            sum(sum(delta)) OVER (PARTITION BY content_id ORDER BY minute) AS c     FROM sony.concurrency_delta_all     
2026-08-02 02:47:54	37	168248	13259336	21	SELECT platform, uniqExact(video_session_id) AS sessions FROM sony.session_active_intervals FINAL WHERE platform != \'\'  GROUP BY platform ORDER BY sessions DESC FORMAT TabSeparated 
2026-08-02 02:47:54	34	168248	13255192	1	SELECT country, uniqExact(video_session_id) AS sessions FROM sony.session_active_intervals FINAL WHERE country != \'\'  GROUP BY country ORDER BY sessions DESC FORMAT TabSeparated 
2026-08-02 02:47:55	3	0	0	1	 SELECT uniqExact(video_session_id), count(),        round(sum(duration_ms) / 3600000.0, 1), countIf(is_open) FROM sony.session_active_intervals FINAL WHERE active_start <= toDateTime(\'1970-01-01 00:00:00\', \'UTC\')   AND active_end   >= toDateTime(\'1970-01-01 00:00:00\', \'UTC\')  FORMAT TabSeparated 
2026-08-02 02:47:55	65	336496	32324244	0	 SELECT toString(platform) AS g, max(c) AS peak FROM (   SELECT platform, minute,          sum(sum(delta)) OVER (PARTITION BY platform ORDER BY minute) AS c   FROM sony.concurrency_delta_all   WHERE minute <= toDateTime(\'1970-01-01 00:00:00\', \'UTC\')    GROUP BY platform, minute) GROUP BY g FORMAT Ta
2026-08-02 02:47:56	31	168248	13259336	21	SELECT platform, uniqExact(video_session_id) AS sessions FROM sony.session_active_intervals FINAL WHERE platform != \'\'  GROUP BY platform ORDER BY sessions DESC FORMAT TabSeparated 
2026-08-02 02:47:56	3	0	0	0	 SELECT toString(platform) AS g,        uniqExact(video_session_id) AS sessions,        count() AS intervals,        round(sum(duration_ms) / 3600000.0, 1) AS watch_hours,        round(avg(duration_ms) / 1000.0, 1) AS avg_seconds,        countIf(is_open) AS open_intervals FROM sony.session_active_in
2026-08-02 02:47:56	33	168248	13270454	84	SELECT category, uniqExact(video_session_id) AS sessions FROM sony.session_active_intervals FINAL WHERE category != \'\'  GROUP BY category ORDER BY sessions DESC FORMAT TabSeparated 
2026-08-02 02:47:56	34	168248	13255238	2	SELECT video_type, uniqExact(video_session_id) AS sessions FROM sony.session_active_intervals FINAL WHERE video_type != \'\'  GROUP BY video_type ORDER BY sessions DESC FORMAT TabSeparated 
2026-08-02 02:47:57	31	168248	13270454	84	SELECT category, uniqExact(video_session_id) AS sessions FROM sony.session_active_intervals FINAL WHERE category != \'\'  GROUP BY category ORDER BY sessions DESC FORMAT TabSeparated 
2026-08-02 02:47:58	3	6	213	0	             SELECT                 name,                 toJSONString(labels) as labels_serialized,                 value,                 help,                 type             FROM (                 SELECT   \'ClickHouse_CustomMetric_DatabaseReplicatedRecoveryTime\' as name,   toFloat64(recovery_ti
2026-08-02 02:47:59	11	8232	2440005	417	SELECT now64(6) as scrape_time_microseconds, \'j62zx3k\' AS pod_ident, \'boneaws-al-46\' AS spoken_name, \'cell-1\' AS cell, \'ap-south-1\' AS region, \'aws\' AS cloud_provider, \'26.2.1.525\' AS clickhouse_version, \'0fc3eaab-fbcb-4533-8825-9be9faaea781\' AS control_plane_id, \'aarch64\' AS system_processor, * FRO
2026-08-02 02:48:01	4	6	623	6	 SELECT run_id, status, toString(started_at), round(duration_s, 1),        events, intervals, peak_concurrency, naive_peak,        if(oracle_match, \'exact\', \'DIVERGED\'), substring(git_commit, 1, 12) FROM sony.pipeline_runs FINAL ORDER BY started_at DESC LIMIT 6 FORMAT TabSeparated 
2026-08-02 02:48:02	15	567	7938	1	SELECT avg(ProfileEvent_OSCPUWaitMicroseconds) as cpu_wait FROM  system.metric_log  WHERE event_time > now() - INTERVAL 2 MINUTE AND event_date >= yesterday()
2026-08-02 02:48:02	5	2	10208	2	SELECT count() as count, sum(elapsed) as total_elapsed, \'lh\' as usr FROM system.processes  WHERE user = \'observability-internal\' AND client_hostname LIKE \'loghouse-scraper%\'  UNION ALL SELECT count() as count, sum(elapsed) as total_elapsed, \'other\' as usr FROM system.processes  WHERE user != \'observ
2026-08-02 02:48:02	1	887	368225	1	SELECT value FROM system.asynchronous_metrics WHERE metric = \'OSMemoryAvailable\' ;
2026-08-02 02:48:02	3	6	623	6	 SELECT run_id, status, toString(started_at), round(duration_s, 1),        events, intervals, peak_concurrency, naive_peak,        if(oracle_match, \'exact\', \'DIVERGED\'), substring(git_commit, 1, 12) FROM sony.pipeline_runs FINAL ORDER BY started_at DESC LIMIT 6 FORMAT TabSeparated 
2026-08-02 02:48:03	6	161	39918	161	SELECT             name,             value,             help,             JSONExtract(labels_serialized, \'Map(String, String)\') as labels,             type         FROM merge(system, \'^_custom_metrics_dictionary_.*\')         FORMAT Prometheus
2026-08-02 02:48:03	21	33326	734303	33326	SELECT `content_id`, `title`, `video_type`, `category` FROM `sony`.`content_dim`;
2026-08-02 02:48:04	6	161	39918	161	SELECT             name,             value,             help,             JSONExtract(labels_serialized, \'Map(String, String)\') as labels,             type         FROM merge(system, \'^_custom_metrics_dictionary_.*\')         FORMAT Prometheus
2026-08-02 02:48:04	2	2	12834	1	SELECT count() FROM system.processes WHERE (initial_user NOT IN _CAST([\'backups-internal\', \'management-internal\', \'monitoring-internal\', \'observability-internal\', \'operator-internal\', \'prometheus-exporter\', \'prometheus-internal\', \'operator-cert-internal\', \'availability-monitoring-internal\', \'\'], \'Ar
2026-08-02 02:48:04	2	458	6108	1	SELECT countIf(database = \'system\') as systemParts, countIf(database != \'system\') as nonSystemParts FROM system.parts where active
2026-08-02 02:48:04	1	0	0	1	SELECT countIf(database = \'system\') as systemMerges, countIf(database != \'system\') as nonSystemMerges FROM system.merges
2026-08-02 02:48:04	24	3219	602058	130	SELECT CAST(\'0fc3eaab-fbcb-4533-8825-9be9faaea781\', \'UUID\') AS instance_id, CAST(\'c-boneaws-al-46-server-j62zx3k-0\', \'LowCardinality(String)\') AS node_id, CAST(name, \'LowCardinality(String)\') AS metric, CAST(mapFilter((k, v) -> has(_CAST([\'remote\'], \'Array(String)\'), k), labels), \'Map(LowCardinality
2026-08-02 02:48:08	1	11	3888	11	             SELECT                 name,                 toJSONString(labels) as labels_serialized,                 value,                 help,                 type             FROM (                 SELECT   concat(\'clickhouse_\', system.dimensional_metrics.metric) AS name,   toFloat64(system.dime
2026-08-02 02:48:08	2	0	0	0	             SELECT                 name,                 toJSONString(labels) as labels_serialized,                 value,                 help,                 type             FROM (                 SELECT   \'ClickHouse_CustomMetric_FailedMutations\' as name,   toFloat64(count()) as value,   \'The 
2026-08-02 02:48:09	1	1	1	1	SELECT displayName(), version(), revision(), timezone()
2026-08-02 02:48:10	1	1	1	1	SELECT 1;
2026-08-02 02:48:13	1	0	0	1	             SELECT                 name,                 toJSONString(labels) as labels_serialized,                 value,                 help,                 type             FROM (                 SELECT   \'ClickHouse_CustomMetric_TotalMemoryUsedByAsynchronousInserts\' AS name,   toFloat64(SUM(t
2026-08-02 02:48:13	2	0	0	0	             SELECT                 name,                 toJSONString(labels) as labels_serialized,                 value,                 help,                 type             FROM (                 SELECT   \'ClickHouse_CustomMetric_FailedMutations\' as name,   toFloat64(count()) as value,   \'The 
2026-08-02 02:48:13	2	15	1013	15	             SELECT                 name,                 toJSONString(labels) as labels_serialized,                 value,                 help,                 type             FROM (                 SELECT     \'ClickHouse_MetricsCollection_CustomMetricsSystemTable\' AS name,     toFloat64(1) AS va
2026-08-02 02:48:14	3	1	5438	1	SELECT count() FROM system.processes WHERE (initial_user NOT IN _CAST([\'backups-internal\', \'management-internal\', \'monitoring-internal\', \'observability-internal\', \'operator-internal\', \'prometheus-exporter\', \'prometheus-internal\', \'operator-cert-internal\', \'availability-monitoring-internal\', \'\'], \'Ar
2026-08-02 02:48:14	3	450	5988	1	SELECT countIf(database = \'system\') as systemParts, countIf(database != \'system\') as nonSystemParts FROM system.parts where active
2026-08-02 02:48:14	2	0	0	1	SELECT countIf(database = \'system\') as systemMerges, countIf(database != \'system\') as nonSystemMerges FROM system.merges
2026-08-02 02:48:15	4	6	623	6	 SELECT run_id, status, toString(started_at), round(duration_s, 1),        events, intervals, peak_concurrency, naive_peak,        if(oracle_match, \'exact\', \'DIVERGED\'), substring(git_commit, 1, 12) FROM sony.pipeline_runs FINAL ORDER BY started_at DESC LIMIT 6 FORMAT TabSeparated 
2026-08-02 02:48:16	4	6	623	6	 SELECT run_id, status, toString(started_at), round(duration_s, 1),        events, intervals, peak_concurrency, naive_peak,        if(oracle_match, \'exact\', \'DIVERGED\'), substring(git_commit, 1, 12) FROM sony.pipeline_runs FINAL ORDER BY started_at DESC LIMIT 6 FORMAT TabSeparated 
2026-08-02 02:48:17	8	2930	1747563	50	SELECT now64(6) as scrape_time_microseconds, \'j62zx3k\' AS pod_ident, \'boneaws-al-46\' AS spoken_name, \'cell-1\' AS cell, \'ap-south-1\' AS region, \'aws\' AS cloud_provider, \'26.2.1.525\' AS clickhouse_version, \'0fc3eaab-fbcb-4533-8825-9be9faaea781\' AS control_plane_id, \'aarch64\' AS system_processor, * FRO
2026-08-02 02:48:18	6	150	37453	150	SELECT             name,             value,             help,             JSONExtract(labels_serialized, \'Map(String, String)\') as labels,             type         FROM merge(system, \'^_custom_metrics_dictionary_.*\')         FORMAT Prometheus
2026-08-02 02:48:18	3	6	213	0	             SELECT                 name,                 toJSONString(labels) as labels_serialized,                 value,                 help,                 type             FROM (                 SELECT   \'ClickHouse_CustomMetric_SharedCatalogRecoveryTime\' as name,   toFloat64(recovery_time) a
2026-08-02 02:48:19	3	6	623	6	 SELECT run_id, status, toString(started_at), round(duration_s, 1),        events, intervals, peak_concurrency, naive_peak,        if(oracle_match, \'exact\', \'DIVERGED\'), substring(git_commit, 1, 12) FROM sony.pipeline_runs FINAL ORDER BY started_at DESC LIMIT 6 FORMAT TabSeparated 
2026-08-02 02:48:20	4	6	623	6	 SELECT run_id, status, toString(started_at), round(duration_s, 1),        events, intervals, peak_concurrency, naive_peak,        if(oracle_match, \'exact\', \'DIVERGED\'), substring(git_commit, 1, 12) FROM sony.pipeline_runs FINAL ORDER BY started_at DESC LIMIT 6 FORMAT TabSeparated 
2026-08-02 02:48:23	2	0	0	0	             SELECT                 name,                 toJSONString(labels) as labels_serialized,                 value,                 help,                 type             FROM (                 SELECT   \'ClickHouse_CustomMetric_FailedMutations\' as name,   toFloat64(count()) as value,   \'The 
2026-08-02 02:48:23	3	6	213	0	             SELECT                 name,                 toJSONString(labels) as labels_serialized,                 value,                 help,                 type             FROM (                 SELECT   \'ClickHouse_CustomMetric_DatabaseReplicatedRecoveryTime\' as name,   toFloat64(recovery_ti
2026-08-02 02:48:24	2	2	12834	1	SELECT count() FROM system.processes WHERE (initial_user NOT IN _CAST([\'backups-internal\', \'management-internal\', \'monitoring-internal\', \'observability-internal\', \'operator-internal\', \'prometheus-exporter\', \'prometheus-internal\', \'operator-cert-internal\', \'availability-monitoring-internal\', \'\'], \'Ar
2026-08-02 02:48:24	3	447	5943	1	SELECT countIf(database = \'system\') as systemParts, countIf(database != \'system\') as nonSystemParts FROM system.parts where active
2026-08-02 02:48:24	1	0	0	1	SELECT countIf(database = \'system\') as systemMerges, countIf(database != \'system\') as nonSystemMerges FROM system.merges
2026-08-02 02:48:24	29	3208	600498	130	SELECT CAST(\'0fc3eaab-fbcb-4533-8825-9be9faaea781\', \'UUID\') AS instance_id, CAST(\'c-boneaws-al-46-server-j62zx3k-0\', \'LowCardinality(String)\') AS node_id, CAST(name, \'LowCardinality(String)\') AS metric, CAST(mapFilter((k, v) -> has(_CAST([\'remote\'], \'Array(String)\'), k), labels), \'Map(LowCardinality
2026-08-02 02:48:25	4	6	623	6	 SELECT run_id, status, toString(started_at), round(duration_s, 1),        events, intervals, peak_concurrency, naive_peak,        if(oracle_match, \'exact\', \'DIVERGED\'), substring(git_commit, 1, 12) FROM sony.pipeline_runs FINAL ORDER BY started_at DESC LIMIT 6 FORMAT TabSeparated 
2026-08-02 02:48:28	1	0	0	1	             SELECT                 name,                 toJSONString(labels) as labels_serialized,                 value,                 help,                 type             FROM (                 SELECT   \'ClickHouse_CustomMetric_TotalMemoryUsedByMerges\' AS name,   toFloat64(SUM(memory_usage))
2026-08-02 02:48:29	4	6	623	6	 SELECT run_id, status, toString(started_at), round(duration_s, 1),        events, intervals, peak_concurrency, naive_peak,        if(oracle_match, \'exact\', \'DIVERGED\'), substring(git_commit, 1, 12) FROM sony.pipeline_runs FINAL ORDER BY started_at DESC LIMIT 6 FORMAT TabSeparated 
2026-08-02 02:48:32	18	597	8358	1	SELECT avg(ProfileEvent_OSCPUWaitMicroseconds) as cpu_wait FROM  system.metric_log  WHERE event_time > now() - INTERVAL 2 MINUTE AND event_date >= yesterday()
2026-08-02 02:48:32	5	2	10208	2	SELECT count() as count, sum(elapsed) as total_elapsed, \'lh\' as usr FROM system.processes  WHERE user = \'observability-internal\' AND client_hostname LIKE \'loghouse-scraper%\'  UNION ALL SELECT count() as count, sum(elapsed) as total_elapsed, \'other\' as usr FROM system.processes  WHERE user != \'observ
2026-08-02 02:48:32	2	887	368225	1	SELECT value FROM system.asynchronous_metrics WHERE metric = \'OSMemoryAvailable\' ;
2026-08-02 02:48:33	6	150	37453	150	SELECT             name,             value,             help,             JSONExtract(labels_serialized, \'Map(String, String)\') as labels,             type         FROM merge(system, \'^_custom_metrics_dictionary_.*\')         FORMAT Prometheus
2026-08-02 02:48:33	2	15	1013	15	             SELECT                 name,                 toJSONString(labels) as labels_serialized,                 value,                 help,                 type             FROM (                 SELECT     \'ClickHouse_MetricsCollection_CustomMetricsSystemTable\' AS name,     toFloat64(1) AS va
2026-08-02 02:48:34	6	150	37453	150	SELECT             name,             value,             help,             JSONExtract(labels_serialized, \'Map(String, String)\') as labels,             type         FROM merge(system, \'^_custom_metrics_dictionary_.*\')         FORMAT Prometheus
2026-08-02 02:48:34	2	1	5438	1	SELECT count() FROM system.processes WHERE (initial_user NOT IN _CAST([\'backups-internal\', \'management-internal\', \'monitoring-internal\', \'observability-internal\', \'operator-internal\', \'prometheus-exporter\', \'prometheus-internal\', \'operator-cert-internal\', \'availability-monitoring-internal\', \'\'], \'Ar
2026-08-02 02:48:34	2	449	5973	1	SELECT countIf(database = \'system\') as systemParts, countIf(database != \'system\') as nonSystemParts FROM system.parts where active
2026-08-02 02:48:34	1	0	0	1	SELECT countIf(database = \'system\') as systemMerges, countIf(database != \'system\') as nonSystemMerges FROM system.merges
2026-08-02 02:48:35	4	6	623	6	 SELECT run_id, status, toString(started_at), round(duration_s, 1),        events, intervals, peak_concurrency, naive_peak,        if(oracle_match, \'exact\', \'DIVERGED\'), substring(git_commit, 1, 12) FROM sony.pipeline_runs FINAL ORDER BY started_at DESC LIMIT 6 FORMAT TabSeparated 
2026-08-02 02:48:38	2	3	7658	1	             SELECT                 name,                 toJSONString(labels) as labels_serialized,                 value,                 help,                 type             FROM (                 SELECT   \'ClickHouse_CustomMetric_TotalMemoryUsedByQueries\' AS name,   toFloat64(SUM(peak_memory_u
2026-08-02 02:48:38	2	59	472	1	             SELECT                 name,                 toJSONString(labels) as labels_serialized,                 value,                 help,                 type             FROM (                 SELECT   \'ClickHouse_CustomMetric_TotalMemoryUsedByDataSkippingIndices\' AS name,   toFloat64(SUM(d
2026-08-02 02:48:38	3	20	12866	0	             SELECT                 name,                 toJSONString(labels) as labels_serialized,                 value,                 help,                 type             FROM (                 SELECT   \'clickhouse_table_replica_readonly_start_timestamp_seconds\' as name,   toFloat64(toUnixTi
2026-08-02 02:48:40	4	6	623	6	 SELECT run_id, status, toString(started_at), round(duration_s, 1),        events, intervals, peak_concurrency, naive_peak,        if(oracle_match, \'exact\', \'DIVERGED\'), substring(git_commit, 1, 12) FROM sony.pipeline_runs FINAL ORDER BY started_at DESC LIMIT 6 FORMAT TabSeparated 
2026-08-02 02:48:43	2	13	6340	1	             SELECT                 name,                 toJSONString(labels) as labels_serialized,                 value,                 help,                 type             FROM (                 SELECT   \'ClickHouse_CustomMetric_TotalMemoryUsedByDictionaries\' AS name,   toFloat64(SUM(bytes_al
2026-08-02 02:48:44	2	2	12834	1	SELECT count() FROM system.processes WHERE (initial_user NOT IN _CAST([\'backups-internal\', \'management-internal\', \'monitoring-internal\', \'observability-internal\', \'operator-internal\', \'prometheus-exporter\', \'prometheus-internal\', \'operator-cert-internal\', \'availability-monitoring-internal\', \'\'], \'Ar
2026-08-02 02:48:44	3	459	6123	1	SELECT countIf(database = \'system\') as systemParts, countIf(database != \'system\') as nonSystemParts FROM system.parts where active
2026-08-02 02:48:44	1	2	3442	1	SELECT countIf(database = \'system\') as systemMerges, countIf(database != \'system\') as nonSystemMerges FROM system.merges
2026-08-02 02:48:44	27	3208	600498	130	SELECT CAST(\'0fc3eaab-fbcb-4533-8825-9be9faaea781\', \'UUID\') AS instance_id, CAST(\'c-boneaws-al-46-server-j62zx3k-0\', \'LowCardinality(String)\') AS node_id, CAST(name, \'LowCardinality(String)\') AS metric, CAST(mapFilter((k, v) -> has(_CAST([\'remote\'], \'Array(String)\'), k), labels), \'Map(LowCardinality
2026-08-02 02:48:48	5	150	37453	150	SELECT             name,             value,             help,             JSONExtract(labels_serialized, \'Map(String, String)\') as labels,             type         FROM merge(system, \'^_custom_metrics_dictionary_.*\')         FORMAT Prometheus
2026-08-02 02:48:48	2	0	0	0	             SELECT                 name,                 toJSONString(labels) as labels_serialized,                 value,                 help,                 type             FROM (                 SELECT   \'ClickHouse_CustomMetric_FailedMutations\' as name,   toFloat64(count()) as value,   \'The 
2026-08-02 02:48:48	2	2	6302	1	             SELECT                 name,                 toJSONString(labels) as labels_serialized,                 value,                 help,                 type             FROM (                 SELECT   \'ClickHouse_CustomMetric_TotalMemoryUsedByQueries\' AS name,   toFloat64(SUM(peak_memory_u
2026-08-02 02:48:51	4	6	623	6	 SELECT run_id, status, toString(started_at), round(duration_s, 1),        events, intervals, peak_concurrency, naive_peak,        if(oracle_match, \'exact\', \'DIVERGED\'), substring(git_commit, 1, 12) FROM sony.pipeline_runs FINAL ORDER BY started_at DESC LIMIT 6 FORMAT TabSeparated 
2026-08-02 02:48:52	2	1	16	1	SELECT count() FROM sony.raw_events FORMAT TabSeparated 
2026-08-02 02:48:52	26	168248	13102110	1	SELECT count() FROM sony.session_active_intervals FINAL FORMAT TabSeparated 
2026-08-02 02:48:53	34	168248	13837881	1	SELECT arraySort(groupUniqArrayIf(platform, platform != \'\')), arraySort(groupUniqArrayIf(country, country != \'\')), arraySort(groupUniqArrayIf(video_type, video_type != \'\')), arraySort(groupUniqArrayIf(category, category != \'\')), arraySort(groupUniqArrayIf(close_reason, close_reason != \'\')) FROM sony
2026-08-02 02:48:53	3	6	213	0	             SELECT                 name,                 toJSONString(labels) as labels_serialized,                 value,                 help,                 type             FROM (                 SELECT   \'ClickHouse_CustomMetric_SharedCatalogRecoveryTime\' as name,   toFloat64(recovery_time) a
2026-08-02 02:48:54	3	1	5438	1	SELECT count() FROM system.processes WHERE (initial_user NOT IN _CAST([\'backups-internal\', \'management-internal\', \'monitoring-internal\', \'observability-internal\', \'operator-internal\', \'prometheus-exporter\', \'prometheus-internal\', \'operator-cert-internal\', \'availability-monitoring-internal\', \'\'], \'Ar
2026-08-02 02:48:54	3	447	5943	1	SELECT countIf(database = \'system\') as systemParts, countIf(database != \'system\') as nonSystemParts FROM system.parts where active
2026-08-02 02:48:54	2	0	0	1	SELECT countIf(database = \'system\') as systemMerges, countIf(database != \'system\') as nonSystemMerges FROM system.merges
2026-08-02 02:48:56	4	635	2540	0	SELECT now64(6) as scrape_time_microseconds, \'j62zx3k\' AS pod_ident, \'boneaws-al-46\' AS spoken_name, \'cell-1\' AS cell, \'ap-south-1\' AS region, \'aws\' AS cloud_provider, \'26.2.1.525\' AS clickhouse_version, \'0fc3eaab-fbcb-4533-8825-9be9faaea781\' AS control_plane_id, \'aarch64\' AS system_processor, * FRO
2026-08-02 02:48:56	4	0	0	0	SELECT now64(6) as scrape_time_microseconds, \'j62zx3k\' AS pod_ident, \'boneaws-al-46\' AS spoken_name, \'cell-1\' AS cell, \'ap-south-1\' AS region, \'aws\' AS cloud_provider, \'26.2.1.525\' AS clickhouse_version, \'0fc3eaab-fbcb-4533-8825-9be9faaea781\' AS control_plane_id, \'aarch64\' AS system_processor, * FRO
2026-08-02 02:48:57	3	0	0	0	SELECT now64(6) as scrape_time_microseconds, \'j62zx3k\' AS pod_ident, \'boneaws-al-46\' AS spoken_name, \'cell-1\' AS cell, \'ap-south-1\' AS region, \'aws\' AS cloud_provider, \'26.2.1.525\' AS clickhouse_version, \'0fc3eaab-fbcb-4533-8825-9be9faaea781\' AS control_plane_id, \'aarch64\' AS system_processor, * FRO
2026-08-02 02:48:57	35	168248	13255238	2	SELECT video_type, uniqExact(video_session_id) AS sessions FROM sony.session_active_intervals FINAL WHERE video_type != \'\'  GROUP BY video_type ORDER BY sessions DESC FORMAT TabSeparated 
2026-08-02 02:48:57	35	168248	13255192	1	SELECT country, uniqExact(video_session_id) AS sessions FROM sony.session_active_intervals FINAL WHERE country != \'\'  GROUP BY country ORDER BY sessions DESC FORMAT TabSeparated 
2026-08-02 02:48:57	398	446677	33205692	1441	 SELECT toString(minute), toInt32(c) FROM (   SELECT minute, sum(d) OVER (ORDER BY minute) AS c FROM (     SELECT minute, sum(delta) AS d     FROM sony.concurrency_delta_all     WHERE minute <= toDateTime(\'2026-08-01 11:07:00\', \'UTC\')      GROUP BY minute     ORDER BY minute WITH FILL       FROM toD
2026-08-02 02:48:58	4	0	0	0	SELECT now64(6) as scrape_time_microseconds, \'j62zx3k\' AS pod_ident, \'boneaws-al-46\' AS spoken_name, \'cell-1\' AS cell, \'ap-south-1\' AS region, \'aws\' AS cloud_provider, \'26.2.1.525\' AS clickhouse_version, \'0fc3eaab-fbcb-4533-8825-9be9faaea781\' AS control_plane_id, \'aarch64\' AS system_processor, * FRO
2026-08-02 02:48:58	670	14066652	1162747774	1441	 WITH sess AS (   SELECT video_session_id,          min(event_timestamp_ms) AS a,          max(event_timestamp_ms) AS b,          argMin(platform, event_timestamp_ms) AS platform,          argMin(country,  event_timestamp_ms) AS country,          argMin(content_id, event_timestamp_ms) AS content_id 
2026-08-02 02:48:58	1	0	0	1	             SELECT                 name,                 toJSONString(labels) as labels_serialized,                 value,                 help,                 type             FROM (                 SELECT   \'ClickHouse_CustomMetric_TotalMemoryUsedByMerges\' AS name,   toFloat64(SUM(memory_usage))
2026-08-02 02:48:58	3	6	213	0	             SELECT                 name,                 toJSONString(labels) as labels_serialized,                 value,                 help,                 type             FROM (                 SELECT   \'ClickHouse_CustomMetric_DatabaseReplicatedRecoveryTime\' as name,   toFloat64(recovery_ti
2026-08-02 02:48:59	3	0	0	0	SELECT now64(6) as scrape_time_microseconds, \'j62zx3k\' AS pod_ident, \'boneaws-al-46\' AS spoken_name, \'cell-1\' AS cell, \'ap-south-1\' AS region, \'aws\' AS cloud_provider, \'26.2.1.525\' AS clickhouse_version, \'0fc3eaab-fbcb-4533-8825-9be9faaea781\' AS control_plane_id, \'aarch64\' AS system_processor, * FRO
2026-08-02 02:49:00	5	0	0	0	SELECT now64(6) as scrape_time_microseconds, \'j62zx3k\' AS pod_ident, \'boneaws-al-46\' AS spoken_name, \'cell-1\' AS cell, \'ap-south-1\' AS region, \'aws\' AS cloud_provider, \'26.2.1.525\' AS clickhouse_version, \'0fc3eaab-fbcb-4533-8825-9be9faaea781\' AS control_plane_id, \'aarch64\' AS system_processor, * FRO
2026-08-02 02:49:02	3	0	0	0	SELECT now64(6) as scrape_time_microseconds, \'j62zx3k\' AS pod_ident, \'boneaws-al-46\' AS spoken_name, \'cell-1\' AS cell, \'ap-south-1\' AS region, \'aws\' AS cloud_provider, \'26.2.1.525\' AS clickhouse_version, \'0fc3eaab-fbcb-4533-8825-9be9faaea781\' AS control_plane_id, \'aarch64\' AS system_processor, * FRO
2026-08-02 02:49:02	17	122	1708	1	SELECT avg(ProfileEvent_OSCPUWaitMicroseconds) as cpu_wait FROM  system.metric_log  WHERE event_time > now() - INTERVAL 2 MINUTE AND event_date >= yesterday()
2026-08-02 02:49:02	5	2	10208	2	SELECT count() as count, sum(elapsed) as total_elapsed, \'lh\' as usr FROM system.processes  WHERE user = \'observability-internal\' AND client_hostname LIKE \'loghouse-scraper%\'  UNION ALL SELECT count() as count, sum(elapsed) as total_elapsed, \'other\' as usr FROM system.processes  WHERE user != \'observ
2026-08-02 02:49:02	2	886	368083	1	SELECT value FROM system.asynchronous_metrics WHERE metric = \'OSMemoryAvailable\' ;
2026-08-02 02:49:03	4	0	0	0	SELECT now64(6) as scrape_time_microseconds, \'j62zx3k\' AS pod_ident, \'boneaws-al-46\' AS spoken_name, \'cell-1\' AS cell, \'ap-south-1\' AS region, \'aws\' AS cloud_provider, \'26.2.1.525\' AS clickhouse_version, \'0fc3eaab-fbcb-4533-8825-9be9faaea781\' AS control_plane_id, \'aarch64\' AS system_processor, * FRO
2026-08-02 02:49:03	6	150	37453	150	SELECT             name,             value,             help,             JSONExtract(labels_serialized, \'Map(String, String)\') as labels,             type         FROM merge(system, \'^_custom_metrics_dictionary_.*\')         FORMAT Prometheus
2026-08-02 02:49:03	1	0	0	1	             SELECT                 name,                 toJSONString(labels) as labels_serialized,                 value,                 help,                 type             FROM (                 SELECT   \'ClickHouse_CustomMetric_TotalMemoryUsedByAsynchronousInserts\' AS name,   toFloat64(SUM(t
2026-08-02 02:49:03	2	59	472	1	             SELECT                 name,                 toJSONString(labels) as labels_serialized,                 value,                 help,                 type             FROM (                 SELECT   \'ClickHouse_CustomMetric_TotalMemoryUsedByDataSkippingIndices\' AS name,   toFloat64(SUM(d
2026-08-02 02:49:04	4	0	0	0	SELECT now64(6) as scrape_time_microseconds, \'j62zx3k\' AS pod_ident, \'boneaws-al-46\' AS spoken_name, \'cell-1\' AS cell, \'ap-south-1\' AS region, \'aws\' AS cloud_provider, \'26.2.1.525\' AS clickhouse_version, \'0fc3eaab-fbcb-4533-8825-9be9faaea781\' AS control_plane_id, \'aarch64\' AS system_processor, * FRO
2026-08-02 02:49:04	6	150	37453	150	SELECT             name,             value,             help,             JSONExtract(labels_serialized, \'Map(String, String)\') as labels,             type         FROM merge(system, \'^_custom_metrics_dictionary_.*\')         FORMAT Prometheus
2026-08-02 02:49:04	3	2	12834	1	SELECT count() FROM system.processes WHERE (initial_user NOT IN _CAST([\'backups-internal\', \'management-internal\', \'monitoring-internal\', \'observability-internal\', \'operator-internal\', \'prometheus-exporter\', \'prometheus-internal\', \'operator-cert-internal\', \'availability-monitoring-internal\', \'\'], \'Ar
2026-08-02 02:49:04	2	448	5958	1	SELECT countIf(database = \'system\') as systemParts, countIf(database != \'system\') as nonSystemParts FROM system.parts where active
2026-08-02 02:49:04	1	0	0	1	SELECT countIf(database = \'system\') as systemMerges, countIf(database != \'system\') as nonSystemMerges FROM system.merges
2026-08-02 02:49:04	28	3207	600356	130	SELECT CAST(\'0fc3eaab-fbcb-4533-8825-9be9faaea781\', \'UUID\') AS instance_id, CAST(\'c-boneaws-al-46-server-j62zx3k-0\', \'LowCardinality(String)\') AS node_id, CAST(name, \'LowCardinality(String)\') AS metric, CAST(mapFilter((k, v) -> has(_CAST([\'remote\'], \'Array(String)\'), k), labels), \'Map(LowCardinality
2026-08-02 02:49:05	10	8319	917964	1619	SELECT now64(6) as scrape_time_microseconds, \'j62zx3k\' AS pod_ident, \'boneaws-al-46\' AS spoken_name, \'cell-1\' AS cell, \'ap-south-1\' AS region, \'aws\' AS cloud_provider, \'26.2.1.525\' AS clickhouse_version, \'0fc3eaab-fbcb-4533-8825-9be9faaea781\' AS control_plane_id, \'aarch64\' AS system_processor, * FRO
2026-08-02 02:49:06	40	168248	13255192	1	SELECT country, uniqExact(video_session_id) AS sessions FROM sony.session_active_intervals FINAL WHERE country != \'\'  GROUP BY country ORDER BY sessions DESC FORMAT TabSeparated 
2026-08-02 02:49:06	57	168248	16991778	1	 SELECT uniqExact(video_session_id), count(),        round(sum(duration_ms) / 3600000.0, 1), countIf(is_open) FROM sony.session_active_intervals FINAL WHERE active_start <= toDateTime(\'2026-08-01 11:07:00\', \'UTC\')   AND active_end   >= toDateTime(\'2026-07-31 11:07:00\', \'UTC\')  FORMAT TabSeparated 
2026-08-02 02:49:06	293	446677	33205692	1441	 SELECT toString(minute), toInt32(c) FROM (   SELECT minute, sum(d) OVER (ORDER BY minute) AS c FROM (     SELECT minute, sum(delta) AS d     FROM sony.concurrency_delta_all     WHERE minute <= toDateTime(\'2026-08-01 11:07:00\', \'UTC\')      GROUP BY minute     ORDER BY minute WITH FILL       FROM toD
2026-08-02 02:49:07	3	0	0	0	SELECT now64(6) as scrape_time_microseconds, \'j62zx3k\' AS pod_ident, \'boneaws-al-46\' AS spoken_name, \'cell-1\' AS cell, \'ap-south-1\' AS region, \'aws\' AS cloud_provider, \'26.2.1.525\' AS clickhouse_version, \'0fc3eaab-fbcb-4533-8825-9be9faaea781\' AS control_plane_id, \'aarch64\' AS system_processor, * FRO
2026-08-02 02:49:08	5	0	0	0	SELECT now64(6) as scrape_time_microseconds, \'j62zx3k\' AS pod_ident, \'boneaws-al-46\' AS spoken_name, \'cell-1\' AS cell, \'ap-south-1\' AS region, \'aws\' AS cloud_provider, \'26.2.1.525\' AS clickhouse_version, \'0fc3eaab-fbcb-4533-8825-9be9faaea781\' AS control_plane_id, \'aarch64\' AS system_processor, * FRO
2026-08-02 02:49:08	1	11	3888	11	             SELECT                 name,                 toJSONString(labels) as labels_serialized,                 value,                 help,                 type             FROM (                 SELECT   concat(\'clickhouse_\', system.dimensional_metrics.metric) AS name,   toFloat64(system.dime
2026-08-02 02:49:08	2	13	6340	1	             SELECT                 name,                 toJSONString(labels) as labels_serialized,                 value,                 help,                 type             FROM (                 SELECT   \'ClickHouse_CustomMetric_TotalMemoryUsedByDictionaries\' AS name,   toFloat64(SUM(bytes_al
2026-08-02 02:49:08	34	168248	13259336	21	SELECT platform, uniqExact(video_session_id) AS sessions FROM sony.session_active_intervals FINAL WHERE platform != \'\'  GROUP BY platform ORDER BY sessions DESC FORMAT TabSeparated 
2026-08-02 02:49:09	185	7000000	545982815	19	 SELECT platform,        uniqExact(video_session_id) AS sessions,        countIf(event_type = \'VideoError\') AS errors,        countIf(event = \'BufferStart\')     AS rebuffers,        round(countIf(event = \'BufferStart\') / greatest(uniqExact(video_session_id),1), 2)          AS rebuffers_per_session, 
2026-08-02 02:49:09	33	168248	13270454	84	SELECT category, uniqExact(video_session_id) AS sessions FROM sony.session_active_intervals FINAL WHERE category != \'\'  GROUP BY category ORDER BY sessions DESC FORMAT TabSeparated 
2026-08-02 02:49:09	32	168248	13255192	1	SELECT country, uniqExact(video_session_id) AS sessions FROM sony.session_active_intervals FINAL WHERE country != \'\'  GROUP BY country ORDER BY sessions DESC FORMAT TabSeparated 
2026-08-02 02:49:09	584	14066652	1162747774	1441	 WITH sess AS (   SELECT video_session_id,          min(event_timestamp_ms) AS a,          max(event_timestamp_ms) AS b,          argMin(platform, event_timestamp_ms) AS platform,          argMin(country,  event_timestamp_ms) AS country,          argMin(content_id, event_timestamp_ms) AS content_id 
2026-08-02 02:49:10	33	168248	13255238	2	SELECT video_type, uniqExact(video_session_id) AS sessions FROM sony.session_active_intervals FINAL WHERE video_type != \'\'  GROUP BY video_type ORDER BY sessions DESC FORMAT TabSeparated 
2026-08-02 02:49:10	30	168248	13256925	4	SELECT close_reason, uniqExact(video_session_id) AS sessions FROM sony.session_active_intervals FINAL WHERE close_reason != \'\'  GROUP BY close_reason ORDER BY sessions DESC FORMAT TabSeparated 
2026-08-02 02:49:12	118	51	204	0	SELECT now64(6) as scrape_time_microseconds, \'j62zx3k\' AS pod_ident, \'boneaws-al-46\' AS spoken_name, \'cell-1\' AS cell, \'ap-south-1\' AS region, \'aws\' AS cloud_provider, \'26.2.1.525\' AS clickhouse_version, \'0fc3eaab-fbcb-4533-8825-9be9faaea781\' AS control_plane_id, \'aarch64\' AS system_processor, * FRO
2026-08-02 02:49:14	3	1	5438	1	SELECT count() FROM system.processes WHERE (initial_user NOT IN _CAST([\'backups-internal\', \'management-internal\', \'monitoring-internal\', \'observability-internal\', \'operator-internal\', \'prometheus-exporter\', \'prometheus-internal\', \'operator-cert-internal\', \'availability-monitoring-internal\', \'\'], \'Ar
2026-08-02 02:49:14	207	453	6033	1	SELECT countIf(database = \'system\') as systemParts, countIf(database != \'system\') as nonSystemParts FROM system.parts where active
2026-08-02 02:49:14	2	0	0	1	SELECT countIf(database = \'system\') as systemMerges, countIf(database != \'system\') as nonSystemMerges FROM system.merges
2026-08-02 02:49:18	6	148	37020	148	SELECT             name,             value,             help,             JSONExtract(labels_serialized, \'Map(String, String)\') as labels,             type         FROM merge(system, \'^_custom_metrics_dictionary_.*\')         FORMAT Prometheus
2026-08-02 02:49:18	2	0	0	0	             SELECT                 name,                 toJSONString(labels) as labels_serialized,                 value,                 help,                 type             FROM (                 SELECT   \'ClickHouse_CustomMetric_FailedMutations\' as name,   toFloat64(count()) as value,   \'The 
2026-08-02 02:49:18	2	59	472	1	             SELECT                 name,                 toJSONString(labels) as labels_serialized,                 value,                 help,                 type             FROM (                 SELECT   \'ClickHouse_CustomMetric_TotalMemoryUsedByDataSkippingIndices\' AS name,   toFloat64(SUM(d
2026-08-02 02:49:18	2	15	1013	15	             SELECT                 name,                 toJSONString(labels) as labels_serialized,                 value,                 help,                 type             FROM (                 SELECT     \'ClickHouse_MetricsCollection_CustomMetricsSystemTable\' AS name,     toFloat64(1) AS va
2026-08-02 02:49:24	2	2	12834	1	SELECT count() FROM system.processes WHERE (initial_user NOT IN _CAST([\'backups-internal\', \'management-internal\', \'monitoring-internal\', \'observability-internal\', \'operator-internal\', \'prometheus-exporter\', \'prometheus-internal\', \'operator-cert-internal\', \'availability-monitoring-internal\', \'\'], \'Ar
2026-08-02 02:49:24	2	452	6018	1	SELECT countIf(database = \'system\') as systemParts, countIf(database != \'system\') as nonSystemParts FROM system.parts where active
2026-08-02 02:49:24	1	0	0	1	SELECT countIf(database = \'system\') as systemMerges, countIf(database != \'system\') as nonSystemMerges FROM system.merges
2026-08-02 02:49:24	25	3206	600364	130	SELECT CAST(\'0fc3eaab-fbcb-4533-8825-9be9faaea781\', \'UUID\') AS instance_id, CAST(\'c-boneaws-al-46-server-j62zx3k-0\', \'LowCardinality(String)\') AS node_id, CAST(name, \'LowCardinality(String)\') AS metric, CAST(mapFilter((k, v) -> has(_CAST([\'remote\'], \'Array(String)\'), k), labels), \'Map(LowCardinality
2026-08-02 02:49:27	4	6	623	6	 SELECT run_id, status, toString(started_at), round(duration_s, 1),        events, intervals, peak_concurrency, naive_peak,        if(oracle_match, \'exact\', \'DIVERGED\'), substring(git_commit, 1, 12) FROM sony.pipeline_runs FINAL ORDER BY started_at DESC LIMIT 6 FORMAT TabSeparated 
2026-08-02 02:49:28	1	11	3888	11	             SELECT                 name,                 toJSONString(labels) as labels_serialized,                 value,                 help,                 type             FROM (                 SELECT   concat(\'clickhouse_\', system.dimensional_metrics.metric) AS name,   toFloat64(system.dime
2026-08-02 02:49:28	1	0	0	1	             SELECT                 name,                 toJSONString(labels) as labels_serialized,                 value,                 help,                 type             FROM (                 SELECT   \'ClickHouse_CustomMetric_TotalMemoryUsedByAsynchronousInserts\' AS name,   toFloat64(SUM(t
2026-08-02 02:49:28	3	6	213	0	             SELECT                 name,                 toJSONString(labels) as labels_serialized,                 value,                 help,                 type             FROM (                 SELECT   \'ClickHouse_CustomMetric_SharedCatalogRecoveryTime\' as name,   toFloat64(recovery_time) a
2026-08-02 02:49:30	1	1	1	1	SELECT displayName(), version(), revision(), timezone()
2026-08-02 02:49:31	1	1	1	1	SELECT 1;
2026-08-02 02:49:32	14	658	9212	1	SELECT avg(ProfileEvent_OSCPUWaitMicroseconds) as cpu_wait FROM  system.metric_log  WHERE event_time > now() - INTERVAL 2 MINUTE AND event_date >= yesterday()
2026-08-02 02:49:32	4	2	10208	2	SELECT count() as count, sum(elapsed) as total_elapsed, \'lh\' as usr FROM system.processes  WHERE user = \'observability-internal\' AND client_hostname LIKE \'loghouse-scraper%\'  UNION ALL SELECT count() as count, sum(elapsed) as total_elapsed, \'other\' as usr FROM system.processes  WHERE user != \'observ
2026-08-02 02:49:32	1	887	368225	1	SELECT value FROM system.asynchronous_metrics WHERE metric = \'OSMemoryAvailable\' ;
2026-08-02 02:49:33	6	148	37020	148	SELECT             name,             value,             help,             JSONExtract(labels_serialized, \'Map(String, String)\') as labels,             type         FROM merge(system, \'^_custom_metrics_dictionary_.*\')         FORMAT Prometheus
2026-08-02 02:49:33	2	15	1013	15	             SELECT                 name,                 toJSONString(labels) as labels_serialized,                 value,                 help,                 type             FROM (                 SELECT     \'ClickHouse_MetricsCollection_CustomMetricsSystemTable\' AS name,     toFloat64(1) AS va
2026-08-02 02:49:33	2	13	6340	1	             SELECT                 name,                 toJSONString(labels) as labels_serialized,                 value,                 help,                 type             FROM (                 SELECT   \'ClickHouse_CustomMetric_TotalMemoryUsedByDictionaries\' AS name,   toFloat64(SUM(bytes_al
2026-08-02 02:49:33	2	20	12866	0	             SELECT                 name,                 toJSONString(labels) as labels_serialized,                 value,                 help,                 type             FROM (                 SELECT   \'clickhouse_table_replica_readonly_start_timestamp_seconds\' as name,   toFloat64(toUnixTi
2026-08-02 02:49:34	6	148	37020	148	SELECT             name,             value,             help,             JSONExtract(labels_serialized, \'Map(String, String)\') as labels,             type         FROM merge(system, \'^_custom_metrics_dictionary_.*\')         FORMAT Prometheus
2026-08-02 02:49:34	3	1	5438	1	SELECT count() FROM system.processes WHERE (initial_user NOT IN _CAST([\'backups-internal\', \'management-internal\', \'monitoring-internal\', \'observability-internal\', \'operator-internal\', \'prometheus-exporter\', \'prometheus-internal\', \'operator-cert-internal\', \'availability-monitoring-internal\', \'\'], \'Ar
2026-08-02 02:49:34	3	453	6033	1	SELECT countIf(database = \'system\') as systemParts, countIf(database != \'system\') as nonSystemParts FROM system.parts where active
2026-08-02 02:49:34	2	0	0	1	SELECT countIf(database = \'system\') as systemMerges, countIf(database != \'system\') as nonSystemMerges FROM system.merges
2026-08-02 02:49:38	17	20129	4899926	7511	SELECT now64(6) as scrape_time_microseconds, \'j62zx3k\' AS pod_ident, \'boneaws-al-46\' AS spoken_name, \'cell-1\' AS cell, \'ap-south-1\' AS region, \'aws\' AS cloud_provider, \'26.2.1.525\' AS clickhouse_version, \'0fc3eaab-fbcb-4533-8825-9be9faaea781\' AS control_plane_id, \'aarch64\' AS system_processor, * FRO
2026-08-02 02:49:39	20	18609	4641554	11083	SELECT now64(6) as scrape_time_microseconds, \'j62zx3k\' AS pod_ident, \'boneaws-al-46\' AS spoken_name, \'cell-1\' AS cell, \'ap-south-1\' AS region, \'aws\' AS cloud_provider, \'26.2.1.525\' AS clickhouse_version, \'0fc3eaab-fbcb-4533-8825-9be9faaea781\' AS control_plane_id, \'aarch64\' AS system_processor, * FRO
2026-08-02 02:49:40	34	3208	7273195	388	SELECT now64(6) as scrape_time_microseconds, \'j62zx3k\' AS pod_ident, \'boneaws-al-46\' AS spoken_name, \'cell-1\' AS cell, \'ap-south-1\' AS region, \'aws\' AS cloud_provider, \'26.2.1.525\' AS clickhouse_version, \'0fc3eaab-fbcb-4533-8825-9be9faaea781\' AS control_plane_id, \'aarch64\' AS system_processor, * FRO
2026-08-02 02:49:41	221	1461	4130941	122	SELECT now64(6) as scrape_time_microseconds, \'j62zx3k\' AS pod_ident, \'boneaws-al-46\' AS spoken_name, \'cell-1\' AS cell, \'ap-south-1\' AS region, \'aws\' AS cloud_provider, \'26.2.1.525\' AS clickhouse_version, \'0fc3eaab-fbcb-4533-8825-9be9faaea781\' AS control_plane_id, \'aarch64\' AS system_processor, * FRO
2026-08-02 02:49:44	5	0	0	0	WITH source AS (SELECT [\'matview_execution_total\', if(exception_code != 0, \'matview_execution_fail\', \'\')] AS metrics, event_time AS ts FROM system.query_views_log WHERE (status != \'QueryStart\') AND (event_date >= toDate(_CAST(\'1785638829.333\', \'DateTime64\'))) AND (event_time >= toDateTime(_CAST(\'178
2026-08-02 02:49:44	4	378	114440	5	WITH metrics AS (SELECT name AS metric, toFloat64(value) AS val, now() AS ts FROM system.server_settings WHERE multiMatchAny(name, _CAST([\'^max_database_num_to_throw$\', \'^max_database_num_to_warn$\', \'^max_table_num_to_throw$\', \'^max_table_num_to_warn$\', \'^max_concurrent_queries$\'], \'Array(String)\'))
2026-08-02 02:49:44	9	70487	1135672	1560	SELECT CAST(\'0fc3eaab-fbcb-4533-8825-9be9faaea781\', \'UUID\') AS control_plane_id, CAST(\'c-boneaws-al-46-server-j62zx3k-0\', \'LowCardinality(String)\') AS pod_id, CAST(now64(), \'DateTime64(6)\') AS scrape_ts_microseconds, CAST(event_date, \'Date\') AS event_date, CAST(event_time, \'DateTime\') AS event_time,
2026-08-02 02:49:44	11	0	0	1	WITH failed_mutations AS (SELECT toDateTime(create_time) AS ts, count() AS val FROM system.mutations WHERE (ts > toDateTime(_CAST(\'1785638829.333\', \'DateTime64\'))) AND (ts <= toDateTime(_CAST(\'1785638949.333\', \'DateTime64\'))) AND (latest_failed_part != \'\') AND (is_done = 0) GROUP BY ts), failed_muta
2026-08-02 02:49:44	11	8527	127891	17	WITH metrics AS (SELECT multiIf((event_type = \'MergeParts\') AND (error = 0), \'merges_finished\', (event_type = \'MergeParts\') AND (error != 0), \'merges_failed\', (event_type = \'MutatePart\') AND (error = 0), \'mutate_part_finished\', (event_type = \'MutatePart\') AND (error != 0), \'mutate_part_failed\', NULL
2026-08-02 02:49:44	3	8	40408	1	SELECT count() FROM system.processes WHERE (initial_user NOT IN _CAST([\'backups-internal\', \'management-internal\', \'monitoring-internal\', \'observability-internal\', \'operator-internal\', \'prometheus-exporter\', \'prometheus-internal\', \'operator-cert-internal\', \'availability-monitoring-internal\', \'\'], \'Ar
2026-08-02 02:49:44	2	452	6018	1	SELECT countIf(database = \'system\') as systemParts, countIf(database != \'system\') as nonSystemParts FROM system.parts where active
2026-08-02 02:49:44	1	0	0	1	SELECT countIf(database = \'system\') as systemMerges, countIf(database != \'system\') as nonSystemMerges FROM system.merges
2026-08-02 02:49:44	24	3206	600364	130	SELECT CAST(\'0fc3eaab-fbcb-4533-8825-9be9faaea781\', \'UUID\') AS instance_id, CAST(\'c-boneaws-al-46-server-j62zx3k-0\', \'LowCardinality(String)\') AS node_id, CAST(name, \'LowCardinality(String)\') AS metric, CAST(mapFilter((k, v) -> has(_CAST([\'remote\'], \'Array(String)\'), k), labels), \'Map(LowCardinality
2026-08-02 02:49:44	49	658	215052	120	SELECT CAST(\'0fc3eaab-fbcb-4533-8825-9be9faaea781\', \'UUID\') AS control_plane_id, CAST(\'c-boneaws-al-46-server-j62zx3k-0\', \'LowCardinality(String)\') AS pod_id, CAST(now64(), \'DateTime64(6)\') AS scrape_ts_microseconds, CAST(event_date, \'Date\') AS event_date, CAST(event_time, \'DateTime\') AS event_time,
2026-08-02 02:49:44	151	1181	247877	24	WITH parts_agg AS (SELECT database AS agg_database, `table` AS agg_table, SUM(primary_key_size) AS primary_index_size, SUM(secondary_indices_compressed_bytes) AS secondary_index_size FROM system.parts WHERE active AND (database != \'system\') GROUP BY database, `table`), proj_agg AS (SELECT database A
2026-08-02 02:49:45	178	3274158	52271996	105022	SELECT now64(6) as scrape_time_microseconds, \'j62zx3k\' AS pod_ident, \'boneaws-al-46\' AS spoken_name, \'cell-1\' AS cell, \'ap-south-1\' AS region, \'aws\' AS cloud_provider, \'26.2.1.525\' AS clickhouse_version, \'0fc3eaab-fbcb-4533-8825-9be9faaea781\' AS control_plane_id, \'aarch64\' AS system_processor, * FRO
2026-08-02 02:49:46	23	45255	9615143	25814	SELECT now64(6) as scrape_time_microseconds, \'j62zx3k\' AS pod_ident, \'boneaws-al-46\' AS spoken_name, \'cell-1\' AS cell, \'ap-south-1\' AS region, \'aws\' AS cloud_provider, \'26.2.1.525\' AS clickhouse_version, \'0fc3eaab-fbcb-4533-8825-9be9faaea781\' AS control_plane_id, \'aarch64\' AS system_processor, * FRO
2026-08-02 02:49:48	5	148	37020	148	SELECT             name,             value,             help,             JSONExtract(labels_serialized, \'Map(String, String)\') as labels,             type         FROM merge(system, \'^_custom_metrics_dictionary_.*\')         FORMAT Prometheus
2026-08-02 02:49:48	2	1	5022	1	             SELECT                 name,                 toJSONString(labels) as labels_serialized,                 value,                 help,                 type             FROM (                 SELECT   \'ClickHouse_CustomMetric_TotalMemoryUsedByQueries\' AS name,   toFloat64(SUM(peak_memory_u
2026-08-02 02:49:52	17	8280	4576624	185	SELECT now64(6) as scrape_time_microseconds, \'j62zx3k\' AS pod_ident, \'boneaws-al-46\' AS spoken_name, \'cell-1\' AS cell, \'ap-south-1\' AS region, \'aws\' AS cloud_provider, \'26.2.1.525\' AS clickhouse_version, \'0fc3eaab-fbcb-4533-8825-9be9faaea781\' AS control_plane_id, \'aarch64\' AS system_processor, * FRO
2026-08-02 02:49:53	1	0	0	1	             SELECT                 name,                 toJSONString(labels) as labels_serialized,                 value,                 help,                 type             FROM (                 SELECT   \'ClickHouse_CustomMetric_TotalMemoryUsedByAsynchronousInserts\' AS name,   toFloat64(SUM(t
2026-08-02 02:49:54	3	1	5438	1	SELECT count() FROM system.processes WHERE (initial_user NOT IN _CAST([\'backups-internal\', \'management-internal\', \'monitoring-internal\', \'observability-internal\', \'operator-internal\', \'prometheus-exporter\', \'prometheus-internal\', \'operator-cert-internal\', \'availability-monitoring-internal\', \'\'], \'Ar
2026-08-02 02:49:54	3	459	6123	1	SELECT countIf(database = \'system\') as systemParts, countIf(database != \'system\') as nonSystemParts FROM system.parts where active
2026-08-02 02:49:54	2	0	0	1	SELECT countIf(database = \'system\') as systemMerges, countIf(database != \'system\') as nonSystemMerges FROM system.merges
2026-08-02 02:49:58	1	0	0	1	             SELECT                 name,                 toJSONString(labels) as labels_serialized,                 value,                 help,                 type             FROM (                 SELECT   \'ClickHouse_CustomMetric_TotalMemoryUsedByMerges\' AS name,   toFloat64(SUM(memory_usage))
2026-08-02 02:49:58	3	6	213	0	             SELECT                 name,                 toJSONString(labels) as labels_serialized,                 value,                 help,                 type             FROM (                 SELECT   \'ClickHouse_CustomMetric_DatabaseReplicatedRecoveryTime\' as name,   toFloat64(recovery_ti
2026-08-02 02:49:59	10	8232	2440005	452	SELECT now64(6) as scrape_time_microseconds, \'j62zx3k\' AS pod_ident, \'boneaws-al-46\' AS spoken_name, \'cell-1\' AS cell, \'ap-south-1\' AS region, \'aws\' AS cloud_provider, \'26.2.1.525\' AS clickhouse_version, \'0fc3eaab-fbcb-4533-8825-9be9faaea781\' AS control_plane_id, \'aarch64\' AS system_processor, * FRO
2026-08-02 02:49:59	2	0	8	1	SELECT count() FROM system.backups where status IN (0,3)
2026-08-02 02:49:59	3	1	5472	1	SELECT count() FROM system.processes WHERE (elapsed > _CAST(0, \'Int64\')) AND (initial_user NOT IN _CAST([\'backups-internal\', \'management-internal\', \'monitoring-internal\', \'observability-internal\', \'operator-internal\', \'prometheus-exporter\', \'prometheus-internal\', \'operator-cert-internal\', \'availabil
2026-08-02 02:50:02	15	689	9646	1	SELECT avg(ProfileEvent_OSCPUWaitMicroseconds) as cpu_wait FROM  system.metric_log  WHERE event_time > now() - INTERVAL 2 MINUTE AND event_date >= yesterday()
2026-08-02 02:50:02	3	2	10208	2	SELECT count() as count, sum(elapsed) as total_elapsed, \'lh\' as usr FROM system.processes  WHERE user = \'observability-internal\' AND client_hostname LIKE \'loghouse-scraper%\'  UNION ALL SELECT count() as count, sum(elapsed) as total_elapsed, \'other\' as usr FROM system.processes  WHERE user != \'observ
2026-08-02 02:50:02	1	887	368225	1	SELECT value FROM system.asynchronous_metrics WHERE metric = \'OSMemoryAvailable\' ;
2026-08-02 02:50:03	5	148	37020	148	SELECT             name,             value,             help,             JSONExtract(labels_serialized, \'Map(String, String)\') as labels,             type         FROM merge(system, \'^_custom_metrics_dictionary_.*\')         FORMAT Prometheus
2026-08-02 02:50:03	3	6	213	0	             SELECT                 name,                 toJSONString(labels) as labels_serialized,                 value,                 help,                 type             FROM (                 SELECT   \'ClickHouse_CustomMetric_DatabaseReplicatedRecoveryTime\' as name,   toFloat64(recovery_ti
2026-08-02 02:50:03	3	6	213	0	             SELECT                 name,                 toJSONString(labels) as labels_serialized,                 value,                 help,                 type             FROM (                 SELECT   \'ClickHouse_CustomMetric_SharedCatalogRecoveryTime\' as name,   toFloat64(recovery_time) a
2026-08-02 02:50:04	8	148	37020	148	SELECT             name,             value,             help,             JSONExtract(labels_serialized, \'Map(String, String)\') as labels,             type         FROM merge(system, \'^_custom_metrics_dictionary_.*\')         FORMAT Prometheus
2026-08-02 02:50:04	2	2	12834	1	SELECT count() FROM system.processes WHERE (initial_user NOT IN _CAST([\'backups-internal\', \'management-internal\', \'monitoring-internal\', \'observability-internal\', \'operator-internal\', \'prometheus-exporter\', \'prometheus-internal\', \'operator-cert-internal\', \'availability-monitoring-internal\', \'\'], \'Ar
2026-08-02 02:50:04	4	459	6123	1	SELECT countIf(database = \'system\') as systemParts, countIf(database != \'system\') as nonSystemParts FROM system.parts where active
2026-08-02 02:50:04	24	3206	600364	130	SELECT CAST(\'0fc3eaab-fbcb-4533-8825-9be9faaea781\', \'UUID\') AS instance_id, CAST(\'c-boneaws-al-46-server-j62zx3k-0\', \'LowCardinality(String)\') AS node_id, CAST(name, \'LowCardinality(String)\') AS metric, CAST(mapFilter((k, v) -> has(_CAST([\'remote\'], \'Array(String)\'), k), labels), \'Map(LowCardinality
2026-08-02 02:50:04	2	0	0	1	SELECT countIf(database = \'system\') as systemMerges, countIf(database != \'system\') as nonSystemMerges FROM system.merges
2026-08-02 02:50:08	2	1	5022	1	             SELECT                 name,                 toJSONString(labels) as labels_serialized,                 value,                 help,                 type             FROM (                 SELECT   \'ClickHouse_CustomMetric_TotalMemoryUsedByQueries\' AS name,   toFloat64(SUM(peak_memory_u
2026-08-02 02:50:13	2	0	0	0	             SELECT                 name,                 toJSONString(labels) as labels_serialized,                 value,                 help,                 type             FROM (                 SELECT   \'ClickHouse_CustomMetric_FailedMutations\' as name,   toFloat64(count()) as value,   \'The 
2026-08-02 02:50:13	3	20	12866	0	             SELECT                 name,                 toJSONString(labels) as labels_serialized,                 value,                 help,                 type             FROM (                 SELECT   \'clickhouse_table_replica_readonly_start_timestamp_seconds\' as name,   toFloat64(toUnixTi
2026-08-02 02:50:14	3	1	5438	1	SELECT count() FROM system.processes WHERE (initial_user NOT IN _CAST([\'backups-internal\', \'management-internal\', \'monitoring-internal\', \'observability-internal\', \'operator-internal\', \'prometheus-exporter\', \'prometheus-internal\', \'operator-cert-internal\', \'availability-monitoring-internal\', \'\'], \'Ar
2026-08-02 02:50:14	3	457	6093	1	SELECT countIf(database = \'system\') as systemParts, countIf(database != \'system\') as nonSystemParts FROM system.parts where active
2026-08-02 02:50:14	2	0	0	1	SELECT countIf(database = \'system\') as systemMerges, countIf(database != \'system\') as nonSystemMerges FROM system.merges
2026-08-02 02:50:14	4	6	623	6	 SELECT run_id, status, toString(started_at), round(duration_s, 1),        events, intervals, peak_concurrency, naive_peak,        if(oracle_match, \'exact\', \'DIVERGED\'), substring(git_commit, 1, 12) FROM sony.pipeline_runs FINAL ORDER BY started_at DESC LIMIT 6 FORMAT TabSeparated 
2026-08-02 02:50:17	9	3242	1926651	126	SELECT now64(6) as scrape_time_microseconds, \'j62zx3k\' AS pod_ident, \'boneaws-al-46\' AS spoken_name, \'cell-1\' AS cell, \'ap-south-1\' AS region, \'aws\' AS cloud_provider, \'26.2.1.525\' AS clickhouse_version, \'0fc3eaab-fbcb-4533-8825-9be9faaea781\' AS control_plane_id, \'aarch64\' AS system_processor, * FRO
2026-08-02 02:50:18	5	148	37020	148	SELECT             name,             value,             help,             JSONExtract(labels_serialized, \'Map(String, String)\') as labels,             type         FROM merge(system, \'^_custom_metrics_dictionary_.*\')         FORMAT Prometheus
2026-08-02 02:50:18	1	11	3888	11	             SELECT                 name,                 toJSONString(labels) as labels_serialized,                 value,                 help,                 type             FROM (                 SELECT   concat(\'clickhouse_\', system.dimensional_metrics.metric) AS name,   toFloat64(system.dime
2026-08-02 02:50:18	2	0	0	0	             SELECT                 name,                 toJSONString(labels) as labels_serialized,                 value,                 help,                 type             FROM (                 SELECT   \'ClickHouse_CustomMetric_FailedMutations\' as name,   toFloat64(count()) as value,   \'The 
2026-08-02 02:50:18	2	15	1013	15	             SELECT                 name,                 toJSONString(labels) as labels_serialized,                 value,                 help,                 type             FROM (                 SELECT     \'ClickHouse_MetricsCollection_CustomMetricsSystemTable\' AS name,     toFloat64(1) AS va
2026-08-02 02:50:18	2	59	472	1	             SELECT                 name,                 toJSONString(labels) as labels_serialized,                 value,                 help,                 type             FROM (                 SELECT   \'ClickHouse_CustomMetric_TotalMemoryUsedByDataSkippingIndices\' AS name,   toFloat64(SUM(d
2026-08-02 02:50:23	2	0	0	1	             SELECT                 name,                 toJSONString(labels) as labels_serialized,                 value,                 help,                 type             FROM (                 SELECT   \'ClickHouse_CustomMetric_TotalMemoryUsedByMerges\' AS name,   toFloat64(SUM(memory_usage))
2026-08-02 02:50:23	2	0	0	1	             SELECT                 name,                 toJSONString(labels) as labels_serialized,                 value,                 help,                 type             FROM (                 SELECT   \'ClickHouse_CustomMetric_TotalMemoryUsedByAsynchronousInserts\' AS name,   toFloat64(SUM(t
2026-08-02 02:50:23	2	15	1013	15	             SELECT                 name,                 toJSONString(labels) as labels_serialized,                 value,                 help,                 type             FROM (                 SELECT     \'ClickHouse_MetricsCollection_CustomMetricsSystemTable\' AS name,     toFloat64(1) AS va
2026-08-02 02:50:23	3	248	248	1	SELECT count(*) FROM system.tables
2026-08-02 02:50:24	3	3	15427	1	SELECT count() FROM system.processes WHERE (initial_user NOT IN _CAST([\'backups-internal\', \'management-internal\', \'monitoring-internal\', \'observability-internal\', \'operator-internal\', \'prometheus-exporter\', \'prometheus-internal\', \'operator-cert-internal\', \'availability-monitoring-internal\', \'\'], \'Ar
2026-08-02 02:50:24	3	459	6123	1	SELECT countIf(database = \'system\') as systemParts, countIf(database != \'system\') as nonSystemParts FROM system.parts where active
2026-08-02 02:50:24	24	3205	600222	130	SELECT CAST(\'0fc3eaab-fbcb-4533-8825-9be9faaea781\', \'UUID\') AS instance_id, CAST(\'c-boneaws-al-46-server-j62zx3k-0\', \'LowCardinality(String)\') AS node_id, CAST(name, \'LowCardinality(String)\') AS metric, CAST(mapFilter((k, v) -> has(_CAST([\'remote\'], \'Array(String)\'), k), labels), \'Map(LowCardinality
2026-08-02 02:50:24	1	0	0	1	SELECT countIf(database = \'system\') as systemMerges, countIf(database != \'system\') as nonSystemMerges FROM system.merges
2026-08-02 02:50:25	1341	248	862463	248	SELECT  now64(6) as scrape_time_microseconds, \'j62zx3k\' AS pod_ident, \'boneaws-al-46\' AS spoken_name, \'cell-1\' AS cell, \'ap-south-1\' AS region, \'aws\' AS cloud_provider, \'26.2.1.525\' AS clickhouse_version, \'0fc3eaab-fbcb-4533-8825-9be9faaea781\' AS control_plane_id, \'aarch64\' AS system_processor, * FR
2026-08-02 02:50:32	14	719	10066	1	SELECT avg(ProfileEvent_OSCPUWaitMicroseconds) as cpu_wait FROM  system.metric_log  WHERE event_time > now() - INTERVAL 2 MINUTE AND event_date >= yesterday()
2026-08-02 02:50:32	4	2	10208	2	SELECT count() as count, sum(elapsed) as total_elapsed, \'lh\' as usr FROM system.processes  WHERE user = \'observability-internal\' AND client_hostname LIKE \'loghouse-scraper%\'  UNION ALL SELECT count() as count, sum(elapsed) as total_elapsed, \'other\' as usr FROM system.processes  WHERE user != \'observ
2026-08-02 02:50:32	1	886	368083	1	SELECT value FROM system.asynchronous_metrics WHERE metric = \'OSMemoryAvailable\' ;
2026-08-02 02:50:33	294	446677	33205692	1	 WITH toDateTime(\'2023-05-17 05:23:00\', \'UTC\') AS t0, toDateTime(\'2026-08-01 11:06:00\', \'UTC\') AS t1 SELECT max(c) AS peak, toString(argMax(minute, c)) AS peak_minute, round(avg(c), 4) AS avg_c FROM (     SELECT minute, sum(d) OVER (ORDER BY minute) AS c     FROM (         SELECT minute, sum(delta) 
2026-08-02 02:50:33	8	148	37020	148	SELECT             name,             value,             help,             JSONExtract(labels_serialized, \'Map(String, String)\') as labels,             type         FROM merge(system, \'^_custom_metrics_dictionary_.*\')         FORMAT Prometheus
2026-08-02 02:50:33	2	0	0	0	             SELECT                 name,                 toJSONString(labels) as labels_serialized,                 value,                 help,                 type             FROM (                 SELECT   \'ClickHouse_CustomMetric_FailedMutations\' as name,   toFloat64(count()) as value,   \'The 
2026-08-02 02:50:33	2	59	472	1	             SELECT                 name,                 toJSONString(labels) as labels_serialized,                 value,                 help,                 type             FROM (                 SELECT   \'ClickHouse_CustomMetric_TotalMemoryUsedByDataSkippingIndices\' AS name,   toFloat64(SUM(d
2026-08-02 02:50:33	2	13	6340	1	             SELECT                 name,                 toJSONString(labels) as labels_serialized,                 value,                 help,                 type             FROM (                 SELECT   \'ClickHouse_CustomMetric_TotalMemoryUsedByDictionaries\' AS name,   toFloat64(SUM(bytes_al
2026-08-02 02:50:33	296	446677	33205692	1	 WITH toDateTime(\'2023-05-17 05:23:00\', \'UTC\') AS t0, toDateTime(\'2026-08-01 11:06:00\', \'UTC\') AS t1 SELECT max(c) AS peak, toString(argMax(minute, c)) AS peak_minute, round(avg(c), 4) AS avg_c FROM (     SELECT minute, sum(d) OVER (ORDER BY minute) AS c     FROM (         SELECT minute, sum(delta) 
2026-08-02 02:50:34	6	151	37886	151	SELECT             name,             value,             help,             JSONExtract(labels_serialized, \'Map(String, String)\') as labels,             type         FROM merge(system, \'^_custom_metrics_dictionary_.*\')         FORMAT Prometheus
2026-08-02 02:50:34	36	168249	15744927	1	 WITH toDateTime(\'2023-05-17 05:23:00\', \'UTC\') AS t0,      (SELECT max(hour_boundary) FROM sony.concurrency_hourly_checkpoint        WHERE hour_boundary <= t0 ) AS anchor SELECT     toString(ifNull(anchor, toDateTime(0, \'UTC\'))) AS anchor_ts,     ifNull((SELECT sum(concurrency) FROM sony.concurrency
2026-08-02 02:50:34	3	1	5438	1	SELECT count() FROM system.processes WHERE (initial_user NOT IN _CAST([\'backups-internal\', \'management-internal\', \'monitoring-internal\', \'observability-internal\', \'operator-internal\', \'prometheus-exporter\', \'prometheus-internal\', \'operator-cert-internal\', \'availability-monitoring-internal\', \'\'], \'Ar
2026-08-02 02:50:34	3	460	6138	1	SELECT countIf(database = \'system\') as systemParts, countIf(database != \'system\') as nonSystemParts FROM system.parts where active
2026-08-02 02:50:34	2	0	0	1	SELECT countIf(database = \'system\') as systemMerges, countIf(database != \'system\') as nonSystemMerges FROM system.merges
2026-08-02 02:50:35	322	446677	33205692	1	 WITH toDateTime(\'2023-05-17 05:23:00\', \'UTC\') AS t0 SELECT max(c) AS peak, toString(argMax(minute, c)) AS peak_minute, round(avg(c), 4) AS avg_c FROM (     SELECT minute, 0 + sum(d) OVER (ORDER BY minute) AS c     FROM (         SELECT minute, sum(delta) AS d         FROM sony.concurrency_delta_all
2026-08-02 02:50:35	68	336496	32324244	1	SELECT ifNull(sum(delta), 0) FROM sony.concurrency_delta_all WHERE minute < toDateTime(\'2023-05-17 05:23:00\', \'UTC\')  FORMAT TabSeparated 
2026-08-02 02:50:36	36	168249	15744927	1	 WITH toDateTime(\'2023-05-17 05:23:00\', \'UTC\') AS t0,      (SELECT max(hour_boundary) FROM sony.concurrency_hourly_checkpoint        WHERE hour_boundary <= t0 ) AS anchor SELECT     toString(ifNull(anchor, toDateTime(0, \'UTC\'))) AS anchor_ts,     ifNull((SELECT sum(concurrency) FROM sony.concurrency
2026-08-02 02:50:36	60	336496	32324244	1	SELECT ifNull(sum(delta), 0) FROM sony.concurrency_delta_all WHERE minute < toDateTime(\'2023-05-17 05:23:00\', \'UTC\')  FORMAT TabSeparated 
2026-08-02 02:50:36	1	1	1	1	SELECT toString(toDateTime(\'2023-05-17 05:23:00\', \'UTC\') - INTERVAL 1 MINUTE) FORMAT TabSeparated 
2026-08-02 02:50:38	1	0	0	1	             SELECT                 name,                 toJSONString(labels) as labels_serialized,                 value,                 help,                 type             FROM (                 SELECT   \'ClickHouse_CustomMetric_TotalMemoryUsedByAsynchronousInserts\' AS name,   toFloat64(SUM(t
2026-08-02 02:50:38	330	371009	32635675	1	 WITH toDateTime(\'2023-05-17 05:23:00\', \'UTC\') AS t0, toDateTime(\'2026-08-01 11:06:00\', \'UTC\') AS t1 SELECT max(c) AS peak, toString(argMax(minute, c)) AS peak_minute, round(avg(c), 4) AS avg_c FROM (     SELECT minute, sum(d) OVER (ORDER BY minute) AS c     FROM (         SELECT minute, sum(delta) 
2026-08-02 02:50:39	329	371009	32635675	1	 WITH toDateTime(\'2023-05-17 05:23:00\', \'UTC\') AS t0, toDateTime(\'2026-08-01 11:06:00\', \'UTC\') AS t1 SELECT max(c) AS peak, toString(argMax(minute, c)) AS peak_minute, round(avg(c), 4) AS avg_c FROM (     SELECT minute, sum(d) OVER (ORDER BY minute) AS c     FROM (         SELECT minute, sum(delta) 
2026-08-02 02:50:39	317	371009	32635675	1	 WITH toDateTime(\'2023-05-17 05:23:00\', \'UTC\') AS t0, toDateTime(\'2026-08-01 11:06:00\', \'UTC\') AS t1 SELECT max(c) AS peak, toString(argMax(minute, c)) AS peak_minute, round(avg(c), 4) AS avg_c FROM (     SELECT minute, sum(d) OVER (ORDER BY minute) AS c     FROM (         SELECT minute, sum(delta) 
2026-08-02 02:50:40	37	168249	15821691	1	 WITH toDateTime(\'2023-05-17 05:23:00\', \'UTC\') AS t0,      (SELECT max(hour_boundary) FROM sony.concurrency_hourly_checkpoint        WHERE hour_boundary <= t0  AND platform = \'ANDROID_PHONE\') AS anchor SELECT     toString(ifNull(anchor, toDateTime(0, \'UTC\'))) AS anchor_ts,     ifNull((SELECT sum(con
2026-08-02 02:50:40	61	336496	32324244	1	SELECT ifNull(sum(delta), 0) FROM sony.concurrency_delta_all WHERE minute < toDateTime(\'2023-05-17 05:23:00\', \'UTC\')  AND platform = \'ANDROID_PHONE\' FORMAT TabSeparated 
2026-08-02 02:50:42	59	336496	32324244	1	SELECT ifNull(sum(delta), 0) FROM sony.concurrency_delta_all WHERE minute < toDateTime(\'2023-05-17 05:23:00\', \'UTC\')  AND platform = \'ANDROID_PHONE\' FORMAT TabSeparated 
2026-08-02 02:50:42	1	1	1	1	SELECT toString(toDateTime(\'2023-05-17 05:23:00\', \'UTC\') - INTERVAL 1 MINUTE) FORMAT TabSeparated 
2026-08-02 02:50:42	317	371009	32635675	1	 WITH toDateTime(\'2023-05-17 05:23:00\', \'UTC\') AS t0 SELECT max(c) AS peak, toString(argMax(minute, c)) AS peak_minute, round(avg(c), 4) AS avg_c FROM (     SELECT minute, 0 + sum(d) OVER (ORDER BY minute) AS c     FROM (         SELECT minute, sum(delta) AS d         FROM sony.concurrency_delta_all
2026-08-02 02:50:43	2	59	472	1	             SELECT                 name,                 toJSONString(labels) as labels_serialized,                 value,                 help,                 type             FROM (                 SELECT   \'ClickHouse_CustomMetric_TotalMemoryUsedByDataSkippingIndices\' AS name,   toFloat64(SUM(d
2026-08-02 02:50:43	3	6	213	0	             SELECT                 name,                 toJSONString(labels) as labels_serialized,                 value,                 help,                 type             FROM (                 SELECT   \'ClickHouse_CustomMetric_SharedCatalogRecoveryTime\' as name,   toFloat64(recovery_time) a
2026-08-02 02:50:44	3	2	12834	1	SELECT count() FROM system.processes WHERE (initial_user NOT IN _CAST([\'backups-internal\', \'management-internal\', \'monitoring-internal\', \'observability-internal\', \'operator-internal\', \'prometheus-exporter\', \'prometheus-internal\', \'operator-cert-internal\', \'availability-monitoring-internal\', \'\'], \'Ar
2026-08-02 02:50:44	3	458	6108	1	SELECT countIf(database = \'system\') as systemParts, countIf(database != \'system\') as nonSystemParts FROM system.parts where active
2026-08-02 02:50:44	2	0	0	1	SELECT countIf(database = \'system\') as systemMerges, countIf(database != \'system\') as nonSystemMerges FROM system.merges
2026-08-02 02:50:44	24	3208	600609	130	SELECT CAST(\'0fc3eaab-fbcb-4533-8825-9be9faaea781\', \'UUID\') AS instance_id, CAST(\'c-boneaws-al-46-server-j62zx3k-0\', \'LowCardinality(String)\') AS node_id, CAST(name, \'LowCardinality(String)\') AS metric, CAST(mapFilter((k, v) -> has(_CAST([\'remote\'], \'Array(String)\'), k), labels), \'Map(LowCardinality
2026-08-02 02:50:44	2	1	16	1	SELECT count() FROM sony.raw_events FORMAT TabSeparated 
2026-08-02 02:50:44	1	1	16	1	SELECT count() FROM sony.concurrency_hourly_checkpoint FORMAT TabSeparated 
2026-08-02 02:50:45	322	346479	32415059	1	 WITH toDateTime(\'2023-05-17 05:23:00\', \'UTC\') AS t0, toDateTime(\'2026-08-01 11:06:00\', \'UTC\') AS t1 SELECT max(c) AS peak, toString(argMax(minute, c)) AS peak_minute, round(avg(c), 4) AS avg_c FROM (     SELECT minute, sum(d) OVER (ORDER BY minute) AS c     FROM (         SELECT minute, sum(delta) 
2026-08-02 02:50:45	37	168248	13255192	1	SELECT country, uniqExact(video_session_id) AS sessions FROM sony.session_active_intervals FINAL WHERE country != \'\'  GROUP BY country ORDER BY sessions DESC FORMAT TabSeparated 
2026-08-02 02:50:45	32	168248	13255238	2	SELECT video_type, uniqExact(video_session_id) AS sessions FROM sony.session_active_intervals FINAL WHERE video_type != \'\'  GROUP BY video_type ORDER BY sessions DESC FORMAT TabSeparated 
2026-08-02 02:50:46	37	168248	17163777	4	 SELECT toString(close_reason) AS g,        uniqExact(video_session_id) AS sessions,        count() AS intervals,        round(sum(duration_ms) / 3600000.0, 1) AS watch_hours,        round(avg(duration_ms) / 1000.0, 1) AS avg_seconds,        countIf(is_open) AS open_intervals FROM sony.session_activ
2026-08-02 02:50:46	59	336496	32324244	1	SELECT ifNull(sum(delta), 0) FROM sony.concurrency_delta_all WHERE minute < toDateTime(\'2023-05-17 05:23:00\', \'UTC\')  AND platform = \'IPHONE\' FORMAT TabSeparated 
2026-08-02 02:50:47	316	346479	32415059	1	 WITH toDateTime(\'2023-05-17 05:23:00\', \'UTC\') AS t0 SELECT max(c) AS peak, toString(argMax(minute, c)) AS peak_minute, round(avg(c), 4) AS avg_c FROM (     SELECT minute, 0 + sum(d) OVER (ORDER BY minute) AS c     FROM (         SELECT minute, sum(delta) AS d         FROM sony.concurrency_delta_all
2026-08-02 02:50:47	1	1	1	1	SELECT toString(toDateTime(\'2023-05-17 05:23:00\', \'UTC\') - INTERVAL 1 MINUTE) FORMAT TabSeparated 
2026-08-02 02:50:48	5	151	37886	151	SELECT             name,             value,             help,             JSONExtract(labels_serialized, \'Map(String, String)\') as labels,             type         FROM merge(system, \'^_custom_metrics_dictionary_.*\')         FORMAT Prometheus
2026-08-02 02:50:48	63	336496	32324244	1	SELECT ifNull(sum(delta), 0) FROM sony.concurrency_delta_all WHERE minute < toDateTime(\'2023-05-17 05:23:00\', \'UTC\')  AND platform = \'IPHONE\' FORMAT TabSeparated 
2026-08-02 02:50:51	1	3	860	1	SELECT count(*) FROM system.filesystem_cache_settings
2026-08-02 02:50:51	2	3	860	3	SELECT  now64(6) as scrape_time_microseconds, \'j62zx3k\' AS pod_ident, \'boneaws-al-46\' AS spoken_name, \'cell-1\' AS cell, \'ap-south-1\' AS region, \'aws\' AS cloud_provider, \'26.2.1.525\' AS clickhouse_version, \'0fc3eaab-fbcb-4533-8825-9be9faaea781\' AS control_plane_id, \'aarch64\' AS system_processor, * FR
2026-08-02 02:50:52	64	336496	32324244	1	SELECT ifNull(sum(delta), 0) FROM sony.concurrency_delta_all WHERE minute < toDateTime(\'2023-05-17 05:23:00\', \'UTC\')  AND platform = \'SONY_ANDROID_TV\' FORMAT TabSeparated 
2026-08-02 02:50:52	36	168249	15821691	1	 WITH toDateTime(\'2023-05-17 05:23:00\', \'UTC\') AS t0,      (SELECT max(hour_boundary) FROM sony.concurrency_hourly_checkpoint        WHERE hour_boundary <= t0  AND platform = \'SONY_ANDROID_TV\') AS anchor SELECT     toString(ifNull(anchor, toDateTime(0, \'UTC\'))) AS anchor_ts,     ifNull((SELECT sum(c
2026-08-02 02:50:53	3	6	213	0	             SELECT                 name,                 toJSONString(labels) as labels_serialized,                 value,                 help,                 type             FROM (                 SELECT   \'ClickHouse_CustomMetric_SharedCatalogRecoveryTime\' as name,   toFloat64(recovery_time) a
2026-08-02 02:50:53	39	168249	15821691	1	 WITH toDateTime(\'2023-05-17 05:23:00\', \'UTC\') AS t0,      (SELECT max(hour_boundary) FROM sony.concurrency_hourly_checkpoint        WHERE hour_boundary <= t0  AND platform = \'SONY_ANDROID_TV\') AS anchor SELECT     toString(ifNull(anchor, toDateTime(0, \'UTC\'))) AS anchor_ts,     ifNull((SELECT sum(c
2026-08-02 02:50:54	1	1	1	1	SELECT toString(toDateTime(\'2023-05-17 05:23:00\', \'UTC\') - INTERVAL 1 MINUTE) FORMAT TabSeparated 
2026-08-02 02:50:54	3	2	12423	1	SELECT count() FROM system.processes WHERE (initial_user NOT IN _CAST([\'backups-internal\', \'management-internal\', \'monitoring-internal\', \'observability-internal\', \'operator-internal\', \'prometheus-exporter\', \'prometheus-internal\', \'operator-cert-internal\', \'availability-monitoring-internal\', \'\'], \'Ar
2026-08-02 02:50:54	2	450	5988	1	SELECT countIf(database = \'system\') as systemParts, countIf(database != \'system\') as nonSystemParts FROM system.parts where active
2026-08-02 02:50:54	1	0	0	1	SELECT countIf(database = \'system\') as systemMerges, countIf(database != \'system\') as nonSystemMerges FROM system.merges
2026-08-02 02:50:54	315	362819	32561681	1	 WITH toDateTime(\'2023-05-17 05:23:00\', \'UTC\') AS t0 SELECT max(c) AS peak, toString(argMax(minute, c)) AS peak_minute, round(avg(c), 4) AS avg_c FROM (     SELECT minute, 0 + sum(d) OVER (ORDER BY minute) AS c     FROM (         SELECT minute, sum(delta) AS d         FROM sony.concurrency_delta_all
2026-08-02 02:50:56	3	0	0	0	SELECT now64(6) as scrape_time_microseconds, \'j62zx3k\' AS pod_ident, \'boneaws-al-46\' AS spoken_name, \'cell-1\' AS cell, \'ap-south-1\' AS region, \'aws\' AS cloud_provider, \'26.2.1.525\' AS clickhouse_version, \'0fc3eaab-fbcb-4533-8825-9be9faaea781\' AS control_plane_id, \'aarch64\' AS system_processor, * FRO
2026-08-02 02:50:56	5	635	2540	0	SELECT now64(6) as scrape_time_microseconds, \'j62zx3k\' AS pod_ident, \'boneaws-al-46\' AS spoken_name, \'cell-1\' AS cell, \'ap-south-1\' AS region, \'aws\' AS cloud_provider, \'26.2.1.525\' AS clickhouse_version, \'0fc3eaab-fbcb-4533-8825-9be9faaea781\' AS control_plane_id, \'aarch64\' AS system_processor, * FRO
2026-08-02 02:50:57	3	0	0	0	SELECT now64(6) as scrape_time_microseconds, \'j62zx3k\' AS pod_ident, \'boneaws-al-46\' AS spoken_name, \'cell-1\' AS cell, \'ap-south-1\' AS region, \'aws\' AS cloud_provider, \'26.2.1.525\' AS clickhouse_version, \'0fc3eaab-fbcb-4533-8825-9be9faaea781\' AS control_plane_id, \'aarch64\' AS system_processor, * FRO
2026-08-02 02:50:58	4	0	0	0	SELECT now64(6) as scrape_time_microseconds, \'j62zx3k\' AS pod_ident, \'boneaws-al-46\' AS spoken_name, \'cell-1\' AS cell, \'ap-south-1\' AS region, \'aws\' AS cloud_provider, \'26.2.1.525\' AS clickhouse_version, \'0fc3eaab-fbcb-4533-8825-9be9faaea781\' AS control_plane_id, \'aarch64\' AS system_processor, * FRO
2026-08-02 02:50:58	62	336496	32324244	1	SELECT ifNull(sum(delta), 0) FROM sony.concurrency_delta_all WHERE minute < toDateTime(\'2023-05-17 05:23:00\', \'UTC\')  AND video_type = \'live\' FORMAT TabSeparated 
2026-08-02 02:50:58	1	1	1	1	SELECT toString(toDateTime(\'2023-05-17 05:23:00\', \'UTC\') - INTERVAL 1 MINUTE) FORMAT TabSeparated 
2026-08-02 02:50:58	2	3	13584	1	             SELECT                 name,                 toJSONString(labels) as labels_serialized,                 value,                 help,                 type             FROM (                 SELECT   \'ClickHouse_CustomMetric_TotalMemoryUsedByQueries\' AS name,   toFloat64(SUM(peak_memory_u
2026-08-02 02:50:58	3	6	213	0	             SELECT                 name,                 toJSONString(labels) as labels_serialized,                 value,                 help,                 type             FROM (                 SELECT   \'ClickHouse_CustomMetric_DatabaseReplicatedRecoveryTime\' as name,   toFloat64(recovery_ti
2026-08-02 02:50:58	321	405668	32946643	1	 WITH toDateTime(\'2023-05-17 05:23:00\', \'UTC\') AS t0 SELECT max(c) AS peak, toString(argMax(minute, c)) AS peak_minute, round(avg(c), 4) AS avg_c FROM (     SELECT minute, 0 + sum(d) OVER (ORDER BY minute) AS c     FROM (         SELECT minute, sum(delta) AS d         FROM sony.concurrency_delta_all
2026-08-02 02:50:59	3	0	0	0	SELECT now64(6) as scrape_time_microseconds, \'j62zx3k\' AS pod_ident, \'boneaws-al-46\' AS spoken_name, \'cell-1\' AS cell, \'ap-south-1\' AS region, \'aws\' AS cloud_provider, \'26.2.1.525\' AS clickhouse_version, \'0fc3eaab-fbcb-4533-8825-9be9faaea781\' AS control_plane_id, \'aarch64\' AS system_processor, * FRO
2026-08-02 02:50:59	39	168249	15815524	1	 WITH toDateTime(\'2023-05-17 05:23:00\', \'UTC\') AS t0,      (SELECT max(hour_boundary) FROM sony.concurrency_hourly_checkpoint        WHERE hour_boundary <= t0  AND video_type = \'live\') AS anchor SELECT     toString(ifNull(anchor, toDateTime(0, \'UTC\'))) AS anchor_ts,     ifNull((SELECT sum(concurrenc
2026-08-02 02:50:59	1	1	1	1	SELECT toString(toDateTime(\'2023-05-17 05:23:00\', \'UTC\') - INTERVAL 1 MINUTE) FORMAT TabSeparated 
2026-08-02 02:51:00	7	0	0	0	SELECT now64(6) as scrape_time_microseconds, \'j62zx3k\' AS pod_ident, \'boneaws-al-46\' AS spoken_name, \'cell-1\' AS cell, \'ap-south-1\' AS region, \'aws\' AS cloud_provider, \'26.2.1.525\' AS clickhouse_version, \'0fc3eaab-fbcb-4533-8825-9be9faaea781\' AS control_plane_id, \'aarch64\' AS system_processor, * FRO
2026-08-02 02:51:02	3	0	0	0	SELECT now64(6) as scrape_time_microseconds, \'j62zx3k\' AS pod_ident, \'boneaws-al-46\' AS spoken_name, \'cell-1\' AS cell, \'ap-south-1\' AS region, \'aws\' AS cloud_provider, \'26.2.1.525\' AS clickhouse_version, \'0fc3eaab-fbcb-4533-8825-9be9faaea781\' AS control_plane_id, \'aarch64\' AS system_processor, * FRO
2026-08-02 02:51:02	19	749	10486	1	SELECT avg(ProfileEvent_OSCPUWaitMicroseconds) as cpu_wait FROM  system.metric_log  WHERE event_time > now() - INTERVAL 2 MINUTE AND event_date >= yesterday()
2026-08-02 02:51:02	6	2	10208	2	SELECT count() as count, sum(elapsed) as total_elapsed, \'lh\' as usr FROM system.processes  WHERE user = \'observability-internal\' AND client_hostname LIKE \'loghouse-scraper%\'  UNION ALL SELECT count() as count, sum(elapsed) as total_elapsed, \'other\' as usr FROM system.processes  WHERE user != \'observ
2026-08-02 02:51:02	2	886	368083	1	SELECT value FROM system.asynchronous_metrics WHERE metric = \'OSMemoryAvailable\' ;
2026-08-02 02:51:03	4	0	0	0	SELECT now64(6) as scrape_time_microseconds, \'j62zx3k\' AS pod_ident, \'boneaws-al-46\' AS spoken_name, \'cell-1\' AS cell, \'ap-south-1\' AS region, \'aws\' AS cloud_provider, \'26.2.1.525\' AS clickhouse_version, \'0fc3eaab-fbcb-4533-8825-9be9faaea781\' AS control_plane_id, \'aarch64\' AS system_processor, * FRO
2026-08-02 02:51:03	5	157	39247	157	SELECT             name,             value,             help,             JSONExtract(labels_serialized, \'Map(String, String)\') as labels,             type         FROM merge(system, \'^_custom_metrics_dictionary_.*\')         FORMAT Prometheus
2026-08-02 02:51:03	1	0	0	1	             SELECT                 name,                 toJSONString(labels) as labels_serialized,                 value,                 help,                 type             FROM (                 SELECT   \'ClickHouse_CustomMetric_TotalMemoryUsedByAsynchronousInserts\' AS name,   toFloat64(SUM(t
2026-08-02 02:51:03	297	446677	33316587	1	 WITH toDateTime(\'2023-05-17 05:23:00\', \'UTC\') AS t0, toDateTime(\'2026-08-01 11:06:00\', \'UTC\') AS t1 SELECT max(c) AS peak, toString(argMax(minute, c)) AS peak_minute, round(avg(c), 4) AS avg_c FROM (     SELECT minute, sum(d) OVER (ORDER BY minute) AS c     FROM (         SELECT minute, sum(delta) 
2026-08-02 02:51:04	5	0	0	0	SELECT now64(6) as scrape_time_microseconds, \'j62zx3k\' AS pod_ident, \'boneaws-al-46\' AS spoken_name, \'cell-1\' AS cell, \'ap-south-1\' AS region, \'aws\' AS cloud_provider, \'26.2.1.525\' AS clickhouse_version, \'0fc3eaab-fbcb-4533-8825-9be9faaea781\' AS control_plane_id, \'aarch64\' AS system_processor, * FRO
2026-08-02 02:51:04	6	157	39247	157	SELECT             name,             value,             help,             JSONExtract(labels_serialized, \'Map(String, String)\') as labels,             type         FROM merge(system, \'^_custom_metrics_dictionary_.*\')         FORMAT Prometheus
2026-08-02 02:51:04	3	2	12834	1	SELECT count() FROM system.processes WHERE (initial_user NOT IN _CAST([\'backups-internal\', \'management-internal\', \'monitoring-internal\', \'observability-internal\', \'operator-internal\', \'prometheus-exporter\', \'prometheus-internal\', \'operator-cert-internal\', \'availability-monitoring-internal\', \'\'], \'Ar
2026-08-02 02:51:04	2	451	6003	1	SELECT countIf(database = \'system\') as systemParts, countIf(database != \'system\') as nonSystemParts FROM system.parts where active
2026-08-02 02:51:04	2	0	0	1	SELECT countIf(database = \'system\') as systemMerges, countIf(database != \'system\') as nonSystemMerges FROM system.merges
2026-08-02 02:51:04	24	3214	601448	130	SELECT CAST(\'0fc3eaab-fbcb-4533-8825-9be9faaea781\', \'UUID\') AS instance_id, CAST(\'c-boneaws-al-46-server-j62zx3k-0\', \'LowCardinality(String)\') AS node_id, CAST(name, \'LowCardinality(String)\') AS metric, CAST(mapFilter((k, v) -> has(_CAST([\'remote\'], \'Array(String)\'), k), labels), \'Map(LowCardinality
2026-08-02 02:51:05	7	8319	917964	1825	SELECT now64(6) as scrape_time_microseconds, \'j62zx3k\' AS pod_ident, \'boneaws-al-46\' AS spoken_name, \'cell-1\' AS cell, \'ap-south-1\' AS region, \'aws\' AS cloud_provider, \'26.2.1.525\' AS clickhouse_version, \'0fc3eaab-fbcb-4533-8825-9be9faaea781\' AS control_plane_id, \'aarch64\' AS system_processor, * FRO
2026-08-02 02:51:05	326	446677	33316587	1	 WITH toDateTime(\'2023-05-17 05:23:00\', \'UTC\') AS t0 SELECT max(c) AS peak, toString(argMax(minute, c)) AS peak_minute, round(avg(c), 4) AS avg_c FROM (     SELECT minute, 0 + sum(d) OVER (ORDER BY minute) AS c     FROM (         SELECT minute, sum(delta) AS d         FROM sony.concurrency_delta_all
2026-08-02 02:51:05	39	168249	15815408	1	 WITH toDateTime(\'2023-05-17 05:23:00\', \'UTC\') AS t0,      (SELECT max(hour_boundary) FROM sony.concurrency_hourly_checkpoint        WHERE hour_boundary <= t0  AND country = \'india\') AS anchor SELECT     toString(ifNull(anchor, toDateTime(0, \'UTC\'))) AS anchor_ts,     ifNull((SELECT sum(concurrency)
2026-08-02 02:51:07	4	0	0	0	SELECT now64(6) as scrape_time_microseconds, \'j62zx3k\' AS pod_ident, \'boneaws-al-46\' AS spoken_name, \'cell-1\' AS cell, \'ap-south-1\' AS region, \'aws\' AS cloud_provider, \'26.2.1.525\' AS clickhouse_version, \'0fc3eaab-fbcb-4533-8825-9be9faaea781\' AS control_plane_id, \'aarch64\' AS system_processor, * FRO
2026-08-02 02:51:07	325	446677	33316587	1	 WITH toDateTime(\'2023-05-17 05:23:00\', \'UTC\') AS t0 SELECT max(c) AS peak, toString(argMax(minute, c)) AS peak_minute, round(avg(c), 4) AS avg_c FROM (     SELECT minute, 0 + sum(d) OVER (ORDER BY minute) AS c     FROM (         SELECT minute, sum(delta) AS d         FROM sony.concurrency_delta_all
2026-08-02 02:51:08	4	0	0	0	SELECT now64(6) as scrape_time_microseconds, \'j62zx3k\' AS pod_ident, \'boneaws-al-46\' AS spoken_name, \'cell-1\' AS cell, \'ap-south-1\' AS region, \'aws\' AS cloud_provider, \'26.2.1.525\' AS clickhouse_version, \'0fc3eaab-fbcb-4533-8825-9be9faaea781\' AS control_plane_id, \'aarch64\' AS system_processor, * FRO
2026-08-02 02:51:12	334	371009	32670335	1	 WITH toDateTime(\'2023-05-17 05:23:00\', \'UTC\') AS t0, toDateTime(\'2026-08-01 11:06:00\', \'UTC\') AS t1 SELECT max(c) AS peak, toString(argMax(minute, c)) AS peak_minute, round(avg(c), 4) AS avg_c FROM (     SELECT minute, sum(d) OVER (ORDER BY minute) AS c     FROM (         SELECT minute, sum(delta) 
2026-08-02 02:51:12	122	51	204	0	SELECT now64(6) as scrape_time_microseconds, \'j62zx3k\' AS pod_ident, \'boneaws-al-46\' AS spoken_name, \'cell-1\' AS cell, \'ap-south-1\' AS region, \'aws\' AS cloud_provider, \'26.2.1.525\' AS clickhouse_version, \'0fc3eaab-fbcb-4533-8825-9be9faaea781\' AS control_plane_id, \'aarch64\' AS system_processor, * FRO
2026-08-02 02:51:12	43	168249	15992301	1	 WITH toDateTime(\'2023-05-17 05:23:00\', \'UTC\') AS t0,      (SELECT max(hour_boundary) FROM sony.concurrency_hourly_checkpoint        WHERE hour_boundary <= t0  AND platform = \'ANDROID_PHONE\' AND country = \'india\') AS anchor SELECT     toString(ifNull(anchor, toDateTime(0, \'UTC\'))) AS anchor_ts,     
2026-08-02 02:51:12	67	336496	32324244	1	SELECT ifNull(sum(delta), 0) FROM sony.concurrency_delta_all WHERE minute < toDateTime(\'2023-05-17 05:23:00\', \'UTC\')  AND platform = \'ANDROID_PHONE\' AND country = \'india\' FORMAT TabSeparated 
2026-08-02 02:51:13	1	11	3888	11	             SELECT                 name,                 toJSONString(labels) as labels_serialized,                 value,                 help,                 type             FROM (                 SELECT   concat(\'clickhouse_\', system.dimensional_metrics.metric) AS name,   toFloat64(system.dime
2026-08-02 02:51:13	2	20	12866	0	             SELECT                 name,                 toJSONString(labels) as labels_serialized,                 value,                 help,                 type             FROM (                 SELECT   \'clickhouse_table_replica_readonly_start_timestamp_seconds\' as name,   toFloat64(toUnixTi
2026-08-02 02:51:13	3	6	213	0	             SELECT                 name,                 toJSONString(labels) as labels_serialized,                 value,                 help,                 type             FROM (                 SELECT   \'ClickHouse_CustomMetric_SharedCatalogRecoveryTime\' as name,   toFloat64(recovery_time) a
2026-08-02 02:51:13	40	168249	15992301	1	 WITH toDateTime(\'2023-05-17 05:23:00\', \'UTC\') AS t0,      (SELECT max(hour_boundary) FROM sony.concurrency_hourly_checkpoint        WHERE hour_boundary <= t0  AND platform = \'ANDROID_PHONE\' AND country = \'india\') AS anchor SELECT     toString(ifNull(anchor, toDateTime(0, \'UTC\'))) AS anchor_ts,     
2026-08-02 02:51:14	3	2	12207	1	SELECT count() FROM system.processes WHERE (initial_user NOT IN _CAST([\'backups-internal\', \'management-internal\', \'monitoring-internal\', \'observability-internal\', \'operator-internal\', \'prometheus-exporter\', \'prometheus-internal\', \'operator-cert-internal\', \'availability-monitoring-internal\', \'\'], \'Ar
2026-08-02 02:51:14	2	450	5988	1	SELECT countIf(database = \'system\') as systemParts, countIf(database != \'system\') as nonSystemParts FROM system.parts where active
2026-08-02 02:51:14	1	0	0	1	SELECT countIf(database = \'system\') as systemMerges, countIf(database != \'system\') as nonSystemMerges FROM system.merges
2026-08-02 02:51:14	352	371009	32670335	1	 WITH toDateTime(\'2023-05-17 05:23:00\', \'UTC\') AS t0 SELECT max(c) AS peak, toString(argMax(minute, c)) AS peak_minute, round(avg(c), 4) AS avg_c FROM (     SELECT minute, 0 + sum(d) OVER (ORDER BY minute) AS c     FROM (         SELECT minute, sum(delta) AS d         FROM sony.concurrency_delta_all
2026-08-02 02:51:17	297	446668	33205620	1	 WITH toDateTime(\'2026-07-31 00:00:00\', \'UTC\') AS t0, toDateTime(\'2026-07-31 23:59:00\', \'UTC\') AS t1 SELECT max(c) AS peak, toString(argMax(minute, c)) AS peak_minute, round(avg(c), 4) AS avg_c FROM (     SELECT minute, sum(d) OVER (ORDER BY minute) AS c     FROM (         SELECT minute, sum(delta) 
2026-08-02 02:51:18	5	157	39247	157	SELECT             name,             value,             help,             JSONExtract(labels_serialized, \'Map(String, String)\') as labels,             type         FROM merge(system, \'^_custom_metrics_dictionary_.*\')         FORMAT Prometheus
2026-08-02 02:51:18	66	444841	33191004	1	 WITH toDateTime(\'2026-07-31 00:00:00\', \'UTC\') AS t0 SELECT max(c) AS peak, toString(argMax(minute, c)) AS peak_minute, round(avg(c), 4) AS avg_c FROM (     SELECT minute, 2 + sum(d) OVER (ORDER BY minute) AS c     FROM (         SELECT minute, sum(delta) AS d         FROM sony.concurrency_delta_all
2026-08-02 02:51:18	2	0	0	0	             SELECT                 name,                 toJSONString(labels) as labels_serialized,                 value,                 help,                 type             FROM (                 SELECT   \'ClickHouse_CustomMetric_FailedMutations\' as name,   toFloat64(count()) as value,   \'The 
2026-08-02 02:51:18	2	15	1013	15	             SELECT                 name,                 toJSONString(labels) as labels_serialized,                 value,                 help,                 type             FROM (                 SELECT     \'ClickHouse_MetricsCollection_CustomMetricsSystemTable\' AS name,     toFloat64(1) AS va
2026-08-02 02:51:19	36	182122	15828163	1	 WITH toDateTime(\'2026-07-31 00:00:00\', \'UTC\') AS t0,      (SELECT max(hour_boundary) FROM sony.concurrency_hourly_checkpoint        WHERE hour_boundary <= t0 ) AS anchor SELECT     toString(ifNull(anchor, toDateTime(0, \'UTC\'))) AS anchor_ts,     ifNull((SELECT sum(concurrency) FROM sony.concurrency
2026-08-02 02:51:21	44	182121	15919525	1	 WITH toDateTime(\'2026-07-31 00:00:00\', \'UTC\') AS t0,      (SELECT max(hour_boundary) FROM sony.concurrency_hourly_checkpoint        WHERE hour_boundary <= t0  AND platform = \'ANDROID_PHONE\') AS anchor SELECT     toString(ifNull(anchor, toDateTime(0, \'UTC\'))) AS anchor_ts,     ifNull((SELECT sum(con
2026-08-02 02:51:21	43	182121	15919525	1	 WITH toDateTime(\'2026-07-31 00:00:00\', \'UTC\') AS t0,      (SELECT max(hour_boundary) FROM sony.concurrency_hourly_checkpoint        WHERE hour_boundary <= t0  AND platform = \'ANDROID_PHONE\') AS anchor SELECT     toString(ifNull(anchor, toDateTime(0, \'UTC\'))) AS anchor_ts,     ifNull((SELECT sum(con
2026-08-02 02:51:23	1	0	0	1	             SELECT                 name,                 toJSONString(labels) as labels_serialized,                 value,                 help,                 type             FROM (                 SELECT   \'ClickHouse_CustomMetric_TotalMemoryUsedByMerges\' AS name,   toFloat64(SUM(memory_usage))
2026-08-02 02:51:24	298	395667	32797612	1	 WITH toDateTime(\'2026-07-31 10:00:00\', \'UTC\') AS t0, toDateTime(\'2026-07-31 11:00:00\', \'UTC\') AS t1 SELECT max(c) AS peak, toString(argMax(minute, c)) AS peak_minute, round(avg(c), 4) AS avg_c FROM (     SELECT minute, sum(d) OVER (ORDER BY minute) AS c     FROM (         SELECT minute, sum(delta) 
2026-08-02 02:51:24	36	182122	15828163	1	 WITH toDateTime(\'2026-07-31 10:00:00\', \'UTC\') AS t0,      (SELECT max(hour_boundary) FROM sony.concurrency_hourly_checkpoint        WHERE hour_boundary <= t0 ) AS anchor SELECT     toString(ifNull(anchor, toDateTime(0, \'UTC\'))) AS anchor_ts,     ifNull((SELECT sum(concurrency) FROM sony.concurrency
2026-08-02 02:51:24	2	2	12834	1	SELECT count() FROM system.processes WHERE (initial_user NOT IN _CAST([\'backups-internal\', \'management-internal\', \'monitoring-internal\', \'observability-internal\', \'operator-internal\', \'prometheus-exporter\', \'prometheus-internal\', \'operator-cert-internal\', \'availability-monitoring-internal\', \'\'], \'Ar
2026-08-02 02:51:24	2	451	6003	1	SELECT countIf(database = \'system\') as systemParts, countIf(database != \'system\') as nonSystemParts FROM system.parts where active
2026-08-02 02:51:24	1	0	0	1	SELECT countIf(database = \'system\') as systemMerges, countIf(database != \'system\') as nonSystemMerges FROM system.merges
2026-08-02 02:51:24	28	3214	601448	130	SELECT CAST(\'0fc3eaab-fbcb-4533-8825-9be9faaea781\', \'UUID\') AS instance_id, CAST(\'c-boneaws-al-46-server-j62zx3k-0\', \'LowCardinality(String)\') AS node_id, CAST(name, \'LowCardinality(String)\') AS metric, CAST(mapFilter((k, v) -> has(_CAST([\'remote\'], \'Array(String)\'), k), labels), \'Map(LowCardinality
2026-08-02 02:51:24	49	182122	15828163	1	 WITH toDateTime(\'2026-07-31 10:00:00\', \'UTC\') AS t0,      (SELECT max(hour_boundary) FROM sony.concurrency_hourly_checkpoint        WHERE hour_boundary <= t0 ) AS anchor SELECT     toString(ifNull(anchor, toDateTime(0, \'UTC\'))) AS anchor_ts,     ifNull((SELECT sum(concurrency) FROM sony.concurrency
2026-08-02 02:51:24	81	393840	32782996	1	 WITH toDateTime(\'2026-07-31 10:00:00\', \'UTC\') AS t0 SELECT max(c) AS peak, toString(argMax(minute, c)) AS peak_minute, round(avg(c), 4) AS avg_c FROM (     SELECT minute, 64 + sum(d) OVER (ORDER BY minute) AS c     FROM (         SELECT minute, sum(delta) AS d         FROM sony.concurrency_delta_al
2026-08-02 02:51:25	44	182122	15828163	1	 WITH toDateTime(\'2026-07-31 10:00:00\', \'UTC\') AS t0,      (SELECT max(hour_boundary) FROM sony.concurrency_hourly_checkpoint        WHERE hour_boundary <= t0 ) AS anchor SELECT     toString(ifNull(anchor, toDateTime(0, \'UTC\'))) AS anchor_ts,     ifNull((SELECT sum(concurrency) FROM sony.concurrency
2026-08-02 02:51:25	71	393840	32782996	1	 WITH toDateTime(\'2026-07-31 10:00:00\', \'UTC\') AS t0 SELECT max(c) AS peak, toString(argMax(minute, c)) AS peak_minute, round(avg(c), 4) AS avg_c FROM (     SELECT minute, 64 + sum(d) OVER (ORDER BY minute) AS c     FROM (         SELECT minute, sum(delta) AS d         FROM sony.concurrency_delta_al
2026-08-02 02:51:28	2	1	5022	1	             SELECT                 name,                 toJSONString(labels) as labels_serialized,                 value,                 help,                 type             FROM (                 SELECT   \'ClickHouse_CustomMetric_TotalMemoryUsedByQueries\' AS name,   toFloat64(SUM(peak_memory_u
2026-08-02 02:51:32	14	121	1694	1	SELECT avg(ProfileEvent_OSCPUWaitMicroseconds) as cpu_wait FROM  system.metric_log  WHERE event_time > now() - INTERVAL 2 MINUTE AND event_date >= yesterday()
2026-08-02 02:51:32	3	2	10208	2	SELECT count() as count, sum(elapsed) as total_elapsed, \'lh\' as usr FROM system.processes  WHERE user = \'observability-internal\' AND client_hostname LIKE \'loghouse-scraper%\'  UNION ALL SELECT count() as count, sum(elapsed) as total_elapsed, \'other\' as usr FROM system.processes  WHERE user != \'observ
2026-08-02 02:51:32	1	886	368083	1	SELECT value FROM system.asynchronous_metrics WHERE metric = \'OSMemoryAvailable\' ;
2026-08-02 02:51:33	5	157	39247	157	SELECT             name,             value,             help,             JSONExtract(labels_serialized, \'Map(String, String)\') as labels,             type         FROM merge(system, \'^_custom_metrics_dictionary_.*\')         FORMAT Prometheus
2026-08-02 02:51:33	2	13	6340	1	             SELECT                 name,                 toJSONString(labels) as labels_serialized,                 value,                 help,                 type             FROM (                 SELECT   \'ClickHouse_CustomMetric_TotalMemoryUsedByDictionaries\' AS name,   toFloat64(SUM(bytes_al
2026-08-02 02:51:33	2	59	472	1	             SELECT                 name,                 toJSONString(labels) as labels_serialized,                 value,                 help,                 type             FROM (                 SELECT   \'ClickHouse_CustomMetric_TotalMemoryUsedByDataSkippingIndices\' AS name,   toFloat64(SUM(d
2026-08-02 02:51:33	4	6	213	0	             SELECT                 name,                 toJSONString(labels) as labels_serialized,                 value,                 help,                 type             FROM (                 SELECT   \'ClickHouse_CustomMetric_DatabaseReplicatedRecoveryTime\' as name,   toFloat64(recovery_ti
2026-08-02 02:51:34	8	157	39247	157	SELECT             name,             value,             help,             JSONExtract(labels_serialized, \'Map(String, String)\') as labels,             type         FROM merge(system, \'^_custom_metrics_dictionary_.*\')         FORMAT Prometheus
2026-08-02 02:51:34	3	1	5438	1	SELECT count() FROM system.processes WHERE (initial_user NOT IN _CAST([\'backups-internal\', \'management-internal\', \'monitoring-internal\', \'observability-internal\', \'operator-internal\', \'prometheus-exporter\', \'prometheus-internal\', \'operator-cert-internal\', \'availability-monitoring-internal\', \'\'], \'Ar
2026-08-02 02:51:34	2	451	6003	1	SELECT countIf(database = \'system\') as systemParts, countIf(database != \'system\') as nonSystemParts FROM system.parts where active
2026-08-02 02:51:34	2	0	0	1	SELECT countIf(database = \'system\') as systemMerges, countIf(database != \'system\') as nonSystemMerges FROM system.merges
2026-08-02 02:51:38	16	16971	4175551	6651	SELECT now64(6) as scrape_time_microseconds, \'j62zx3k\' AS pod_ident, \'boneaws-al-46\' AS spoken_name, \'cell-1\' AS cell, \'ap-south-1\' AS region, \'aws\' AS cloud_provider, \'26.2.1.525\' AS clickhouse_version, \'0fc3eaab-fbcb-4533-8825-9be9faaea781\' AS control_plane_id, \'aarch64\' AS system_processor, * FRO
2026-08-02 02:51:39	20	26778	6686047	10747	SELECT now64(6) as scrape_time_microseconds, \'j62zx3k\' AS pod_ident, \'boneaws-al-46\' AS spoken_name, \'cell-1\' AS cell, \'ap-south-1\' AS region, \'aws\' AS cloud_provider, \'26.2.1.525\' AS clickhouse_version, \'0fc3eaab-fbcb-4533-8825-9be9faaea781\' AS control_plane_id, \'aarch64\' AS system_processor, * FRO
2026-08-02 02:51:40	28	2428	5214718	336	SELECT now64(6) as scrape_time_microseconds, \'j62zx3k\' AS pod_ident, \'boneaws-al-46\' AS spoken_name, \'cell-1\' AS cell, \'ap-south-1\' AS region, \'aws\' AS cloud_provider, \'26.2.1.525\' AS clickhouse_version, \'0fc3eaab-fbcb-4533-8825-9be9faaea781\' AS control_plane_id, \'aarch64\' AS system_processor, * FRO
2026-08-02 02:51:41	172	658	1861167	121	SELECT now64(6) as scrape_time_microseconds, \'j62zx3k\' AS pod_ident, \'boneaws-al-46\' AS spoken_name, \'cell-1\' AS cell, \'ap-south-1\' AS region, \'aws\' AS cloud_provider, \'26.2.1.525\' AS clickhouse_version, \'0fc3eaab-fbcb-4533-8825-9be9faaea781\' AS control_plane_id, \'aarch64\' AS system_processor, * FRO
2026-08-02 02:51:43	1	11	3888	11	             SELECT                 name,                 toJSONString(labels) as labels_serialized,                 value,                 help,                 type             FROM (                 SELECT   concat(\'clickhouse_\', system.dimensional_metrics.metric) AS name,   toFloat64(system.dime
2026-08-02 02:51:44	5	0	0	0	WITH source AS (SELECT [\'matview_execution_total\', if(exception_code != 0, \'matview_execution_fail\', \'\')] AS metrics, event_time AS ts FROM system.query_views_log WHERE (status != \'QueryStart\') AND (event_date >= toDate(_CAST(\'1785638949.333\', \'DateTime64\'))) AND (event_time >= toDateTime(_CAST(\'178
2026-08-02 02:51:44	4	378	114440	5	WITH metrics AS (SELECT name AS metric, toFloat64(value) AS val, now() AS ts FROM system.server_settings WHERE multiMatchAny(name, _CAST([\'^max_database_num_to_throw$\', \'^max_database_num_to_warn$\', \'^max_table_num_to_throw$\', \'^max_table_num_to_warn$\', \'^max_concurrent_queries$\'], \'Array(String)\'))
2026-08-02 02:51:44	9	0	0	1	WITH failed_mutations AS (SELECT toDateTime(create_time) AS ts, count() AS val FROM system.mutations WHERE (ts > toDateTime(_CAST(\'1785638949.333\', \'DateTime64\'))) AND (ts <= toDateTime(_CAST(\'1785639069.333\', \'DateTime64\'))) AND (latest_failed_part != \'\') AND (is_done = 0) GROUP BY ts), failed_muta
2026-08-02 02:51:44	11	403	6031	19	WITH metrics AS (SELECT multiIf((event_type = \'MergeParts\') AND (error = 0), \'merges_finished\', (event_type = \'MergeParts\') AND (error != 0), \'merges_failed\', (event_type = \'MutatePart\') AND (error = 0), \'mutate_part_finished\', (event_type = \'MutatePart\') AND (error != 0), \'mutate_part_failed\', NULL
2026-08-02 02:51:44	9	67540	1053022	1560	SELECT CAST(\'0fc3eaab-fbcb-4533-8825-9be9faaea781\', \'UUID\') AS control_plane_id, CAST(\'c-boneaws-al-46-server-j62zx3k-0\', \'LowCardinality(String)\') AS pod_id, CAST(now64(), \'DateTime64(6)\') AS scrape_ts_microseconds, CAST(event_date, \'Date\') AS event_date, CAST(event_time, \'DateTime\') AS event_time,
2026-08-02 02:51:44	3	7	38088	1	SELECT count() FROM system.processes WHERE (initial_user NOT IN _CAST([\'backups-internal\', \'management-internal\', \'monitoring-internal\', \'observability-internal\', \'operator-internal\', \'prometheus-exporter\', \'prometheus-internal\', \'operator-cert-internal\', \'availability-monitoring-internal\', \'\'], \'Ar
2026-08-02 02:51:44	2	453	6033	1	SELECT countIf(database = \'system\') as systemParts, countIf(database != \'system\') as nonSystemParts FROM system.parts where active
2026-08-02 02:51:44	23	3214	601448	130	SELECT CAST(\'0fc3eaab-fbcb-4533-8825-9be9faaea781\', \'UUID\') AS instance_id, CAST(\'c-boneaws-al-46-server-j62zx3k-0\', \'LowCardinality(String)\') AS node_id, CAST(name, \'LowCardinality(String)\') AS metric, CAST(mapFilter((k, v) -> has(_CAST([\'remote\'], \'Array(String)\'), k), labels), \'Map(LowCardinality
2026-08-02 02:51:44	1	0	0	1	SELECT countIf(database = \'system\') as systemMerges, countIf(database != \'system\') as nonSystemMerges FROM system.merges
2026-08-02 02:51:44	58	779	253873	120	SELECT CAST(\'0fc3eaab-fbcb-4533-8825-9be9faaea781\', \'UUID\') AS control_plane_id, CAST(\'c-boneaws-al-46-server-j62zx3k-0\', \'LowCardinality(String)\') AS pod_id, CAST(now64(), \'DateTime64(6)\') AS scrape_ts_microseconds, CAST(event_date, \'Date\') AS event_date, CAST(event_time, \'DateTime\') AS event_time,
2026-08-02 02:51:44	152	1181	247877	24	WITH parts_agg AS (SELECT database AS agg_database, `table` AS agg_table, SUM(primary_key_size) AS primary_index_size, SUM(secondary_indices_compressed_bytes) AS secondary_index_size FROM system.parts WHERE active AND (database != \'system\') GROUP BY database, `table`), proj_agg AS (SELECT database A
2026-08-02 02:51:45	194	3274158	52271996	105071	SELECT now64(6) as scrape_time_microseconds, \'j62zx3k\' AS pod_ident, \'boneaws-al-46\' AS spoken_name, \'cell-1\' AS cell, \'ap-south-1\' AS region, \'aws\' AS cloud_provider, \'26.2.1.525\' AS clickhouse_version, \'0fc3eaab-fbcb-4533-8825-9be9faaea781\' AS control_plane_id, \'aarch64\' AS system_processor, * FRO
2026-08-02 02:51:45	1	443	56078	1	SELECT count(*) FROM system.settings_profile_elements
2026-08-02 02:51:45	2	443	56078	443	SELECT  now64(6) as scrape_time_microseconds, \'j62zx3k\' AS pod_ident, \'boneaws-al-46\' AS spoken_name, \'cell-1\' AS cell, \'ap-south-1\' AS region, \'aws\' AS cloud_provider, \'26.2.1.525\' AS clickhouse_version, \'0fc3eaab-fbcb-4533-8825-9be9faaea781\' AS control_plane_id, \'aarch64\' AS system_processor, * FR
2026-08-02 02:51:46	20	31581	6582288	21434	SELECT now64(6) as scrape_time_microseconds, \'j62zx3k\' AS pod_ident, \'boneaws-al-46\' AS spoken_name, \'cell-1\' AS cell, \'ap-south-1\' AS region, \'aws\' AS cloud_provider, \'26.2.1.525\' AS clickhouse_version, \'0fc3eaab-fbcb-4533-8825-9be9faaea781\' AS control_plane_id, \'aarch64\' AS system_processor, * FRO
2026-08-02 02:51:48	6	157	39247	157	SELECT             name,             value,             help,             JSONExtract(labels_serialized, \'Map(String, String)\') as labels,             type         FROM merge(system, \'^_custom_metrics_dictionary_.*\')         FORMAT Prometheus
2026-08-02 02:51:48	1	11	3888	11	             SELECT                 name,                 toJSONString(labels) as labels_serialized,                 value,                 help,                 type             FROM (                 SELECT   concat(\'clickhouse_\', system.dimensional_metrics.metric) AS name,   toFloat64(system.dime
2026-08-02 02:51:48	3	20	12866	0	             SELECT                 name,                 toJSONString(labels) as labels_serialized,                 value,                 help,                 type             FROM (                 SELECT   \'clickhouse_table_replica_readonly_start_timestamp_seconds\' as name,   toFloat64(toUnixTi
2026-08-02 02:51:52	17	8280	4576624	142	SELECT now64(6) as scrape_time_microseconds, \'j62zx3k\' AS pod_ident, \'boneaws-al-46\' AS spoken_name, \'cell-1\' AS cell, \'ap-south-1\' AS region, \'aws\' AS cloud_provider, \'26.2.1.525\' AS clickhouse_version, \'0fc3eaab-fbcb-4533-8825-9be9faaea781\' AS control_plane_id, \'aarch64\' AS system_processor, * FRO
2026-08-02 02:51:53	1	0	0	1	             SELECT                 name,                 toJSONString(labels) as labels_serialized,                 value,                 help,                 type             FROM (                 SELECT   \'ClickHouse_CustomMetric_TotalMemoryUsedByAsynchronousInserts\' AS name,   toFloat64(SUM(t
2026-08-02 02:51:54	3	1	5438	1	SELECT count() FROM system.processes WHERE (initial_user NOT IN _CAST([\'backups-internal\', \'management-internal\', \'monitoring-internal\', \'observability-internal\', \'operator-internal\', \'prometheus-exporter\', \'prometheus-internal\', \'operator-cert-internal\', \'availability-monitoring-internal\', \'\'], \'Ar
2026-08-02 02:51:54	2	449	5973	1	SELECT countIf(database = \'system\') as systemParts, countIf(database != \'system\') as nonSystemParts FROM system.parts where active
2026-08-02 02:51:54	1	0	0	1	SELECT countIf(database = \'system\') as systemMerges, countIf(database != \'system\') as nonSystemMerges FROM system.merges
2026-08-02 02:51:58	2	1	5022	1	             SELECT                 name,                 toJSONString(labels) as labels_serialized,                 value,                 help,                 type             FROM (                 SELECT   \'ClickHouse_CustomMetric_TotalMemoryUsedByQueries\' AS name,   toFloat64(SUM(peak_memory_u
2026-08-02 02:51:59	9	8232	2440005	318	SELECT now64(6) as scrape_time_microseconds, \'j62zx3k\' AS pod_ident, \'boneaws-al-46\' AS spoken_name, \'cell-1\' AS cell, \'ap-south-1\' AS region, \'aws\' AS cloud_provider, \'26.2.1.525\' AS clickhouse_version, \'0fc3eaab-fbcb-4533-8825-9be9faaea781\' AS control_plane_id, \'aarch64\' AS system_processor, * FRO
2026-08-02 02:52:02	2	1	16	1	SELECT count() FROM sony.raw_events FORMAT TabSeparated 
2026-08-02 02:52:02	15	810	11340	1	SELECT avg(ProfileEvent_OSCPUWaitMicroseconds) as cpu_wait FROM  system.metric_log  WHERE event_time > now() - INTERVAL 2 MINUTE AND event_date >= yesterday()
2026-08-02 02:52:02	27	168248	13102110	1	SELECT countIf(is_open) FROM sony.session_active_intervals FINAL FORMAT TabSeparated 
2026-08-02 02:52:02	5	2	10208	2	SELECT count() as count, sum(elapsed) as total_elapsed, \'lh\' as usr FROM system.processes  WHERE user = \'observability-internal\' AND client_hostname LIKE \'loghouse-scraper%\'  UNION ALL SELECT count() as count, sum(elapsed) as total_elapsed, \'other\' as usr FROM system.processes  WHERE user != \'observ
2026-08-02 02:52:02	1	886	368083	1	SELECT value FROM system.asynchronous_metrics WHERE metric = \'OSMemoryAvailable\' ;
2026-08-02 02:52:02	1	1	16	1	SELECT count() FROM sony.concurrency_minute_delta FORMAT TabSeparated 
2026-08-02 02:52:02	2	1	16	1	SELECT count() FROM sony.concurrency_hourly_checkpoint FORMAT TabSeparated 
2026-08-02 02:52:02	68	446677	32764968	1	SELECT toString(min(minute)), toString(max(minute)) FROM sony.concurrency_delta_all FORMAT TabSeparated 
2026-08-02 02:52:03	35	168248	13837881	1	SELECT arraySort(groupUniqArrayIf(platform, platform != \'\')), arraySort(groupUniqArrayIf(country, country != \'\')), arraySort(groupUniqArrayIf(video_type, video_type != \'\')), arraySort(groupUniqArrayIf(category, category != \'\')), arraySort(groupUniqArrayIf(close_reason, close_reason != \'\')) FROM sony
2026-08-02 02:52:03	7	146	36607	146	SELECT             name,             value,             help,             JSONExtract(labels_serialized, \'Map(String, String)\') as labels,             type         FROM merge(system, \'^_custom_metrics_dictionary_.*\')         FORMAT Prometheus
2026-08-02 02:52:03	2	13	6340	1	             SELECT                 name,                 toJSONString(labels) as labels_serialized,                 value,                 help,                 type             FROM (                 SELECT   \'ClickHouse_CustomMetric_TotalMemoryUsedByDictionaries\' AS name,   toFloat64(SUM(bytes_al
2026-08-02 02:52:03	36	168248	13270454	84	SELECT category, uniqExact(video_session_id) AS sessions FROM sony.session_active_intervals FINAL WHERE category != \'\'  GROUP BY category ORDER BY sessions DESC FORMAT TabSeparated 
2026-08-02 02:52:03	36	168248	13255238	2	SELECT video_type, uniqExact(video_session_id) AS sessions FROM sony.session_active_intervals FINAL WHERE video_type != \'\'  GROUP BY video_type ORDER BY sessions DESC FORMAT TabSeparated 
2026-08-02 02:52:03	42	168248	13256925	4	SELECT close_reason, uniqExact(video_session_id) AS sessions FROM sony.session_active_intervals FINAL WHERE close_reason != \'\'  GROUP BY close_reason ORDER BY sessions DESC FORMAT TabSeparated 
2026-08-02 02:52:04	8	146	36607	146	SELECT             name,             value,             help,             JSONExtract(labels_serialized, \'Map(String, String)\') as labels,             type         FROM merge(system, \'^_custom_metrics_dictionary_.*\')         FORMAT Prometheus
2026-08-02 02:52:04	2	2	12834	1	SELECT count() FROM system.processes WHERE (initial_user NOT IN _CAST([\'backups-internal\', \'management-internal\', \'monitoring-internal\', \'observability-internal\', \'operator-internal\', \'prometheus-exporter\', \'prometheus-internal\', \'operator-cert-internal\', \'availability-monitoring-internal\', \'\'], \'Ar
2026-08-02 02:52:04	2	449	5973	1	SELECT countIf(database = \'system\') as systemParts, countIf(database != \'system\') as nonSystemParts FROM system.parts where active
2026-08-02 02:52:04	1	0	0	1	SELECT countIf(database = \'system\') as systemMerges, countIf(database != \'system\') as nonSystemMerges FROM system.merges
2026-08-02 02:52:04	24	3203	599843	130	SELECT CAST(\'0fc3eaab-fbcb-4533-8825-9be9faaea781\', \'UUID\') AS instance_id, CAST(\'c-boneaws-al-46-server-j62zx3k-0\', \'LowCardinality(String)\') AS node_id, CAST(name, \'LowCardinality(String)\') AS metric, CAST(mapFilter((k, v) -> has(_CAST([\'remote\'], \'Array(String)\'), k), labels), \'Map(LowCardinality
2026-08-02 02:52:04	2	1	40	1	SELECT sum(rows) FROM system.parts WHERE database=\'sony\' AND table=\'content_dim\' AND active FORMAT TabSeparated 
2026-08-02 02:52:04	2	278	10842	1	SELECT sum(rows) FROM system.parts WHERE database=\'sony\' AND table=\'raw_events\' AND active FORMAT TabSeparated 
2026-08-02 02:52:04	3	4	1977	4	SELECT fingerprint, compatible, length(fields), arrayStringConcat(mapped, \', \') FROM sony.schema_registry GROUP BY fingerprint, compatible, fields, mapped LIMIT 8 FORMAT TabSeparated 
2026-08-02 02:52:04	23	381	19002	19	 SELECT p.table AS t, sum(p.rows) AS rows, count() AS parts,        formatReadableSize(sum(p.bytes_on_disk)) AS size FROM system.parts AS p WHERE p.database = \'sony\' AND p.active GROUP BY p.table ORDER BY sum(p.bytes_on_disk) DESC FORMAT TabSeparated 
2026-08-02 02:52:08	2	0	0	0	             SELECT                 name,                 toJSONString(labels) as labels_serialized,                 value,                 help,                 type             FROM (                 SELECT   \'ClickHouse_CustomMetric_FailedMutations\' as name,   toFloat64(count()) as value,   \'The 
2026-08-02 02:52:08	3	6	213	0	             SELECT                 name,                 toJSONString(labels) as labels_serialized,                 value,                 help,                 type             FROM (                 SELECT   \'ClickHouse_CustomMetric_SharedCatalogRecoveryTime\' as name,   toFloat64(recovery_time) a
2026-08-02 02:52:12	33	168248	16991778	1	 SELECT uniqExact(video_session_id), count(),        round(sum(duration_ms) / 3600000.0, 1), countIf(is_open) FROM sony.session_active_intervals FINAL WHERE active_start <= toDateTime(\'2026-08-01 11:07:00\', \'UTC\')   AND active_end   >= toDateTime(\'2026-07-31 11:07:00\', \'UTC\')  FORMAT TabSeparated 
2026-08-02 02:52:12	292	446677	33205692	1441	 SELECT toString(minute), toInt32(c) FROM (   SELECT minute, sum(d) OVER (ORDER BY minute) AS c FROM (     SELECT minute, sum(delta) AS d     FROM sony.concurrency_delta_all     WHERE minute <= toDateTime(\'2026-08-01 11:07:00\', \'UTC\')      GROUP BY minute     ORDER BY minute WITH FILL       FROM toD
2026-08-02 02:52:12	33	168248	13259336	21	SELECT platform, uniqExact(video_session_id) AS sessions FROM sony.session_active_intervals FINAL WHERE platform != \'\'  GROUP BY platform ORDER BY sessions DESC FORMAT TabSeparated 
2026-08-02 02:52:13	32	168248	13255192	1	SELECT country, uniqExact(video_session_id) AS sessions FROM sony.session_active_intervals FINAL WHERE country != \'\'  GROUP BY country ORDER BY sessions DESC FORMAT TabSeparated 
2026-08-02 02:52:13	35	168248	13270454	84	SELECT category, uniqExact(video_session_id) AS sessions FROM sony.session_active_intervals FINAL WHERE category != \'\'  GROUP BY category ORDER BY sessions DESC FORMAT TabSeparated 
2026-08-02 02:52:13	2	59	472	1	             SELECT                 name,                 toJSONString(labels) as labels_serialized,                 value,                 help,                 type             FROM (                 SELECT   \'ClickHouse_CustomMetric_TotalMemoryUsedByDataSkippingIndices\' AS name,   toFloat64(SUM(d
2026-08-02 02:52:13	3	6	213	0	             SELECT                 name,                 toJSONString(labels) as labels_serialized,                 value,                 help,                 type             FROM (                 SELECT   \'ClickHouse_CustomMetric_SharedCatalogRecoveryTime\' as name,   toFloat64(recovery_time) a
2026-08-02 02:52:14	14	3	16079	1	SELECT count() FROM system.processes WHERE (initial_user NOT IN _CAST([\'backups-internal\', \'management-internal\', \'monitoring-internal\', \'observability-internal\', \'operator-internal\', \'prometheus-exporter\', \'prometheus-internal\', \'operator-cert-internal\', \'availability-monitoring-internal\', \'\'], \'Ar
2026-08-02 02:52:14	2	452	6018	1	SELECT countIf(database = \'system\') as systemParts, countIf(database != \'system\') as nonSystemParts FROM system.parts where active
2026-08-02 02:52:14	1	0	0	1	SELECT countIf(database = \'system\') as systemMerges, countIf(database != \'system\') as nonSystemMerges FROM system.merges
2026-08-02 02:52:14	123	446677	33318311	21	 SELECT toString(platform) AS g, max(c) AS peak FROM (   SELECT platform, minute,          sum(sum(delta)) OVER (PARTITION BY platform ORDER BY minute) AS c   FROM sony.concurrency_delta_all   WHERE minute <= toDateTime(\'2026-08-01 11:07:00\', \'UTC\')    GROUP BY platform, minute) GROUP BY g FORMAT Ta
2026-08-02 02:52:14	629	14066652	1162747774	1441	 WITH sess AS (   SELECT video_session_id,          min(event_timestamp_ms) AS a,          max(event_timestamp_ms) AS b,          argMin(platform, event_timestamp_ms) AS platform,          argMin(country,  event_timestamp_ms) AS country,          argMin(content_id, event_timestamp_ms) AS content_id 
2026-08-02 02:52:17	11	3242	1926651	34	SELECT now64(6) as scrape_time_microseconds, \'j62zx3k\' AS pod_ident, \'boneaws-al-46\' AS spoken_name, \'cell-1\' AS cell, \'ap-south-1\' AS region, \'aws\' AS cloud_provider, \'26.2.1.525\' AS clickhouse_version, \'0fc3eaab-fbcb-4533-8825-9be9faaea781\' AS control_plane_id, \'aarch64\' AS system_processor, * FRO
2026-08-02 02:52:17	33	168248	13259336	21	SELECT platform, uniqExact(video_session_id) AS sessions FROM sony.session_active_intervals FINAL WHERE platform != \'\'  GROUP BY platform ORDER BY sessions DESC FORMAT TabSeparated 
2026-08-02 02:52:17	32	168248	13255238	2	SELECT video_type, uniqExact(video_session_id) AS sessions FROM sony.session_active_intervals FINAL WHERE video_type != \'\'  GROUP BY video_type ORDER BY sessions DESC FORMAT TabSeparated 
2026-08-02 02:52:17	34	168248	13255192	1	SELECT country, uniqExact(video_session_id) AS sessions FROM sony.session_active_intervals FINAL WHERE country != \'\'  GROUP BY country ORDER BY sessions DESC FORMAT TabSeparated 
2026-08-02 02:52:17	128	6998469	539029627	1	 SELECT countIf(event_type = \'VideoError\')            AS errors,        countIf(event = \'BufferStart\')                AS rebuffers,        countIf(event = \'dropped-frames\')             AS dropped,        countIf(event = \'downshift\')                  AS downshifts,        countIf(event = \'upshift\')  
2026-08-02 02:52:18	6	146	36607	146	SELECT             name,             value,             help,             JSONExtract(labels_serialized, \'Map(String, String)\') as labels,             type         FROM merge(system, \'^_custom_metrics_dictionary_.*\')         FORMAT Prometheus
2026-08-02 02:52:18	33	168248	13259336	21	SELECT platform, uniqExact(video_session_id) AS sessions FROM sony.session_active_intervals FINAL WHERE platform != \'\'  GROUP BY platform ORDER BY sessions DESC FORMAT TabSeparated 
2026-08-02 02:52:18	31	168248	13255192	1	SELECT country, uniqExact(video_session_id) AS sessions FROM sony.session_active_intervals FINAL WHERE country != \'\'  GROUP BY country ORDER BY sessions DESC FORMAT TabSeparated 
2026-08-02 02:52:18	1	0	0	1	             SELECT                 name,                 toJSONString(labels) as labels_serialized,                 value,                 help,                 type             FROM (                 SELECT   \'ClickHouse_CustomMetric_TotalMemoryUsedByMerges\' AS name,   toFloat64(SUM(memory_usage))
2026-08-02 02:52:18	2	15	1013	15	             SELECT                 name,                 toJSONString(labels) as labels_serialized,                 value,                 help,                 type             FROM (                 SELECT     \'ClickHouse_MetricsCollection_CustomMetricsSystemTable\' AS name,     toFloat64(1) AS va
2026-08-02 02:52:18	2	20	12866	0	             SELECT                 name,                 toJSONString(labels) as labels_serialized,                 value,                 help,                 type             FROM (                 SELECT   \'clickhouse_table_replica_readonly_start_timestamp_seconds\' as name,   toFloat64(toUnixTi
2026-08-02 02:52:23	3	6	213	0	             SELECT                 name,                 toJSONString(labels) as labels_serialized,                 value,                 help,                 type             FROM (                 SELECT   \'ClickHouse_CustomMetric_DatabaseReplicatedRecoveryTime\' as name,   toFloat64(recovery_ti
2026-08-02 02:52:24	2	2	12834	1	SELECT count() FROM system.processes WHERE (initial_user NOT IN _CAST([\'backups-internal\', \'management-internal\', \'monitoring-internal\', \'observability-internal\', \'operator-internal\', \'prometheus-exporter\', \'prometheus-internal\', \'operator-cert-internal\', \'availability-monitoring-internal\', \'\'], \'Ar
2026-08-02 02:52:24	2	459	6123	1	SELECT countIf(database = \'system\') as systemParts, countIf(database != \'system\') as nonSystemParts FROM system.parts where active
2026-08-02 02:52:24	1	0	0	1	SELECT countIf(database = \'system\') as systemMerges, countIf(database != \'system\') as nonSystemMerges FROM system.merges
2026-08-02 02:52:24	24	3203	599843	130	SELECT CAST(\'0fc3eaab-fbcb-4533-8825-9be9faaea781\', \'UUID\') AS instance_id, CAST(\'c-boneaws-al-46-server-j62zx3k-0\', \'LowCardinality(String)\') AS node_id, CAST(name, \'LowCardinality(String)\') AS metric, CAST(mapFilter((k, v) -> has(_CAST([\'remote\'], \'Array(String)\'), k), labels), \'Map(LowCardinality
2026-08-02 02:52:28	2	0	0	0	             SELECT                 name,                 toJSONString(labels) as labels_serialized,                 value,                 help,                 type             FROM (                 SELECT   \'ClickHouse_CustomMetric_FailedMutations\' as name,   toFloat64(count()) as value,   \'The 
2026-08-02 02:52:28	2	59	472	1	             SELECT                 name,                 toJSONString(labels) as labels_serialized,                 value,                 help,                 type             FROM (                 SELECT   \'ClickHouse_CustomMetric_TotalMemoryUsedByDataSkippingIndices\' AS name,   toFloat64(SUM(d
2026-08-02 02:52:32	19	840	11760	1	SELECT avg(ProfileEvent_OSCPUWaitMicroseconds) as cpu_wait FROM  system.metric_log  WHERE event_time > now() - INTERVAL 2 MINUTE AND event_date >= yesterday()
2026-08-02 02:52:32	6	2	10208	2	SELECT count() as count, sum(elapsed) as total_elapsed, \'lh\' as usr FROM system.processes  WHERE user = \'observability-internal\' AND client_hostname LIKE \'loghouse-scraper%\'  UNION ALL SELECT count() as count, sum(elapsed) as total_elapsed, \'other\' as usr FROM system.processes  WHERE user != \'observ
2026-08-02 02:52:32	2	886	368083	1	SELECT value FROM system.asynchronous_metrics WHERE metric = \'OSMemoryAvailable\' ;
2026-08-02 02:52:33	5	144	36068	144	SELECT             name,             value,             help,             JSONExtract(labels_serialized, \'Map(String, String)\') as labels,             type         FROM merge(system, \'^_custom_metrics_dictionary_.*\')         FORMAT Prometheus
2026-08-02 02:52:34	6	144	36068	144	SELECT             name,             value,             help,             JSONExtract(labels_serialized, \'Map(String, String)\') as labels,             type         FROM merge(system, \'^_custom_metrics_dictionary_.*\')         FORMAT Prometheus
2026-08-02 02:52:34	3	1	5438	1	SELECT count() FROM system.processes WHERE (initial_user NOT IN _CAST([\'backups-internal\', \'management-internal\', \'monitoring-internal\', \'observability-internal\', \'operator-internal\', \'prometheus-exporter\', \'prometheus-internal\', \'operator-cert-internal\', \'availability-monitoring-internal\', \'\'], \'Ar
2026-08-02 02:52:34	2	459	6123	1	SELECT countIf(database = \'system\') as systemParts, countIf(database != \'system\') as nonSystemParts FROM system.parts where active
2026-08-02 02:52:34	2	0	0	1	SELECT countIf(database = \'system\') as systemMerges, countIf(database != \'system\') as nonSystemMerges FROM system.merges
2026-08-02 02:52:38	2	13	6340	1	             SELECT                 name,                 toJSONString(labels) as labels_serialized,                 value,                 help,                 type             FROM (                 SELECT   \'ClickHouse_CustomMetric_TotalMemoryUsedByDictionaries\' AS name,   toFloat64(SUM(bytes_al
2026-08-02 02:52:38	2	6	213	0	             SELECT                 name,                 toJSONString(labels) as labels_serialized,                 value,                 help,                 type             FROM (                 SELECT   \'ClickHouse_CustomMetric_DatabaseReplicatedRecoveryTime\' as name,   toFloat64(recovery_ti
2026-08-02 02:52:43	2	0	0	1	             SELECT                 name,                 toJSONString(labels) as labels_serialized,                 value,                 help,                 type             FROM (                 SELECT   \'ClickHouse_CustomMetric_TotalMemoryUsedByMerges\' AS name,   toFloat64(SUM(memory_usage))
2026-08-02 02:52:43	2	15	1013	15	             SELECT                 name,                 toJSONString(labels) as labels_serialized,                 value,                 help,                 type             FROM (                 SELECT     \'ClickHouse_MetricsCollection_CustomMetricsSystemTable\' AS name,     toFloat64(1) AS va
2026-08-02 02:52:43	3	6	213	0	             SELECT                 name,                 toJSONString(labels) as labels_serialized,                 value,                 help,                 type             FROM (                 SELECT   \'ClickHouse_CustomMetric_DatabaseReplicatedRecoveryTime\' as name,   toFloat64(recovery_ti
2026-08-02 02:52:44	2	2	12834	1	SELECT count() FROM system.processes WHERE (initial_user NOT IN _CAST([\'backups-internal\', \'management-internal\', \'monitoring-internal\', \'observability-internal\', \'operator-internal\', \'prometheus-exporter\', \'prometheus-internal\', \'operator-cert-internal\', \'availability-monitoring-internal\', \'\'], \'Ar
2026-08-02 02:52:44	2	455	6063	1	SELECT countIf(database = \'system\') as systemParts, countIf(database != \'system\') as nonSystemParts FROM system.parts where active
2026-08-02 02:52:44	23	3201	599573	130	SELECT CAST(\'0fc3eaab-fbcb-4533-8825-9be9faaea781\', \'UUID\') AS instance_id, CAST(\'c-boneaws-al-46-server-j62zx3k-0\', \'LowCardinality(String)\') AS node_id, CAST(name, \'LowCardinality(String)\') AS metric, CAST(mapFilter((k, v) -> has(_CAST([\'remote\'], \'Array(String)\'), k), labels), \'Map(LowCardinality
2026-08-02 02:52:44	1	0	0	1	SELECT countIf(database = \'system\') as systemMerges, countIf(database != \'system\') as nonSystemMerges FROM system.merges
2026-08-02 02:52:48	6	144	36068	144	SELECT             name,             value,             help,             JSONExtract(labels_serialized, \'Map(String, String)\') as labels,             type         FROM merge(system, \'^_custom_metrics_dictionary_.*\')         FORMAT Prometheus
2026-08-02 02:52:48	1	11	3888	11	             SELECT                 name,                 toJSONString(labels) as labels_serialized,                 value,                 help,                 type             FROM (                 SELECT   concat(\'clickhouse_\', system.dimensional_metrics.metric) AS name,   toFloat64(system.dime
2026-08-02 02:52:48	1	0	0	1	             SELECT                 name,                 toJSONString(labels) as labels_serialized,                 value,                 help,                 type             FROM (                 SELECT   \'ClickHouse_CustomMetric_TotalMemoryUsedByAsynchronousInserts\' AS name,   toFloat64(SUM(t
2026-08-02 02:52:49	37	168248	13255238	2	SELECT video_type, uniqExact(video_session_id) AS sessions FROM sony.session_active_intervals FINAL WHERE video_type != \'\'  GROUP BY video_type ORDER BY sessions DESC FORMAT TabSeparated 
2026-08-02 02:52:53	3	6	623	6	 SELECT run_id, status, toString(started_at), round(duration_s, 1),        events, intervals, peak_concurrency, naive_peak,        if(oracle_match, \'exact\', \'DIVERGED\'), substring(git_commit, 1, 12) FROM sony.pipeline_runs FINAL ORDER BY started_at DESC LIMIT 6 FORMAT TabSeparated 
2026-08-02 02:52:53	1	0	0	1	             SELECT                 name,                 toJSONString(labels) as labels_serialized,                 value,                 help,                 type             FROM (                 SELECT   \'ClickHouse_CustomMetric_TotalMemoryUsedByAsynchronousInserts\' AS name,   toFloat64(SUM(t
2026-08-02 02:52:53	3	20	12866	0	             SELECT                 name,                 toJSONString(labels) as labels_serialized,                 value,                 help,                 type             FROM (                 SELECT   \'clickhouse_table_replica_readonly_start_timestamp_seconds\' as name,   toFloat64(toUnixTi
2026-08-02 02:52:54	3	1	5438	1	SELECT count() FROM system.processes WHERE (initial_user NOT IN _CAST([\'backups-internal\', \'management-internal\', \'monitoring-internal\', \'observability-internal\', \'operator-internal\', \'prometheus-exporter\', \'prometheus-internal\', \'operator-cert-internal\', \'availability-monitoring-internal\', \'\'], \'Ar
2026-08-02 02:52:54	2	457	6093	1	SELECT countIf(database = \'system\') as systemParts, countIf(database != \'system\') as nonSystemParts FROM system.parts where active
2026-08-02 02:52:54	2	0	0	1	SELECT countIf(database = \'system\') as systemMerges, countIf(database != \'system\') as nonSystemMerges FROM system.merges
2026-08-02 02:52:56	3	0	0	0	SELECT now64(6) as scrape_time_microseconds, \'j62zx3k\' AS pod_ident, \'boneaws-al-46\' AS spoken_name, \'cell-1\' AS cell, \'ap-south-1\' AS region, \'aws\' AS cloud_provider, \'26.2.1.525\' AS clickhouse_version, \'0fc3eaab-fbcb-4533-8825-9be9faaea781\' AS control_plane_id, \'aarch64\' AS system_processor, * FRO
2026-08-02 02:52:56	6	635	2540	0	SELECT now64(6) as scrape_time_microseconds, \'j62zx3k\' AS pod_ident, \'boneaws-al-46\' AS spoken_name, \'cell-1\' AS cell, \'ap-south-1\' AS region, \'aws\' AS cloud_provider, \'26.2.1.525\' AS clickhouse_version, \'0fc3eaab-fbcb-4533-8825-9be9faaea781\' AS control_plane_id, \'aarch64\' AS system_processor, * FRO
2026-08-02 02:52:57	3	0	0	0	SELECT now64(6) as scrape_time_microseconds, \'j62zx3k\' AS pod_ident, \'boneaws-al-46\' AS spoken_name, \'cell-1\' AS cell, \'ap-south-1\' AS region, \'aws\' AS cloud_provider, \'26.2.1.525\' AS clickhouse_version, \'0fc3eaab-fbcb-4533-8825-9be9faaea781\' AS control_plane_id, \'aarch64\' AS system_processor, * FRO
2026-08-02 02:52:58	2	0	0	0	SELECT now64(6) as scrape_time_microseconds, \'j62zx3k\' AS pod_ident, \'boneaws-al-46\' AS spoken_name, \'cell-1\' AS cell, \'ap-south-1\' AS region, \'aws\' AS cloud_provider, \'26.2.1.525\' AS clickhouse_version, \'0fc3eaab-fbcb-4533-8825-9be9faaea781\' AS control_plane_id, \'aarch64\' AS system_processor, * FRO
2026-08-02 02:52:58	1	11	3888	11	             SELECT                 name,                 toJSONString(labels) as labels_serialized,                 value,                 help,                 type             FROM (                 SELECT   concat(\'clickhouse_\', system.dimensional_metrics.metric) AS name,   toFloat64(system.dime
2026-08-02 02:52:58	2	2	6298	1	             SELECT                 name,                 toJSONString(labels) as labels_serialized,                 value,                 help,                 type             FROM (                 SELECT   \'ClickHouse_CustomMetric_TotalMemoryUsedByQueries\' AS name,   toFloat64(SUM(peak_memory_u
2026-08-02 02:52:59	3	0	0	0	SELECT now64(6) as scrape_time_microseconds, \'j62zx3k\' AS pod_ident, \'boneaws-al-46\' AS spoken_name, \'cell-1\' AS cell, \'ap-south-1\' AS region, \'aws\' AS cloud_provider, \'26.2.1.525\' AS clickhouse_version, \'0fc3eaab-fbcb-4533-8825-9be9faaea781\' AS control_plane_id, \'aarch64\' AS system_processor, * FRO
2026-08-02 02:52:59	2	0	8	1	SELECT count() FROM system.backups where status IN (0,3)
2026-08-02 02:52:59	3	1	5472	1	SELECT count() FROM system.processes WHERE (elapsed > _CAST(0, \'Int64\')) AND (initial_user NOT IN _CAST([\'backups-internal\', \'management-internal\', \'monitoring-internal\', \'observability-internal\', \'operator-internal\', \'prometheus-exporter\', \'prometheus-internal\', \'operator-cert-internal\', \'availabil
2026-08-02 02:53:00	7	0	0	0	SELECT now64(6) as scrape_time_microseconds, \'j62zx3k\' AS pod_ident, \'boneaws-al-46\' AS spoken_name, \'cell-1\' AS cell, \'ap-south-1\' AS region, \'aws\' AS cloud_provider, \'26.2.1.525\' AS clickhouse_version, \'0fc3eaab-fbcb-4533-8825-9be9faaea781\' AS control_plane_id, \'aarch64\' AS system_processor, * FRO
2026-08-02 02:53:02	1	886	368083	1	SELECT value FROM system.asynchronous_metrics WHERE metric = \'OSMemoryAvailable\' ;
2026-08-02 02:53:02	14	870	12180	1	SELECT avg(ProfileEvent_OSCPUWaitMicroseconds) as cpu_wait FROM  system.metric_log  WHERE event_time > now() - INTERVAL 2 MINUTE AND event_date >= yesterday()
2026-08-02 02:53:02	3	2	10208	2	SELECT count() as count, sum(elapsed) as total_elapsed, \'lh\' as usr FROM system.processes  WHERE user = \'observability-internal\' AND client_hostname LIKE \'loghouse-scraper%\'  UNION ALL SELECT count() as count, sum(elapsed) as total_elapsed, \'other\' as usr FROM system.processes  WHERE user != \'observ
2026-08-02 02:53:02	3	0	0	0	SELECT now64(6) as scrape_time_microseconds, \'j62zx3k\' AS pod_ident, \'boneaws-al-46\' AS spoken_name, \'cell-1\' AS cell, \'ap-south-1\' AS region, \'aws\' AS cloud_provider, \'26.2.1.525\' AS clickhouse_version, \'0fc3eaab-fbcb-4533-8825-9be9faaea781\' AS control_plane_id, \'aarch64\' AS system_processor, * FRO
2026-08-02 02:53:03	3	0	0	0	SELECT now64(6) as scrape_time_microseconds, \'j62zx3k\' AS pod_ident, \'boneaws-al-46\' AS spoken_name, \'cell-1\' AS cell, \'ap-south-1\' AS region, \'aws\' AS cloud_provider, \'26.2.1.525\' AS clickhouse_version, \'0fc3eaab-fbcb-4533-8825-9be9faaea781\' AS control_plane_id, \'aarch64\' AS system_processor, * FRO
2026-08-02 02:53:03	5	144	36068	144	SELECT             name,             value,             help,             JSONExtract(labels_serialized, \'Map(String, String)\') as labels,             type         FROM merge(system, \'^_custom_metrics_dictionary_.*\')         FORMAT Prometheus
2026-08-02 02:53:03	1	0	0	1	             SELECT                 name,                 toJSONString(labels) as labels_serialized,                 value,                 help,                 type             FROM (                 SELECT   \'ClickHouse_CustomMetric_TotalMemoryUsedByMerges\' AS name,   toFloat64(SUM(memory_usage))
2026-08-02 02:53:03	1	0	0	1	             SELECT                 name,                 toJSONString(labels) as labels_serialized,                 value,                 help,                 type             FROM (                 SELECT   \'ClickHouse_CustomMetric_TotalMemoryUsedByAsynchronousInserts\' AS name,   toFloat64(SUM(t
2026-08-02 02:53:03	2	13	6340	1	             SELECT                 name,                 toJSONString(labels) as labels_serialized,                 value,                 help,                 type             FROM (                 SELECT   \'ClickHouse_CustomMetric_TotalMemoryUsedByDictionaries\' AS name,   toFloat64(SUM(bytes_al
2026-08-02 02:53:04	1	0	0	1	SELECT countIf(database = \'system\') as systemMerges, countIf(database != \'system\') as nonSystemMerges FROM system.merges
2026-08-02 02:53:04	5	144	36068	144	SELECT             name,             value,             help,             JSONExtract(labels_serialized, \'Map(String, String)\') as labels,             type         FROM merge(system, \'^_custom_metrics_dictionary_.*\')         FORMAT Prometheus
2026-08-02 02:53:04	3	2	12834	1	SELECT count() FROM system.processes WHERE (initial_user NOT IN _CAST([\'backups-internal\', \'management-internal\', \'monitoring-internal\', \'observability-internal\', \'operator-internal\', \'prometheus-exporter\', \'prometheus-internal\', \'operator-cert-internal\', \'availability-monitoring-internal\', \'\'], \'Ar
2026-08-02 02:53:04	24	3201	599573	130	SELECT CAST(\'0fc3eaab-fbcb-4533-8825-9be9faaea781\', \'UUID\') AS instance_id, CAST(\'c-boneaws-al-46-server-j62zx3k-0\', \'LowCardinality(String)\') AS node_id, CAST(name, \'LowCardinality(String)\') AS metric, CAST(mapFilter((k, v) -> has(_CAST([\'remote\'], \'Array(String)\'), k), labels), \'Map(LowCardinality
2026-08-02 02:53:04	2	457	6093	1	SELECT countIf(database = \'system\') as systemParts, countIf(database != \'system\') as nonSystemParts FROM system.parts where active
2026-08-02 02:53:04	3	0	0	0	SELECT now64(6) as scrape_time_microseconds, \'j62zx3k\' AS pod_ident, \'boneaws-al-46\' AS spoken_name, \'cell-1\' AS cell, \'ap-south-1\' AS region, \'aws\' AS cloud_provider, \'26.2.1.525\' AS clickhouse_version, \'0fc3eaab-fbcb-4533-8825-9be9faaea781\' AS control_plane_id, \'aarch64\' AS system_processor, * FRO
2026-08-02 02:53:05	7	8319	917964	2012	SELECT now64(6) as scrape_time_microseconds, \'j62zx3k\' AS pod_ident, \'boneaws-al-46\' AS spoken_name, \'cell-1\' AS cell, \'ap-south-1\' AS region, \'aws\' AS cloud_provider, \'26.2.1.525\' AS clickhouse_version, \'0fc3eaab-fbcb-4533-8825-9be9faaea781\' AS control_plane_id, \'aarch64\' AS system_processor, * FRO
2026-08-02 02:53:07	3	0	0	0	SELECT now64(6) as scrape_time_microseconds, \'j62zx3k\' AS pod_ident, \'boneaws-al-46\' AS spoken_name, \'cell-1\' AS cell, \'ap-south-1\' AS region, \'aws\' AS cloud_provider, \'26.2.1.525\' AS clickhouse_version, \'0fc3eaab-fbcb-4533-8825-9be9faaea781\' AS control_plane_id, \'aarch64\' AS system_processor, * FRO
2026-08-02 02:53:08	4	0	0	0	SELECT now64(6) as scrape_time_microseconds, \'j62zx3k\' AS pod_ident, \'boneaws-al-46\' AS spoken_name, \'cell-1\' AS cell, \'ap-south-1\' AS region, \'aws\' AS cloud_provider, \'26.2.1.525\' AS clickhouse_version, \'0fc3eaab-fbcb-4533-8825-9be9faaea781\' AS control_plane_id, \'aarch64\' AS system_processor, * FRO
2026-08-02 02:53:08	1	11	3888	11	             SELECT                 name,                 toJSONString(labels) as labels_serialized,                 value,                 help,                 type             FROM (                 SELECT   concat(\'clickhouse_\', system.dimensional_metrics.metric) AS name,   toFloat64(system.dime
2026-08-02 02:53:08	3	6	213	0	             SELECT                 name,                 toJSONString(labels) as labels_serialized,                 value,                 help,                 type             FROM (                 SELECT   \'ClickHouse_CustomMetric_SharedCatalogRecoveryTime\' as name,   toFloat64(recovery_time) a
2026-08-02 02:53:12	112	51	72132	3	SELECT now64(6) as scrape_time_microseconds, \'j62zx3k\' AS pod_ident, \'boneaws-al-46\' AS spoken_name, \'cell-1\' AS cell, \'ap-south-1\' AS region, \'aws\' AS cloud_provider, \'26.2.1.525\' AS clickhouse_version, \'0fc3eaab-fbcb-4533-8825-9be9faaea781\' AS control_plane_id, \'aarch64\' AS system_processor, * FRO
2026-08-02 02:53:13	2	0	0	0	             SELECT                 name,                 toJSONString(labels) as labels_serialized,                 value,                 help,                 type             FROM (                 SELECT   \'ClickHouse_CustomMetric_FailedMutations\' as name,   toFloat64(count()) as value,   \'The 
2026-08-02 02:53:13	3	20	12866	0	             SELECT                 name,                 toJSONString(labels) as labels_serialized,                 value,                 help,                 type             FROM (                 SELECT   \'clickhouse_table_replica_readonly_start_timestamp_seconds\' as name,   toFloat64(toUnixTi
2026-08-02 02:53:13	3	6	213	0	             SELECT                 name,                 toJSONString(labels) as labels_serialized,                 value,                 help,                 type             FROM (                 SELECT   \'ClickHouse_CustomMetric_DatabaseReplicatedRecoveryTime\' as name,   toFloat64(recovery_ti
2026-08-02 02:53:14	3	1	5438	1	SELECT count() FROM system.processes WHERE (initial_user NOT IN _CAST([\'backups-internal\', \'management-internal\', \'monitoring-internal\', \'observability-internal\', \'operator-internal\', \'prometheus-exporter\', \'prometheus-internal\', \'operator-cert-internal\', \'availability-monitoring-internal\', \'\'], \'Ar
2026-08-02 02:53:14	3	459	6123	1	SELECT countIf(database = \'system\') as systemParts, countIf(database != \'system\') as nonSystemParts FROM system.parts where active
2026-08-02 02:53:14	2	0	0	1	SELECT countIf(database = \'system\') as systemMerges, countIf(database != \'system\') as nonSystemMerges FROM system.merges
2026-08-02 02:53:18	5	144	36068	144	SELECT             name,             value,             help,             JSONExtract(labels_serialized, \'Map(String, String)\') as labels,             type         FROM merge(system, \'^_custom_metrics_dictionary_.*\')         FORMAT Prometheus
2026-08-02 02:53:23	2	59	472	1	             SELECT                 name,                 toJSONString(labels) as labels_serialized,                 value,                 help,                 type             FROM (                 SELECT   \'ClickHouse_CustomMetric_TotalMemoryUsedByDataSkippingIndices\' AS name,   toFloat64(SUM(d
2026-08-02 02:53:24	3	2	12834	1	SELECT count() FROM system.processes WHERE (initial_user NOT IN _CAST([\'backups-internal\', \'management-internal\', \'monitoring-internal\', \'observability-internal\', \'operator-internal\', \'prometheus-exporter\', \'prometheus-internal\', \'operator-cert-internal\', \'availability-monitoring-internal\', \'\'], \'Ar
2026-08-02 02:53:24	2	456	6078	1	SELECT countIf(database = \'system\') as systemParts, countIf(database != \'system\') as nonSystemParts FROM system.parts where active
2026-08-02 02:53:24	2	0	0	1	SELECT countIf(database = \'system\') as systemMerges, countIf(database != \'system\') as nonSystemMerges FROM system.merges
2026-08-02 02:53:24	24	3201	599573	130	SELECT CAST(\'0fc3eaab-fbcb-4533-8825-9be9faaea781\', \'UUID\') AS instance_id, CAST(\'c-boneaws-al-46-server-j62zx3k-0\', \'LowCardinality(String)\') AS node_id, CAST(name, \'LowCardinality(String)\') AS metric, CAST(mapFilter((k, v) -> has(_CAST([\'remote\'], \'Array(String)\'), k), labels), \'Map(LowCardinality
2026-08-02 02:53:28	2	2	6282	1	             SELECT                 name,                 toJSONString(labels) as labels_serialized,                 value,                 help,                 type             FROM (                 SELECT   \'ClickHouse_CustomMetric_TotalMemoryUsedByQueries\' AS name,   toFloat64(SUM(peak_memory_u
2026-08-02 02:53:28	2	15	1013	15	             SELECT                 name,                 toJSONString(labels) as labels_serialized,                 value,                 help,                 type             FROM (                 SELECT     \'ClickHouse_MetricsCollection_CustomMetricsSystemTable\' AS name,     toFloat64(1) AS va
2026-08-02 02:53:32	21	901	12614	1	SELECT avg(ProfileEvent_OSCPUWaitMicroseconds) as cpu_wait FROM  system.metric_log  WHERE event_time > now() - INTERVAL 2 MINUTE AND event_date >= yesterday()
2026-08-02 02:53:32	6	2	10208	2	SELECT count() as count, sum(elapsed) as total_elapsed, \'lh\' as usr FROM system.processes  WHERE user = \'observability-internal\' AND client_hostname LIKE \'loghouse-scraper%\'  UNION ALL SELECT count() as count, sum(elapsed) as total_elapsed, \'other\' as usr FROM system.processes  WHERE user != \'observ
2026-08-02 02:53:32	2	886	368083	1	SELECT value FROM system.asynchronous_metrics WHERE metric = \'OSMemoryAvailable\' ;
2026-08-02 02:53:33	5	144	36068	144	SELECT             name,             value,             help,             JSONExtract(labels_serialized, \'Map(String, String)\') as labels,             type         FROM merge(system, \'^_custom_metrics_dictionary_.*\')         FORMAT Prometheus
2026-08-02 02:53:33	2	0	0	0	             SELECT                 name,                 toJSONString(labels) as labels_serialized,                 value,                 help,                 type             FROM (                 SELECT   \'ClickHouse_CustomMetric_FailedMutations\' as name,   toFloat64(count()) as value,   \'The 
2026-08-02 02:53:34	6	144	36068	144	SELECT             name,             value,             help,             JSONExtract(labels_serialized, \'Map(String, String)\') as labels,             type         FROM merge(system, \'^_custom_metrics_dictionary_.*\')         FORMAT Prometheus
2026-08-02 02:53:34	3	1	5438	1	SELECT count() FROM system.processes WHERE (initial_user NOT IN _CAST([\'backups-internal\', \'management-internal\', \'monitoring-internal\', \'observability-internal\', \'operator-internal\', \'prometheus-exporter\', \'prometheus-internal\', \'operator-cert-internal\', \'availability-monitoring-internal\', \'\'], \'Ar
2026-08-02 02:53:34	2	456	6078	1	SELECT countIf(database = \'system\') as systemParts, countIf(database != \'system\') as nonSystemParts FROM system.parts where active
2026-08-02 02:53:34	2	0	0	1	SELECT countIf(database = \'system\') as systemMerges, countIf(database != \'system\') as nonSystemMerges FROM system.merges
2026-08-02 02:53:38	18	16487	4071690	8039	SELECT now64(6) as scrape_time_microseconds, \'j62zx3k\' AS pod_ident, \'boneaws-al-46\' AS spoken_name, \'cell-1\' AS cell, \'ap-south-1\' AS region, \'aws\' AS cloud_provider, \'26.2.1.525\' AS clickhouse_version, \'0fc3eaab-fbcb-4533-8825-9be9faaea781\' AS control_plane_id, \'aarch64\' AS system_processor, * FRO
2026-08-02 02:53:39	20	13380	3471943	11051	SELECT now64(6) as scrape_time_microseconds, \'j62zx3k\' AS pod_ident, \'boneaws-al-46\' AS spoken_name, \'cell-1\' AS cell, \'ap-south-1\' AS region, \'aws\' AS cloud_provider, \'26.2.1.525\' AS clickhouse_version, \'0fc3eaab-fbcb-4533-8825-9be9faaea781\' AS control_plane_id, \'aarch64\' AS system_processor, * FRO
2026-08-02 02:53:40	29	2962	6479942	370	SELECT now64(6) as scrape_time_microseconds, \'j62zx3k\' AS pod_ident, \'boneaws-al-46\' AS spoken_name, \'cell-1\' AS cell, \'ap-south-1\' AS region, \'aws\' AS cloud_provider, \'26.2.1.525\' AS clickhouse_version, \'0fc3eaab-fbcb-4533-8825-9be9faaea781\' AS control_plane_id, \'aarch64\' AS system_processor, * FRO
2026-08-02 02:53:41	176	810	2285581	120	SELECT now64(6) as scrape_time_microseconds, \'j62zx3k\' AS pod_ident, \'boneaws-al-46\' AS spoken_name, \'cell-1\' AS cell, \'ap-south-1\' AS region, \'aws\' AS cloud_provider, \'26.2.1.525\' AS clickhouse_version, \'0fc3eaab-fbcb-4533-8825-9be9faaea781\' AS control_plane_id, \'aarch64\' AS system_processor, * FRO
2026-08-02 02:53:43	1	0	0	1	             SELECT                 name,                 toJSONString(labels) as labels_serialized,                 value,                 help,                 type             FROM (                 SELECT   \'ClickHouse_CustomMetric_TotalMemoryUsedByAsynchronousInserts\' AS name,   toFloat64(SUM(t
2026-08-02 02:53:43	2	0	0	0	             SELECT                 name,                 toJSONString(labels) as labels_serialized,                 value,                 help,                 type             FROM (                 SELECT   \'ClickHouse_CustomMetric_FailedMutations\' as name,   toFloat64(count()) as value,   \'The 
2026-08-02 02:53:44	5	378	114440	5	WITH metrics AS (SELECT name AS metric, toFloat64(value) AS val, now() AS ts FROM system.server_settings WHERE multiMatchAny(name, _CAST([\'^max_database_num_to_throw$\', \'^max_database_num_to_warn$\', \'^max_table_num_to_throw$\', \'^max_table_num_to_warn$\', \'^max_concurrent_queries$\'], \'Array(String)\'))
2026-08-02 02:53:44	5	0	0	0	WITH source AS (SELECT [\'matview_execution_total\', if(exception_code != 0, \'matview_execution_fail\', \'\')] AS metrics, event_time AS ts FROM system.query_views_log WHERE (status != \'QueryStart\') AND (event_date >= toDate(_CAST(\'1785639069.333\', \'DateTime64\'))) AND (event_time >= toDateTime(_CAST(\'178
2026-08-02 02:53:44	9	73728	1110724	1560	SELECT CAST(\'0fc3eaab-fbcb-4533-8825-9be9faaea781\', \'UUID\') AS control_plane_id, CAST(\'c-boneaws-al-46-server-j62zx3k-0\', \'LowCardinality(String)\') AS pod_id, CAST(now64(), \'DateTime64(6)\') AS scrape_ts_microseconds, CAST(event_date, \'Date\') AS event_date, CAST(event_time, \'DateTime\') AS event_time,
2026-08-02 02:53:44	11	589	8821	27	WITH metrics AS (SELECT multiIf((event_type = \'MergeParts\') AND (error = 0), \'merges_finished\', (event_type = \'MergeParts\') AND (error != 0), \'merges_failed\', (event_type = \'MutatePart\') AND (error = 0), \'mutate_part_finished\', (event_type = \'MutatePart\') AND (error != 0), \'mutate_part_failed\', NULL
2026-08-02 02:53:44	3	7	36820	1	SELECT count() FROM system.processes WHERE (initial_user NOT IN _CAST([\'backups-internal\', \'management-internal\', \'monitoring-internal\', \'observability-internal\', \'operator-internal\', \'prometheus-exporter\', \'prometheus-internal\', \'operator-cert-internal\', \'availability-monitoring-internal\', \'\'], \'Ar
2026-08-02 02:53:44	9	0	0	1	WITH failed_mutations AS (SELECT toDateTime(create_time) AS ts, count() AS val FROM system.mutations WHERE (ts > toDateTime(_CAST(\'1785639069.333\', \'DateTime64\'))) AND (ts <= toDateTime(_CAST(\'1785639189.333\', \'DateTime64\'))) AND (latest_failed_part != \'\') AND (is_done = 0) GROUP BY ts), failed_muta
2026-08-02 02:53:44	2	458	6108	1	SELECT countIf(database = \'system\') as systemParts, countIf(database != \'system\') as nonSystemParts FROM system.parts where active
2026-08-02 02:53:44	1	0	0	1	SELECT countIf(database = \'system\') as systemMerges, countIf(database != \'system\') as nonSystemMerges FROM system.merges
2026-08-02 02:53:44	24	3204	599965	130	SELECT CAST(\'0fc3eaab-fbcb-4533-8825-9be9faaea781\', \'UUID\') AS instance_id, CAST(\'c-boneaws-al-46-server-j62zx3k-0\', \'LowCardinality(String)\') AS node_id, CAST(name, \'LowCardinality(String)\') AS metric, CAST(mapFilter((k, v) -> has(_CAST([\'remote\'], \'Array(String)\'), k), labels), \'Map(LowCardinality
2026-08-02 02:53:44	54	901	291696	120	SELECT CAST(\'0fc3eaab-fbcb-4533-8825-9be9faaea781\', \'UUID\') AS control_plane_id, CAST(\'c-boneaws-al-46-server-j62zx3k-0\', \'LowCardinality(String)\') AS pod_id, CAST(now64(), \'DateTime64(6)\') AS scrape_ts_microseconds, CAST(event_date, \'Date\') AS event_date, CAST(event_time, \'DateTime\') AS event_time,
2026-08-02 02:53:44	160	1181	247877	24	WITH parts_agg AS (SELECT database AS agg_database, `table` AS agg_table, SUM(primary_key_size) AS primary_index_size, SUM(secondary_indices_compressed_bytes) AS secondary_index_size FROM system.parts WHERE active AND (database != \'system\') GROUP BY database, `table`), proj_agg AS (SELECT database A
2026-08-02 02:53:45	176	3274158	52271996	105011	SELECT now64(6) as scrape_time_microseconds, \'j62zx3k\' AS pod_ident, \'boneaws-al-46\' AS spoken_name, \'cell-1\' AS cell, \'ap-south-1\' AS region, \'aws\' AS cloud_provider, \'26.2.1.525\' AS clickhouse_version, \'0fc3eaab-fbcb-4533-8825-9be9faaea781\' AS control_plane_id, \'aarch64\' AS system_processor, * FRO
2026-08-02 02:53:46	20	27387	5792565	24241	SELECT now64(6) as scrape_time_microseconds, \'j62zx3k\' AS pod_ident, \'boneaws-al-46\' AS spoken_name, \'cell-1\' AS cell, \'ap-south-1\' AS region, \'aws\' AS cloud_provider, \'26.2.1.525\' AS clickhouse_version, \'0fc3eaab-fbcb-4533-8825-9be9faaea781\' AS control_plane_id, \'aarch64\' AS system_processor, * FRO
2026-08-02 02:53:48	6	147	36867	147	SELECT             name,             value,             help,             JSONExtract(labels_serialized, \'Map(String, String)\') as labels,             type         FROM merge(system, \'^_custom_metrics_dictionary_.*\')         FORMAT Prometheus
2026-08-02 02:53:48	2	13	6340	1	             SELECT                 name,                 toJSONString(labels) as labels_serialized,                 value,                 help,                 type             FROM (                 SELECT   \'ClickHouse_CustomMetric_TotalMemoryUsedByDictionaries\' AS name,   toFloat64(SUM(bytes_al
2026-08-02 02:53:52	17	8280	4576624	141	SELECT now64(6) as scrape_time_microseconds, \'j62zx3k\' AS pod_ident, \'boneaws-al-46\' AS spoken_name, \'cell-1\' AS cell, \'ap-south-1\' AS region, \'aws\' AS cloud_provider, \'26.2.1.525\' AS clickhouse_version, \'0fc3eaab-fbcb-4533-8825-9be9faaea781\' AS control_plane_id, \'aarch64\' AS system_processor, * FRO
2026-08-02 02:53:53	1	11	3888	11	             SELECT                 name,                 toJSONString(labels) as labels_serialized,                 value,                 help,                 type             FROM (                 SELECT   concat(\'clickhouse_\', system.dimensional_metrics.metric) AS name,   toFloat64(system.dime
2026-08-02 02:53:53	1	0	0	1	             SELECT                 name,                 toJSONString(labels) as labels_serialized,                 value,                 help,                 type             FROM (                 SELECT   \'ClickHouse_CustomMetric_TotalMemoryUsedByMerges\' AS name,   toFloat64(SUM(memory_usage))
2026-08-02 02:53:53	2	5	10102	1	             SELECT                 name,                 toJSONString(labels) as labels_serialized,                 value,                 help,                 type             FROM (                 SELECT   \'ClickHouse_CustomMetric_TotalMemoryUsedByQueries\' AS name,   toFloat64(SUM(peak_memory_u
2026-08-02 02:53:53	3	6	213	0	             SELECT                 name,                 toJSONString(labels) as labels_serialized,                 value,                 help,                 type             FROM (                 SELECT   \'ClickHouse_CustomMetric_SharedCatalogRecoveryTime\' as name,   toFloat64(recovery_time) a
2026-08-02 02:53:53	3	20	12866	0	             SELECT                 name,                 toJSONString(labels) as labels_serialized,                 value,                 help,                 type             FROM (                 SELECT   \'clickhouse_table_replica_readonly_start_timestamp_seconds\' as name,   toFloat64(toUnixTi
2026-08-02 02:53:54	2	1	5438	1	SELECT count() FROM system.processes WHERE (initial_user NOT IN _CAST([\'backups-internal\', \'management-internal\', \'monitoring-internal\', \'observability-internal\', \'operator-internal\', \'prometheus-exporter\', \'prometheus-internal\', \'operator-cert-internal\', \'availability-monitoring-internal\', \'\'], \'Ar
2026-08-02 02:53:54	2	457	6093	1	SELECT countIf(database = \'system\') as systemParts, countIf(database != \'system\') as nonSystemParts FROM system.parts where active
2026-08-02 02:53:54	1	0	0	1	SELECT countIf(database = \'system\') as systemMerges, countIf(database != \'system\') as nonSystemMerges FROM system.merges
2026-08-02 02:53:55	958	168248	15744926	149500	SELECT video_session_id, active_start_ms, active_end_ms FROM sony.session_active_intervals FINAL FORMAT TabSeparated 
